path,true_idx,true_name,pred_idx,pred_name,confidence,top3_indices,top3_probs,correct
/content/MargDrishti/data/processed/crops/test/no_stopping_or_standing/no_stopping_or_standing-57_jpg.rf.0418ee94c194e36efeed2bac26406363__0.0.jpg,34,no_stopping_or_standing,34,no_stopping_or_standing,0.8727760314941406,"[34, 33, 16]","[0.8727760314941406, 0.007994513027369976, 0.007295519113540649]",True
/content/MargDrishti/data/processed/crops/test/slippery_road/slippery_road-47_png.rf.049f06bd08af457d75dd31aa2b1d8914__1.0.jpg,49,slippery_road,49,slippery_road,0.7418138384819031,"[49, 29, 68]","[0.7418138384819031, 0.06792182475328445, 0.02925940975546837]",True
/content/MargDrishti/data/processed/crops/test/overtaking_prohibited/overtaking_prohibited-12_jpg.rf.01da5d854e92036a005dc09147817f47__2.0.jpg,35,overtaking_prohibited,35,overtaking_prohibited,0.5103570222854614,"[35, 65, 21]","[0.5103570222854614, 0.1273382157087326, 0.08918606489896774]",True
/content/MargDrishti/data/processed/crops/test/cattle_ahead/cattle_ahead-25_jpg.rf.0746d45fbf46c067f63e3d12a88c0120__3.0.jpg,3,cattle_ahead,3,cattle_ahead,0.9588503837585449,"[3, 63, 42]","[0.9588503837585449, 0.022892815992236137, 0.001998195657506585]",True
/content/MargDrishti/data/processed/crops/test/all_motor_vehicle_prohibited/all_motor_vehicle_prohibited-13_jpg.rf.0889f592fa6098d98bfee5b3b16939c0__4.0.jpg,0,all_motor_vehicle_prohibited,0,all_motor_vehicle_prohibited,0.9489687085151672,"[0, 28, 33]","[0.9489687085151672, 0.022368883714079857, 0.005267849192023277]",True
/content/MargDrishti/data/processed/crops/test/pass_either_side/pass_either_side-27_jpg.rf.0400651216882f78f36d6112ecbfb28e__5.0.jpg,36,pass_either_side,36,pass_either_side,0.947973370552063,"[36, 54, 69]","[0.947973370552063, 0.0059424578212201595, 0.005585079081356525]",True
/content/MargDrishti/data/processed/crops/test/traffic_signal/traffic_signal-52_png.rf.0907c89e65c3767abf4b2cb72098de91__6.0.jpg,64,traffic_signal,64,traffic_signal,0.923913836479187,"[64, 23, 25]","[0.923913836479187, 0.008020001463592052, 0.00792596023529768]",True
/content/MargDrishti/data/processed/crops/test/narrow_bridge_ahead/narrow_bridge_ahead-31_jpeg.rf.007a6e53fe0e1ec0fcde65e5c662e19f__7.0.jpg,30,narrow_bridge_ahead,30,narrow_bridge_ahead,0.9384530186653137,"[30, 17, 37]","[0.9384530186653137, 0.014231226406991482, 0.005596833769232035]",True
/content/MargDrishti/data/processed/crops/test/pass_either_side/pass_either_side-55_jpg.rf.0199606abae971cd3a9f85eda75c98c2__8.0.jpg,36,pass_either_side,36,pass_either_side,0.6394165754318237,"[36, 10, 29]","[0.6394165754318237, 0.08226261287927628, 0.02273881994187832]",True
/content/MargDrishti/data/processed/crops/test/stop/stop-43_png.rf.06f95c1d1747191af9626cc43ab8a209__9.0.jpg,62,stop,62,stop,0.9842239618301392,"[62, 3, 45]","[0.9842239618301392, 0.001182914013043046, 0.0009738368098624051]",True
/content/MargDrishti/data/processed/crops/test/quay_side_or_river_bank/quay_side_or_river_bank-56_jpg.rf.018c2f9ad535e652b18eb93da42e6dc5__10.0.jpg,40,quay_side_or_river_bank,40,quay_side_or_river_bank,0.9869744777679443,"[40, 61, 68]","[0.9869744777679443, 0.005106523633003235, 0.0007120264344848692]",True
/content/MargDrishti/data/processed/crops/test/compulsary_ahead_or_turn_left/compulsary_ahead_or_turn_left-40_png.rf.01cf56bd84a0f2a8c299b69202273f1b__11.0.jpg,6,compulsary_ahead_or_turn_left,6,compulsary_ahead_or_turn_left,0.9828497767448425,"[6, 45, 5]","[0.9828497767448425, 0.002309695817530155, 0.0021130123641341925]",True
/content/MargDrishti/data/processed/crops/test/loose_gravel/loose_gravel-25_jpeg.rf.0316048851cc995789d1396baeba2651__12.0.jpg,28,loose_gravel,28,loose_gravel,0.8826612830162048,"[28, 16, 14]","[0.8826612830162048, 0.011193129234015942, 0.009920810349285603]",True
/content/MargDrishti/data/processed/crops/test/left_reverse_bend/left_reverse_bend-56_jpg.rf.00595c45897ab9380b024a578bca58fa__13.0.jpg,25,left_reverse_bend,25,left_reverse_bend,0.895250678062439,"[25, 66, 46]","[0.895250678062439, 0.018720826134085655, 0.014046616852283478]",True
/content/MargDrishti/data/processed/crops/test/unguarded_level_crossing/unguarded_level_crossing-1_jpg.rf.03dc44ae0c8b55a99e17ba31a698f5af__14.0.jpg,68,unguarded_level_crossing,68,unguarded_level_crossing,0.8580796122550964,"[68, 40, 61]","[0.8580796122550964, 0.021827029064297676, 0.018651556223630905]",True
/content/MargDrishti/data/processed/crops/test/speed_limit_100/speed_limit_100-8_jpg.rf.00c887b207dd2e4ca4800a0ec1c84491__15.0.jpg,50,speed_limit_100,50,speed_limit_100,0.9613451957702637,"[50, 51, 58]","[0.9613451957702637, 0.005309594329446554, 0.0035656823311001062]",True
/content/MargDrishti/data/processed/crops/test/bullock_cart_and_hand_cart_prohibited/bullock_cart_and_hand_cart_prohibited-7_jpeg.rf.00713880fce71f8310e055bf5b47cc65__16.0.jpg,2,bullock_cart_and_hand_cart_prohibited,2,bullock_cart_and_hand_cart_prohibited,0.8810634016990662,"[2, 65, 35]","[0.8810634016990662, 0.04673280566930771, 0.012574504129588604]",True
/content/MargDrishti/data/processed/crops/test/slippery_road/slippery_road-43_png.rf.08dadc118192c2c315c8895840a28852__17.0.jpg,49,slippery_road,49,slippery_road,0.9671712517738342,"[49, 68, 40]","[0.9671712517738342, 0.012161985039710999, 0.004707322455942631]",True
/content/MargDrishti/data/processed/crops/test/school_ahead/school_ahead-41_jpg.rf.0380a3ac9531c1ec1116a260593bcba8__18.0.jpg,46,school_ahead,46,school_ahead,0.7475947737693787,"[46, 37, 59]","[0.7475947737693787, 0.03655312955379486, 0.031487856060266495]",True
/content/MargDrishti/data/processed/crops/test/all_motor_vehicle_prohibited/all_motor_vehicle_prohibited-57_jpg.rf.05a4f0ec8cba6c82442d358b452af29b__19.0.jpg,0,all_motor_vehicle_prohibited,0,all_motor_vehicle_prohibited,0.838682234287262,"[0, 35, 28]","[0.838682234287262, 0.07419995218515396, 0.023752987384796143]",True
/content/MargDrishti/data/processed/crops/test/speed_limit_100/speed_limit_100-12_png.rf.011f68db4be6ebd4e60b1bc7df1cb8cc__20.0.jpg,50,speed_limit_100,50,speed_limit_100,0.9421069622039795,"[50, 51, 58]","[0.9421069622039795, 0.023333586752414703, 0.0052417246624827385]",True
/content/MargDrishti/data/processed/crops/test/u_turn/u_turn-59_jpg.rf.071848948699187281cdce117b6a8d8b__21.0.jpg,66,u_turn,66,u_turn,0.99321448802948,"[66, 57, 22]","[0.99321448802948, 0.0027668732218444347, 0.0006687521236017346]",True
/content/MargDrishti/data/processed/crops/test/compulsary_keep_right/compulsary_keep_right-55_jpeg.rf.004275d2b041bf903452e88a48ae4427__22.0.jpg,9,compulsary_keep_right,9,compulsary_keep_right,0.9399740099906921,"[9, 11, 61]","[0.9399740099906921, 0.014880144037306309, 0.007750198245048523]",True
/content/MargDrishti/data/processed/crops/test/right_hand_curve/right_hand_curve-31_jpg.rf.09173d73428cb9d3755bf73d1dd0b50d__23.0.jpg,42,right_hand_curve,42,right_hand_curve,0.7824539542198181,"[42, 48, 44]","[0.7824539542198181, 0.0435793362557888, 0.024287525564432144]",True
/content/MargDrishti/data/processed/crops/test/compulsary_turn_right_ahead/compulsary_turn_right_ahead-40_png.rf.009fe9aa525e4c953667d31181261873__24.0.jpg,12,compulsary_turn_right_ahead,12,compulsary_turn_right_ahead,0.8695101737976074,"[12, 5, 7]","[0.8695101737976074, 0.026007549837231636, 0.016112975776195526]",True
/content/MargDrishti/data/processed/crops/test/stop/stop-49_png.rf.00191c18675c69b2e9a6c42e1d23f42c__25.0.jpg,62,stop,62,stop,0.9497449398040771,"[62, 17, 3]","[0.9497449398040771, 0.0038576952647417784, 0.003607209539040923]",True
/content/MargDrishti/data/processed/crops/test/right_hand_curve/right_hand_curve-29_jpg.rf.099bd1485a38dc18043e33f22c30ceb7__26.0.jpg,42,right_hand_curve,42,right_hand_curve,0.919160783290863,"[42, 43, 66]","[0.919160783290863, 0.0286689605563879, 0.0169089213013649]",True
/content/MargDrishti/data/processed/crops/test/speed_limit_30/speed_limit_30-30_png.rf.0953b6a01b8814577d3be9ca4706f603__27.0.jpg,53,speed_limit_30,53,speed_limit_30,0.9642485976219177,"[53, 58, 52]","[0.9642485976219177, 0.00555085763335228, 0.005076749715954065]",True
/content/MargDrishti/data/processed/crops/test/steep_ascent/steep_ascent-32_jpg.rf.097a122f5aba86d2fc3891250be17858__28.0.jpg,60,steep_ascent,60,steep_ascent,0.8929498791694641,"[60, 61, 68]","[0.8929498791694641, 0.031099887564778328, 0.020294347777962685]",True
/content/MargDrishti/data/processed/crops/test/speed_limit_120/speed_limit_120-31_png.rf.09a5f6e2a9ada83f591de2ae553153b4__29.0.jpg,51,speed_limit_120,51,speed_limit_120,0.9364917278289795,"[51, 50, 57]","[0.9364917278289795, 0.017499815672636032, 0.008137358352541924]",True
/content/MargDrishti/data/processed/crops/test/slippery_road/slippery_road-57_jpg.rf.09c09f3fc2a7c4623e02869471824530__30.0.jpg,49,slippery_road,49,slippery_road,0.956423282623291,"[49, 68, 40]","[0.956423282623291, 0.010243681259453297, 0.005257208365947008]",True
/content/MargDrishti/data/processed/crops/test/no_stopping_or_standing/no_stopping_or_standing-0_jpeg.rf.0c6026c2a0bffcfbd86192871e58b3d4__31.0.jpg,34,no_stopping_or_standing,34,no_stopping_or_standing,0.716484010219574,"[34, 33, 65]","[0.716484010219574, 0.2593580186367035, 0.00650814501568675]",True
/content/MargDrishti/data/processed/crops/test/all_motor_vehicle_prohibited/all_motor_vehicle_prohibited-55_jpg.rf.0a89d9d26e02ab286399b0a2dfbeb4ef__32.0.jpg,0,all_motor_vehicle_prohibited,0,all_motor_vehicle_prohibited,0.9790054559707642,"[0, 28, 38]","[0.9790054559707642, 0.003539852099493146, 0.003331282176077366]",True
/content/MargDrishti/data/processed/crops/test/left_reverse_bend/left_reverse_bend-19_png.rf.0c5e4a4326cab84351eef6e7478098e8__34.0.jpg,25,left_reverse_bend,25,left_reverse_bend,0.9777917265892029,"[25, 31, 48]","[0.9777917265892029, 0.008179914206266403, 0.002269728109240532]",True
/content/MargDrishti/data/processed/crops/test/axle_load_limit/axle_load_limit-40_jpg.rf.0c33bee526eb8d518f018a68a1e6301f__35.0.jpg,1,axle_load_limit,1,axle_load_limit,0.8960200548171997,"[1, 27, 20]","[0.8960200548171997, 0.037132393568754196, 0.02702081948518753]",True
/content/MargDrishti/data/processed/crops/test/truck_prohibited/truck_prohibited-5_png.rf.0ccdf4c16c2554d61a127ee6760adfce__36.0.jpg,65,truck_prohibited,65,truck_prohibited,0.9726568460464478,"[65, 34, 61]","[0.9726568460464478, 0.002705636667087674, 0.0024578007869422436]",True
/content/MargDrishti/data/processed/crops/test/u_turn_prohibited/u_turn_prohibited-40_jpg.rf.0c8dfe51efc3a7b1e7961e1438c504d6__37.0.jpg,67,u_turn_prohibited,67,u_turn_prohibited,0.9699584245681763,"[67, 66, 54]","[0.9699584245681763, 0.011623982340097427, 0.0015834468649700284]",True
/content/MargDrishti/data/processed/crops/test/t_intersection/t_intersection-17_jpeg.rf.0ced7ae03d25f9175038ee045b1fb36d__38.0.jpg,63,t_intersection,63,t_intersection,0.9602609276771545,"[63, 24, 70]","[0.9602609276771545, 0.006575344130396843, 0.006121835205703974]",True
/content/MargDrishti/data/processed/crops/test/speed_limit_20/speed_limit_20-44_png.rf.0d262841165fa20c08be0ad755c90af2__39.0.jpg,52,speed_limit_20,52,speed_limit_20,0.9574930667877197,"[52, 57, 53]","[0.9574930667877197, 0.0110717061907053, 0.006326710805296898]",True
/content/MargDrishti/data/processed/crops/test/narrow_bridge_ahead/narrow_bridge_ahead-72_jpg.rf.0d5d9560d1ec8f4ca5c406c69d191301__40.0.jpg,30,narrow_bridge_ahead,30,narrow_bridge_ahead,0.9773916006088257,"[30, 70, 17]","[0.9773916006088257, 0.005021875724196434, 0.0019244786817580462]",True
/content/MargDrishti/data/processed/crops/test/hospital_ahead/hospital_ahead-7_jpg.rf.0d8defd98b507d76306e90f961bb327f__42.0.jpg,22,hospital_ahead,22,hospital_ahead,0.8189818263053894,"[22, 39, 16]","[0.8189818263053894, 0.06555220484733582, 0.02157426066696644]",True
/content/MargDrishti/data/processed/crops/test/chevron_direction/chevron_direction-52_jpg.rf.0e2e93275ef7bb5c90bd87284bc3336e__43.0.jpg,4,chevron_direction,4,chevron_direction,0.9506930112838745,"[4, 64, 61]","[0.9506930112838745, 0.005206464324146509, 0.004053791519254446]",True
/content/MargDrishti/data/processed/crops/test/left_hand_curve/left_hand_curve-64_jpg.rf.0da4ceb3ffba657a6a8a82c3c9ee5bae__44.0.jpg,24,left_hand_curve,24,left_hand_curve,0.9775206446647644,"[24, 66, 26]","[0.9775206446647644, 0.0026417921762913465, 0.0016939749475568533]",True
/content/MargDrishti/data/processed/crops/test/length_limit/length_limit-38_jpg.rf.0e9f2e8a4c48e1c2db427acf5d8c3683__45.0.jpg,27,length_limit,27,length_limit,0.9870342016220093,"[27, 1, 68]","[0.9870342016220093, 0.0015680588549003005, 0.001386080402880907]",True
/content/MargDrishti/data/processed/crops/test/quay_side_or_river_bank/quay_side_or_river_bank-34_jpg.rf.0f772bd5e3ec389f6aff17e52a8606a0__46.0.jpg,40,quay_side_or_river_bank,40,quay_side_or_river_bank,0.9172140955924988,"[40, 28, 16]","[0.9172140955924988, 0.026329685002565384, 0.006511928513646126]",True
/content/MargDrishti/data/processed/crops/test/left_reverse_bend/left_reverse_bend-18_jpg.rf.0f7127338dfb43b152a98a1f44ed2769__47.0.jpg,25,left_reverse_bend,25,left_reverse_bend,0.8717514872550964,"[25, 70, 46]","[0.8717514872550964, 0.019438255578279495, 0.010120240971446037]",True
/content/MargDrishti/data/processed/crops/test/dangerous_dip/dangerous_dip-5_jpg.rf.0ea520e269e55350d50b0b186d24644c__48.0.jpg,15,dangerous_dip,15,dangerous_dip,0.9379215240478516,"[15, 70, 3]","[0.9379215240478516, 0.02342931739985943, 0.012064824812114239]",True
/content/MargDrishti/data/processed/crops/test/speed_limit_120/speed_limit_120-29_png.rf.10e6cff5f3a1adb4c07a0ca7cde9d2a9__49.0.jpg,51,speed_limit_120,51,speed_limit_120,0.9369140863418579,"[51, 50, 52]","[0.9369140863418579, 0.01296759583055973, 0.0033788096625357866]",True
/content/MargDrishti/data/processed/crops/test/slippery_road/slippery_road-30_png.rf.10d9f8d1a3c6f42849dcdc93415c2565__50.0.jpg,49,slippery_road,49,slippery_road,0.4785670340061188,"[49, 46, 14]","[0.4785670340061188, 0.14311066269874573, 0.06353221088647842]",True
/content/MargDrishti/data/processed/crops/test/cross_road/cross_road-31_jpg.rf.111598742d2f4af5fdbe9d035a9a0bd1__51.0.jpg,13,cross_road,13,cross_road,0.992946207523346,"[13, 46, 17]","[0.992946207523346, 0.0009836055105552077, 0.0008408071589656174]",True
/content/MargDrishti/data/processed/crops/test/speed_limit_70/speed_limit_70-35_png.rf.11b4173effbd7cc1115e9881f7230b28__52.0.jpg,57,speed_limit_70,57,speed_limit_70,0.9562649726867676,"[57, 52, 51]","[0.9562649726867676, 0.007880819961428642, 0.005166446324437857]",True
/content/MargDrishti/data/processed/crops/test/speed_limit_30/speed_limit_30-16_png.rf.113128bb577c3d6ca268da28fb497ef1__53.0.jpg,53,speed_limit_30,53,speed_limit_30,0.367503821849823,"[53, 55, 57]","[0.367503821849823, 0.11515983194112778, 0.0600229948759079]",True
/content/MargDrishti/data/processed/crops/test/speed_limit_20/speed_limit_20-11_png.rf.120697f7cabd234e7ff701ed563b6696__54.0.jpg,52,speed_limit_20,52,speed_limit_20,0.947769045829773,"[52, 57, 53]","[0.947769045829773, 0.016630111262202263, 0.007360358256846666]",True
/content/MargDrishti/data/processed/crops/test/unguarded_level_crossing/unguarded_level_crossing-23_jpeg.rf.11c36ce60f410acb9b191a8e00f21a7d__55.0.jpg,68,unguarded_level_crossing,68,unguarded_level_crossing,0.9655222296714783,"[68, 40, 60]","[0.9655222296714783, 0.004095158074051142, 0.003433294827118516]",True
/content/MargDrishti/data/processed/crops/test/cross_road/cross_road-38_jpg.rf.129497bc79136587e7f109ea99fe5fc3__56.0.jpg,13,cross_road,13,cross_road,0.9776390194892883,"[13, 17, 46]","[0.9776390194892883, 0.0027109270449727774, 0.002211392857134342]",True
/content/MargDrishti/data/processed/crops/test/right_hand_curve/right_hand_curve-58_png.rf.135f98ba974c85b3087d4b45c5d8e2e5__57.0.jpg,42,right_hand_curve,42,right_hand_curve,0.940367579460144,"[42, 48, 63]","[0.940367579460144, 0.011660517193377018, 0.008468220010399818]",True
/content/MargDrishti/data/processed/crops/test/speed_limit_30/speed_limit_30-3_jpg.rf.13fee685996264d5ff7a65cce58b15a9__58.0.jpg,53,speed_limit_30,27,length_limit,0.1741878241300583,"[27, 20, 30]","[0.1741878241300583, 0.11420886963605881, 0.08384624868631363]",False
/content/MargDrishti/data/processed/crops/test/cattle_ahead/cattle_ahead-35_jpg.rf.145de6d6a037591ef6c0f3f103a0963e__59.0.jpg,3,cattle_ahead,3,cattle_ahead,0.9201882481575012,"[3, 63, 42]","[0.9201882481575012, 0.059109628200531006, 0.0026423337403684855]",True
/content/MargDrishti/data/processed/crops/test/falling_rocks/falling_rocks-18_jpg.rf.14526a46c26e11ff55ee3271f3d3b265__60.0.jpg,16,falling_rocks,16,falling_rocks,0.9506740570068359,"[16, 60, 68]","[0.9506740570068359, 0.035150930285453796, 0.0027642769273370504]",True
/content/MargDrishti/data/processed/crops/test/speed_limit_100/speed_limit_100-15_png.rf.14b6b27cf9db470ce7efad34dafbc9f2__62.0.jpg,50,speed_limit_100,50,speed_limit_100,0.9193665981292725,"[50, 51, 19]","[0.9193665981292725, 0.04422084242105484, 0.004882874898612499]",True
/content/MargDrishti/data/processed/crops/test/speed_limit_20/speed_limit_20-36_png.rf.147f6e9fb87978bb60d45184d5c04a9e__63.0.jpg,52,speed_limit_20,52,speed_limit_20,0.9529439210891724,"[52, 35, 57]","[0.9529439210891724, 0.003953786566853523, 0.003715396858751774]",True
/content/MargDrishti/data/processed/crops/test/t_intersection/t_intersection-21_jpeg.rf.15a66e32c30960a32d98cd4e00cc5ad0__65.0.jpg,63,t_intersection,63,t_intersection,0.7922958135604858,"[63, 70, 47]","[0.7922958135604858, 0.09066522866487503, 0.013367104344069958]",True
/content/MargDrishti/data/processed/crops/test/speed_limit_30/speed_limit_30-39_png.rf.15e2efc40528e14647ce2065039c58cf__66.0.jpg,53,speed_limit_30,53,speed_limit_30,0.9839317798614502,"[53, 55, 52]","[0.9839317798614502, 0.0032606516033411026, 0.001770117087289691]",True
/content/MargDrishti/data/processed/crops/test/restriction_ends/restriction_ends-65_png.rf.15ff1390c7cd3300de7c4a18034dcafe__67.0.jpg,41,restriction_ends,41,restriction_ends,0.987536609172821,"[41, 15, 70]","[0.987536609172821, 0.0022889014799147844, 0.0021079392172396183]",True
/content/MargDrishti/data/processed/crops/test/hospital_ahead/hospital_ahead-9_jpg.rf.16104afde087c0405b98dbc78ec837fa__68.0.jpg,22,hospital_ahead,22,hospital_ahead,0.8698588013648987,"[22, 39, 6]","[0.8698588013648987, 0.04513617977499962, 0.009297714568674564]",True
/content/MargDrishti/data/processed/crops/test/falling_rocks/falling_rocks-20_jpg.rf.1685f816b3c006d7bf40a58c0573f10e__69.0.jpg,16,falling_rocks,16,falling_rocks,0.9651848673820496,"[16, 60, 61]","[0.9651848673820496, 0.025526922196149826, 0.00229801912792027]",True
/content/MargDrishti/data/processed/crops/test/cattle_ahead/cattle_ahead-8_jpg.rf.1730b0a5248516862f02f87ea1ac1a01__70.0.jpg,3,cattle_ahead,3,cattle_ahead,0.8417771458625793,"[3, 68, 19]","[0.8417771458625793, 0.08882120251655579, 0.01906561106443405]",True
/content/MargDrishti/data/processed/crops/test/give_way/give_way-17_png.rf.17212ac50a117b47b263f7d8edf2c511__71.0.jpg,18,give_way,18,give_way,0.9551705718040466,"[18, 69, 39]","[0.9551705718040466, 0.003585312282666564, 0.0034814835526049137]",True
/content/MargDrishti/data/processed/crops/test/compulsary_ahead_or_turn_left/compulsary_ahead_or_turn_left-48_png.rf.17c699c5620d543fe264643a429cad99__72.0.jpg,6,compulsary_ahead_or_turn_left,6,compulsary_ahead_or_turn_left,0.9873019456863403,"[6, 22, 8]","[0.9873019456863403, 0.0022977611515671015, 0.0008013754268176854]",True
/content/MargDrishti/data/processed/crops/test/stop/stop-62_png.rf.164e4bca42188c79e723048ecc3a0d71__73.0.jpg,62,stop,62,stop,0.8870716094970703,"[62, 68, 45]","[0.8870716094970703, 0.006664286367595196, 0.0061995768919587135]",True
/content/MargDrishti/data/processed/crops/test/right_turn_prohibited/right_turn_prohibited-45_jpg.rf.17ac2483d50af18b4d05b04ad83cae79__74.0.jpg,44,right_turn_prohibited,44,right_turn_prohibited,0.9474295973777771,"[44, 33, 42]","[0.9474295973777771, 0.021975090727210045, 0.005165937356650829]",True
/content/MargDrishti/data/processed/crops/test/no_parking/no_parking-70_jpg.rf.17460c17d5639903161767b561963c08__76.0.jpg,33,no_parking,33,no_parking,0.8908981680870056,"[33, 67, 63]","[0.8908981680870056, 0.03456998988986015, 0.018678590655326843]",True
/content/MargDrishti/data/processed/crops/test/petrol_pump_ahead/petrol_pump_ahead-19_jpeg.rf.191a2b95b02e6b4ad735f5116865a0dc__77.0.jpg,39,petrol_pump_ahead,39,petrol_pump_ahead,0.818385124206543,"[39, 22, 12]","[0.818385124206543, 0.10626530647277832, 0.011120529845356941]",True
/content/MargDrishti/data/processed/crops/test/no_stopping_or_standing/no_stopping_or_standing-4_jpg.rf.18bdb249f2356c0ddbedc2d20bb14797__78.0.jpg,34,no_stopping_or_standing,34,no_stopping_or_standing,0.9821481704711914,"[34, 60, 9]","[0.9821481704711914, 0.0018125098431482911, 0.0013224227586761117]",True
/content/MargDrishti/data/processed/crops/test/unguarded_level_crossing/unguarded_level_crossing-9_png.rf.19ba1c73a494962dc8016a952bca356a__79.0.jpg,68,unguarded_level_crossing,68,unguarded_level_crossing,0.8385820388793945,"[68, 3, 60]","[0.8385820388793945, 0.024955738335847855, 0.022859705612063408]",True
/content/MargDrishti/data/processed/crops/test/steep_descent/steep_descent-5_jpeg.rf.18feb3947fd5e50066467cb9d0143990__80.0.jpg,61,steep_descent,23,hump_or_rough_road,0.24437059462070465,"[23, 16, 60]","[0.24437059462070465, 0.16107171773910522, 0.13935589790344238]",False
/content/MargDrishti/data/processed/crops/test/pedestrian_prohibited/pedestrian_prohibited-36_jpg.rf.19d0e1f800e04aa790f4d3a56c747c99__81.0.jpg,38,pedestrian_prohibited,38,pedestrian_prohibited,0.8522225618362427,"[38, 20, 21]","[0.8522225618362427, 0.010474576614797115, 0.009696836583316326]",True
/content/MargDrishti/data/processed/crops/test/axle_load_limit/axle_load_limit-42_jpg.rf.19e88013b0fd10383de2990310bd5ce8__82.0.jpg,1,axle_load_limit,1,axle_load_limit,0.9938746094703674,"[1, 69, 20]","[0.9938746094703674, 0.0018664851086214185, 0.0018494502874091268]",True
/content/MargDrishti/data/processed/crops/test/speed_limit_30/speed_limit_30-62_png.rf.19e9dc38b3305e2ba677f6ee563344c1__83.0.jpg,53,speed_limit_30,53,speed_limit_30,0.9748325943946838,"[53, 55, 57]","[0.9748325943946838, 0.005663366988301277, 0.0031611467711627483]",True
/content/MargDrishti/data/processed/crops/test/compulsary_turn_right_ahead/compulsary_turn_right_ahead-6_jpg.rf.19fbe907451ad35a3916ffdc8036bec5__84.0.jpg,12,compulsary_turn_right_ahead,12,compulsary_turn_right_ahead,0.9645202159881592,"[12, 8, 41]","[0.9645202159881592, 0.012921183370053768, 0.002404035534709692]",True
/content/MargDrishti/data/processed/crops/test/cross_road/cross_road-12_jpg.rf.1c360a3cbee307b59ff99b9e3281d60f__85.0.jpg,13,cross_road,13,cross_road,0.9733354449272156,"[13, 46, 35]","[0.9733354449272156, 0.0037855678237974644, 0.0017617717385292053]",True
/content/MargDrishti/data/processed/crops/test/staggered_intersection/staggered_intersection-48_jpg.rf.1b8a7b4993db0e368a45223b00839abd__86.0.jpg,59,staggered_intersection,59,staggered_intersection,0.8108255863189697,"[59, 47, 48]","[0.8108255863189697, 0.1416894495487213, 0.012311983853578568]",True
/content/MargDrishti/data/processed/crops/test/speed_limit_70/speed_limit_70-8_jpg.rf.1b801ba93fe5880856dccec072b2cc8e__87.0.jpg,57,speed_limit_70,57,speed_limit_70,0.974751353263855,"[57, 66, 67]","[0.974751353263855, 0.004529635421931744, 0.003914440516382456]",True
/content/MargDrishti/data/processed/crops/test/hospital_ahead/hospital_ahead-1_jpeg.rf.1c7413f805e663ccde6d1eac9e155e63__88.0.jpg,22,hospital_ahead,22,hospital_ahead,0.94179368019104,"[22, 39, 57]","[0.94179368019104, 0.015874719247221947, 0.0063250199891626835]",True
/content/MargDrishti/data/processed/crops/test/right_reverse_bend/right_reverse_bend-27_jpg.rf.1c8ce6eb8d6552d11cd0bd0b5ace184a__89.0.jpg,43,right_reverse_bend,43,right_reverse_bend,0.9565405249595642,"[43, 47, 31]","[0.9565405249595642, 0.009998783469200134, 0.0031032534316182137]",True
/content/MargDrishti/data/processed/crops/test/hump_or_rough_road/hump_or_rough_road-66_jpg.rf.1c8a96b993f0ee2bcbf95589638b8620__90.0.jpg,23,hump_or_rough_road,23,hump_or_rough_road,0.6159144043922424,"[23, 15, 61]","[0.6159144043922424, 0.28445419669151306, 0.01904136873781681]",True
/content/MargDrishti/data/processed/crops/test/staggered_intersection/staggered_intersection-10_png.rf.1d7f4dd071c540b3f33f75e99549afce__91.0.jpg,59,staggered_intersection,59,staggered_intersection,0.8918667435646057,"[59, 47, 48]","[0.8918667435646057, 0.029366878792643547, 0.025532977655529976]",True
/content/MargDrishti/data/processed/crops/test/restriction_ends/restriction_ends-3_jpeg.rf.1d56c62283723c63a2a621da8a668dca__92.0.jpg,41,restriction_ends,41,restriction_ends,0.9745854735374451,"[41, 70, 12]","[0.9745854735374451, 0.003238117089495063, 0.0021118507720530033]",True
/content/MargDrishti/data/processed/crops/test/stop/stop-26_jpg.rf.1dcb399e74a7c2586ad3ab6d9331d1cd__93.0.jpg,62,stop,62,stop,0.9439965486526489,"[62, 32, 35]","[0.9439965486526489, 0.008358488790690899, 0.0050740912556648254]",True
/content/MargDrishti/data/processed/crops/test/cycle_crossing/cycle_crossing-68_png.rf.1dca711482a38ba64397b03e75e7d915__94.0.jpg,14,cycle_crossing,14,cycle_crossing,0.9408944845199585,"[14, 37, 28]","[0.9408944845199585, 0.01062436867505312, 0.007597768679261208]",True
/content/MargDrishti/data/processed/crops/test/compulsary_ahead_or_turn_left/compulsary_ahead_or_turn_left-22_png.rf.1f39dfc926b2628e9ac6ab32ae1eb2e2__95.0.jpg,6,compulsary_ahead_or_turn_left,6,compulsary_ahead_or_turn_left,0.988789439201355,"[6, 22, 16]","[0.988789439201355, 0.001477329758927226, 0.0013226220617070794]",True
/content/MargDrishti/data/processed/crops/test/give_way/give_way-4_png.rf.201b0dee177a026be6923045a62ab6a4__97.0.jpg,18,give_way,18,give_way,0.9199385643005371,"[18, 39, 16]","[0.9199385643005371, 0.005945996381342411, 0.005246367771178484]",True
/content/MargDrishti/data/processed/crops/test/loose_gravel/loose_gravel-10_jpeg.rf.201fa8b332fb74fa78676e6b850dbd85__98.0.jpg,28,loose_gravel,28,loose_gravel,0.9501484632492065,"[28, 15, 63]","[0.9501484632492065, 0.006856531370431185, 0.0054458617232739925]",True
/content/MargDrishti/data/processed/crops/test/narrow_road_ahead/narrow_road_ahead-27_png.rf.201f991aa4a825211819e5c4a77b1de9__99.0.jpg,31,narrow_road_ahead,31,narrow_road_ahead,0.9617955684661865,"[31, 37, 25]","[0.9617955684661865, 0.004442168399691582, 0.0027124446351081133]",True
/content/MargDrishti/data/processed/crops/test/axle_load_limit/axle_load_limit-66_jpg.rf.1ff7a5333f6ba1fba7777cb3a1e2f867__100.0.jpg,1,axle_load_limit,1,axle_load_limit,0.9741248488426208,"[1, 27, 20]","[0.9741248488426208, 0.007318453397601843, 0.005590431857854128]",True
/content/MargDrishti/data/processed/crops/test/left_turn_prohibited/left_turn_prohibited-20_jpg.rf.202e0e414c533fb8f0648d185e73313c__101.0.jpg,26,left_turn_prohibited,26,left_turn_prohibited,0.9902804493904114,"[26, 21, 18]","[0.9902804493904114, 0.001958509674295783, 0.0011503355344757438]",True
/content/MargDrishti/data/processed/crops/test/school_ahead/school_ahead-63_png.rf.20c86d7df0dfc0db6905fa0b49783e24__102.0.jpg,46,school_ahead,46,school_ahead,0.9777087569236755,"[46, 37, 43]","[0.9777087569236755, 0.003249792382121086, 0.0031637258362025023]",True
/content/MargDrishti/data/processed/crops/test/dangerous_dip/dangerous_dip-15_jpg.rf.204c670b88c989426e915f8cdf07bf90__103.0.jpg,15,dangerous_dip,15,dangerous_dip,0.9752163290977478,"[15, 23, 17]","[0.9752163290977478, 0.01191274169832468, 0.00097474898211658]",True
/content/MargDrishti/data/processed/crops/test/right_hand_curve/right_hand_curve-8_jpg.rf.21a03686facf94905fc52038078f630a__104.0.jpg,42,right_hand_curve,42,right_hand_curve,0.9823750853538513,"[42, 43, 70]","[0.9823750853538513, 0.0034405996557325125, 0.0025918828323483467]",True
/content/MargDrishti/data/processed/crops/test/speed_limit_60/speed_limit_60-27_png.rf.2109ef60759c7665924b79d48100b918__105.0.jpg,56,speed_limit_60,56,speed_limit_60,0.9519901871681213,"[56, 58, 54]","[0.9519901871681213, 0.011315010488033295, 0.008418682962656021]",True
/content/MargDrishti/data/processed/crops/test/truck_prohibited/truck_prohibited-45_jpg.rf.2161aab7f688d8b3cb234c003632d7a6__106.0.jpg,65,truck_prohibited,65,truck_prohibited,0.9674317836761475,"[65, 2, 21]","[0.9674317836761475, 0.007608260493725538, 0.007240538019686937]",True
/content/MargDrishti/data/processed/crops/test/speed_limit_20/speed_limit_20-9_jpg.rf.21f841fe7c3d7842f2e9ee88e444f405__107.0.jpg,52,speed_limit_20,57,speed_limit_70,0.4797065854072571,"[57, 52, 51]","[0.4797065854072571, 0.1859622597694397, 0.06857568025588989]",False
/content/MargDrishti/data/processed/crops/test/narrow_road_ahead/narrow_road_ahead-38_jpg.rf.22881ff490ce515f5990bb0dec74393e__108.0.jpg,31,narrow_road_ahead,31,narrow_road_ahead,0.7179452776908875,"[31, 30, 37]","[0.7179452776908875, 0.058375295251607895, 0.017638087272644043]",True
/content/MargDrishti/data/processed/crops/test/compulsary_turn_left_ahead/compulsary_turn_left_ahead-4_png.rf.22c53d61c341464d890978ec6668bd07__109.0.jpg,11,compulsary_turn_left_ahead,11,compulsary_turn_left_ahead,0.9817087650299072,"[11, 5, 69]","[0.9817087650299072, 0.0025225821882486343, 0.0011927811428904533]",True
/content/MargDrishti/data/processed/crops/test/compulsary_keep_left/compulsary_keep_left-59_jpg.rf.228bfd9f2dbf108d0c485836f4979ef2__110.0.jpg,8,compulsary_keep_left,8,compulsary_keep_left,0.9742769002914429,"[8, 12, 36]","[0.9742769002914429, 0.007784705609083176, 0.004404915496706963]",True
/content/MargDrishti/data/processed/crops/test/falling_rocks/falling_rocks-49_jpg.rf.22c6a9ef840f8a8c4848ca1ee3a67817__111.0.jpg,16,falling_rocks,16,falling_rocks,0.7481544017791748,"[16, 60, 68]","[0.7481544017791748, 0.1073717400431633, 0.04852062091231346]",True
/content/MargDrishti/data/processed/crops/test/u_turn_prohibited/u_turn_prohibited-27_jpeg.rf.2350f66c4b031a9c46fa57c7e513339c__112.0.jpg,67,u_turn_prohibited,67,u_turn_prohibited,0.9473079442977905,"[67, 33, 35]","[0.9473079442977905, 0.016824429854750633, 0.005171247757971287]",True
/content/MargDrishti/data/processed/crops/test/height_limit/height_limit-24_jpg.rf.2623f69c23592c7251f99a82e3c74d8a__113.0.jpg,20,height_limit,20,height_limit,0.9901323318481445,"[20, 1, 37]","[0.9901323318481445, 0.0012276022462174296, 0.0011764824157580733]",True
/content/MargDrishti/data/processed/crops/test/slippery_road/slippery_road-40_jpg.rf.23c114c8c130fec560d42ac8dbad5696__114.0.jpg,49,slippery_road,49,slippery_road,0.9682392477989197,"[49, 68, 28]","[0.9682392477989197, 0.013352490030229092, 0.002200946444645524]",True
/content/MargDrishti/data/processed/crops/test/no_stopping_or_standing/no_stopping_or_standing-8_jpg.rf.24ca367cc86a6a34f96a62fbc1909f9e__115.0.jpg,34,no_stopping_or_standing,34,no_stopping_or_standing,0.9873391389846802,"[34, 60, 23]","[0.9873391389846802, 0.0016194769414141774, 0.0010012154234573245]",True
/content/MargDrishti/data/processed/crops/test/petrol_pump_ahead/petrol_pump_ahead-22_jpeg.rf.23da4c656b29e0a259301c8d40701940__116.0.jpg,39,petrol_pump_ahead,39,petrol_pump_ahead,0.5544100999832153,"[39, 22, 16]","[0.5544100999832153, 0.27562299370765686, 0.018026966601610184]",True
/content/MargDrishti/data/processed/crops/test/guarded_level_crossing/guarded_level_crossing-36_jpeg.rf.268689687fea22fbf0ddb0522a6102c4__117.0.jpg,19,guarded_level_crossing,19,guarded_level_crossing,0.9866480231285095,"[19, 63, 27]","[0.9866480231285095, 0.001308682025410235, 0.0012278358917683363]",True
/content/MargDrishti/data/processed/crops/test/compulsary_sound_horn/compulsary_sound_horn-19_jpg.rf.26372b8cdadb822ae16ff7f511e10bb3__118.0.jpg,10,compulsary_sound_horn,10,compulsary_sound_horn,0.9643696546554565,"[10, 22, 11]","[0.9643696546554565, 0.01849030889570713, 0.002296028658747673]",True
/content/MargDrishti/data/processed/crops/test/y_intersection/y_intersection-10_png.rf.26bd88f7ef61ef83f7c0025d1b0f6dfe__119.0.jpg,70,y_intersection,70,y_intersection,0.940873920917511,"[70, 63, 59]","[0.940873920917511, 0.016970861703157425, 0.006029033567756414]",True
/content/MargDrishti/data/processed/crops/test/narrow_road_ahead/narrow_road_ahead-45_png.rf.267aaec49d6d0371a95628bbe1d5dab4__120.0.jpg,31,narrow_road_ahead,31,narrow_road_ahead,0.9558150172233582,"[31, 66, 25]","[0.9558150172233582, 0.009898979216814041, 0.0040605864487588406]",True
/content/MargDrishti/data/processed/crops/test/axle_load_limit/axle_load_limit-54_jpg.rf.26d3c49fe61b51807d85aedf19f9e93d__121.0.jpg,1,axle_load_limit,1,axle_load_limit,0.9842494130134583,"[1, 20, 15]","[0.9842494130134583, 0.00535452039912343, 0.0019186101853847504]",True
/content/MargDrishti/data/processed/crops/test/speed_limit_50/speed_limit_50-18_png.rf.26e60178196afb5695673508c00d2adf__122.0.jpg,55,speed_limit_50,55,speed_limit_50,0.9819638729095459,"[55, 49, 39]","[0.9819638729095459, 0.002037846716120839, 0.0012202848447486758]",True
/content/MargDrishti/data/processed/crops/test/height_limit/height_limit-18_jpeg.rf.26f3175d7c5aea09c74772fdd73c5d26__123.0.jpg,20,height_limit,20,height_limit,0.7670825719833374,"[20, 69, 14]","[0.7670825719833374, 0.06632784008979797, 0.04292788356542587]",True
/content/MargDrishti/data/processed/crops/test/speed_limit_80/speed_limit_80-24_png.rf.27a003f35989c637d74399e3ea04234e__124.0.jpg,58,speed_limit_80,58,speed_limit_80,0.9614072442054749,"[58, 56, 55]","[0.9614072442054749, 0.014856013469398022, 0.006157869007438421]",True
/content/MargDrishti/data/processed/crops/test/speed_limit_70/speed_limit_70-49_png.rf.280a9957a06a82d1ca03274fdc52957d__125.0.jpg,57,speed_limit_70,57,speed_limit_70,0.9688481688499451,"[57, 52, 51]","[0.9688481688499451, 0.005021536257117987, 0.003482239553704858]",True
/content/MargDrishti/data/processed/crops/test/right_turn_prohibited/right_turn_prohibited-32_jpg.rf.28282fb6b06f79fca1dbfadca6b84127__126.0.jpg,44,right_turn_prohibited,44,right_turn_prohibited,0.9674329161643982,"[44, 33, 67]","[0.9674329161643982, 0.015094969421625137, 0.002916916273534298]",True
/content/MargDrishti/data/processed/crops/test/dangerous_dip/dangerous_dip-6_png.rf.284aa86ecc7b6573e370795bbf0bbe39__127.0.jpg,15,dangerous_dip,15,dangerous_dip,0.9771102666854858,"[15, 23, 63]","[0.9771102666854858, 0.00406293198466301, 0.0037729772739112377]",True
/content/MargDrishti/data/processed/crops/test/hump_or_rough_road/hump_or_rough_road-52_jpg.rf.27843b139b296e618f1a3f588beab1e2__128.0.jpg,23,hump_or_rough_road,23,hump_or_rough_road,0.6858705878257751,"[23, 15, 61]","[0.6858705878257751, 0.15335670113563538, 0.04194030910730362]",True
/content/MargDrishti/data/processed/crops/test/school_ahead/school_ahead-43_jpg.rf.290dacc8f8624578839ff47a8b076d5d__129.0.jpg,46,school_ahead,46,school_ahead,0.79326331615448,"[46, 13, 37]","[0.79326331615448, 0.10276133567094803, 0.019194835796952248]",True
/content/MargDrishti/data/processed/crops/test/steep_descent/steep_descent-19_jpg.rf.28fe10f2b2d1eff22a48f8e6b170aa28__130.0.jpg,61,steep_descent,61,steep_descent,0.18888060748577118,"[61, 23, 4]","[0.18888060748577118, 0.14221015572547913, 0.10427787899971008]",True
/content/MargDrishti/data/processed/crops/test/bullock_cart_and_hand_cart_prohibited/bullock_cart_and_hand_cart_prohibited-8_jpg.rf.29f2bcf92775a941d9b139fbe6666427__131.0.jpg,2,bullock_cart_and_hand_cart_prohibited,2,bullock_cart_and_hand_cart_prohibited,0.9544646143913269,"[2, 20, 65]","[0.9544646143913269, 0.006710637826472521, 0.005261210259050131]",True
/content/MargDrishti/data/processed/crops/test/compulsary_keep_right/compulsary_keep_right-37_png.rf.2a596bd65a7323694360d30ba9ad5178__132.0.jpg,9,compulsary_keep_right,9,compulsary_keep_right,0.987738847732544,"[9, 11, 45]","[0.987738847732544, 0.0011800784850493073, 0.0010167824802920222]",True
/content/MargDrishti/data/processed/crops/test/u_turn_prohibited/u_turn_prohibited-24_jpg.rf.2a42317c9a2a49cc453851525a03d2fa__133.0.jpg,67,u_turn_prohibited,67,u_turn_prohibited,0.9321600198745728,"[67, 33, 35]","[0.9321600198745728, 0.032697033137083054, 0.008611555211246014]",True
/content/MargDrishti/data/processed/crops/test/right_hand_curve/right_hand_curve-30_jpg.rf.2b4fdb0a5b9e06bf6d74eb6f3aea4df2__134.0.jpg,42,right_hand_curve,42,right_hand_curve,0.958858072757721,"[42, 43, 63]","[0.958858072757721, 0.007384557276964188, 0.007203635759651661]",True
/content/MargDrishti/data/processed/crops/test/cattle_ahead/cattle_ahead-21_jpg.rf.29e348f62c99662094de833899bef472__135.0.jpg,3,cattle_ahead,3,cattle_ahead,0.9525054693222046,"[3, 63, 68]","[0.9525054693222046, 0.016863582655787468, 0.005346639547497034]",True
/content/MargDrishti/data/processed/crops/test/school_ahead/school_ahead-19_jpg.rf.2b6bc408c6a4caec9a701e6fa7f2a27d__136.0.jpg,46,school_ahead,46,school_ahead,0.879881739616394,"[46, 49, 37]","[0.879881739616394, 0.030416687950491905, 0.017941836267709732]",True
/content/MargDrishti/data/processed/crops/test/height_limit/height_limit-10_png.rf.2b7834e87a56de094c9d90936bf87b6a__137.0.jpg,20,height_limit,20,height_limit,0.865315318107605,"[20, 27, 69]","[0.865315318107605, 0.03201965615153313, 0.01978345215320587]",True
/content/MargDrishti/data/processed/crops/test/cattle_ahead/cattle_ahead-5_jpg.rf.2bf9c249ab21abb906f3f57b4b9923fa__138.0.jpg,3,cattle_ahead,3,cattle_ahead,0.9779295325279236,"[3, 63, 68]","[0.9779295325279236, 0.00404577748849988, 0.003931863699108362]",True
/content/MargDrishti/data/processed/crops/test/compulsary_ahead_or_turn_left/compulsary_ahead_or_turn_left-6_png.rf.2c556b547e694e8f3bddf7e7fd6f2277__139.0.jpg,6,compulsary_ahead_or_turn_left,6,compulsary_ahead_or_turn_left,0.976707398891449,"[6, 5, 45]","[0.976707398891449, 0.0025244986172765493, 0.0023628880735486746]",True
/content/MargDrishti/data/processed/crops/test/side_road_left/side_road_left-58_jpeg.rf.2b86405df659181d8f301ab512ab72ef__140.0.jpg,47,side_road_left,47,side_road_left,0.8814287185668945,"[47, 59, 63]","[0.8814287185668945, 0.016149168834090233, 0.01158810593187809]",True
/content/MargDrishti/data/processed/crops/test/compulsary_ahead/compulsary_ahead-12_png.rf.2c5dc810cf0e70b16e51696af4269888__141.0.jpg,5,compulsary_ahead,5,compulsary_ahead,0.980426549911499,"[5, 6, 11]","[0.980426549911499, 0.004946735221892595, 0.0025388875510543585]",True
/content/MargDrishti/data/processed/crops/test/falling_rocks/falling_rocks-10_jpeg.rf.2cbcf1993d3f5ebc664f8eb4f51ee022__142.0.jpg,16,falling_rocks,16,falling_rocks,0.9715424180030823,"[16, 60, 3]","[0.9715424180030823, 0.005953669082373381, 0.004035865887999535]",True
/content/MargDrishti/data/processed/crops/test/quay_side_or_river_bank/quay_side_or_river_bank-39_jpg.rf.2cf677c38bdaf6adb10653782adac9ab__143.0.jpg,40,quay_side_or_river_bank,61,steep_descent,0.9243881702423096,"[61, 40, 23]","[0.9243881702423096, 0.02187470532953739, 0.014322992414236069]",False
/content/MargDrishti/data/processed/crops/test/speed_limit_60/speed_limit_60-11_jpg.rf.2cfa2841ebbc36c49d6d088bc63c2889__144.0.jpg,56,speed_limit_60,56,speed_limit_60,0.923276424407959,"[56, 58, 54]","[0.923276424407959, 0.04013684391975403, 0.0070187002420425415]",True
/content/MargDrishti/data/processed/crops/test/compulsary_turn_left_ahead/compulsary_turn_left_ahead-54_png.rf.2d53d2679c689ad8d3921bfb8a0496ae__146.0.jpg,11,compulsary_turn_left_ahead,11,compulsary_turn_left_ahead,0.9579654932022095,"[11, 5, 6]","[0.9579654932022095, 0.0061700111255049706, 0.004875651095062494]",True
/content/MargDrishti/data/processed/crops/test/falling_rocks/falling_rocks-58_jpg.rf.2e723fc9892e51beeea8c30c24da2003__147.0.jpg,16,falling_rocks,16,falling_rocks,0.9609269499778748,"[16, 61, 68]","[0.9609269499778748, 0.008551756851375103, 0.004435733892023563]",True
/content/MargDrishti/data/processed/crops/test/compulsary_sound_horn/compulsary_sound_horn-16_jpg.rf.2dec229531d5c1aa185a4b59e04725b7__148.0.jpg,10,compulsary_sound_horn,10,compulsary_sound_horn,0.9578894972801208,"[10, 8, 36]","[0.9578894972801208, 0.00574176199734211, 0.0045671663247048855]",True
/content/MargDrishti/data/processed/crops/test/pedestrian_crossing/pedestrian_crossing-26_jpg.rf.2ea8e5483d3ade080d841bf84be91ca4__149.0.jpg,37,pedestrian_crossing,46,school_ahead,0.519687294960022,"[46, 37, 14]","[0.519687294960022, 0.31743863224983215, 0.06914990395307541]",False
/content/MargDrishti/data/processed/crops/test/staggered_intersection/staggered_intersection-26_png.rf.2ea093cafda71a8da8f2c59c57359f2a__150.0.jpg,59,staggered_intersection,48,side_road_right,0.8188658952713013,"[48, 59, 70]","[0.8188658952713013, 0.157468780875206, 0.009785094298422337]",False
/content/MargDrishti/data/processed/crops/test/t_intersection/t_intersection-36_jpg.rf.2eceedd840d99eed0eb5c7af3e52c0c3__151.0.jpg,63,t_intersection,63,t_intersection,0.9084184765815735,"[63, 3, 42]","[0.9084184765815735, 0.028162116184830666, 0.014102376066148281]",True
/content/MargDrishti/data/processed/crops/test/no_entry/no_entry-18_jpg.rf.2ec15ed7db3b3d51c91b3291155ee97d__152.0.jpg,32,no_entry,32,no_entry,0.9735530018806458,"[32, 69, 34]","[0.9735530018806458, 0.0024822012055665255, 0.0015313099138438702]",True
/content/MargDrishti/data/processed/crops/test/pass_either_side/pass_either_side-42_jpg.rf.2ee1d7b0594e1b2193dbe6766acd5ff0__153.0.jpg,36,pass_either_side,36,pass_either_side,0.9808582663536072,"[36, 8, 9]","[0.9808582663536072, 0.00372050772421062, 0.0011566661996766925]",True
/content/MargDrishti/data/processed/crops/test/side_road_left/side_road_left-12_jpg.rf.2f39705fc2f51a9002ad8b817c6e278c__154.0.jpg,47,side_road_left,47,side_road_left,0.9789555072784424,"[47, 59, 67]","[0.9789555072784424, 0.010281363502144814, 0.0016487513203173876]",True
/content/MargDrishti/data/processed/crops/test/cycle_crossing/cycle_crossing-41_jpg.rf.2f483bad1b88a388b7d976f497b6e7de__155.0.jpg,14,cycle_crossing,14,cycle_crossing,0.8207713961601257,"[14, 19, 28]","[0.8207713961601257, 0.06166850030422211, 0.040657516568899155]",True
/content/MargDrishti/data/processed/crops/test/narrow_road_ahead/narrow_road_ahead-68_jpg.rf.2f7a925a7f4fecf5df88db2a82223125__156.0.jpg,31,narrow_road_ahead,31,narrow_road_ahead,0.9477881193161011,"[31, 66, 30]","[0.9477881193161011, 0.012841708958148956, 0.005153296981006861]",True
/content/MargDrishti/data/processed/crops/test/traffic_signal/traffic_signal-4_jpg.rf.2ffde25e96684338c1023d80fcfb7cde__157.0.jpg,64,traffic_signal,64,traffic_signal,0.9113640189170837,"[64, 4, 59]","[0.9113640189170837, 0.04670018330216408, 0.0040351166389882565]",True
/content/MargDrishti/data/processed/crops/test/speed_limit_60/speed_limit_60-10_jpg.rf.313bc6fe35234eff2ae6370ec5eb9b20__158.0.jpg,56,speed_limit_60,56,speed_limit_60,0.9068162441253662,"[56, 58, 54]","[0.9068162441253662, 0.04925905913114548, 0.0038207978941500187]",True
/content/MargDrishti/data/processed/crops/test/pass_either_side/pass_either_side-12_jpeg.rf.312c721f979bf56e225c246e093d40c5__159.0.jpg,36,pass_either_side,36,pass_either_side,0.9890391826629639,"[36, 8, 17]","[0.9890391826629639, 0.0011220023734495044, 0.0006162902573123574]",True
/content/MargDrishti/data/processed/crops/test/speed_limit_50/speed_limit_50-30_png.rf.30e758eb915fe8e818dc2230c743b3a6__160.0.jpg,55,speed_limit_50,55,speed_limit_50,0.989829957485199,"[55, 58, 39]","[0.989829957485199, 0.0008839265792630613, 0.0007990459562279284]",True
/content/MargDrishti/data/processed/crops/test/no_parking/no_parking-42_jpg.rf.32d58dfc524fba4475d4dff3a8c4f5d1__161.0.jpg,33,no_parking,33,no_parking,0.7604235410690308,"[33, 65, 0]","[0.7604235410690308, 0.09297957271337509, 0.02081608586013317]",True
/content/MargDrishti/data/processed/crops/test/falling_rocks/falling_rocks-29_jpg.rf.31ea52d4a56a329a5262f075c93baafe__162.0.jpg,16,falling_rocks,16,falling_rocks,0.8991004228591919,"[16, 60, 61]","[0.8991004228591919, 0.052799392491579056, 0.015285959467291832]",True
/content/MargDrishti/data/processed/crops/test/width_limit/width_limit-28_jpg.rf.31d1b951d5155c6b8f35b644e343e924__164.0.jpg,69,width_limit,52,speed_limit_20,0.3957549035549164,"[52, 69, 20]","[0.3957549035549164, 0.3175264596939087, 0.04229911416769028]",False
/content/MargDrishti/data/processed/crops/test/cross_road/cross_road-34_jpg.rf.32e6be62e0882c924a2a01674871b219__165.0.jpg,13,cross_road,13,cross_road,0.9502555727958679,"[13, 46, 3]","[0.9502555727958679, 0.031531330198049545, 0.0016223934944719076]",True
/content/MargDrishti/data/processed/crops/test/school_ahead/school_ahead-2_jpg.rf.331c1a5ea7eb7beab80eb1f8867e3a31__166.0.jpg,46,school_ahead,46,school_ahead,0.9684896469116211,"[46, 37, 31]","[0.9684896469116211, 0.00834133755415678, 0.003972392063587904]",True
/content/MargDrishti/data/processed/crops/test/hump_or_rough_road/hump_or_rough_road-53_jpg.rf.33715adf92a6e3e8a28ab27a534a64ae__167.0.jpg,23,hump_or_rough_road,23,hump_or_rough_road,0.8344035744667053,"[23, 15, 3]","[0.8344035744667053, 0.014896230772137642, 0.013405866920948029]",True
/content/MargDrishti/data/processed/crops/test/compulsary_keep_right/compulsary_keep_right-7_png.rf.34136bca2758b218a4aa6a28582250e7__168.0.jpg,9,compulsary_keep_right,9,compulsary_keep_right,0.9351397752761841,"[9, 45, 11]","[0.9351397752761841, 0.00891966838389635, 0.006539319176226854]",True
/content/MargDrishti/data/processed/crops/test/side_road_right/side_road_right-28_jpg.rf.34195ce18ba06a6c11a0f9d00d4668df__169.0.jpg,48,side_road_right,48,side_road_right,0.8611547946929932,"[48, 59, 70]","[0.8611547946929932, 0.10313566029071808, 0.023179711773991585]",True
/content/MargDrishti/data/processed/crops/test/guarded_level_crossing/guarded_level_crossing-20_jpg.rf.34584a4f12bda8be230b5e8007f14aa4__170.0.jpg,19,guarded_level_crossing,19,guarded_level_crossing,0.9852926135063171,"[19, 27, 3]","[0.9852926135063171, 0.0020669957157224417, 0.002010081894695759]",True
/content/MargDrishti/data/processed/crops/test/speed_limit_40/speed_limit_40-30_jpg.rf.346963ec85ac91b92e4a4a3da790b2d0__171.0.jpg,54,speed_limit_40,54,speed_limit_40,0.9782423377037048,"[54, 56, 46]","[0.9782423377037048, 0.0041375113651156425, 0.0024177914019674063]",True
/content/MargDrishti/data/processed/crops/test/compulsary_keep_left/compulsary_keep_left-58_jpg.rf.35932bcf415d52f41e27cbff7c5083fe__172.0.jpg,8,compulsary_keep_left,8,compulsary_keep_left,0.9816758036613464,"[8, 10, 36]","[0.9816758036613464, 0.0019132632296532393, 0.0014130703639239073]",True
/content/MargDrishti/data/processed/crops/test/speed_limit_120/speed_limit_120-64_png.rf.35c96b3a328e7ed001608b752e9dbea4__173.0.jpg,51,speed_limit_120,51,speed_limit_120,0.9333204627037048,"[51, 50, 58]","[0.9333204627037048, 0.026103999465703964, 0.009234266355633736]",True
/content/MargDrishti/data/processed/crops/test/chevron_direction/chevron_direction-38_jpg.rf.369098b05dfcbcaff7633ec7284684fd__174.0.jpg,4,chevron_direction,4,chevron_direction,0.7702829241752625,"[4, 64, 66]","[0.7702829241752625, 0.01837405376136303, 0.015188951976597309]",True
/content/MargDrishti/data/processed/crops/test/compulsary_ahead_or_turn_right/compulsary_ahead_or_turn_right-41_png.rf.36310a1d48c30c4c350a6066bab400c3__175.0.jpg,7,compulsary_ahead_or_turn_right,7,compulsary_ahead_or_turn_right,0.9706622958183289,"[7, 5, 16]","[0.9706622958183289, 0.012671473436057568, 0.0015844159061089158]",True
/content/MargDrishti/data/processed/crops/test/speed_limit_80/speed_limit_80-22_png.rf.36d045ee95cb288ceba8b6a010137125__176.0.jpg,58,speed_limit_80,58,speed_limit_80,0.8643672466278076,"[58, 56, 55]","[0.8643672466278076, 0.04893430322408676, 0.044423092156648636]",True
/content/MargDrishti/data/processed/crops/test/all_motor_vehicle_prohibited/all_motor_vehicle_prohibited-66_jpg.rf.36422ab481eff51a7abb4b7f3426e1ce__177.0.jpg,0,all_motor_vehicle_prohibited,0,all_motor_vehicle_prohibited,0.7223654985427856,"[0, 35, 2]","[0.7223654985427856, 0.08667802065610886, 0.04787439852952957]",True
/content/MargDrishti/data/processed/crops/test/no_parking/no_parking-28_jpeg.rf.36fa078b058bd0a4e4f9090f8474d57b__178.0.jpg,33,no_parking,21,horn_prohibited,0.29182595014572144,"[21, 17, 2]","[0.29182595014572144, 0.11479346454143524, 0.0750126987695694]",False
/content/MargDrishti/data/processed/crops/test/u_turn/u_turn-47_jpg.rf.375c73fb879884220c758d12dfe1aa37__179.0.jpg,66,u_turn,66,u_turn,0.9910848736763,"[66, 25, 57]","[0.9910848736763, 0.0018480486469343305, 0.0014681651955470443]",True
/content/MargDrishti/data/processed/crops/test/pedestrian_crossing/pedestrian_crossing-36_png.rf.38af51545c268223e7b257d481c77866__180.0.jpg,37,pedestrian_crossing,37,pedestrian_crossing,0.9727175235748291,"[37, 31, 46]","[0.9727175235748291, 0.011668375693261623, 0.005694317165762186]",True
/content/MargDrishti/data/processed/crops/test/dangerous_dip/dangerous_dip-26_jpeg.rf.37f0b8476a147b5aba773ce7768abafb__181.0.jpg,15,dangerous_dip,15,dangerous_dip,0.9558438658714294,"[15, 23, 45]","[0.9558438658714294, 0.016260668635368347, 0.0051212916150689125]",True
/content/MargDrishti/data/processed/crops/test/y_intersection/y_intersection-42_jpeg.rf.37dd0b534f3589a7dd29fe18e1387061__182.0.jpg,70,y_intersection,70,y_intersection,0.9921398758888245,"[70, 30, 63]","[0.9921398758888245, 0.002301365602761507, 0.0013819094747304916]",True
/content/MargDrishti/data/processed/crops/test/left_turn_prohibited/left_turn_prohibited-68_jpg.rf.374330b63f8b71bae7f7ea3009e0d312__183.0.jpg,26,left_turn_prohibited,26,left_turn_prohibited,0.8683703541755676,"[26, 67, 36]","[0.8683703541755676, 0.020099522545933723, 0.017110908403992653]",True
/content/MargDrishti/data/processed/crops/test/roundabout/roundabout-1_jpg.rf.3800b10955788a00dee4ca928cc9e556__184.0.jpg,45,roundabout,45,roundabout,0.9253733158111572,"[45, 66, 42]","[0.9253733158111572, 0.011532985605299473, 0.006919280160218477]",True
/content/MargDrishti/data/processed/crops/test/no_entry/no_entry-68_jpg.rf.393a0f199b7e9317efd42be83e04760f__185.0.jpg,32,no_entry,32,no_entry,0.9311509132385254,"[32, 62, 69]","[0.9311509132385254, 0.009768087416887283, 0.00532724242657423]",True
/content/MargDrishti/data/processed/crops/test/speed_limit_100/speed_limit_100-43_png.rf.393683706e6c6ec9e8915558c668b94a__186.0.jpg,50,speed_limit_100,50,speed_limit_100,0.9645282030105591,"[50, 51, 19]","[0.9645282030105591, 0.016578959301114082, 0.0027392066549509764]",True
/content/MargDrishti/data/processed/crops/test/compulsary_ahead/compulsary_ahead-36_png.rf.3953cfe6dce88dd02b7dce5fa534a136__187.0.jpg,5,compulsary_ahead,5,compulsary_ahead,0.9536259770393372,"[5, 12, 7]","[0.9536259770393372, 0.005066453944891691, 0.004186562728136778]",True
/content/MargDrishti/data/processed/crops/test/roundabout/roundabout-11_jpg.rf.38e5ddf38994c404646fc95d6b1a1e41__188.0.jpg,45,roundabout,45,roundabout,0.8788836002349854,"[45, 66, 42]","[0.8788836002349854, 0.04675193130970001, 0.007531625684350729]",True
/content/MargDrishti/data/processed/crops/test/right_reverse_bend/right_reverse_bend-55_jpg.rf.39d03c86a760c91fda13d9c8d7744df8__189.0.jpg,43,right_reverse_bend,43,right_reverse_bend,0.9772111177444458,"[43, 42, 47]","[0.9772111177444458, 0.004969945177435875, 0.0029084307607263327]",True
/content/MargDrishti/data/processed/crops/test/side_road_right/side_road_right-37_jpeg.rf.39927431192029573da5fbc9833621f9__190.0.jpg,48,side_road_right,48,side_road_right,0.8765048384666443,"[48, 59, 70]","[0.8765048384666443, 0.07999110966920853, 0.006930345203727484]",True
/content/MargDrishti/data/processed/crops/test/y_intersection/y_intersection-36_jpg.rf.39e94a69974864e6f43b6b63c928df13__191.0.jpg,70,y_intersection,70,y_intersection,0.7792598605155945,"[70, 4, 64]","[0.7792598605155945, 0.0925208181142807, 0.01261555403470993]",True
/content/MargDrishti/data/processed/crops/test/men_at_work/men_at_work-37_png.rf.3a1e56312ddb1dcf243fb60f32247d30__192.0.jpg,29,men_at_work,29,men_at_work,0.981340229511261,"[29, 37, 56]","[0.981340229511261, 0.00227261520922184, 0.0018895992543548346]",True
/content/MargDrishti/data/processed/crops/test/speed_limit_20/speed_limit_20-50_png.rf.3a615ecc89a5afb2fac6500bfa996793__193.0.jpg,52,speed_limit_20,52,speed_limit_20,0.9784525036811829,"[52, 35, 53]","[0.9784525036811829, 0.0031750814523547888, 0.0020465555135160685]",True
/content/MargDrishti/data/processed/crops/test/u_turn_prohibited/u_turn_prohibited-28_jpg.rf.3ab81db1dadd32dcef89dfb70ca8d1d9__194.0.jpg,67,u_turn_prohibited,67,u_turn_prohibited,0.958497941493988,"[67, 33, 66]","[0.958497941493988, 0.007844215258955956, 0.00755895022302866]",True
/content/MargDrishti/data/processed/crops/test/cattle_ahead/cattle_ahead-42_jpg.rf.3a4d7c57b6489412d37706641ab36c93__195.0.jpg,3,cattle_ahead,3,cattle_ahead,0.7759347558021545,"[3, 63, 19]","[0.7759347558021545, 0.15606340765953064, 0.007354168687015772]",True
/content/MargDrishti/data/processed/crops/test/speed_limit_30/speed_limit_30-20_png.rf.3a2b8fae59c573b602d22f1570533cb2__196.0.jpg,53,speed_limit_30,53,speed_limit_30,0.960467517375946,"[53, 52, 55]","[0.960467517375946, 0.012546208687126637, 0.0066572376526892185]",True
/content/MargDrishti/data/processed/crops/test/all_motor_vehicle_prohibited/all_motor_vehicle_prohibited-4_jpg.rf.3b42c78e673298e360fc845c8e9a2a44__197.0.jpg,0,all_motor_vehicle_prohibited,0,all_motor_vehicle_prohibited,0.6001680493354797,"[0, 65, 33]","[0.6001680493354797, 0.27049461007118225, 0.022907113656401634]",True
/content/MargDrishti/data/processed/crops/test/school_ahead/school_ahead-12_jpg.rf.3b37dc37586cd2a04f495457f75caa7b__198.0.jpg,46,school_ahead,46,school_ahead,0.7968838810920715,"[46, 14, 43]","[0.7968838810920715, 0.022763419896364212, 0.02242623083293438]",True
/content/MargDrishti/data/processed/crops/test/all_motor_vehicle_prohibited/all_motor_vehicle_prohibited-45_jpg.rf.3c7a0e8de3f5d617208ff1c84f383e3f__199.0.jpg,0,all_motor_vehicle_prohibited,0,all_motor_vehicle_prohibited,0.8220774531364441,"[0, 35, 33]","[0.8220774531364441, 0.06323915719985962, 0.01533054281026125]",True
/content/MargDrishti/data/processed/crops/test/speed_limit_30/speed_limit_30-17_png.rf.3d47f8ce18f2439e6b973eff3c25c340__200.0.jpg,53,speed_limit_30,53,speed_limit_30,0.9292861223220825,"[53, 52, 55]","[0.9292861223220825, 0.02555178664624691, 0.009249444119632244]",True
/content/MargDrishti/data/processed/crops/test/right_hand_curve/right_hand_curve-23_jpg.rf.3bd3198a43f5686576ac8a63ab2e0970__201.0.jpg,42,right_hand_curve,42,right_hand_curve,0.9788230061531067,"[42, 43, 44]","[0.9788230061531067, 0.0028035216964781284, 0.0025610795710235834]",True
/content/MargDrishti/data/processed/crops/test/left_turn_prohibited/left_turn_prohibited-21_jpg.rf.3b9332546b7e7689b8032dc01f1514df__202.0.jpg,26,left_turn_prohibited,26,left_turn_prohibited,0.9945447444915771,"[26, 21, 18]","[0.9945447444915771, 0.0013153774198144674, 0.0005320300115272403]",True
/content/MargDrishti/data/processed/crops/test/speed_limit_30/speed_limit_30-24_png.rf.3cc2be026ff33e16491e6fb2c0831ccb__203.0.jpg,53,speed_limit_30,53,speed_limit_30,0.9779984951019287,"[53, 55, 52]","[0.9779984951019287, 0.003769185859709978, 0.0030474874656647444]",True
/content/MargDrishti/data/processed/crops/test/school_ahead/school_ahead-53_png.rf.3c8c5b37fe98402a4db0c5887e1e6bf7__204.0.jpg,46,school_ahead,46,school_ahead,0.975948691368103,"[46, 25, 14]","[0.975948691368103, 0.0055067893117666245, 0.002407248131930828]",True
/content/MargDrishti/data/processed/crops/test/school_ahead/school_ahead-32_jpg.rf.3dc439e9d1a8e29b3c46b10eb8f660bc__205.0.jpg,46,school_ahead,46,school_ahead,0.9787583351135254,"[46, 30, 28]","[0.9787583351135254, 0.008129593916237354, 0.004719648975878954]",True
/content/MargDrishti/data/processed/crops/test/narrow_bridge_ahead/narrow_bridge_ahead-69_jpg.rf.3db8018aa11671a7eb218d2f9f136373__206.0.jpg,30,narrow_bridge_ahead,30,narrow_bridge_ahead,0.8349090814590454,"[30, 46, 69]","[0.8349090814590454, 0.03063802421092987, 0.018132343888282776]",True
/content/MargDrishti/data/processed/crops/test/compulsary_ahead/compulsary_ahead-32_png.rf.3dd6ad19171aec9acbbd8817b89e6c8b__207.0.jpg,5,compulsary_ahead,5,compulsary_ahead,0.9702558517456055,"[5, 11, 57]","[0.9702558517456055, 0.0028412332758307457, 0.001688803662545979]",True
/content/MargDrishti/data/processed/crops/test/compulsary_sound_horn/compulsary_sound_horn-17_jpg.rf.3df945924cec503a1f9ead546bd664a7__208.0.jpg,10,compulsary_sound_horn,10,compulsary_sound_horn,0.9052639007568359,"[10, 36, 9]","[0.9052639007568359, 0.02080952189862728, 0.011090075597167015]",True
/content/MargDrishti/data/processed/crops/test/speed_limit_70/speed_limit_70-53_png.rf.3f951e235defcb7b9acd881388bc43d0__209.0.jpg,57,speed_limit_70,57,speed_limit_70,0.9853814840316772,"[57, 66, 52]","[0.9853814840316772, 0.0026313639245927334, 0.0022699658293277025]",True
/content/MargDrishti/data/processed/crops/test/no_stopping_or_standing/no_stopping_or_standing-44_jpg.rf.40bfe4e86cd7d11fea237dc75da80fbc__210.0.jpg,34,no_stopping_or_standing,34,no_stopping_or_standing,0.9290575981140137,"[34, 32, 18]","[0.9290575981140137, 0.006248879712074995, 0.00567961810156703]",True
/content/MargDrishti/data/processed/crops/test/width_limit/width_limit-43_jpg.rf.40884d97bea362df7f2eac48fd9d047d__211.0.jpg,69,width_limit,69,width_limit,0.872128963470459,"[69, 1, 35]","[0.872128963470459, 0.021561073139309883, 0.016767218708992004]",True
/content/MargDrishti/data/processed/crops/test/horn_prohibited/horn_prohibited-54_jpg.rf.3eb006c3154c46c91784d687cc6b64b9__212.0.jpg,21,horn_prohibited,21,horn_prohibited,0.9870700836181641,"[21, 26, 35]","[0.9870700836181641, 0.002134505193680525, 0.0012088143266737461]",True
/content/MargDrishti/data/processed/crops/test/hump_or_rough_road/hump_or_rough_road-16_jpg.rf.41141101164a05eeaf33fa14e80a5752__213.0.jpg,23,hump_or_rough_road,15,dangerous_dip,0.913324236869812,"[15, 23, 63]","[0.913324236869812, 0.046308111399412155, 0.0040527936071157455]",False
/content/MargDrishti/data/processed/crops/test/length_limit/length_limit-7_jpeg.rf.412c087ed369b6fc66533a0bbd3c7fca__214.0.jpg,27,length_limit,27,length_limit,0.9864344596862793,"[27, 65, 60]","[0.9864344596862793, 0.004596693906933069, 0.0008501442498527467]",True
/content/MargDrishti/data/processed/crops/test/no_parking/no_parking-0_jpg.rf.41548ce4d74629af8b92dc7dfe77755f__215.0.jpg,33,no_parking,33,no_parking,0.4935131371021271,"[33, 44, 67]","[0.4935131371021271, 0.12108586728572845, 0.08093230426311493]",True
/content/MargDrishti/data/processed/crops/test/unguarded_level_crossing/unguarded_level_crossing-22_png.rf.416c89d3c8314bd2f0c089c18e9c1dab__216.0.jpg,68,unguarded_level_crossing,68,unguarded_level_crossing,0.9724928736686707,"[68, 3, 60]","[0.9724928736686707, 0.008274130523204803, 0.0026256467681378126]",True
/content/MargDrishti/data/processed/crops/test/u_turn_prohibited/u_turn_prohibited-64_jpeg.rf.42050fe0b988abe7905ef6e4006c1e50__217.0.jpg,67,u_turn_prohibited,35,overtaking_prohibited,0.4145621955394745,"[35, 67, 66]","[0.4145621955394745, 0.12068717181682587, 0.06115109100937843]",False
/content/MargDrishti/data/processed/crops/test/compulsary_keep_left/compulsary_keep_left-11_jpg.rf.41dd7a876b3a8d28934b2abdc4d8462b__218.0.jpg,8,compulsary_keep_left,8,compulsary_keep_left,0.9819117784500122,"[8, 4, 66]","[0.9819117784500122, 0.002045645611360669, 0.0015243954258039594]",True
/content/MargDrishti/data/processed/crops/test/u_turn/u_turn-15_jpg.rf.41ed6c081096fc9db3c8f3f2bbce5031__219.0.jpg,66,u_turn,66,u_turn,0.9889464974403381,"[66, 57, 42]","[0.9889464974403381, 0.0017948847962543368, 0.0016301292926073074]",True
/content/MargDrishti/data/processed/crops/test/gap_in_median/gap_in_median-39_jpg.rf.4173281c37601a741eb9346f79709b6f__220.0.jpg,17,gap_in_median,17,gap_in_median,0.9687038064002991,"[17, 47, 21]","[0.9687038064002991, 0.001959633780643344, 0.0019045696826651692]",True
/content/MargDrishti/data/processed/crops/test/speed_limit_70/speed_limit_70-45_jpg.rf.42d93a17c3bac949486de87f6771c67f__221.0.jpg,57,speed_limit_70,57,speed_limit_70,0.9690001606941223,"[57, 52, 66]","[0.9690001606941223, 0.010107709094882011, 0.001996475737541914]",True
/content/MargDrishti/data/processed/crops/test/quay_side_or_river_bank/quay_side_or_river_bank-35_jpeg.rf.426d10c78f49388d41930e835181c474__222.0.jpg,40,quay_side_or_river_bank,40,quay_side_or_river_bank,0.9903978109359741,"[40, 28, 49]","[0.9903978109359741, 0.00112992525100708, 0.0008085785084404051]",True
/content/MargDrishti/data/processed/crops/test/hospital_ahead/hospital_ahead-47_jpeg.rf.42f2e225253c747e7809b6b0b1adff4a__223.0.jpg,22,hospital_ahead,22,hospital_ahead,0.8351470828056335,"[22, 39, 57]","[0.8351470828056335, 0.1253328174352646, 0.004147241823375225]",True
/content/MargDrishti/data/processed/crops/test/left_hand_curve/left_hand_curve-25_jpg.rf.4261507637a1fbd911928cba13539d1b__224.0.jpg,24,left_hand_curve,24,left_hand_curve,0.9526396989822388,"[24, 66, 47]","[0.9526396989822388, 0.008421202190220356, 0.004431977402418852]",True
/content/MargDrishti/data/processed/crops/test/compulsary_sound_horn/compulsary_sound_horn-40_jpg.rf.43f9a3ca920ee26e621e58d05e11f8a4__225.0.jpg,10,compulsary_sound_horn,10,compulsary_sound_horn,0.9854904413223267,"[10, 22, 9]","[0.9854904413223267, 0.0028583223465830088, 0.0013847494265064597]",True
/content/MargDrishti/data/processed/crops/test/side_road_left/side_road_left-49_jpg.rf.43f55fb11074fd160cffa74c95b90df1__226.0.jpg,47,side_road_left,47,side_road_left,0.9674975275993347,"[47, 59, 64]","[0.9674975275993347, 0.022057173773646355, 0.0019299249397590756]",True
/content/MargDrishti/data/processed/crops/test/give_way/give_way-10_png.rf.443e4177c3512bf0a00913ce45ae8264__227.0.jpg,18,give_way,18,give_way,0.7773658037185669,"[18, 54, 35]","[0.7773658037185669, 0.014292055740952492, 0.014020167291164398]",True
/content/MargDrishti/data/processed/crops/test/speed_limit_70/speed_limit_70-62_png.rf.441bd0c0748b5dc8266b9ac74b14e8ba__228.0.jpg,57,speed_limit_70,57,speed_limit_70,0.9706026315689087,"[57, 52, 66]","[0.9706026315689087, 0.004861997906118631, 0.004665100947022438]",True
/content/MargDrishti/data/processed/crops/test/left_reverse_bend/left_reverse_bend-12_png.rf.44b098983484c72c86c5b5ab41cf39d3__229.0.jpg,25,left_reverse_bend,25,left_reverse_bend,0.9578748345375061,"[25, 31, 64]","[0.9578748345375061, 0.010404475964605808, 0.00400654599070549]",True
/content/MargDrishti/data/processed/crops/test/restriction_ends/restriction_ends-21_png.rf.44b727ca2681dff72294380685f82df5__230.0.jpg,41,restriction_ends,41,restriction_ends,0.9790925979614258,"[41, 57, 18]","[0.9790925979614258, 0.0014953487552702427, 0.0013941348297521472]",True
/content/MargDrishti/data/processed/crops/test/speed_limit_70/speed_limit_70-2_jpg.rf.44ea652eb79cfa0d1f440682e1def674__231.0.jpg,57,speed_limit_70,57,speed_limit_70,0.9810154438018799,"[57, 66, 52]","[0.9810154438018799, 0.002995373448356986, 0.0018295935587957501]",True
/content/MargDrishti/data/processed/crops/test/width_limit/width_limit-40_jpg.rf.448bd076a3be84f886d0c1f529c0134b__232.0.jpg,69,width_limit,69,width_limit,0.9173661470413208,"[69, 27, 20]","[0.9173661470413208, 0.046014752238988876, 0.00827839132398367]",True
/content/MargDrishti/data/processed/crops/test/restriction_ends/restriction_ends-46_png.rf.451cdc566a0db5246da56afb187129ea__233.0.jpg,41,restriction_ends,41,restriction_ends,0.9951834082603455,"[41, 42, 44]","[0.9951834082603455, 0.00040035040001384914, 0.00038037888589315116]",True
/content/MargDrishti/data/processed/crops/test/speed_limit_30/speed_limit_30-7_jpg.rf.45030d30846c4d80af334693b5827f5e__234.0.jpg,53,speed_limit_30,53,speed_limit_30,0.9155910015106201,"[53, 58, 55]","[0.9155910015106201, 0.01445011980831623, 0.014051228761672974]",True
/content/MargDrishti/data/processed/crops/test/cycle_crossing/cycle_crossing-51_png.rf.44ee0beb7e8f4621488d269c89157e80__235.0.jpg,14,cycle_crossing,14,cycle_crossing,0.981255054473877,"[14, 46, 49]","[0.981255054473877, 0.0030377996154129505, 0.0017900887178257108]",True
/content/MargDrishti/data/processed/crops/test/left_turn_prohibited/left_turn_prohibited-26_jpg.rf.455fb4cec37f6031d2ccaf72e60febb0__236.0.jpg,26,left_turn_prohibited,26,left_turn_prohibited,0.9592406153678894,"[26, 21, 18]","[0.9592406153678894, 0.005372114945203066, 0.003938897512853146]",True
/content/MargDrishti/data/processed/crops/test/cycle_crossing/cycle_crossing-14_jpg.rf.468761e9a6b353a45137b6856bcf63ce__237.0.jpg,14,cycle_crossing,14,cycle_crossing,0.9400697350502014,"[14, 28, 19]","[0.9400697350502014, 0.0145959397777915, 0.00709142442792654]",True
/content/MargDrishti/data/processed/crops/test/speed_limit_80/speed_limit_80-40_png.rf.46eeea787850a154758c7081ad4eb2d9__238.0.jpg,58,speed_limit_80,58,speed_limit_80,0.9445874094963074,"[58, 56, 55]","[0.9445874094963074, 0.01981118880212307, 0.015437527559697628]",True
/content/MargDrishti/data/processed/crops/test/falling_rocks/falling_rocks-23_jpeg.rf.478432c2a1d2bb1bcf93740af0f48e17__239.0.jpg,16,falling_rocks,46,school_ahead,0.2934986352920532,"[46, 16, 59]","[0.2934986352920532, 0.2715384364128113, 0.1503007560968399]",False
/content/MargDrishti/data/processed/crops/test/guarded_level_crossing/guarded_level_crossing-30_jpg.rf.46d69e20c36c7babae6a33faae4cc59a__240.0.jpg,19,guarded_level_crossing,19,guarded_level_crossing,0.9902836680412292,"[19, 27, 69]","[0.9902836680412292, 0.0026226495392620564, 0.0008286171359941363]",True
/content/MargDrishti/data/processed/crops/test/compulsary_keep_left/compulsary_keep_left-55_jpg.rf.47b6187090775389744ad769a5945c9c__241.0.jpg,8,compulsary_keep_left,8,compulsary_keep_left,0.9608914256095886,"[8, 12, 4]","[0.9608914256095886, 0.0074811531230807304, 0.002631489187479019]",True
/content/MargDrishti/data/processed/crops/test/all_motor_vehicle_prohibited/all_motor_vehicle_prohibited-38_png.rf.47eceecebdbaee53f72c362e9ce19bdd__242.0.jpg,0,all_motor_vehicle_prohibited,0,all_motor_vehicle_prohibited,0.9849713444709778,"[0, 33, 38]","[0.9849713444709778, 0.002791514154523611, 0.002294674050062895]",True
/content/MargDrishti/data/processed/crops/test/roundabout/roundabout-16_jpg.rf.485510f8281630b58b16b05daeebf08c__243.0.jpg,45,roundabout,45,roundabout,0.9848079681396484,"[45, 66, 43]","[0.9848079681396484, 0.0022484827786684036, 0.0016515093157067895]",True
/content/MargDrishti/data/processed/crops/test/petrol_pump_ahead/petrol_pump_ahead-56_png.rf.47a8c2436368ef9766feec50d07111e7__244.0.jpg,39,petrol_pump_ahead,39,petrol_pump_ahead,0.9060342907905579,"[39, 22, 12]","[0.9060342907905579, 0.07777533680200577, 0.002120364923030138]",True
/content/MargDrishti/data/processed/crops/test/traffic_signal/traffic_signal-8_jpg.rf.48a499a3d7de330095b305f415f56d73__245.0.jpg,64,traffic_signal,64,traffic_signal,0.771269679069519,"[64, 4, 68]","[0.771269679069519, 0.07542798668146133, 0.022087933495640755]",True
/content/MargDrishti/data/processed/crops/test/speed_limit_40/speed_limit_40-36_jpg.rf.49a325b54e118f2518fcb87d45aec6b1__246.0.jpg,54,speed_limit_40,54,speed_limit_40,0.9529250860214233,"[54, 46, 58]","[0.9529250860214233, 0.006898395251482725, 0.005410338286310434]",True
/content/MargDrishti/data/processed/crops/test/right_turn_prohibited/right_turn_prohibited-31_jpg.rf.48ee1e8210dad2f0c8bd2e6c7d73e5f0__247.0.jpg,44,right_turn_prohibited,44,right_turn_prohibited,0.9787328839302063,"[44, 33, 42]","[0.9787328839302063, 0.006619855295866728, 0.0029540841933339834]",True
/content/MargDrishti/data/processed/crops/test/restriction_ends/restriction_ends-45_png.rf.494f36a69808cadb9eb9bad88dcd13e8__248.0.jpg,41,restriction_ends,41,restriction_ends,0.9876871705055237,"[41, 15, 70]","[0.9876871705055237, 0.0011033046757802367, 0.000846369075588882]",True
/content/MargDrishti/data/processed/crops/test/left_reverse_bend/left_reverse_bend-27_png.rf.49e0c29f536086ee97a573d2ccfda3c0__250.0.jpg,25,left_reverse_bend,25,left_reverse_bend,0.9981997013092041,"[25, 48, 64]","[0.9981997013092041, 0.0002874078927561641, 0.0002280117041664198]",True
/content/MargDrishti/data/processed/crops/test/roundabout/roundabout-23_jpg.rf.4a38ceeb8660b2df88a9bd7c433b8f56__251.0.jpg,45,roundabout,45,roundabout,0.983062744140625,"[45, 15, 42]","[0.983062744140625, 0.0035418346524238586, 0.0025604937691241503]",True
/content/MargDrishti/data/processed/crops/test/speed_limit_20/speed_limit_20-17_png.rf.49db9c9fcea0894698b8a334ba947e51__252.0.jpg,52,speed_limit_20,52,speed_limit_20,0.9605231881141663,"[52, 53, 60]","[0.9605231881141663, 0.0051238820888102055, 0.0048960475251078606]",True
/content/MargDrishti/data/processed/crops/test/narrow_bridge_ahead/narrow_bridge_ahead-70_jpg.rf.4a84b85ad36698580998ef7a4e2bb189__253.0.jpg,30,narrow_bridge_ahead,30,narrow_bridge_ahead,0.9283509254455566,"[30, 17, 70]","[0.9283509254455566, 0.02535191923379898, 0.005250728223472834]",True
/content/MargDrishti/data/processed/crops/test/no_entry/no_entry-49_jpg.rf.4ad07b8cabae18a4590e1b8abb151ac5__254.0.jpg,32,no_entry,32,no_entry,0.9763696789741516,"[32, 69, 62]","[0.9763696789741516, 0.0020624021999537945, 0.0018224302912130952]",True
/content/MargDrishti/data/processed/crops/test/school_ahead/school_ahead-52_jpg.rf.4b1008a1b105d4fad4a80cacc5420d1c__255.0.jpg,46,school_ahead,46,school_ahead,0.6778940558433533,"[46, 31, 37]","[0.6778940558433533, 0.09307914227247238, 0.03670305013656616]",True
/content/MargDrishti/data/processed/crops/test/cross_road/cross_road-47_jpg.rf.4a70ec97f8a693f433bfc905b326c793__256.0.jpg,13,cross_road,13,cross_road,0.9911934733390808,"[13, 46, 30]","[0.9911934733390808, 0.0010564252734184265, 0.0008565037860535085]",True
/content/MargDrishti/data/processed/crops/test/right_hand_curve/right_hand_curve-12_jpg.rf.4b946169572114c1ea2d29db54cd45c2__257.0.jpg,42,right_hand_curve,42,right_hand_curve,0.9710753560066223,"[42, 43, 70]","[0.9710753560066223, 0.005583776161074638, 0.0040085576474666595]",True
/content/MargDrishti/data/processed/crops/test/speed_limit_100/speed_limit_100-47_png.rf.4b9249c6a87e860854d25e808cc3060f__258.0.jpg,50,speed_limit_100,50,speed_limit_100,0.8995274305343628,"[50, 51, 58]","[0.8995274305343628, 0.048096053302288055, 0.005283930338919163]",True
/content/MargDrishti/data/processed/crops/test/chevron_direction/chevron_direction-45_jpg.rf.4b4e3a7d4e572964000e4a8c5f8578c4__259.0.jpg,4,chevron_direction,4,chevron_direction,0.945294201374054,"[4, 61, 28]","[0.945294201374054, 0.006598326377570629, 0.006550859194248915]",True
/content/MargDrishti/data/processed/crops/test/speed_limit_20/speed_limit_20-16_jpg.rf.4b5a5631c1dc7a125e77440f624d745f__260.0.jpg,52,speed_limit_20,52,speed_limit_20,0.8652722835540771,"[52, 27, 68]","[0.8652722835540771, 0.01835029199719429, 0.007906478829681873]",True
/content/MargDrishti/data/processed/crops/test/compulsary_sound_horn/compulsary_sound_horn-29_jpg.rf.4bb4c3cd72b1db9a2a7ae17493bcea65__261.0.jpg,10,compulsary_sound_horn,10,compulsary_sound_horn,0.9905380010604858,"[10, 22, 39]","[0.9905380010604858, 0.0015802634879946709, 0.0007661287672817707]",True
/content/MargDrishti/data/processed/crops/test/t_intersection/t_intersection-40_jpg.rf.4bc78a874b5ef5e3c9450497dbb9a6c0__262.0.jpg,63,t_intersection,63,t_intersection,0.7189794182777405,"[63, 42, 70]","[0.7189794182777405, 0.0904051810503006, 0.04341060668230057]",True
/content/MargDrishti/data/processed/crops/test/right_turn_prohibited/right_turn_prohibited-5_jpg.rf.4c39ed442995fc760e90ee50d6fe8712__264.0.jpg,44,right_turn_prohibited,44,right_turn_prohibited,0.8570088148117065,"[44, 67, 42]","[0.8570088148117065, 0.019899241626262665, 0.016973095014691353]",True
/content/MargDrishti/data/processed/crops/test/traffic_signal/traffic_signal-16_jpg.rf.4e2787361fc6c1e06f498ebf8c44cfca__265.0.jpg,64,traffic_signal,64,traffic_signal,0.7798140645027161,"[64, 48, 33]","[0.7798140645027161, 0.030573507770895958, 0.023275628685951233]",True
/content/MargDrishti/data/processed/crops/test/height_limit/height_limit-6_png.rf.4d07237aaaa8917cd239c4c13a4cfce2__267.0.jpg,20,height_limit,20,height_limit,0.8454636931419373,"[20, 69, 28]","[0.8454636931419373, 0.03554895147681236, 0.010880481451749802]",True
/content/MargDrishti/data/processed/crops/test/give_way/give_way-2_png.rf.4bf87c10179f9e33e8f50fdc0b530233__268.0.jpg,18,give_way,18,give_way,0.9766164422035217,"[18, 41, 61]","[0.9766164422035217, 0.004216959234327078, 0.002050940878689289]",True
/content/MargDrishti/data/processed/crops/test/loose_gravel/loose_gravel-11_png.rf.4e3fff4ef4e3818e6a4829e636c163cd__269.0.jpg,28,loose_gravel,28,loose_gravel,0.9634391665458679,"[28, 15, 59]","[0.9634391665458679, 0.008248680271208286, 0.0028277230449020863]",True
/content/MargDrishti/data/processed/crops/test/u_turn_prohibited/u_turn_prohibited-45_jpg.rf.4e5d246ce1c6f01a653f07e5d7eaa585__270.0.jpg,67,u_turn_prohibited,67,u_turn_prohibited,0.9086318016052246,"[67, 33, 66]","[0.9086318016052246, 0.04825389385223389, 0.005464124493300915]",True
/content/MargDrishti/data/processed/crops/test/left_turn_prohibited/left_turn_prohibited-22_jpg.rf.4ee5c9a80992a1d0b584c5efefcd3bcf__271.0.jpg,26,left_turn_prohibited,26,left_turn_prohibited,0.967383623123169,"[26, 18, 21]","[0.967383623123169, 0.004128306172788143, 0.003911204170435667]",True
/content/MargDrishti/data/processed/crops/test/all_motor_vehicle_prohibited/all_motor_vehicle_prohibited-37_png.rf.4f5e59e4f744ec3fe0918e39230bdd78__272.0.jpg,0,all_motor_vehicle_prohibited,0,all_motor_vehicle_prohibited,0.9881913065910339,"[0, 28, 38]","[0.9881913065910339, 0.005265271756798029, 0.0013397828442975879]",True
/content/MargDrishti/data/processed/crops/test/compulsary_ahead_or_turn_right/compulsary_ahead_or_turn_right-23_jpg.rf.4f0a79201d838613c16ea3d0e64814c9__273.0.jpg,7,compulsary_ahead_or_turn_right,12,compulsary_turn_right_ahead,0.1392451822757721,"[12, 7, 41]","[0.1392451822757721, 0.12991644442081451, 0.08488719910383224]",False
/content/MargDrishti/data/processed/crops/test/hospital_ahead/hospital_ahead-56_jpg.rf.4f286bd8a9f63dda8406ffb12efbba87__274.0.jpg,22,hospital_ahead,22,hospital_ahead,0.9865047335624695,"[22, 39, 18]","[0.9865047335624695, 0.009560278616845608, 0.00042949998169206083]",True
/content/MargDrishti/data/processed/crops/test/speed_limit_70/speed_limit_70-27_jpg.rf.4f0f5e99f9478515344d24d8cd7bc04c__275.0.jpg,57,speed_limit_70,57,speed_limit_70,0.921186625957489,"[57, 66, 52]","[0.921186625957489, 0.008921551518142223, 0.008573568426072598]",True
/content/MargDrishti/data/processed/crops/test/dangerous_dip/dangerous_dip-3_jpg.rf.5000406c61e49c30870273fd103f62ea__276.0.jpg,15,dangerous_dip,15,dangerous_dip,0.9569374918937683,"[15, 3, 28]","[0.9569374918937683, 0.017139069736003876, 0.006711013615131378]",True
/content/MargDrishti/data/processed/crops/test/truck_prohibited/truck_prohibited-36_jpg.rf.50d0c55bf403b82879b18d572e3f0080__277.0.jpg,65,truck_prohibited,65,truck_prohibited,0.9467106461524963,"[65, 0, 35]","[0.9467106461524963, 0.012129092589020729, 0.005776064936071634]",True
/content/MargDrishti/data/processed/crops/test/t_intersection/t_intersection-22_jpeg.rf.503f63907e0573581eda277b992499d9__278.0.jpg,63,t_intersection,63,t_intersection,0.9220126867294312,"[63, 70, 3]","[0.9220126867294312, 0.02260676771402359, 0.011464657261967659]",True
/content/MargDrishti/data/processed/crops/test/pass_either_side/pass_either_side-44_jpeg.rf.511d3a33822d1919a840b46778af88e0__279.0.jpg,36,pass_either_side,36,pass_either_side,0.5042604207992554,"[36, 10, 9]","[0.5042604207992554, 0.13156373798847198, 0.049611896276474]",True
/content/MargDrishti/data/processed/crops/test/height_limit/height_limit-49_jpeg.rf.516ca16b0a9a917d88b8e28b0887002c__280.0.jpg,20,height_limit,20,height_limit,0.9040775299072266,"[20, 55, 1]","[0.9040775299072266, 0.01738119125366211, 0.013050276786088943]",True
/content/MargDrishti/data/processed/crops/test/truck_prohibited/truck_prohibited-29_jpeg.rf.52ee3838d903637ce1daa100184c82f3__281.0.jpg,65,truck_prohibited,65,truck_prohibited,0.9911908507347107,"[65, 35, 27]","[0.9911908507347107, 0.0014446896966546774, 0.0010163576807826757]",True
/content/MargDrishti/data/processed/crops/test/narrow_bridge_ahead/narrow_bridge_ahead-28_jpg.rf.52d1b716df7b0383420a91f92d841560__282.0.jpg,30,narrow_bridge_ahead,30,narrow_bridge_ahead,0.9367843866348267,"[30, 70, 31]","[0.9367843866348267, 0.02279864437878132, 0.006013502832502127]",True
/content/MargDrishti/data/processed/crops/test/loose_gravel/loose_gravel-31_png.rf.5222ff00fd0bf94b99265377c3ad99cb__283.0.jpg,28,loose_gravel,28,loose_gravel,0.9487030506134033,"[28, 59, 33]","[0.9487030506134033, 0.025298094376921654, 0.0026594235096126795]",True
/content/MargDrishti/data/processed/crops/test/side_road_right/side_road_right-17_jpeg.rf.5255c65ece117c133fbd82286f534fe9__284.0.jpg,48,side_road_right,48,side_road_right,0.9575396180152893,"[48, 59, 70]","[0.9575396180152893, 0.031108006834983826, 0.004681487567722797]",True
/content/MargDrishti/data/processed/crops/test/side_road_right/side_road_right-0_jpg.rf.5383394f1cf0b9946bf3e5fdc08ca025__285.0.jpg,48,side_road_right,48,side_road_right,0.9062767028808594,"[48, 59, 70]","[0.9062767028808594, 0.08186695724725723, 0.0061371647752821445]",True
/content/MargDrishti/data/processed/crops/test/compulsary_turn_right_ahead/compulsary_turn_right_ahead-48_png.rf.534b29bb2d156af946d72f9826ac17df__286.0.jpg,12,compulsary_turn_right_ahead,12,compulsary_turn_right_ahead,0.9640954732894897,"[12, 7, 8]","[0.9640954732894897, 0.0023048475850373507, 0.0020931940525770187]",True
/content/MargDrishti/data/processed/crops/test/overtaking_prohibited/overtaking_prohibited-17_jpeg.rf.546c19e76ec7e2445818b8e469721647__287.0.jpg,35,overtaking_prohibited,35,overtaking_prohibited,0.6381799578666687,"[35, 0, 33]","[0.6381799578666687, 0.12963131070137024, 0.05381682515144348]",True
/content/MargDrishti/data/processed/crops/test/left_turn_prohibited/left_turn_prohibited-15_jpg.rf.537ac61928f77257b26d2adf68d047f8__288.0.jpg,26,left_turn_prohibited,26,left_turn_prohibited,0.972706139087677,"[26, 18, 21]","[0.972706139087677, 0.0027798328083008528, 0.002541634254157543]",True
/content/MargDrishti/data/processed/crops/test/compulsary_turn_left_ahead/compulsary_turn_left_ahead-28_jpg.rf.558713ed0ef98f6a41f5fa9013836510__289.0.jpg,11,compulsary_turn_left_ahead,11,compulsary_turn_left_ahead,0.9493781924247742,"[11, 9, 22]","[0.9493781924247742, 0.005333838984370232, 0.004912249278277159]",True
/content/MargDrishti/data/processed/crops/test/give_way/give_way-27_png.rf.54bebe99f6ba19993c6080c0380f8bfc__290.0.jpg,18,give_way,18,give_way,0.9140714406967163,"[18, 56, 54]","[0.9140714406967163, 0.011173278093338013, 0.006172288674861193]",True
/content/MargDrishti/data/processed/crops/test/roundabout/roundabout-26_png.rf.56a54d67a55ec8b7b3b21a82c470fffd__291.0.jpg,45,roundabout,45,roundabout,0.977713406085968,"[45, 6, 47]","[0.977713406085968, 0.004533500876277685, 0.0026958496309816837]",True
/content/MargDrishti/data/processed/crops/test/height_limit/height_limit-11_jpeg.rf.55bb95ea8955453be45881f175b1a7f0__292.0.jpg,20,height_limit,20,height_limit,0.9988020658493042,"[20, 69, 15]","[0.9988020658493042, 0.00022399972658604383, 0.00011631941015366465]",True
/content/MargDrishti/data/processed/crops/test/cycle_crossing/cycle_crossing-29_png.rf.56c474fbd9611ab2d36b212b38ecf062__293.0.jpg,14,cycle_crossing,14,cycle_crossing,0.9861845374107361,"[14, 46, 37]","[0.9861845374107361, 0.003914104774594307, 0.0012653775047510862]",True
/content/MargDrishti/data/processed/crops/test/overtaking_prohibited/overtaking_prohibited-49_jpg.rf.56ed2b0f3e3a243ac7b0750f060dae7c__294.0.jpg,35,overtaking_prohibited,35,overtaking_prohibited,0.890109121799469,"[35, 67, 45]","[0.890109121799469, 0.018495267257094383, 0.011505111120641232]",True
/content/MargDrishti/data/processed/crops/test/u_turn/u_turn-50_jpg.rf.56e36c4252d4379907b528ea7e489a28__295.0.jpg,66,u_turn,66,u_turn,0.9774057269096375,"[66, 31, 57]","[0.9774057269096375, 0.006424094550311565, 0.00472263153642416]",True
/content/MargDrishti/data/processed/crops/test/right_hand_curve/right_hand_curve-6_jpg.rf.572640d75520f7236ebdb0bf6fa04aa1__296.0.jpg,42,right_hand_curve,42,right_hand_curve,0.95521080493927,"[42, 43, 70]","[0.95521080493927, 0.010742505080997944, 0.004636694211512804]",True
/content/MargDrishti/data/processed/crops/test/compulsary_keep_left/compulsary_keep_left-1_png.rf.57d1741583c2c1f4f2f79a13ebf16ad7__297.0.jpg,8,compulsary_keep_left,8,compulsary_keep_left,0.9898771643638611,"[8, 36, 66]","[0.9898771643638611, 0.0025997429620474577, 0.0005417187931016088]",True
/content/MargDrishti/data/processed/crops/test/men_at_work/men_at_work-45_png.rf.577ba1d4aa5020dfced679f0ea54f812__298.0.jpg,29,men_at_work,29,men_at_work,0.9652590751647949,"[29, 45, 40]","[0.9652590751647949, 0.0052466182969510555, 0.003150454955175519]",True
/content/MargDrishti/data/processed/crops/test/axle_load_limit/axle_load_limit-11_jpeg.rf.5740b565cdb5238c519a30719034fe43__300.0.jpg,1,axle_load_limit,1,axle_load_limit,0.6945173740386963,"[1, 51, 27]","[0.6945173740386963, 0.049957651644945145, 0.046246714890003204]",True
/content/MargDrishti/data/processed/crops/test/unguarded_level_crossing/unguarded_level_crossing-3_jpg.rf.584c6f695dde5345c3cdc7f572ec6090__301.0.jpg,68,unguarded_level_crossing,68,unguarded_level_crossing,0.7697510719299316,"[68, 29, 61]","[0.7697510719299316, 0.11842521280050278, 0.02062908001244068]",True
/content/MargDrishti/data/processed/crops/test/stop/stop-55_png.rf.58674348948c04d308ad969080c10ab0__302.0.jpg,62,stop,62,stop,0.9223663210868835,"[62, 45, 67]","[0.9223663210868835, 0.007663008291274309, 0.003947615157812834]",True
/content/MargDrishti/data/processed/crops/test/right_reverse_bend/right_reverse_bend-45_jpg.rf.589625f0e8d86791f23c747ea20a67f6__303.0.jpg,43,right_reverse_bend,43,right_reverse_bend,0.7738642692565918,"[43, 70, 31]","[0.7738642692565918, 0.019055720418691635, 0.019021695479750633]",True
/content/MargDrishti/data/processed/crops/test/compulsary_sound_horn/compulsary_sound_horn-1_jpg.rf.5855545cbaf0b92d0b817d5bea96504d__304.0.jpg,10,compulsary_sound_horn,10,compulsary_sound_horn,0.9902111291885376,"[10, 36, 12]","[0.9902111291885376, 0.0010525829857215285, 0.0009785655420273542]",True
/content/MargDrishti/data/processed/crops/test/speed_limit_120/speed_limit_120-27_png.rf.58b091718bc10867f1f7fcaa82500494__305.0.jpg,51,speed_limit_120,51,speed_limit_120,0.9847650527954102,"[51, 50, 57]","[0.9847650527954102, 0.003712473902851343, 0.0031484768260270357]",True
/content/MargDrishti/data/processed/crops/test/compulsary_turn_left_ahead/compulsary_turn_left_ahead-42_png.rf.58cab74cd8140f3150cf149f44c049fe__306.0.jpg,11,compulsary_turn_left_ahead,11,compulsary_turn_left_ahead,0.9894794821739197,"[11, 5, 9]","[0.9894794821739197, 0.0023962524719536304, 0.0008728691027499735]",True
/content/MargDrishti/data/processed/crops/test/pedestrian_crossing/pedestrian_crossing-60_jpg.rf.58fb8887544e4d28ca157673f74ca518__307.0.jpg,37,pedestrian_crossing,37,pedestrian_crossing,0.9030735492706299,"[37, 29, 56]","[0.9030735492706299, 0.07699688524007797, 0.0036279696505516768]",True
/content/MargDrishti/data/processed/crops/test/pedestrian_crossing/pedestrian_crossing-32_png.rf.5a7ad990d60dc46c4b8f03427f281ab0__308.0.jpg,37,pedestrian_crossing,37,pedestrian_crossing,0.9765932559967041,"[37, 29, 31]","[0.9765932559967041, 0.006387787871062756, 0.005855578929185867]",True
/content/MargDrishti/data/processed/crops/test/no_entry/no_entry-44_jpg.rf.5aac8adcee814fd256c3038fdfaa55d4__309.0.jpg,32,no_entry,32,no_entry,0.97966068983078,"[32, 62, 69]","[0.97966068983078, 0.0018562459154054523, 0.0013633896596729755]",True
/content/MargDrishti/data/processed/crops/test/left_reverse_bend/left_reverse_bend-14_png.rf.590a6f2b57b009e3eb1da160a069cdeb__310.0.jpg,25,left_reverse_bend,25,left_reverse_bend,0.4840089678764343,"[25, 3, 66]","[0.4840089678764343, 0.0818387120962143, 0.06092413514852524]",True
/content/MargDrishti/data/processed/crops/test/bullock_cart_and_hand_cart_prohibited/bullock_cart_and_hand_cart_prohibited-40_jpg.rf.5abe78a5257ec05b1792f98044998349__311.0.jpg,2,bullock_cart_and_hand_cart_prohibited,2,bullock_cart_and_hand_cart_prohibited,0.9934378266334534,"[2, 21, 51]","[0.9934378266334534, 0.0009570070542395115, 0.000688341329805553]",True
/content/MargDrishti/data/processed/crops/test/compulsary_turn_right_ahead/compulsary_turn_right_ahead-33_png.rf.5b73099de8ab360f9208486261f67739__312.0.jpg,12,compulsary_turn_right_ahead,12,compulsary_turn_right_ahead,0.9934251308441162,"[12, 8, 7]","[0.9934251308441162, 0.0012317047221586108, 0.0007408476085402071]",True
/content/MargDrishti/data/processed/crops/test/speed_limit_60/speed_limit_60-31_jpg.rf.5b768644a9f34c0e4e30e4b67febc14d__313.0.jpg,56,speed_limit_60,56,speed_limit_60,0.9781127572059631,"[56, 58, 54]","[0.9781127572059631, 0.0019436628790572286, 0.0014182199956849217]",True
/content/MargDrishti/data/processed/crops/test/give_way/give_way-9_png.rf.5bb980541b000f1d9fabd8b4ffbeb8cd__314.0.jpg,18,give_way,18,give_way,0.9167883396148682,"[18, 57, 44]","[0.9167883396148682, 0.008773788809776306, 0.006870511453598738]",True
/content/MargDrishti/data/processed/crops/test/cycle_crossing/cycle_crossing-20_jpg.rf.5d0d3b2c00b1e1fa7b3732f4878d1c75__315.0.jpg,14,cycle_crossing,28,loose_gravel,0.31781819462776184,"[28, 14, 19]","[0.31781819462776184, 0.27707621455192566, 0.09944258630275726]",False
/content/MargDrishti/data/processed/crops/test/speed_limit_40/speed_limit_40-45_jpg.rf.5bdd168b63d460430e72dcfabf7331a7__316.0.jpg,54,speed_limit_40,54,speed_limit_40,0.9849493503570557,"[54, 56, 46]","[0.9849493503570557, 0.003942535258829594, 0.001615721732378006]",True
/content/MargDrishti/data/processed/crops/test/length_limit/length_limit-25_png.rf.5eae83bfb64e787a231526af9136325a__317.0.jpg,27,length_limit,27,length_limit,0.9583799839019775,"[27, 65, 68]","[0.9583799839019775, 0.003883466124534607, 0.003399218199774623]",True
/content/MargDrishti/data/processed/crops/test/right_turn_prohibited/right_turn_prohibited-3_jpg.rf.5d72ab144723f0004de9b60865ce898c__318.0.jpg,44,right_turn_prohibited,44,right_turn_prohibited,0.7631104588508606,"[44, 42, 35]","[0.7631104588508606, 0.039065469056367874, 0.03151782229542732]",True
/content/MargDrishti/data/processed/crops/test/left_hand_curve/left_hand_curve-23_jpg.rf.5d1a8896acb8737673b9deb583392f0c__319.0.jpg,24,left_hand_curve,24,left_hand_curve,0.8803280591964722,"[24, 26, 35]","[0.8803280591964722, 0.0253702811896801, 0.013279277831315994]",True
/content/MargDrishti/data/processed/crops/test/truck_prohibited/truck_prohibited-22_png.rf.5e8825b78da47f5e77fa31297527aaa1__320.0.jpg,65,truck_prohibited,65,truck_prohibited,0.6106242537498474,"[65, 2, 21]","[0.6106242537498474, 0.14047090709209442, 0.09034541994333267]",True
/content/MargDrishti/data/processed/crops/test/guarded_level_crossing/guarded_level_crossing-34_jpg.rf.5ee3a6dbcf3034a228baaa06904dbdc4__321.0.jpg,19,guarded_level_crossing,19,guarded_level_crossing,0.9694132208824158,"[19, 50, 27]","[0.9694132208824158, 0.005964708514511585, 0.005265172105282545]",True
/content/MargDrishti/data/processed/crops/test/horn_prohibited/horn_prohibited-44_jpg.rf.5ecee40817d104c69ec4d1b33e46db42__322.0.jpg,21,horn_prohibited,21,horn_prohibited,0.9405583143234253,"[21, 2, 35]","[0.9405583143234253, 0.015221553854644299, 0.005397175904363394]",True
/content/MargDrishti/data/processed/crops/test/speed_limit_40/speed_limit_40-12_jpg.rf.5f1737c29cbe6858533ea5752d6ef0ae__323.0.jpg,54,speed_limit_40,54,speed_limit_40,0.9691076278686523,"[54, 52, 56]","[0.9691076278686523, 0.0036709699779748917, 0.002932664705440402]",True
/content/MargDrishti/data/processed/crops/test/length_limit/length_limit-37_jpg.rf.5f90a138ba3d1b8e484cc4f7cfe0bcfe__324.0.jpg,27,length_limit,27,length_limit,0.9918839931488037,"[27, 69, 1]","[0.9918839931488037, 0.002739095827564597, 0.0014096410013735294]",True
/content/MargDrishti/data/processed/crops/test/compulsary_sound_horn/compulsary_sound_horn-21_jpg.rf.60955941b4776cadcb132e866470ac27__325.0.jpg,10,compulsary_sound_horn,10,compulsary_sound_horn,0.9839776158332825,"[10, 36, 8]","[0.9839776158332825, 0.0014203010359779, 0.0012480521108955145]",True
/content/MargDrishti/data/processed/crops/test/pedestrian_prohibited/pedestrian_prohibited-19_jpeg.rf.606391e73c5d1afeec784eb597d3e760__326.0.jpg,38,pedestrian_prohibited,38,pedestrian_prohibited,0.9324852228164673,"[38, 26, 37]","[0.9324852228164673, 0.01769052818417549, 0.005383147392421961]",True
/content/MargDrishti/data/processed/crops/test/height_limit/height_limit-55_png.rf.5f98c5ad6858fbb239738a9fafd5d662__327.0.jpg,20,height_limit,20,height_limit,0.9930611252784729,"[20, 69, 15]","[0.9930611252784729, 0.0018659225897863507, 0.0014435875928029418]",True
/content/MargDrishti/data/processed/crops/test/falling_rocks/falling_rocks-41_jpeg.rf.60af2c1b4838a9d78c785c45ed555e61__328.0.jpg,16,falling_rocks,16,falling_rocks,0.9840753674507141,"[16, 60, 29]","[0.9840753674507141, 0.0033616384025663137, 0.001687279436737299]",True
/content/MargDrishti/data/processed/crops/test/roundabout/roundabout-4_jpg.rf.61adfea0f3b77e364d609c8d37ba99df__329.0.jpg,45,roundabout,45,roundabout,0.9628074169158936,"[45, 1, 66]","[0.9628074169158936, 0.004888305906206369, 0.00315147009678185]",True
/content/MargDrishti/data/processed/crops/test/cycle_crossing/cycle_crossing-19_jpg.rf.60c2c81248aea2b516b2b2b7b6e11087__330.0.jpg,14,cycle_crossing,14,cycle_crossing,0.8514005541801453,"[14, 28, 46]","[0.8514005541801453, 0.02488931268453598, 0.014667839743196964]",True
/content/MargDrishti/data/processed/crops/test/left_turn_prohibited/left_turn_prohibited-8_jpg.rf.61cb87d59bdba912d7dec6d9ebc636e7__331.0.jpg,26,left_turn_prohibited,26,left_turn_prohibited,0.9831727743148804,"[26, 67, 21]","[0.9831727743148804, 0.0024259621277451515, 0.001098264823667705]",True
/content/MargDrishti/data/processed/crops/test/u_turn_prohibited/u_turn_prohibited-66_jpeg.rf.61f0ede12c07c2e33fb3f0224468c609__332.0.jpg,67,u_turn_prohibited,67,u_turn_prohibited,0.969173014163971,"[67, 33, 66]","[0.969173014163971, 0.011400332674384117, 0.001714023994281888]",True
/content/MargDrishti/data/processed/crops/test/roundabout/roundabout-12_jpg.rf.626604862838121b87c6ccd4b8219fd0__335.0.jpg,45,roundabout,45,roundabout,0.9489715695381165,"[45, 43, 15]","[0.9489715695381165, 0.011871062219142914, 0.005888899322599173]",True
/content/MargDrishti/data/processed/crops/test/guarded_level_crossing/guarded_level_crossing-45_jpg.rf.62577c11513ccb91ebe43e89a1bf04ce__336.0.jpg,19,guarded_level_crossing,19,guarded_level_crossing,0.9779760241508484,"[19, 63, 28]","[0.9779760241508484, 0.003137069521471858, 0.0027041553985327482]",True
/content/MargDrishti/data/processed/crops/test/dangerous_dip/dangerous_dip-47_jpg.rf.62b6443d531bdd7a0852cb49dda42a6b__337.0.jpg,15,dangerous_dip,15,dangerous_dip,0.9922999143600464,"[15, 23, 45]","[0.9922999143600464, 0.002320837462320924, 0.0007881415658630431]",True
/content/MargDrishti/data/processed/crops/test/compulsary_sound_horn/compulsary_sound_horn-9_jpg.rf.62ffc2530430593227ddb15e0d79629d__338.0.jpg,10,compulsary_sound_horn,10,compulsary_sound_horn,0.991366446018219,"[10, 8, 22]","[0.991366446018219, 0.0015529082156717777, 0.0013782858150079846]",True
/content/MargDrishti/data/processed/crops/test/compulsary_ahead_or_turn_left/compulsary_ahead_or_turn_left-51_png.rf.62665219b18ecb83b068244360662467__339.0.jpg,6,compulsary_ahead_or_turn_left,6,compulsary_ahead_or_turn_left,0.8869749307632446,"[6, 11, 22]","[0.8869749307632446, 0.024489490315318108, 0.011511710472404957]",True
/content/MargDrishti/data/processed/crops/test/quay_side_or_river_bank/quay_side_or_river_bank-53_jpg.rf.62c5293756e55394a8717417db4b216a__340.0.jpg,40,quay_side_or_river_bank,40,quay_side_or_river_bank,0.9930590391159058,"[40, 68, 16]","[0.9930590391159058, 0.0010514577152207494, 0.0009714874322526157]",True
/content/MargDrishti/data/processed/crops/test/axle_load_limit/axle_load_limit-38_jpg.rf.6379ce3544f5bee1fbe2e29030cff54f__341.0.jpg,1,axle_load_limit,1,axle_load_limit,0.8633710145950317,"[1, 52, 39]","[0.8633710145950317, 0.04030126705765724, 0.026088669896125793]",True
/content/MargDrishti/data/processed/crops/test/compulsary_ahead/compulsary_ahead-26_png.rf.632412a0c96ff289524ccad4f128f4b1__342.0.jpg,5,compulsary_ahead,5,compulsary_ahead,0.9560698866844177,"[5, 7, 11]","[0.9560698866844177, 0.004391326569020748, 0.003230680013075471]",True
/content/MargDrishti/data/processed/crops/test/compulsary_keep_left/compulsary_keep_left-33_jpg.rf.6345cfa87e5d28d2286537d8ce79f8fc__343.0.jpg,8,compulsary_keep_left,8,compulsary_keep_left,0.9908702969551086,"[8, 47, 66]","[0.9908702969551086, 0.0008347350521944463, 0.0007782173925079405]",True
/content/MargDrishti/data/processed/crops/test/left_turn_prohibited/left_turn_prohibited-34_jpg.rf.640a8049e6774cbb96330a85d1e3a6c7__344.0.jpg,26,left_turn_prohibited,26,left_turn_prohibited,0.9861966967582703,"[26, 67, 55]","[0.9861966967582703, 0.0024681382346898317, 0.0010548593709245324]",True
/content/MargDrishti/data/processed/crops/test/side_road_left/side_road_left-31_jpg.rf.65ffb407592411e0bedfa40365e1cda2__345.0.jpg,47,side_road_left,47,side_road_left,0.9048041701316833,"[47, 43, 59]","[0.9048041701316833, 0.016761139035224915, 0.015982823446393013]",True
/content/MargDrishti/data/processed/crops/test/axle_load_limit/axle_load_limit-0_jpg.rf.65363090eb9927d19d416a83e99a14a1__346.0.jpg,1,axle_load_limit,1,axle_load_limit,0.9950001239776611,"[1, 39, 69]","[0.9950001239776611, 0.0008562887669540942, 0.0003383390139788389]",True
/content/MargDrishti/data/processed/crops/test/traffic_signal/traffic_signal-26_png.rf.64afd0f7433bd793e8c51a8f90397fc5__347.0.jpg,64,traffic_signal,64,traffic_signal,0.9713484644889832,"[64, 23, 37]","[0.9713484644889832, 0.0023407198023051023, 0.0020770689006894827]",True
/content/MargDrishti/data/processed/crops/test/truck_prohibited/truck_prohibited-41_jpg.rf.663c34a9fc0ad369bdd2f5183da1c8da__348.0.jpg,65,truck_prohibited,65,truck_prohibited,0.9143833518028259,"[65, 27, 2]","[0.9143833518028259, 0.03433026000857353, 0.010029700584709644]",True
/content/MargDrishti/data/processed/crops/test/restriction_ends/restriction_ends-42_png.rf.64c8e648ebce14e9375b756c61e1009d__349.0.jpg,41,restriction_ends,41,restriction_ends,0.9881559610366821,"[41, 15, 42]","[0.9881559610366821, 0.00128368369769305, 0.0008301944471895695]",True
/content/MargDrishti/data/processed/crops/test/no_parking/no_parking-26_jpeg.rf.669e6ce8998dbde4eff964af8a72d8cb__350.0.jpg,33,no_parking,33,no_parking,0.9528158903121948,"[33, 67, 39]","[0.9528158903121948, 0.008929385803639889, 0.0030134611297398806]",True
/content/MargDrishti/data/processed/crops/test/compulsary_turn_left_ahead/compulsary_turn_left_ahead-34_png.rf.67e056ee822782145a83a8cfc9b05340__351.0.jpg,11,compulsary_turn_left_ahead,11,compulsary_turn_left_ahead,0.9752581715583801,"[11, 5, 9]","[0.9752581715583801, 0.002992988331243396, 0.0022891773842275143]",True
/content/MargDrishti/data/processed/crops/test/height_limit/height_limit-22_jpeg.rf.6740c2a50b90df5e16889af9353b4882__352.0.jpg,20,height_limit,69,width_limit,0.29557183384895325,"[69, 20, 27]","[0.29557183384895325, 0.19456729292869568, 0.08675919473171234]",False
/content/MargDrishti/data/processed/crops/test/compulsary_turn_left_ahead/compulsary_turn_left_ahead-3_png.rf.679680e810028643493332c3dd0da015__354.0.jpg,11,compulsary_turn_left_ahead,11,compulsary_turn_left_ahead,0.9836057424545288,"[11, 5, 45]","[0.9836057424545288, 0.00242386176250875, 0.001170837669633329]",True
/content/MargDrishti/data/processed/crops/test/speed_limit_20/speed_limit_20-2_jpg.rf.68704574ddc8e3b0920a9091ed16afe8__355.0.jpg,52,speed_limit_20,52,speed_limit_20,0.9668342471122742,"[52, 53, 60]","[0.9668342471122742, 0.004740776494145393, 0.0030208497773855925]",True
/content/MargDrishti/data/processed/crops/test/u_turn/u_turn-20_jpg.rf.671dff63eab6e51cefa06913f4fb8a80__356.0.jpg,66,u_turn,66,u_turn,0.9781984090805054,"[66, 31, 57]","[0.9781984090805054, 0.0041256253607571125, 0.0033324765972793102]",True
/content/MargDrishti/data/processed/crops/test/stop/stop-56_png.rf.6963817635be6bde259727f3cfa42333__357.0.jpg,62,stop,62,stop,0.9592804312705994,"[62, 45, 39]","[0.9592804312705994, 0.0038517722859978676, 0.0026076589711010456]",True
/content/MargDrishti/data/processed/crops/test/chevron_direction/chevron_direction-21_jpg.rf.69f3a71d0d36e53cb543f818fdcba11e__358.0.jpg,4,chevron_direction,4,chevron_direction,0.9563131928443909,"[4, 3, 61]","[0.9563131928443909, 0.0060273949056863785, 0.005370719358325005]",True
/content/MargDrishti/data/processed/crops/test/quay_side_or_river_bank/quay_side_or_river_bank-6_jpg.rf.68e6a5926c7a3d4199a64d117d09704a__359.0.jpg,40,quay_side_or_river_bank,15,dangerous_dip,0.3525511920452118,"[15, 70, 3]","[0.3525511920452118, 0.10800851136445999, 0.08811920136213303]",False
/content/MargDrishti/data/processed/crops/test/right_reverse_bend/right_reverse_bend-42_jpg.rf.6a484fcc835ad81130eb5ec27f70c426__361.0.jpg,43,right_reverse_bend,43,right_reverse_bend,0.984613299369812,"[43, 31, 47]","[0.984613299369812, 0.0028947549872100353, 0.0013653942150995135]",True
/content/MargDrishti/data/processed/crops/test/gap_in_median/gap_in_median-26_jpg.rf.6a376042ed2d4f39156e3a87ff5ddc1a__362.0.jpg,17,gap_in_median,17,gap_in_median,0.9880592226982117,"[17, 21, 23]","[0.9880592226982117, 0.0011707890080288053, 0.0007397508015856147]",True
/content/MargDrishti/data/processed/crops/test/hospital_ahead/hospital_ahead-2_jpeg.rf.6ac666f54e2f41893497884bea4d9b84__363.0.jpg,22,hospital_ahead,22,hospital_ahead,0.9831770062446594,"[22, 39, 57]","[0.9831770062446594, 0.008507076650857925, 0.0012491166125983]",True
/content/MargDrishti/data/processed/crops/test/speed_limit_50/speed_limit_50-5_jpg.rf.6a945559406468a71149414caf990272__364.0.jpg,55,speed_limit_50,55,speed_limit_50,0.8485385775566101,"[55, 52, 56]","[0.8485385775566101, 0.01679663546383381, 0.014080329798161983]",True
/content/MargDrishti/data/processed/crops/test/falling_rocks/falling_rocks-54_jpeg.rf.6b48936c9a3ac8abb9e6356c720b0c89__365.0.jpg,16,falling_rocks,16,falling_rocks,0.9546616673469543,"[16, 29, 40]","[0.9546616673469543, 0.00807110220193863, 0.006089482922106981]",True
/content/MargDrishti/data/processed/crops/test/left_reverse_bend/left_reverse_bend-51_jpg.rf.6acd46350dc78b61dc37093a30fea57d__366.0.jpg,25,left_reverse_bend,25,left_reverse_bend,0.9880304932594299,"[25, 31, 3]","[0.9880304932594299, 0.0023768413811922073, 0.0009214107994921505]",True
/content/MargDrishti/data/processed/crops/test/bullock_cart_and_hand_cart_prohibited/bullock_cart_and_hand_cart_prohibited-6_png.rf.6b190d792f9a44d80313da1f1692e38f__367.0.jpg,2,bullock_cart_and_hand_cart_prohibited,2,bullock_cart_and_hand_cart_prohibited,0.7472419738769531,"[2, 65, 35]","[0.7472419738769531, 0.1019476130604744, 0.035003405064344406]",True
/content/MargDrishti/data/processed/crops/test/compulsary_sound_horn/compulsary_sound_horn-4_jpg.rf.6b489c0891875e95792fcf5f2f1ffa68__368.0.jpg,10,compulsary_sound_horn,10,compulsary_sound_horn,0.9636666178703308,"[10, 8, 36]","[0.9636666178703308, 0.00569904176518321, 0.003604109399020672]",True
/content/MargDrishti/data/processed/crops/test/narrow_road_ahead/narrow_road_ahead-50_png.rf.6b68e9e4bd2dffc0cc91cac7ece41e09__369.0.jpg,31,narrow_road_ahead,31,narrow_road_ahead,0.9722697138786316,"[31, 30, 25]","[0.9722697138786316, 0.005306595005095005, 0.0027413819916546345]",True
/content/MargDrishti/data/processed/crops/test/no_stopping_or_standing/no_stopping_or_standing-33_jpg.rf.6b88ee50371f911c60084da7e4a89b67__370.0.jpg,34,no_stopping_or_standing,34,no_stopping_or_standing,0.9753236174583435,"[34, 33, 44]","[0.9753236174583435, 0.003863388206809759, 0.0027058739215135574]",True
/content/MargDrishti/data/processed/crops/test/u_turn/u_turn-43_jpg.rf.6b9ffbaded30d9a080d535a0645233bd__371.0.jpg,66,u_turn,66,u_turn,0.9381623864173889,"[66, 57, 31]","[0.9381623864173889, 0.012454883195459843, 0.010198729112744331]",True
/content/MargDrishti/data/processed/crops/test/no_stopping_or_standing/no_stopping_or_standing-54_jpg.rf.6b7151dc5d2ce36245a8fd90a4376ec9__372.0.jpg,34,no_stopping_or_standing,34,no_stopping_or_standing,0.9814683198928833,"[34, 33, 55]","[0.9814683198928833, 0.0029111590702086687, 0.0013084253296256065]",True
/content/MargDrishti/data/processed/crops/test/pass_either_side/pass_either_side-4_jpeg.rf.6bf23d60371e418b885a6563284011ba__373.0.jpg,36,pass_either_side,36,pass_either_side,0.9766469597816467,"[36, 8, 17]","[0.9766469597816467, 0.0062109301798045635, 0.0015625485684722662]",True
/content/MargDrishti/data/processed/crops/test/compulsary_turn_left_ahead/compulsary_turn_left_ahead-37_png.rf.6bfc1d5a23756fc04ae9043b18937d7c__374.0.jpg,11,compulsary_turn_left_ahead,11,compulsary_turn_left_ahead,0.9872570037841797,"[11, 5, 9]","[0.9872570037841797, 0.0021505625918507576, 0.0010098852217197418]",True
/content/MargDrishti/data/processed/crops/test/axle_load_limit/axle_load_limit-53_jpg.rf.6bc568ed01c5e7bc7a107edc6f5279b8__375.0.jpg,1,axle_load_limit,1,axle_load_limit,0.9923185110092163,"[1, 69, 20]","[0.9923185110092163, 0.0018094240222126245, 0.001550000160932541]",True
/content/MargDrishti/data/processed/crops/test/horn_prohibited/horn_prohibited-17_jpg.rf.6be296a5843d13f1861ad81f6d847a66__376.0.jpg,21,horn_prohibited,21,horn_prohibited,0.9810667037963867,"[21, 2, 24]","[0.9810667037963867, 0.0019047224195674062, 0.0015500228619202971]",True
/content/MargDrishti/data/processed/crops/test/right_reverse_bend/right_reverse_bend-2_png.rf.6caaf860902ca302afff8fbaff91dce5__377.0.jpg,43,right_reverse_bend,43,right_reverse_bend,0.9742594957351685,"[43, 19, 25]","[0.9742594957351685, 0.0035860182251781225, 0.0014229295775294304]",True
/content/MargDrishti/data/processed/crops/test/side_road_right/side_road_right-4_png.rf.6c3fa6ea218fcbd01018e0174dd133c6__378.0.jpg,48,side_road_right,48,side_road_right,0.7838014364242554,"[48, 59, 70]","[0.7838014364242554, 0.06619160622358322, 0.05276402458548546]",True
/content/MargDrishti/data/processed/crops/test/compulsary_keep_right/compulsary_keep_right-50_png.rf.6cce2b043ed99a371fbb02138f59bbb1__379.0.jpg,9,compulsary_keep_right,9,compulsary_keep_right,0.9124520421028137,"[9, 11, 10]","[0.9124520421028137, 0.02387622557580471, 0.014288929291069508]",True
/content/MargDrishti/data/processed/crops/test/side_road_left/side_road_left-61_jpg.rf.6c31b7c667d33b5f4c248836699db5cc__380.0.jpg,47,side_road_left,47,side_road_left,0.9826527833938599,"[47, 59, 63]","[0.9826527833938599, 0.005555947311222553, 0.002444402314722538]",True
/content/MargDrishti/data/processed/crops/test/restriction_ends/restriction_ends-14_jpg.rf.6cdb1ab0001519a9d226360096499eda__381.0.jpg,41,restriction_ends,41,restriction_ends,0.8446063995361328,"[41, 15, 11]","[0.8446063995361328, 0.01569470576941967, 0.009282327257096767]",True
/content/MargDrishti/data/processed/crops/test/guarded_level_crossing/guarded_level_crossing-13_jpeg.rf.6d1f586150e097131edcb3c84d37a8d4__382.0.jpg,19,guarded_level_crossing,19,guarded_level_crossing,0.9843662977218628,"[19, 50, 63]","[0.9843662977218628, 0.0015978763112798333, 0.0014877483481541276]",True
/content/MargDrishti/data/processed/crops/test/compulsary_turn_right_ahead/compulsary_turn_right_ahead-37_png.rf.6d36f1a655a603965f2afb1b5d2f3e9d__383.0.jpg,12,compulsary_turn_right_ahead,12,compulsary_turn_right_ahead,0.783379077911377,"[12, 5, 6]","[0.783379077911377, 0.061084914952516556, 0.03481023758649826]",True
/content/MargDrishti/data/processed/crops/test/compulsary_keep_right/compulsary_keep_right-21_png.rf.6ce2e780d6436475a73b2b69fd56ca44__384.0.jpg,9,compulsary_keep_right,9,compulsary_keep_right,0.9706681370735168,"[9, 61, 10]","[0.9706681370735168, 0.006219970062375069, 0.002479923190549016]",True
/content/MargDrishti/data/processed/crops/test/right_turn_prohibited/right_turn_prohibited-68_jpg.rf.6dae26aeae1c158cc55575a5811ac97b__386.0.jpg,44,right_turn_prohibited,44,right_turn_prohibited,0.9596306085586548,"[44, 33, 42]","[0.9596306085586548, 0.019976474344730377, 0.0029555445071309805]",True
/content/MargDrishti/data/processed/crops/test/narrow_road_ahead/narrow_road_ahead-33_jpg.rf.6ded597a14f88cd59555732580eacc69__387.0.jpg,31,narrow_road_ahead,31,narrow_road_ahead,0.9865854978561401,"[31, 30, 48]","[0.9865854978561401, 0.004023479763418436, 0.0010359692387282848]",True
/content/MargDrishti/data/processed/crops/test/speed_limit_70/speed_limit_70-22_jpg.rf.6dfb9f9161712146ec08321ab9ef1941__389.0.jpg,57,speed_limit_70,57,speed_limit_70,0.9668147563934326,"[57, 66, 67]","[0.9668147563934326, 0.009290489368140697, 0.003440900705754757]",True
/content/MargDrishti/data/processed/crops/test/speed_limit_60/speed_limit_60-43_png.rf.6f556fe7f3181d5b31e4901c72548829__391.0.jpg,56,speed_limit_60,56,speed_limit_60,0.9413694143295288,"[56, 58, 54]","[0.9413694143295288, 0.008097785525023937, 0.006374299991875887]",True
/content/MargDrishti/data/processed/crops/test/height_limit/height_limit-21_jpg.rf.6eaa88a95f9e256c7ef8c095854ee606__392.0.jpg,20,height_limit,70,y_intersection,0.23469144105911255,"[70, 59, 15]","[0.23469144105911255, 0.13475655019283295, 0.08790449798107147]",False
/content/MargDrishti/data/processed/crops/test/speed_limit_30/speed_limit_30-31_png.rf.6f75eba03acaf30feb87a7e5a5c85fee__393.0.jpg,53,speed_limit_30,53,speed_limit_30,0.964598536491394,"[53, 52, 58]","[0.964598536491394, 0.007278526667505503, 0.0034350615460425615]",True
/content/MargDrishti/data/processed/crops/test/school_ahead/school_ahead-31_jpg.rf.705d6293b34602cee0624eff22aa2659__394.0.jpg,46,school_ahead,46,school_ahead,0.7482504844665527,"[46, 30, 48]","[0.7482504844665527, 0.0898134857416153, 0.037953879684209824]",True
/content/MargDrishti/data/processed/crops/test/traffic_signal/traffic_signal-11_jpg.rf.700ab7059a9e25b535747188f1db808e__395.0.jpg,64,traffic_signal,64,traffic_signal,0.24728329479694366,"[64, 4, 47]","[0.24728329479694366, 0.11486174911260605, 0.0878857746720314]",True
/content/MargDrishti/data/processed/crops/test/compulsary_ahead_or_turn_left/compulsary_ahead_or_turn_left-9_jpg.rf.6fb2877b9c47581d3b8f98da115a90cb__396.0.jpg,6,compulsary_ahead_or_turn_left,6,compulsary_ahead_or_turn_left,0.9773000478744507,"[6, 5, 19]","[0.9773000478744507, 0.002952417591586709, 0.0018389272736385465]",True
/content/MargDrishti/data/processed/crops/test/y_intersection/y_intersection-23_jpeg.rf.70c90ccbd2ca33180bd7d03e0fb4361a__397.0.jpg,70,y_intersection,70,y_intersection,0.690898060798645,"[70, 63, 30]","[0.690898060798645, 0.1491965651512146, 0.027464432641863823]",True
/content/MargDrishti/data/processed/crops/test/no_entry/no_entry-10_jpg.rf.7158a0a64b852ac18684404aeb3acdcc__398.0.jpg,32,no_entry,32,no_entry,0.9271696209907532,"[32, 69, 70]","[0.9271696209907532, 0.006126794032752514, 0.005664464086294174]",True
/content/MargDrishti/data/processed/crops/test/steep_descent/steep_descent-34_jpg.rf.71c594fd8d844fefb0d242753c2e273c__399.0.jpg,61,steep_descent,61,steep_descent,0.9991239905357361,"[61, 9, 40]","[0.9991239905357361, 0.00023796031018719077, 0.0001824151840992272]",True
/content/MargDrishti/data/processed/crops/test/no_parking/no_parking-50_jpg.rf.73a18ab4352a6a3aa8a9cd2e0a10c602__400.0.jpg,33,no_parking,33,no_parking,0.5672577023506165,"[33, 34, 60]","[0.5672577023506165, 0.1096048653125763, 0.01934392936527729]",True
/content/MargDrishti/data/processed/crops/test/stop/stop-72_png.rf.720eed8eae6139758c79607d6110b202__401.0.jpg,62,stop,62,stop,0.9538577198982239,"[62, 3, 17]","[0.9538577198982239, 0.003798575373366475, 0.003237893106415868]",True
/content/MargDrishti/data/processed/crops/test/falling_rocks/falling_rocks-32_jpeg.rf.739da10bfe726c9398be9eac6cac0d35__402.0.jpg,16,falling_rocks,16,falling_rocks,0.9309599995613098,"[16, 60, 29]","[0.9309599995613098, 0.015652023255825043, 0.0038360045291483402]",True
/content/MargDrishti/data/processed/crops/test/hump_or_rough_road/hump_or_rough_road-67_jpg.rf.73c59b2374515b41f9f0c3aa2e0034f0__403.0.jpg,23,hump_or_rough_road,23,hump_or_rough_road,0.7376458048820496,"[23, 15, 60]","[0.7376458048820496, 0.1969652622938156, 0.00848936103284359]",True
/content/MargDrishti/data/processed/crops/test/u_turn/u_turn-27_jpg.rf.73e1b2274a7c8b69521e74083066eabd__404.0.jpg,66,u_turn,66,u_turn,0.9572860598564148,"[66, 57, 31]","[0.9572860598564148, 0.015257058665156364, 0.0047089457511901855]",True
/content/MargDrishti/data/processed/crops/test/width_limit/width_limit-2_png.rf.73ec4ae70c9f9629bc1414083ac4830c__405.0.jpg,69,width_limit,69,width_limit,0.786629855632782,"[69, 27, 20]","[0.786629855632782, 0.0796198770403862, 0.05524725839495659]",True
/content/MargDrishti/data/processed/crops/test/gap_in_median/gap_in_median-32_jpg.rf.7431ba0c538da1b8b6d3ad25bc691ad2__406.0.jpg,17,gap_in_median,17,gap_in_median,0.9863420128822327,"[17, 16, 23]","[0.9863420128822327, 0.0008618157007731497, 0.0008313923608511686]",True
/content/MargDrishti/data/processed/crops/test/staggered_intersection/staggered_intersection-14_jpeg.rf.74ee3794b556379a76aacaf0abc42905__407.0.jpg,59,staggered_intersection,59,staggered_intersection,0.8366125822067261,"[59, 47, 48]","[0.8366125822067261, 0.07941264659166336, 0.033452313393354416]",True
/content/MargDrishti/data/processed/crops/test/u_turn/u_turn-31_jpg.rf.757d92664105bbb15db804a62d990727__408.0.jpg,66,u_turn,66,u_turn,0.995987594127655,"[66, 67, 57]","[0.995987594127655, 0.0007289378554560244, 0.0006943519110791385]",True
/content/MargDrishti/data/processed/crops/test/falling_rocks/falling_rocks-60_jpg.rf.764d4a637b9d8ad7302878ab7c82db5f__409.0.jpg,16,falling_rocks,37,pedestrian_crossing,0.1606302261352539,"[37, 16, 14]","[0.1606302261352539, 0.13217703998088837, 0.11601430177688599]",False
/content/MargDrishti/data/processed/crops/test/speed_limit_80/speed_limit_80-57_jpg.rf.765485877fa9116f0a90f9503658b4a6__410.0.jpg,58,speed_limit_80,58,speed_limit_80,0.9612220525741577,"[58, 56, 53]","[0.9612220525741577, 0.018568024039268494, 0.0021535176783800125]",True
/content/MargDrishti/data/processed/crops/test/speed_limit_120/speed_limit_120-30_png.rf.75e1573786fcd71f370b25a14c4c181c__411.0.jpg,51,speed_limit_120,51,speed_limit_120,0.914795994758606,"[51, 50, 57]","[0.914795994758606, 0.02725302241742611, 0.012036004103720188]",True
/content/MargDrishti/data/processed/crops/test/side_road_left/side_road_left-60_jpg.rf.75f7497308bb8e81ae563ec0a4fdab6f__412.0.jpg,47,side_road_left,47,side_road_left,0.8618488907814026,"[47, 45, 59]","[0.8618488907814026, 0.02346169948577881, 0.020309532061219215]",True
/content/MargDrishti/data/processed/crops/test/u_turn_prohibited/u_turn_prohibited-29_jpg.rf.7693fdf2f2235b72e86b015919be3350__413.0.jpg,67,u_turn_prohibited,67,u_turn_prohibited,0.9627276659011841,"[67, 66, 33]","[0.9627276659011841, 0.008728205226361752, 0.005708390846848488]",True
/content/MargDrishti/data/processed/crops/test/pedestrian_prohibited/pedestrian_prohibited-23_jpeg.rf.766d341e508fb04a61cb726ab6ae4a61__414.0.jpg,38,pedestrian_prohibited,38,pedestrian_prohibited,0.9568237662315369,"[38, 37, 62]","[0.9568237662315369, 0.008244380354881287, 0.00610374566167593]",True
/content/MargDrishti/data/processed/crops/test/hump_or_rough_road/hump_or_rough_road-57_jpg.rf.766117654d4a9a591b54764581fbf6ae__415.0.jpg,23,hump_or_rough_road,23,hump_or_rough_road,0.9369050860404968,"[23, 15, 61]","[0.9369050860404968, 0.028780829161405563, 0.010081722401082516]",True
/content/MargDrishti/data/processed/crops/test/petrol_pump_ahead/petrol_pump_ahead-23_jpeg.rf.772768d975d6e8e4cbbbe0f909c71384__416.0.jpg,39,petrol_pump_ahead,39,petrol_pump_ahead,0.9630186557769775,"[39, 22, 15]","[0.9630186557769775, 0.03393584117293358, 0.0003820528509095311]",True
/content/MargDrishti/data/processed/crops/test/restriction_ends/restriction_ends-39_jpg.rf.77f5d4ff9980e5f7ad37d7deac372ed9__418.0.jpg,41,restriction_ends,41,restriction_ends,0.9817872047424316,"[41, 12, 8]","[0.9817872047424316, 0.0014300914481282234, 0.0013775620609521866]",True
/content/MargDrishti/data/processed/crops/test/overtaking_prohibited/overtaking_prohibited-27_jpg.rf.788395397f6436e6aa70ee588564abf7__419.0.jpg,35,overtaking_prohibited,35,overtaking_prohibited,0.7013199329376221,"[35, 0, 65]","[0.7013199329376221, 0.08452755212783813, 0.054387614130973816]",True
/content/MargDrishti/data/processed/crops/test/no_stopping_or_standing/no_stopping_or_standing-1_jpeg.rf.78cc303d93cf4538eeae2765de4ee75b__420.0.jpg,34,no_stopping_or_standing,33,no_parking,0.6215828657150269,"[33, 34, 26]","[0.6215828657150269, 0.3427146077156067, 0.0034726967569440603]",False
/content/MargDrishti/data/processed/crops/test/restriction_ends/restriction_ends-5_jpeg.rf.777b0354ed292196326fc718dc396e55__421.0.jpg,41,restriction_ends,41,restriction_ends,0.6974970102310181,"[41, 15, 70]","[0.6974970102310181, 0.03966592997312546, 0.03616355359554291]",True
/content/MargDrishti/data/processed/crops/test/speed_limit_50/speed_limit_50-24_png.rf.78fe12ee70bcce04051e84b56d377512__422.0.jpg,55,speed_limit_50,55,speed_limit_50,0.9868239164352417,"[55, 58, 53]","[0.9868239164352417, 0.002623060019686818, 0.0007867374806664884]",True
/content/MargDrishti/data/processed/crops/test/speed_limit_20/speed_limit_20-21_png.rf.799bcd561b57690e3c78fc068397c218__423.0.jpg,52,speed_limit_20,52,speed_limit_20,0.9622519016265869,"[52, 35, 53]","[0.9622519016265869, 0.0038006743416190147, 0.0030916861724108458]",True
/content/MargDrishti/data/processed/crops/test/left_turn_prohibited/left_turn_prohibited-18_jpg.rf.7a0260a3d12613aa905b5ecf6e141b31__424.0.jpg,26,left_turn_prohibited,26,left_turn_prohibited,0.9748431444168091,"[26, 21, 18]","[0.9748431444168091, 0.0035451913718134165, 0.00297922408208251]",True
/content/MargDrishti/data/processed/crops/test/narrow_road_ahead/narrow_road_ahead-19_jpg.rf.78f81396edccfff809c54aa56856473e__425.0.jpg,31,narrow_road_ahead,31,narrow_road_ahead,0.9173109531402588,"[31, 30, 66]","[0.9173109531402588, 0.02201652340590954, 0.012599170207977295]",True
/content/MargDrishti/data/processed/crops/test/speed_limit_120/speed_limit_120-33_png.rf.7a1595a719b3b432e5452a02ed2eb2af__426.0.jpg,51,speed_limit_120,51,speed_limit_120,0.9742320775985718,"[51, 57, 50]","[0.9742320775985718, 0.005158643703907728, 0.0048153577372431755]",True
/content/MargDrishti/data/processed/crops/test/guarded_level_crossing/guarded_level_crossing-56_jpg.rf.7a0a154ba3ecdb005fdeb176908ed828__427.0.jpg,19,guarded_level_crossing,19,guarded_level_crossing,0.977910578250885,"[19, 60, 3]","[0.977910578250885, 0.003284766571596265, 0.0018236463656648993]",True
/content/MargDrishti/data/processed/crops/test/truck_prohibited/truck_prohibited-21_jpeg.rf.7a66e8fcbf9fb59960b5be1e567066f8__428.0.jpg,65,truck_prohibited,65,truck_prohibited,0.9827628135681152,"[65, 35, 27]","[0.9827628135681152, 0.00472372816875577, 0.0016591985477134585]",True
/content/MargDrishti/data/processed/crops/test/pedestrian_prohibited/pedestrian_prohibited-31_jpg.rf.7af04ac46958d0653033add862bfc97e__429.0.jpg,38,pedestrian_prohibited,38,pedestrian_prohibited,0.9717363119125366,"[38, 0, 35]","[0.9717363119125366, 0.003945778124034405, 0.0016844577621668577]",True
/content/MargDrishti/data/processed/crops/test/compulsary_sound_horn/compulsary_sound_horn-7_jpg.rf.7a9855e7338e859d897c6ea9bc37a96e__430.0.jpg,10,compulsary_sound_horn,21,horn_prohibited,0.5453243851661682,"[21, 22, 69]","[0.5453243851661682, 0.07585367560386658, 0.07252407819032669]",False
/content/MargDrishti/data/processed/crops/test/no_stopping_or_standing/no_stopping_or_standing-36_jpg.rf.7b31597bb2e66ed71f201f124923e46e__431.0.jpg,34,no_stopping_or_standing,34,no_stopping_or_standing,0.9629767537117004,"[34, 4, 65]","[0.9629767537117004, 0.003434453858062625, 0.003260197816416621]",True
/content/MargDrishti/data/processed/crops/test/speed_limit_30/speed_limit_30-35_png.rf.7b35bbdb42a5603461387ff274ce4e4e__432.0.jpg,53,speed_limit_30,53,speed_limit_30,0.9871973991394043,"[53, 55, 52]","[0.9871973991394043, 0.0021419632248580456, 0.0013604802079498768]",True
/content/MargDrishti/data/processed/crops/test/speed_limit_100/speed_limit_100-28_png.rf.7b5379eaaf673edcab0628ff8404448d__433.0.jpg,50,speed_limit_100,50,speed_limit_100,0.9677004218101501,"[50, 51, 19]","[0.9677004218101501, 0.009957312606275082, 0.0023700613528490067]",True
/content/MargDrishti/data/processed/crops/test/school_ahead/school_ahead-35_jpg.rf.7b51c3ae86ed75677247fad5b4d854e9__434.0.jpg,46,school_ahead,46,school_ahead,0.9822165966033936,"[46, 37, 54]","[0.9822165966033936, 0.0051659466698765755, 0.0025311519857496023]",True
/content/MargDrishti/data/processed/crops/test/speed_limit_80/speed_limit_80-41_png.rf.7bc78a34de7edad68b133106f4641035__435.0.jpg,58,speed_limit_80,58,speed_limit_80,0.947155773639679,"[58, 55, 53]","[0.947155773639679, 0.0172816701233387, 0.007052356842905283]",True
/content/MargDrishti/data/processed/crops/test/side_road_right/side_road_right-35_jpg.rf.7bd8c9811b02354718cb931511a131e5__436.0.jpg,48,side_road_right,48,side_road_right,0.9891815781593323,"[48, 59, 25]","[0.9891815781593323, 0.007172067649662495, 0.0007966080447658896]",True
/content/MargDrishti/data/processed/crops/test/cross_road/cross_road-57_jpg.rf.7bdc1db4b15f4c2199f61865eb48148e__437.0.jpg,13,cross_road,13,cross_road,0.44980481266975403,"[13, 46, 59]","[0.44980481266975403, 0.24390609562397003, 0.09480535984039307]",True
/content/MargDrishti/data/processed/crops/test/width_limit/width_limit-25_jpeg.rf.7bfbe649ae7822d4e38a800cf4dc0421__438.0.jpg,69,width_limit,69,width_limit,0.8927103281021118,"[69, 1, 20]","[0.8927103281021118, 0.02975769154727459, 0.026483917608857155]",True
/content/MargDrishti/data/processed/crops/test/side_road_left/side_road_left-55_jpg.rf.7c6e305ca09c6ba1c76b6df8387459ad__439.0.jpg,47,side_road_left,47,side_road_left,0.8775367140769958,"[47, 59, 43]","[0.8775367140769958, 0.06965627521276474, 0.006676290649920702]",True
/content/MargDrishti/data/processed/crops/test/chevron_direction/chevron_direction-35_jpg.rf.7c08054e901430600e23972b224099ac__440.0.jpg,4,chevron_direction,4,chevron_direction,0.9347696900367737,"[4, 70, 52]","[0.9347696900367737, 0.006954201031476259, 0.004659550730139017]",True
/content/MargDrishti/data/processed/crops/test/speed_limit_80/speed_limit_80-44_jpg.rf.7c9481f4be10be43f58619942a142acf__441.0.jpg,58,speed_limit_80,58,speed_limit_80,0.8994960188865662,"[58, 56, 53]","[0.8994960188865662, 0.07097642123699188, 0.003241936443373561]",True
/content/MargDrishti/data/processed/crops/test/u_turn_prohibited/u_turn_prohibited-13_jpg.rf.7cbee1218aa83826ae8737ebbea01c78__442.0.jpg,67,u_turn_prohibited,67,u_turn_prohibited,0.9465066194534302,"[67, 33, 66]","[0.9465066194534302, 0.03652023524045944, 0.0019170523155480623]",True
/content/MargDrishti/data/processed/crops/test/school_ahead/school_ahead-37_jpg.rf.7ca59637a4a3a361248d923ad8ebaf44__443.0.jpg,46,school_ahead,46,school_ahead,0.9730933904647827,"[46, 37, 30]","[0.9730933904647827, 0.007350815925747156, 0.0049910638481378555]",True
/content/MargDrishti/data/processed/crops/test/no_parking/no_parking-1_jpg.rf.7d2272175e9bd1d39f768695e6e71c42__444.0.jpg,33,no_parking,33,no_parking,0.9732857942581177,"[33, 44, 67]","[0.9732857942581177, 0.010011919774115086, 0.004481321666389704]",True
/content/MargDrishti/data/processed/crops/test/width_limit/width_limit-47_jpg.rf.7e31d97b9ff5a548fcbf0e7d57ff1aa8__445.0.jpg,69,width_limit,69,width_limit,0.49474552273750305,"[69, 27, 20]","[0.49474552273750305, 0.3448719382286072, 0.03992483392357826]",True
/content/MargDrishti/data/processed/crops/test/give_way/give_way-66_jpg.rf.7e88037cd87e3fbcbfb6ee1681a5f8c4__447.0.jpg,18,give_way,18,give_way,0.9807565808296204,"[18, 41, 61]","[0.9807565808296204, 0.002088720677420497, 0.0015364907449111342]",True
/content/MargDrishti/data/processed/crops/test/pedestrian_crossing/pedestrian_crossing-25_jpg.rf.7e60b0126ecaacfafbb3522ecc3794ab__448.0.jpg,37,pedestrian_crossing,46,school_ahead,0.21743866801261902,"[46, 49, 37]","[0.21743866801261902, 0.1870112121105194, 0.1636931449174881]",False
/content/MargDrishti/data/processed/crops/test/left_hand_curve/left_hand_curve-50_png.rf.7ee6ffc56310ccaf1bac1887d6dfdfc3__449.0.jpg,24,left_hand_curve,24,left_hand_curve,0.9812491536140442,"[24, 49, 66]","[0.9812491536140442, 0.0021943501196801662, 0.0021074579562991858]",True
/content/MargDrishti/data/processed/crops/test/petrol_pump_ahead/petrol_pump_ahead-43_jpg.rf.7f26bc4b58fd8a5de6ffe5dd6ca5495c__450.0.jpg,39,petrol_pump_ahead,39,petrol_pump_ahead,0.9415495991706848,"[39, 22, 10]","[0.9415495991706848, 0.03397791087627411, 0.006149269174784422]",True
/content/MargDrishti/data/processed/crops/test/pedestrian_prohibited/pedestrian_prohibited-25_jpeg.rf.7f41a326e7e4a17b749aadcd73ecf261__451.0.jpg,38,pedestrian_prohibited,38,pedestrian_prohibited,0.9116961359977722,"[38, 36, 2]","[0.9116961359977722, 0.014367402531206608, 0.012839294970035553]",True
/content/MargDrishti/data/processed/crops/test/speed_limit_30/speed_limit_30-14_jpg.rf.7ecd2e93b805630d709b124c678c8995__452.0.jpg,53,speed_limit_30,53,speed_limit_30,0.9331482648849487,"[53, 57, 52]","[0.9331482648849487, 0.010893338359892368, 0.008537380024790764]",True
/content/MargDrishti/data/processed/crops/test/quay_side_or_river_bank/quay_side_or_river_bank-20_jpg.rf.7f64c83d40876596bb51d3737f09a7e1__453.0.jpg,40,quay_side_or_river_bank,40,quay_side_or_river_bank,0.9772589206695557,"[40, 28, 16]","[0.9772589206695557, 0.003774854354560375, 0.0020060886163264513]",True
/content/MargDrishti/data/processed/crops/test/falling_rocks/falling_rocks-5_jpg.rf.7fb95832e692239ff88fac175c4be967__454.0.jpg,16,falling_rocks,16,falling_rocks,0.9654189348220825,"[16, 61, 40]","[0.9654189348220825, 0.010868377052247524, 0.004430217668414116]",True
/content/MargDrishti/data/processed/crops/test/right_reverse_bend/right_reverse_bend-48_jpg.rf.7fef1f57ebd7f2fd2bc40a37179040ae__455.0.jpg,43,right_reverse_bend,43,right_reverse_bend,0.9762692451477051,"[43, 19, 31]","[0.9762692451477051, 0.0029521300457417965, 0.002717498689889908]",True
/content/MargDrishti/data/processed/crops/test/cycle_crossing/cycle_crossing-49_png.rf.7f8d64af08eddd949f8639447c0c32d3__456.0.jpg,14,cycle_crossing,14,cycle_crossing,0.9491481184959412,"[14, 46, 50]","[0.9491481184959412, 0.01801525615155697, 0.00510334363207221]",True
/content/MargDrishti/data/processed/crops/test/axle_load_limit/axle_load_limit-10_png.rf.802e79b19d308af5bb7b435883c8277d__457.0.jpg,1,axle_load_limit,1,axle_load_limit,0.750238835811615,"[1, 69, 27]","[0.750238835811615, 0.06686653196811676, 0.033765360713005066]",True
/content/MargDrishti/data/processed/crops/test/hump_or_rough_road/hump_or_rough_road-19_jpg.rf.806c049ef857a1ca2848f093065e98c2__458.0.jpg,23,hump_or_rough_road,23,hump_or_rough_road,0.9545907974243164,"[23, 61, 15]","[0.9545907974243164, 0.009710446931421757, 0.004845239222049713]",True
/content/MargDrishti/data/processed/crops/test/slippery_road/slippery_road-38_jpg.rf.808579ac1f33dc4779ef4987e315eefa__459.0.jpg,49,slippery_road,49,slippery_road,0.9437134861946106,"[49, 68, 40]","[0.9437134861946106, 0.021712137386202812, 0.006597697269171476]",True
/content/MargDrishti/data/processed/crops/test/side_road_right/side_road_right-45_jpg.rf.80ae0e3d31a0060cb054bcf970c88bf2__460.0.jpg,48,side_road_right,48,side_road_right,0.4338817298412323,"[48, 46, 59]","[0.4338817298412323, 0.0789865031838417, 0.06635529547929764]",True
/content/MargDrishti/data/processed/crops/test/speed_limit_120/speed_limit_120-53_png.rf.815c5639f7ba3ed3da631d83d21df2e6__461.0.jpg,51,speed_limit_120,51,speed_limit_120,0.9679506421089172,"[51, 50, 57]","[0.9679506421089172, 0.0178283229470253, 0.0017028312431648374]",True
/content/MargDrishti/data/processed/crops/test/speed_limit_80/speed_limit_80-35_jpg.rf.81731aff2e2b74a4ce5b48f230efaf46__462.0.jpg,58,speed_limit_80,58,speed_limit_80,0.776424765586853,"[58, 56, 50]","[0.776424765586853, 0.109477199614048, 0.013335119932889938]",True
/content/MargDrishti/data/processed/crops/test/quay_side_or_river_bank/quay_side_or_river_bank-28_jpg.rf.80c802ac9c9e353a91f739e88a6d6227__463.0.jpg,40,quay_side_or_river_bank,40,quay_side_or_river_bank,0.9833399057388306,"[40, 16, 28]","[0.9833399057388306, 0.003247897606343031, 0.0013052348513156176]",True
/content/MargDrishti/data/processed/crops/test/narrow_bridge_ahead/narrow_bridge_ahead-32_jpg.rf.817d11d50a024f34ecb204645d4ad1a8__464.0.jpg,30,narrow_bridge_ahead,30,narrow_bridge_ahead,0.9735952615737915,"[30, 70, 31]","[0.9735952615737915, 0.007387819234281778, 0.006011810153722763]",True
/content/MargDrishti/data/processed/crops/test/compulsary_ahead/compulsary_ahead-11_png.rf.81b45689ea1e8ddf42edf5b8065366ea__465.0.jpg,5,compulsary_ahead,5,compulsary_ahead,0.9740886688232422,"[5, 6, 11]","[0.9740886688232422, 0.007909713312983513, 0.003160464111715555]",True
/content/MargDrishti/data/processed/crops/test/restriction_ends/restriction_ends-64_png.rf.81faf9621ba1afb29a13185c537d31d2__466.0.jpg,41,restriction_ends,41,restriction_ends,0.980194091796875,"[41, 70, 15]","[0.980194091796875, 0.004001110326498747, 0.0031408697832375765]",True
/content/MargDrishti/data/processed/crops/test/men_at_work/men_at_work-52_png.rf.82896e62fa163d180551a6d287c8bf54__467.0.jpg,29,men_at_work,29,men_at_work,0.9782424569129944,"[29, 42, 48]","[0.9782424569129944, 0.0021780948154628277, 0.001896941103041172]",True
/content/MargDrishti/data/processed/crops/test/cross_road/cross_road-11_jpg.rf.8258baa7604093ec244c3d9907832139__468.0.jpg,13,cross_road,13,cross_road,0.9802507162094116,"[13, 46, 3]","[0.9802507162094116, 0.008063226006925106, 0.0015017505502328277]",True
/content/MargDrishti/data/processed/crops/test/guarded_level_crossing/guarded_level_crossing-29_png.rf.82f6d5fe269b65b594d082f10b924c97__469.0.jpg,19,guarded_level_crossing,19,guarded_level_crossing,0.9788424372673035,"[19, 28, 60]","[0.9788424372673035, 0.0025796256959438324, 0.0016749739879742265]",True
/content/MargDrishti/data/processed/crops/test/stop/stop-15_jpg.rf.8309bb8ab14c5bb4f3dfa974015f3137__470.0.jpg,62,stop,62,stop,0.9042277932167053,"[62, 39, 45]","[0.9042277932167053, 0.015768740326166153, 0.014464851468801498]",True
/content/MargDrishti/data/processed/crops/test/speed_limit_120/speed_limit_120-36_png.rf.83374d94e3481dad0355cd283d3ee60d__471.0.jpg,51,speed_limit_120,51,speed_limit_120,0.9763181805610657,"[51, 50, 57]","[0.9763181805610657, 0.005013840273022652, 0.0034928449895232916]",True
/content/MargDrishti/data/processed/crops/test/traffic_signal/traffic_signal-62_png.rf.834b1ba033de3aeccd11e54bbe8007ae__472.0.jpg,64,traffic_signal,64,traffic_signal,0.9689140915870667,"[64, 37, 47]","[0.9689140915870667, 0.004045530222356319, 0.003987918142229319]",True
/content/MargDrishti/data/processed/crops/test/cycle_crossing/cycle_crossing-23_jpg.rf.83d8a33d47f787a57b8760814abac50a__473.0.jpg,14,cycle_crossing,14,cycle_crossing,0.950349748134613,"[14, 28, 46]","[0.950349748134613, 0.008942493237555027, 0.008850532583892345]",True
/content/MargDrishti/data/processed/crops/test/height_limit/height_limit-19_jpg.rf.83b90aa989d13c58f442a4e0a225926e__475.0.jpg,20,height_limit,70,y_intersection,0.20921751856803894,"[70, 59, 47]","[0.20921751856803894, 0.14079967141151428, 0.06804970651865005]",False
/content/MargDrishti/data/processed/crops/test/loose_gravel/loose_gravel-16_jpeg.rf.83c2699dfe0027b54a5457402de1618c__476.0.jpg,28,loose_gravel,15,dangerous_dip,0.444497287273407,"[15, 3, 28]","[0.444497287273407, 0.17385411262512207, 0.16656874120235443]",False
/content/MargDrishti/data/processed/crops/test/no_stopping_or_standing/no_stopping_or_standing-49_jpg.rf.83db5db63e0941b5b7b28217797517d2__477.0.jpg,34,no_stopping_or_standing,34,no_stopping_or_standing,0.9704035520553589,"[34, 33, 60]","[0.9704035520553589, 0.007322147488594055, 0.0019611597526818514]",True
/content/MargDrishti/data/processed/crops/test/compulsary_keep_right/compulsary_keep_right-23_png.rf.84238a430c774fe4be7092ba1fd572ae__478.0.jpg,9,compulsary_keep_right,9,compulsary_keep_right,0.9786848425865173,"[9, 11, 10]","[0.9786848425865173, 0.002761470852419734, 0.0018717612838372588]",True
/content/MargDrishti/data/processed/crops/test/left_hand_curve/left_hand_curve-45_png.rf.846220b86204fcb98fb0f877f1f0350e__479.0.jpg,24,left_hand_curve,24,left_hand_curve,0.9524985551834106,"[24, 66, 26]","[0.9524985551834106, 0.007494750432670116, 0.003970032557845116]",True
/content/MargDrishti/data/processed/crops/test/pass_either_side/pass_either_side-11_png.rf.83e92a9d03a0fd31b0b6ccc23b0889bb__480.0.jpg,36,pass_either_side,36,pass_either_side,0.9481756091117859,"[36, 8, 10]","[0.9481756091117859, 0.021810825914144516, 0.0035842459183186293]",True
/content/MargDrishti/data/processed/crops/test/truck_prohibited/truck_prohibited-16_jpeg.rf.849ea16a27bbdb9797da2a96ac614a63__481.0.jpg,65,truck_prohibited,65,truck_prohibited,0.9644942879676819,"[65, 27, 51]","[0.9644942879676819, 0.00857797171920538, 0.0020323721691966057]",True
/content/MargDrishti/data/processed/crops/test/u_turn/u_turn-37_jpg.rf.84af58acc27cfc7c35e1d4fa3e511a08__482.0.jpg,66,u_turn,66,u_turn,0.9882688522338867,"[66, 25, 24]","[0.9882688522338867, 0.002015103120356798, 0.0015912011731415987]",True
/content/MargDrishti/data/processed/crops/test/all_motor_vehicle_prohibited/all_motor_vehicle_prohibited-48_jpg.rf.84eb5669734d88bd4a842dfbb6c59f16__483.0.jpg,0,all_motor_vehicle_prohibited,0,all_motor_vehicle_prohibited,0.9685845971107483,"[0, 28, 33]","[0.9685845971107483, 0.011622659862041473, 0.006270244717597961]",True
/content/MargDrishti/data/processed/crops/test/compulsary_ahead/compulsary_ahead-5_png.rf.849c1cf58662047123f10564030b1c33__484.0.jpg,5,compulsary_ahead,5,compulsary_ahead,0.9887816309928894,"[5, 11, 12]","[0.9887816309928894, 0.0014255933929234743, 0.0012508116196841002]",True
/content/MargDrishti/data/processed/crops/test/speed_limit_50/speed_limit_50-32_png.rf.85737563a9dc4a044c2c0148dc6543ef__485.0.jpg,55,speed_limit_50,55,speed_limit_50,0.9834421277046204,"[55, 53, 58]","[0.9834421277046204, 0.0018159124301746488, 0.001168093062005937]",True
/content/MargDrishti/data/processed/crops/test/compulsary_sound_horn/compulsary_sound_horn-41_jpg.rf.86c8028579f770dafe10da77a8fed04d__486.0.jpg,10,compulsary_sound_horn,10,compulsary_sound_horn,0.9833539724349976,"[10, 22, 39]","[0.9833539724349976, 0.0031516021117568016, 0.001463628839701414]",True
/content/MargDrishti/data/processed/crops/test/pass_either_side/pass_either_side-20_jpg.rf.8667bd5792fa65c283d62018c4d40ada__487.0.jpg,36,pass_either_side,36,pass_either_side,0.969763457775116,"[36, 66, 54]","[0.969763457775116, 0.009405380114912987, 0.003427164163440466]",True
/content/MargDrishti/data/processed/crops/test/u_turn/u_turn-38_jpg.rf.8540df8db2d052fb1eee5362d8fe21ce__488.0.jpg,66,u_turn,66,u_turn,0.9900931715965271,"[66, 25, 24]","[0.9900931715965271, 0.0018051891820505261, 0.0012852923246100545]",True
/content/MargDrishti/data/processed/crops/test/truck_prohibited/truck_prohibited-14_jpeg.rf.86e1c3fe833d617596af0d48844f41e6__489.0.jpg,65,truck_prohibited,65,truck_prohibited,0.7555135488510132,"[65, 35, 27]","[0.7555135488510132, 0.05737566575407982, 0.05004536733031273]",True
/content/MargDrishti/data/processed/crops/test/restriction_ends/restriction_ends-35_png.rf.86f56747fe75011ad2ab2af29f879fcd__490.0.jpg,41,restriction_ends,41,restriction_ends,0.9844226241111755,"[41, 70, 15]","[0.9844226241111755, 0.001354837091639638, 0.0010017661843448877]",True
/content/MargDrishti/data/processed/crops/test/hump_or_rough_road/hump_or_rough_road-64_jpg.rf.87306268c961f4879f3607bd20c8c054__491.0.jpg,23,hump_or_rough_road,23,hump_or_rough_road,0.9562346935272217,"[23, 15, 64]","[0.9562346935272217, 0.011101649142801762, 0.006195505149662495]",True
/content/MargDrishti/data/processed/crops/test/school_ahead/school_ahead-25_jpg.rf.87704afd4bb70d88c2b9ff13ab218e8c__492.0.jpg,46,school_ahead,46,school_ahead,0.9587602019309998,"[46, 37, 31]","[0.9587602019309998, 0.024332894012331963, 0.0025508059188723564]",True
/content/MargDrishti/data/processed/crops/test/hospital_ahead/hospital_ahead-59_jpg.rf.8813b5aec06a71a6e1b43a18310bd853__493.0.jpg,22,hospital_ahead,22,hospital_ahead,0.9902251362800598,"[22, 39, 57]","[0.9902251362800598, 0.005804560147225857, 0.0007720176945440471]",True
/content/MargDrishti/data/processed/crops/test/pedestrian_crossing/pedestrian_crossing-45_jpg.rf.86fd0b16aa464075e31fbcf0f7ce5a4f__494.0.jpg,37,pedestrian_crossing,37,pedestrian_crossing,0.9527500867843628,"[37, 46, 16]","[0.9527500867843628, 0.027633516117930412, 0.003922201227396727]",True
/content/MargDrishti/data/processed/crops/test/right_reverse_bend/right_reverse_bend-50_jpg.rf.8735274ca42ca41fc604176d1c7b99a2__495.0.jpg,43,right_reverse_bend,43,right_reverse_bend,0.9918711185455322,"[43, 19, 49]","[0.9918711185455322, 0.0013015518197789788, 0.0006389027694240212]",True
/content/MargDrishti/data/processed/crops/test/speed_limit_60/speed_limit_60-53_jpg.rf.8843c7b52e446bef5c80206e2a965940__496.0.jpg,56,speed_limit_60,56,speed_limit_60,0.803141176700592,"[56, 54, 58]","[0.803141176700592, 0.07125812768936157, 0.042941268533468246]",True
/content/MargDrishti/data/processed/crops/test/school_ahead/school_ahead-60_png.rf.88960f73e4bde79f0e1a63a7121f45c5__497.0.jpg,46,school_ahead,46,school_ahead,0.9639240503311157,"[46, 31, 54]","[0.9639240503311157, 0.004826756659895182, 0.004178319126367569]",True
/content/MargDrishti/data/processed/crops/test/pass_either_side/pass_either_side-47_jpg.rf.8897d92353d70944b76eaa72d80cd8b3__498.0.jpg,36,pass_either_side,36,pass_either_side,0.9661782383918762,"[36, 8, 9]","[0.9661782383918762, 0.012756229378283024, 0.004030040930956602]",True
/content/MargDrishti/data/processed/crops/test/right_turn_prohibited/right_turn_prohibited-37_jpg.rf.88ac992ef55ff1656cc624c8ee1e5044__499.0.jpg,44,right_turn_prohibited,44,right_turn_prohibited,0.957502007484436,"[44, 42, 67]","[0.957502007484436, 0.006999143399298191, 0.0063047767616808414]",True
/content/MargDrishti/data/processed/crops/test/narrow_bridge_ahead/narrow_bridge_ahead-19_jpg.rf.88d137cf9b3c2de214d681b570860aea__500.0.jpg,30,narrow_bridge_ahead,30,narrow_bridge_ahead,0.9478304982185364,"[30, 31, 70]","[0.9478304982185364, 0.012878586538136005, 0.003962223883718252]",True
/content/MargDrishti/data/processed/crops/test/compulsary_sound_horn/compulsary_sound_horn-26_jpg.rf.88c73a17f6d98f4ffc5e0533d4362917__501.0.jpg,10,compulsary_sound_horn,10,compulsary_sound_horn,0.918171763420105,"[10, 22, 9]","[0.918171763420105, 0.02187831699848175, 0.011660225689411163]",True
/content/MargDrishti/data/processed/crops/test/traffic_signal/traffic_signal-23_jpg.rf.897f1cc09611c8c0956f58e1d18e38ad__502.0.jpg,64,traffic_signal,64,traffic_signal,0.9230854511260986,"[64, 33, 48]","[0.9230854511260986, 0.01079200766980648, 0.009016333147883415]",True
/content/MargDrishti/data/processed/crops/test/t_intersection/t_intersection-20_png.rf.899086ebc4ac2cde138ff6eae88d20ec__503.0.jpg,63,t_intersection,63,t_intersection,0.47727274894714355,"[63, 3, 15]","[0.47727274894714355, 0.24505849182605743, 0.06969652324914932]",True
/content/MargDrishti/data/processed/crops/test/pedestrian_crossing/pedestrian_crossing-37_png.rf.895f45d27eae204226a4304237aa3072__504.0.jpg,37,pedestrian_crossing,37,pedestrian_crossing,0.9545348882675171,"[37, 31, 46]","[0.9545348882675171, 0.019331054762005806, 0.007089053746312857]",True
/content/MargDrishti/data/processed/crops/test/dangerous_dip/dangerous_dip-16_jpg.rf.89e2a51faa3484bd02529567d4920b43__505.0.jpg,15,dangerous_dip,15,dangerous_dip,0.9884088635444641,"[15, 45, 23]","[0.9884088635444641, 0.0016573290340602398, 0.001437907456420362]",True
/content/MargDrishti/data/processed/crops/test/right_hand_curve/right_hand_curve-50_png.rf.89914d78f87d3ed5e0acb357720e53fe__506.0.jpg,42,right_hand_curve,42,right_hand_curve,0.9514129757881165,"[42, 48, 44]","[0.9514129757881165, 0.011081158183515072, 0.008046118542551994]",True
/content/MargDrishti/data/processed/crops/test/pass_either_side/pass_either_side-54_jpg.rf.89fbd5aa013dd8eeea57529024ce55a6__507.0.jpg,36,pass_either_side,36,pass_either_side,0.997412383556366,"[36, 8, 26]","[0.997412383556366, 0.0002538026892580092, 0.00024102079623844475]",True
/content/MargDrishti/data/processed/crops/test/speed_limit_120/speed_limit_120-60_png.rf.89fad1c7527fb0e0155749900be0852a__508.0.jpg,51,speed_limit_120,51,speed_limit_120,0.8749881982803345,"[51, 50, 56]","[0.8749881982803345, 0.036024149507284164, 0.01281546801328659]",True
/content/MargDrishti/data/processed/crops/test/length_limit/length_limit-4_png.rf.8af8b67bef3f9fcdb782bf714263081a__509.0.jpg,27,length_limit,27,length_limit,0.9409528970718384,"[27, 68, 65]","[0.9409528970718384, 0.010900945402681828, 0.007400811184197664]",True
/content/MargDrishti/data/processed/crops/test/no_stopping_or_standing/no_stopping_or_standing-58_jpg.rf.8b07a641187f251a84da5e913e3b7ccb__510.0.jpg,34,no_stopping_or_standing,34,no_stopping_or_standing,0.9668435454368591,"[34, 33, 60]","[0.9668435454368591, 0.014086605980992317, 0.002210193546488881]",True
/content/MargDrishti/data/processed/crops/test/men_at_work/men_at_work-3_jpeg.rf.8b048d0933cc31961408d200d1f0632e__511.0.jpg,29,men_at_work,29,men_at_work,0.973147451877594,"[29, 48, 68]","[0.973147451877594, 0.004107092972844839, 0.0036917016841471195]",True
/content/MargDrishti/data/processed/crops/test/no_entry/no_entry-52_jpg.rf.8b445ed4c51a111260f60bc4930f29ff__512.0.jpg,32,no_entry,32,no_entry,0.94386887550354,"[32, 62, 34]","[0.94386887550354, 0.00479535199701786, 0.004683593288064003]",True
/content/MargDrishti/data/processed/crops/test/speed_limit_60/speed_limit_60-44_jpg.rf.8c56cb0dae7faba5b679a8d0f580f209__513.0.jpg,56,speed_limit_60,56,speed_limit_60,0.9249381422996521,"[56, 54, 58]","[0.9249381422996521, 0.03732144087553024, 0.013238429091870785]",True
/content/MargDrishti/data/processed/crops/test/compulsary_turn_right_ahead/compulsary_turn_right_ahead-21_png.rf.8be6183c8c7177e8a5fdaa9acad98149__514.0.jpg,12,compulsary_turn_right_ahead,12,compulsary_turn_right_ahead,0.9954602122306824,"[12, 8, 7]","[0.9954602122306824, 0.0009168387623503804, 0.0003682780952658504]",True
/content/MargDrishti/data/processed/crops/test/width_limit/width_limit-13_jpeg.rf.8cb1b0c409de41af5c500cdbedadf0a2__515.0.jpg,69,width_limit,69,width_limit,0.9769072532653809,"[69, 27, 20]","[0.9769072532653809, 0.005723492708057165, 0.004102727863937616]",True
/content/MargDrishti/data/processed/crops/test/give_way/give_way-24_png.rf.8bc0774530a863bc0fc27a8459aebbb5__516.0.jpg,18,give_way,18,give_way,0.986108124256134,"[18, 26, 64]","[0.986108124256134, 0.0015406064921990037, 0.001002273871563375]",True
/content/MargDrishti/data/processed/crops/test/steep_ascent/steep_ascent-44_jpg.rf.8dc761393d3b5a1290eef52f7f06e61e__517.0.jpg,60,steep_ascent,60,steep_ascent,0.7596823573112488,"[60, 68, 16]","[0.7596823573112488, 0.16010664403438568, 0.0264195017516613]",True
/content/MargDrishti/data/processed/crops/test/steep_ascent/steep_ascent-7_jpeg.rf.8d4249a29b726f3042655f5347123d94__518.0.jpg,60,steep_ascent,33,no_parking,0.14074449241161346,"[33, 34, 65]","[0.14074449241161346, 0.11064925789833069, 0.09863666445016861]",False
/content/MargDrishti/data/processed/crops/test/hump_or_rough_road/hump_or_rough_road-48_jpg.rf.8d431eb943b14decb3e4acd87bb94f2d__519.0.jpg,23,hump_or_rough_road,23,hump_or_rough_road,0.9793320894241333,"[23, 64, 61]","[0.9793320894241333, 0.0035088825970888138, 0.003261192934587598]",True
/content/MargDrishti/data/processed/crops/test/compulsary_turn_left_ahead/compulsary_turn_left_ahead-25_png.rf.8de659c0737e59049494d651ad5e89df__520.0.jpg,11,compulsary_turn_left_ahead,11,compulsary_turn_left_ahead,0.9730236530303955,"[11, 9, 5]","[0.9730236530303955, 0.007324733771383762, 0.005819061771035194]",True
/content/MargDrishti/data/processed/crops/test/falling_rocks/falling_rocks-43_jpeg.rf.8e13cde20b07f108da7541cdd14ccb1e__521.0.jpg,16,falling_rocks,16,falling_rocks,0.958930253982544,"[16, 60, 29]","[0.958930253982544, 0.005180594511330128, 0.004353246185928583]",True
/content/MargDrishti/data/processed/crops/test/stop/stop-1_jpg.rf.8ecc2b7194cc655d4075196fe255d9bf__522.0.jpg,62,stop,62,stop,0.9859158992767334,"[62, 32, 3]","[0.9859158992767334, 0.0015649213455617428, 0.0011221354361623526]",True
/content/MargDrishti/data/processed/crops/test/guarded_level_crossing/guarded_level_crossing-49_jpg.rf.8e9cb50db335700e62fa16e926e21437__523.0.jpg,19,guarded_level_crossing,19,guarded_level_crossing,0.9821439981460571,"[19, 28, 3]","[0.9821439981460571, 0.00182722311001271, 0.0018220419296994805]",True
/content/MargDrishti/data/processed/crops/test/u_turn_prohibited/u_turn_prohibited-7_jpg.rf.8f7eaa878fcd76f76f5b61a743021de3__524.0.jpg,67,u_turn_prohibited,67,u_turn_prohibited,0.9276868104934692,"[67, 33, 44]","[0.9276868104934692, 0.02142070233821869, 0.012470598332583904]",True
/content/MargDrishti/data/processed/crops/test/gap_in_median/gap_in_median-43_jpg.rf.8f59098cc21efefcbb4cf39d7949c52b__525.0.jpg,17,gap_in_median,17,gap_in_median,0.9597164392471313,"[17, 23, 47]","[0.9597164392471313, 0.0023280465975403786, 0.002326296642422676]",True
/content/MargDrishti/data/processed/crops/test/falling_rocks/falling_rocks-21_jpeg.rf.8fdbf40df5fcbc4f611d1c424014c045__526.0.jpg,16,falling_rocks,16,falling_rocks,0.980022132396698,"[16, 60, 61]","[0.980022132396698, 0.007898503914475441, 0.00153154949657619]",True
/content/MargDrishti/data/processed/crops/test/compulsary_ahead_or_turn_left/compulsary_ahead_or_turn_left-5_jpg.rf.90a38ccb7e3263a7df77ee2bcce9f97a__527.0.jpg,6,compulsary_ahead_or_turn_left,6,compulsary_ahead_or_turn_left,0.9650115370750427,"[6, 11, 22]","[0.9650115370750427, 0.008473632857203484, 0.0035193427465856075]",True
/content/MargDrishti/data/processed/crops/test/compulsary_ahead/compulsary_ahead-47_png.rf.90319180ab7f264ef256bf2b2b5678e1__528.0.jpg,5,compulsary_ahead,5,compulsary_ahead,0.9587478041648865,"[5, 12, 7]","[0.9587478041648865, 0.004656639881432056, 0.002618077676743269]",True
/content/MargDrishti/data/processed/crops/test/hump_or_rough_road/hump_or_rough_road-15_jpg.rf.90bbaf99f39589e8205e45ecca2b5664__529.0.jpg,23,hump_or_rough_road,23,hump_or_rough_road,0.9852698445320129,"[23, 16, 4]","[0.9852698445320129, 0.0018428576877340674, 0.0017487372970208526]",True
/content/MargDrishti/data/processed/crops/test/stop/stop-46_png.rf.90ce1bcbe8a57c8caca097e5b6e0c3e5__530.0.jpg,62,stop,62,stop,0.9667656421661377,"[62, 3, 32]","[0.9667656421661377, 0.003498824080452323, 0.0027385707944631577]",True
/content/MargDrishti/data/processed/crops/test/bullock_cart_and_hand_cart_prohibited/bullock_cart_and_hand_cart_prohibited-50_jpg.rf.91432c33a931f2b323642408c491f533__531.0.jpg,2,bullock_cart_and_hand_cart_prohibited,2,bullock_cart_and_hand_cart_prohibited,0.8819394707679749,"[2, 46, 1]","[0.8819394707679749, 0.02257571555674076, 0.0170833058655262]",True
/content/MargDrishti/data/processed/crops/test/compulsary_ahead_or_turn_right/compulsary_ahead_or_turn_right-48_png.rf.917a0a113be88e0fd20ec91cc43ad782__532.0.jpg,7,compulsary_ahead_or_turn_right,7,compulsary_ahead_or_turn_right,0.9759531021118164,"[7, 5, 12]","[0.9759531021118164, 0.004462904762476683, 0.0024825583677738905]",True
/content/MargDrishti/data/processed/crops/test/pedestrian_prohibited/pedestrian_prohibited-29_jpg.rf.91a30ae598e13dde42557cd2b33fe920__533.0.jpg,38,pedestrian_prohibited,38,pedestrian_prohibited,0.9558778405189514,"[38, 0, 48]","[0.9558778405189514, 0.008455820381641388, 0.004038565326482058]",True
/content/MargDrishti/data/processed/crops/test/slippery_road/slippery_road-6_jpg.rf.9267e1679a96ce262c144eb5b0382e37__534.0.jpg,49,slippery_road,49,slippery_road,0.18224358558654785,"[49, 28, 45]","[0.18224358558654785, 0.12290003895759583, 0.084663026034832]",True
/content/MargDrishti/data/processed/crops/test/speed_limit_70/speed_limit_70-24_jpg.rf.92871086e4637d17fe6b06874b39049a__535.0.jpg,57,speed_limit_70,57,speed_limit_70,0.9671453833580017,"[57, 66, 52]","[0.9671453833580017, 0.0047767432406544685, 0.003002573736011982]",True
/content/MargDrishti/data/processed/crops/test/speed_limit_30/speed_limit_30-26_png.rf.92495a0baaf26e89ef37ad04cf016250__536.0.jpg,53,speed_limit_30,53,speed_limit_30,0.9085950255393982,"[53, 52, 58]","[0.9085950255393982, 0.03377409651875496, 0.010762952268123627]",True
/content/MargDrishti/data/processed/crops/test/compulsary_turn_right_ahead/compulsary_turn_right_ahead-26_png.rf.940e58826af6152bd47cae92077464ea__537.0.jpg,12,compulsary_turn_right_ahead,12,compulsary_turn_right_ahead,0.9907308220863342,"[12, 7, 8]","[0.9907308220863342, 0.0013296776451170444, 0.0012194665614515543]",True
/content/MargDrishti/data/processed/crops/test/petrol_pump_ahead/petrol_pump_ahead-38_jpg.rf.93410eb65ec271811d53f2ef534686a4__539.0.jpg,39,petrol_pump_ahead,39,petrol_pump_ahead,0.9959934949874878,"[39, 22, 16]","[0.9959934949874878, 0.001328538404777646, 0.0003333229396957904]",True
/content/MargDrishti/data/processed/crops/test/narrow_road_ahead/narrow_road_ahead-42_jpg.rf.933f80f61cf5c290cf7100942a4b6e3d__540.0.jpg,31,narrow_road_ahead,31,narrow_road_ahead,0.8747007846832275,"[31, 30, 19]","[0.8747007846832275, 0.044628310948610306, 0.006791946478188038]",True
/content/MargDrishti/data/processed/crops/test/right_hand_curve/right_hand_curve-46_jpg.rf.94dea7ea97a38a405d51ee6ba8cc3b52__541.0.jpg,42,right_hand_curve,42,right_hand_curve,0.9653947949409485,"[42, 70, 43]","[0.9653947949409485, 0.007814896292984486, 0.0033824951387941837]",True
/content/MargDrishti/data/processed/crops/test/speed_limit_100/speed_limit_100-1_jpg.rf.953f1071455b54f0509cd013c6a756f5__542.0.jpg,50,speed_limit_100,50,speed_limit_100,0.9738360047340393,"[50, 51, 57]","[0.9738360047340393, 0.004771840292960405, 0.0024740223307162523]",True
/content/MargDrishti/data/processed/crops/test/right_hand_curve/right_hand_curve-69_png.rf.963066340822b52723925521c9936455__543.0.jpg,42,right_hand_curve,42,right_hand_curve,0.944482147693634,"[42, 48, 44]","[0.944482147693634, 0.013274467550218105, 0.011869959533214569]",True
/content/MargDrishti/data/processed/crops/test/no_entry/no_entry-67_png.rf.9579b7b84e0ba946a9943962422327bc__544.0.jpg,32,no_entry,32,no_entry,0.9268447756767273,"[32, 69, 62]","[0.9268447756767273, 0.006314149126410484, 0.0050963289104402065]",True
/content/MargDrishti/data/processed/crops/test/narrow_bridge_ahead/narrow_bridge_ahead-73_jpg.rf.9cc000e41a5ae59fb366e4f9d4caf910__545.0.jpg,30,narrow_bridge_ahead,30,narrow_bridge_ahead,0.9765632748603821,"[30, 70, 17]","[0.9765632748603821, 0.003440303262323141, 0.003136920277029276]",True
/content/MargDrishti/data/processed/crops/test/steep_descent/steep_descent-28_jpg.rf.986e051e5ed0e81d22de9a14a5bfc655__546.0.jpg,61,steep_descent,61,steep_descent,0.9902349710464478,"[61, 60, 9]","[0.9902349710464478, 0.002180984243750572, 0.0011118458351120353]",True
/content/MargDrishti/data/processed/crops/test/no_entry/no_entry-50_jpg.rf.9a8a9f901d068fea52123fe9b63242d3__547.0.jpg,32,no_entry,32,no_entry,0.9572574496269226,"[32, 62, 19]","[0.9572574496269226, 0.0055185342207551, 0.0027964303735643625]",True
/content/MargDrishti/data/processed/crops/test/petrol_pump_ahead/petrol_pump_ahead-52_jpg.rf.9bda1f892fe37269e5a8d7103a9b5c4f__548.0.jpg,39,petrol_pump_ahead,39,petrol_pump_ahead,0.9813266396522522,"[39, 22, 16]","[0.9813266396522522, 0.012524000369012356, 0.0009027072810567915]",True
/content/MargDrishti/data/processed/crops/test/quay_side_or_river_bank/quay_side_or_river_bank-8_jpg.rf.9aa8b27c475f155bca65f25a76f11ed0__549.0.jpg,40,quay_side_or_river_bank,15,dangerous_dip,0.435125470161438,"[15, 70, 3]","[0.435125470161438, 0.05936944857239723, 0.05298818647861481]",False
/content/MargDrishti/data/processed/crops/test/restriction_ends/restriction_ends-61_png.rf.965fb5f7dbe49ad1d8bda6f11a1738f3__550.0.jpg,41,restriction_ends,41,restriction_ends,0.9965904951095581,"[41, 15, 70]","[0.9965904951095581, 0.0005130229983478785, 0.0002938156249001622]",True
/content/MargDrishti/data/processed/crops/test/horn_prohibited/horn_prohibited-25_jpg.rf.9a08a8eaafc8cd1d2ddf75cfaf2f6cb9__551.0.jpg,21,horn_prohibited,21,horn_prohibited,0.9812875390052795,"[21, 2, 35]","[0.9812875390052795, 0.003509249072521925, 0.0028535870369523764]",True
/content/MargDrishti/data/processed/crops/test/width_limit/width_limit-4_png.rf.978ea468b125d3b89090d43ba1fd0e2a__552.0.jpg,69,width_limit,69,width_limit,0.9751145243644714,"[69, 20, 27]","[0.9751145243644714, 0.005178428255021572, 0.003229231107980013]",True
/content/MargDrishti/data/processed/crops/test/cattle_ahead/cattle_ahead-12_jpg.rf.96e2c667165a7fa21ab9f4fffe7bdaf0__553.0.jpg,3,cattle_ahead,3,cattle_ahead,0.9013150930404663,"[3, 63, 15]","[0.9013150930404663, 0.014390863478183746, 0.013613078743219376]",True
/content/MargDrishti/data/processed/crops/test/left_turn_prohibited/left_turn_prohibited-23_jpg.rf.9790d80c7c898a826db4090a3113bdfb__554.0.jpg,26,left_turn_prohibited,26,left_turn_prohibited,0.9647925496101379,"[26, 18, 21]","[0.9647925496101379, 0.00388742215000093, 0.003513594623655081]",True
/content/MargDrishti/data/processed/crops/test/quay_side_or_river_bank/quay_side_or_river_bank-10_jpg.rf.98b902badf669586ba3582ebad2cacfe__555.0.jpg,40,quay_side_or_river_bank,40,quay_side_or_river_bank,0.8863022327423096,"[40, 68, 61]","[0.8863022327423096, 0.025356734171509743, 0.015565726906061172]",True
/content/MargDrishti/data/processed/crops/test/overtaking_prohibited/overtaking_prohibited-1_jpg.rf.9a64d37dcb85352b284eab0d9f134a6f__556.0.jpg,35,overtaking_prohibited,35,overtaking_prohibited,0.8076590895652771,"[35, 21, 52]","[0.8076590895652771, 0.040848903357982635, 0.018660569563508034]",True
/content/MargDrishti/data/processed/crops/test/petrol_pump_ahead/petrol_pump_ahead-16_jpeg.rf.9721d77e30959e7d30b9bfc6cd33b883__557.0.jpg,39,petrol_pump_ahead,39,petrol_pump_ahead,0.9757492542266846,"[39, 22, 15]","[0.9757492542266846, 0.02061978541314602, 0.00039392695180140436]",True
/content/MargDrishti/data/processed/crops/test/dangerous_dip/dangerous_dip-36_jpeg.rf.9886437126e7d8c6c7b5ba50fd8718f2__558.0.jpg,15,dangerous_dip,15,dangerous_dip,0.8795431852340698,"[15, 3, 60]","[0.8795431852340698, 0.032442498952150345, 0.013311810791492462]",True
/content/MargDrishti/data/processed/crops/test/cycle_crossing/cycle_crossing-9_png.rf.9b6f745fa912440724a33b9294c42297__559.0.jpg,14,cycle_crossing,14,cycle_crossing,0.9299120306968689,"[14, 19, 46]","[0.9299120306968689, 0.012044914998114109, 0.007770816329866648]",True
/content/MargDrishti/data/processed/crops/test/speed_limit_30/speed_limit_30-9_jpg.rf.99de5bc0ec1cd68ee8d5c247803a8133__560.0.jpg,53,speed_limit_30,53,speed_limit_30,0.8976655006408691,"[53, 58, 52]","[0.8976655006408691, 0.02446003630757332, 0.02035306952893734]",True
/content/MargDrishti/data/processed/crops/test/cattle_ahead/cattle_ahead-6_jpg.rf.9aac5cc113583cc747c50cfd87b5cf16__561.0.jpg,3,cattle_ahead,3,cattle_ahead,0.9875561594963074,"[3, 63, 68]","[0.9875561594963074, 0.0037440743762999773, 0.00189547473564744]",True
/content/MargDrishti/data/processed/crops/test/falling_rocks/falling_rocks-28_jpeg.rf.9c1fa037f2628345f1c0961acd88da80__562.0.jpg,16,falling_rocks,16,falling_rocks,0.9171708822250366,"[16, 40, 61]","[0.9171708822250366, 0.033655840903520584, 0.018757807090878487]",True
/content/MargDrishti/data/processed/crops/test/staggered_intersection/staggered_intersection-6_png.rf.98baa9649794450f788f8b7ed28c135d__563.0.jpg,59,staggered_intersection,59,staggered_intersection,0.7136309146881104,"[59, 47, 48]","[0.7136309146881104, 0.25833210349082947, 0.005686073563992977]",True
/content/MargDrishti/data/processed/crops/test/no_stopping_or_standing/no_stopping_or_standing-29_jpg.rf.9768c4f543cfb74b8e9ee6594bd03bc1__564.0.jpg,34,no_stopping_or_standing,34,no_stopping_or_standing,0.9193193316459656,"[34, 33, 22]","[0.9193193316459656, 0.03164752200245857, 0.002825275994837284]",True
/content/MargDrishti/data/processed/crops/test/all_motor_vehicle_prohibited/all_motor_vehicle_prohibited-22_jpg.rf.98730a02f1491296bcee7c4666352abd__565.0.jpg,0,all_motor_vehicle_prohibited,0,all_motor_vehicle_prohibited,0.8776557445526123,"[0, 40, 68]","[0.8776557445526123, 0.020018616691231728, 0.013694023713469505]",True
/content/MargDrishti/data/processed/crops/test/speed_limit_70/speed_limit_70-50_png.rf.9bf09f6b0cb04f60bd66be23930964e4__566.0.jpg,57,speed_limit_70,57,speed_limit_70,0.9845017790794373,"[57, 66, 52]","[0.9845017790794373, 0.003091333666816354, 0.002365612192079425]",True
/content/MargDrishti/data/processed/crops/test/unguarded_level_crossing/unguarded_level_crossing-56_png.rf.9a86adb2573887e6389b6194e9acf888__567.0.jpg,68,unguarded_level_crossing,68,unguarded_level_crossing,0.9764485359191895,"[68, 60, 61]","[0.9764485359191895, 0.006595366168767214, 0.002222596202045679]",True
/content/MargDrishti/data/processed/crops/test/traffic_signal/traffic_signal-10_jpg.rf.9cc06376500ddfd6449903c26d1b23d8__568.0.jpg,64,traffic_signal,28,loose_gravel,0.16769389808177948,"[28, 63, 64]","[0.16769389808177948, 0.1423811912536621, 0.11677512526512146]",False
/content/MargDrishti/data/processed/crops/test/quay_side_or_river_bank/quay_side_or_river_bank-44_jpg.rf.9d1b3ac7ea0f4f1add4993e2deda1584__569.0.jpg,40,quay_side_or_river_bank,40,quay_side_or_river_bank,0.6755086183547974,"[40, 61, 28]","[0.6755086183547974, 0.13671693205833435, 0.053707025945186615]",True
/content/MargDrishti/data/processed/crops/test/speed_limit_50/speed_limit_50-0_jpg.rf.99521330372d00e0e86d65e82c8f1b97__570.0.jpg,55,speed_limit_50,55,speed_limit_50,0.33506524562835693,"[55, 52, 56]","[0.33506524562835693, 0.2642253339290619, 0.06206872686743736]",True
/content/MargDrishti/data/processed/crops/test/traffic_signal/traffic_signal-0_jpg.rf.9aef9b7c10d2aae1b72ab252a56b76bc__571.0.jpg,64,traffic_signal,49,slippery_road,0.6024026274681091,"[49, 64, 25]","[0.6024026274681091, 0.161284402012825, 0.030702024698257446]",False
/content/MargDrishti/data/processed/crops/test/traffic_signal/traffic_signal-45_png.rf.9f807dfab6b322f37a8cf2700138d7fe__572.0.jpg,64,traffic_signal,64,traffic_signal,0.9593501091003418,"[64, 47, 23]","[0.9593501091003418, 0.005202953703701496, 0.00484143802896142]",True
/content/MargDrishti/data/processed/crops/test/width_limit/width_limit-1_jpeg.rf.9f6a0e265bd83380a4b88dec8c95d194__573.0.jpg,69,width_limit,69,width_limit,0.7794713973999023,"[69, 28, 20]","[0.7794713973999023, 0.15994010865688324, 0.02208254672586918]",True
/content/MargDrishti/data/processed/crops/test/no_stopping_or_standing/no_stopping_or_standing-10_jpg.rf.a0fcfdb2806d3c49609ce42bbf6a3634__574.0.jpg,34,no_stopping_or_standing,34,no_stopping_or_standing,0.9857909679412842,"[34, 60, 23]","[0.9857909679412842, 0.001919318689033389, 0.001318431575782597]",True
/content/MargDrishti/data/processed/crops/test/stop/stop-68_png.rf.a1f2fa25c95908b349bfc127de9cb197__575.0.jpg,62,stop,62,stop,0.9476532936096191,"[62, 3, 32]","[0.9476532936096191, 0.004958678036928177, 0.0030115481931716204]",True
/content/MargDrishti/data/processed/crops/test/compulsary_ahead_or_turn_left/compulsary_ahead_or_turn_left-53_png.rf.a111c050a537d33d44fbfdaa330a3c6e__576.0.jpg,6,compulsary_ahead_or_turn_left,6,compulsary_ahead_or_turn_left,0.9272191524505615,"[6, 5, 45]","[0.9272191524505615, 0.013695687986910343, 0.005102409981191158]",True
/content/MargDrishti/data/processed/crops/test/cattle_ahead/cattle_ahead-59_jpg.rf.a28f49339eafdaebd3ab32c67c7add11__577.0.jpg,3,cattle_ahead,3,cattle_ahead,0.9022720456123352,"[3, 68, 42]","[0.9022720456123352, 0.030053138732910156, 0.008164947852492332]",True
/content/MargDrishti/data/processed/crops/test/compulsary_turn_right_ahead/compulsary_turn_right_ahead-56_jpg.rf.a395bf567c657b1da370a6ce325b991c__578.0.jpg,12,compulsary_turn_right_ahead,12,compulsary_turn_right_ahead,0.9834549427032471,"[12, 8, 41]","[0.9834549427032471, 0.00606625247746706, 0.0017865612171590328]",True
/content/MargDrishti/data/processed/crops/test/restriction_ends/restriction_ends-60_png.rf.a385280aa0cdba264579cd94aaea955d__579.0.jpg,41,restriction_ends,41,restriction_ends,0.9829981327056885,"[41, 15, 42]","[0.9829981327056885, 0.00245654140599072, 0.0018948459764942527]",True
/content/MargDrishti/data/processed/crops/test/guarded_level_crossing/guarded_level_crossing-8_jpeg.rf.a3cb074588dbcbe4b238d211a6b236a3__580.0.jpg,19,guarded_level_crossing,19,guarded_level_crossing,0.984176754951477,"[19, 32, 63]","[0.984176754951477, 0.001681487774476409, 0.001560610136948526]",True
/content/MargDrishti/data/processed/crops/test/loose_gravel/loose_gravel-8_jpeg.rf.a4688bab759aa51da528957b46f3f482__581.0.jpg,28,loose_gravel,28,loose_gravel,0.8871694803237915,"[28, 49, 40]","[0.8871694803237915, 0.02374980039894581, 0.020027201622724533]",True
/content/MargDrishti/data/processed/crops/test/no_parking/no_parking-5_jpg.rf.a4b98e4e112d79971ebd12bac27cf6a4__582.0.jpg,33,no_parking,33,no_parking,0.9632253050804138,"[33, 67, 44]","[0.9632253050804138, 0.018516991287469864, 0.012446114793419838]",True
/content/MargDrishti/data/processed/crops/test/restriction_ends/restriction_ends-1_jpeg.rf.a4a93f84bb1c573ce8782f16cdb7e5d9__583.0.jpg,41,restriction_ends,41,restriction_ends,0.9631732106208801,"[41, 15, 70]","[0.9631732106208801, 0.004295278340578079, 0.0032585763838142157]",True
/content/MargDrishti/data/processed/crops/test/pedestrian_prohibited/pedestrian_prohibited-41_jpg.rf.a4ec961c54a77b41757bae470164693a__584.0.jpg,38,pedestrian_prohibited,38,pedestrian_prohibited,0.8605775833129883,"[38, 26, 36]","[0.8605775833129883, 0.042969416826963425, 0.019762467592954636]",True
/content/MargDrishti/data/processed/crops/test/falling_rocks/falling_rocks-51_jpg.rf.a50865b63f4dc1c91dba456d0a6bb146__586.0.jpg,16,falling_rocks,16,falling_rocks,0.997329592704773,"[16, 60, 65]","[0.997329592704773, 0.00047293430543504655, 0.00027256383327767253]",True
/content/MargDrishti/data/processed/crops/test/compulsary_turn_left_ahead/compulsary_turn_left_ahead-23_png.rf.a672624135dcc27cec07be15f7950445__587.0.jpg,11,compulsary_turn_left_ahead,11,compulsary_turn_left_ahead,0.9906384944915771,"[11, 9, 5]","[0.9906384944915771, 0.0035389300901442766, 0.001105654053390026]",True
/content/MargDrishti/data/processed/crops/test/school_ahead/school_ahead-67_png.rf.a7b16718b54b8bc4a6a56d84443c918b__588.0.jpg,46,school_ahead,46,school_ahead,0.9734687209129333,"[46, 37, 14]","[0.9734687209129333, 0.003951983526349068, 0.0031683645211160183]",True
/content/MargDrishti/data/processed/crops/test/speed_limit_70/speed_limit_70-38_png.rf.a782d48eb96e767d5a41e86c898358db__589.0.jpg,57,speed_limit_70,57,speed_limit_70,0.9723873734474182,"[57, 66, 52]","[0.9723873734474182, 0.005041764583438635, 0.0042610131204128265]",True
/content/MargDrishti/data/processed/crops/test/narrow_road_ahead/narrow_road_ahead-17_jpg.rf.a89dc70000272466f9bf05707634ffe4__590.0.jpg,31,narrow_road_ahead,31,narrow_road_ahead,0.9512649178504944,"[31, 30, 25]","[0.9512649178504944, 0.01549274567514658, 0.0038980492390692234]",True
/content/MargDrishti/data/processed/crops/test/stop/stop-41_png.rf.a9720798b4f14e2d50ad40f53bcb2d9f__591.0.jpg,62,stop,62,stop,0.9248374104499817,"[62, 39, 31]","[0.9248374104499817, 0.004599234089255333, 0.00443264702335]",True
/content/MargDrishti/data/processed/crops/test/no_parking/no_parking-39_jpg.rf.a84701112218ca66603f0d487bcf331e__592.0.jpg,33,no_parking,33,no_parking,0.9330211281776428,"[33, 67, 59]","[0.9330211281776428, 0.012891755439341068, 0.007399247959256172]",True
/content/MargDrishti/data/processed/crops/test/u_turn/u_turn-7_jpg.rf.a9f2110edf38a70d494e2e88f6e7697f__593.0.jpg,66,u_turn,66,u_turn,0.9865636825561523,"[66, 57, 24]","[0.9865636825561523, 0.004217647481709719, 0.001316275098361075]",True
/content/MargDrishti/data/processed/crops/test/u_turn_prohibited/u_turn_prohibited-37_jpeg.rf.a9adc544351abee25c5f5c0e526f8514__594.0.jpg,67,u_turn_prohibited,67,u_turn_prohibited,0.9358348250389099,"[67, 33, 26]","[0.9358348250389099, 0.013058087788522243, 0.00752205029129982]",True
/content/MargDrishti/data/processed/crops/test/school_ahead/school_ahead-23_jpg.rf.aa5b30f8375aa1bb8e8f5b5ceae15fc6__595.0.jpg,46,school_ahead,46,school_ahead,0.861285388469696,"[46, 37, 16]","[0.861285388469696, 0.038249533623456955, 0.027073558419942856]",True
/content/MargDrishti/data/processed/crops/test/speed_limit_80/speed_limit_80-46_jpg.rf.a8e7e89d97f6adc1c2b11e81121eca55__596.0.jpg,58,speed_limit_80,58,speed_limit_80,0.8767036199569702,"[58, 56, 50]","[0.8767036199569702, 0.057772617787122726, 0.007913055829703808]",True
/content/MargDrishti/data/processed/crops/test/give_way/give_way-67_jpg.rf.aac21df06a2ba56c974cf08215486b12__597.0.jpg,18,give_way,18,give_way,0.7649652361869812,"[18, 22, 34]","[0.7649652361869812, 0.029054226353764534, 0.011594886891543865]",True
/content/MargDrishti/data/processed/crops/test/steep_descent/steep_descent-41_jpeg.rf.aac265a865b97d59122c01908c6bcd37__598.0.jpg,61,steep_descent,61,steep_descent,0.9383723735809326,"[61, 40, 60]","[0.9383723735809326, 0.009062081575393677, 0.008457977324724197]",True
/content/MargDrishti/data/processed/crops/test/loose_gravel/loose_gravel-23_jpeg.rf.ac53f4b79c104fd7e533f08dfc3193ee__599.0.jpg,28,loose_gravel,28,loose_gravel,0.9185461401939392,"[28, 69, 40]","[0.9185461401939392, 0.011709782294929028, 0.00887659378349781]",True
/content/MargDrishti/data/processed/crops/test/horn_prohibited/horn_prohibited-69_jpg.rf.aafc2467aa27b0bc69269c32abc25b66__600.0.jpg,21,horn_prohibited,21,horn_prohibited,0.7100520730018616,"[21, 2, 69]","[0.7100520730018616, 0.13090136647224426, 0.035814329981803894]",True
/content/MargDrishti/data/processed/crops/test/compulsary_ahead_or_turn_left/compulsary_ahead_or_turn_left-50_png.rf.acb6e5bdb7cb498e0f99becd550d6e3b__601.0.jpg,6,compulsary_ahead_or_turn_left,6,compulsary_ahead_or_turn_left,0.9844100475311279,"[6, 22, 16]","[0.9844100475311279, 0.0060504586435854435, 0.0007270188652910292]",True
/content/MargDrishti/data/processed/crops/test/chevron_direction/chevron_direction-49_jpg.rf.ab45f88d62c991053dca45fda9b00c70__602.0.jpg,4,chevron_direction,4,chevron_direction,0.9716446995735168,"[4, 61, 42]","[0.9716446995735168, 0.008246701210737228, 0.0032985450234264135]",True
/content/MargDrishti/data/processed/crops/test/restriction_ends/restriction_ends-7_png.rf.accd21c79789c45a73b56e6437c58f7b__603.0.jpg,41,restriction_ends,41,restriction_ends,0.9806936383247375,"[41, 12, 15]","[0.9806936383247375, 0.0017247338546440005, 0.0017094751819968224]",True
/content/MargDrishti/data/processed/crops/test/all_motor_vehicle_prohibited/all_motor_vehicle_prohibited-36_png.rf.ac5ba0e81b152bbf8169dd9dbc6ce2cc__604.0.jpg,0,all_motor_vehicle_prohibited,0,all_motor_vehicle_prohibited,0.8629443049430847,"[0, 35, 2]","[0.8629443049430847, 0.08786075562238693, 0.007632127031683922]",True
/content/MargDrishti/data/processed/crops/test/pass_either_side/pass_either_side-1_png.rf.ad1a1ebd49832ba92ef0849ad52fc38d__606.0.jpg,36,pass_either_side,36,pass_either_side,0.9956704378128052,"[36, 8, 26]","[0.9956704378128052, 0.0006256129126995802, 0.0003945745702367276]",True
/content/MargDrishti/data/processed/crops/test/speed_limit_70/speed_limit_70-29_png.rf.acebc8406722cb54094b565c0e1ab551__607.0.jpg,57,speed_limit_70,57,speed_limit_70,0.9271260499954224,"[57, 51, 52]","[0.9271260499954224, 0.006982970982789993, 0.005811672192066908]",True
/content/MargDrishti/data/processed/crops/test/restriction_ends/restriction_ends-12_jpeg.rf.ad365fe45ff2a82a9da54ea65b936a81__608.0.jpg,41,restriction_ends,41,restriction_ends,0.9271547794342041,"[41, 15, 70]","[0.9271547794342041, 0.011314553208649158, 0.006255400367081165]",True
/content/MargDrishti/data/processed/crops/test/compulsary_keep_right/compulsary_keep_right-0_jpg.rf.ad1d9ce9ea2f8de2149f847cc621da68__609.0.jpg,9,compulsary_keep_right,9,compulsary_keep_right,0.9902066588401794,"[9, 61, 36]","[0.9902066588401794, 0.0025808208156377077, 0.0013299756683409214]",True
/content/MargDrishti/data/processed/crops/test/falling_rocks/falling_rocks-61_jpg.rf.ae62fdf79b6147eca2dc5171a6d24ab1__610.0.jpg,16,falling_rocks,37,pedestrian_crossing,0.17753508687019348,"[37, 16, 15]","[0.17753508687019348, 0.15042175352573395, 0.10231107473373413]",False
/content/MargDrishti/data/processed/crops/test/horn_prohibited/horn_prohibited-18_jpg.rf.add56eac800c1bcfc17658ed1581e27d__611.0.jpg,21,horn_prohibited,21,horn_prohibited,0.9748522043228149,"[21, 65, 58]","[0.9748522043228149, 0.002372598508372903, 0.0017277359729632735]",True
/content/MargDrishti/data/processed/crops/test/speed_limit_30/speed_limit_30-52_png.rf.aebaf1e056e20f74f9711acdabeb0f91__612.0.jpg,53,speed_limit_30,53,speed_limit_30,0.9656967520713806,"[53, 55, 52]","[0.9656967520713806, 0.008858900517225266, 0.005877479910850525]",True
/content/MargDrishti/data/processed/crops/test/no_stopping_or_standing/no_stopping_or_standing-15_jpg.rf.aecbc53725453723fdc66a8073c2b353__613.0.jpg,34,no_stopping_or_standing,34,no_stopping_or_standing,0.9687635898590088,"[34, 33, 16]","[0.9687635898590088, 0.01181664690375328, 0.0016901023918762803]",True
/content/MargDrishti/data/processed/crops/test/speed_limit_120/speed_limit_120-9_png.rf.af397fd0c2922642fb160e11320734a3__614.0.jpg,51,speed_limit_120,51,speed_limit_120,0.8922073245048523,"[51, 52, 57]","[0.8922073245048523, 0.044615063816308975, 0.01584170199930668]",True
/content/MargDrishti/data/processed/crops/test/left_reverse_bend/left_reverse_bend-21_jpg.rf.afb0b69bcc3b3a09ae0cec9d226efcf4__615.0.jpg,25,left_reverse_bend,68,unguarded_level_crossing,0.12226453423500061,"[68, 47, 45]","[0.12226453423500061, 0.11783955246210098, 0.1159529909491539]",False
/content/MargDrishti/data/processed/crops/test/speed_limit_80/speed_limit_80-52_png.rf.af9774a6e7d60a769612f1da75f31545__616.0.jpg,58,speed_limit_80,58,speed_limit_80,0.946359395980835,"[58, 55, 56]","[0.946359395980835, 0.02019369788467884, 0.013887583278119564]",True
/content/MargDrishti/data/processed/crops/test/falling_rocks/falling_rocks-7_jpg.rf.afcf0a0700f880781ee7062f40c74930__617.0.jpg,16,falling_rocks,16,falling_rocks,0.9068564176559448,"[16, 40, 61]","[0.9068564176559448, 0.036768704652786255, 0.031378816813230515]",True
/content/MargDrishti/data/processed/crops/test/quay_side_or_river_bank/quay_side_or_river_bank-60_jpg.rf.b0434fd39144e199b1b72d73b71c4886__618.0.jpg,40,quay_side_or_river_bank,40,quay_side_or_river_bank,0.9251309037208557,"[40, 49, 28]","[0.9251309037208557, 0.014223221689462662, 0.009465965442359447]",True
/content/MargDrishti/data/processed/crops/test/no_parking/no_parking-48_jpg.rf.b0b51e96da587e1ce3da0bd2e51e1fbc__619.0.jpg,33,no_parking,33,no_parking,0.5634933114051819,"[33, 34, 60]","[0.5634933114051819, 0.11450858414173126, 0.019549056887626648]",True
/content/MargDrishti/data/processed/crops/test/speed_limit_100/speed_limit_100-17_png.rf.b121140bdba6a1744793a11fccd9b2a1__620.0.jpg,50,speed_limit_100,50,speed_limit_100,0.9527702927589417,"[50, 51, 58]","[0.9527702927589417, 0.004420537035912275, 0.0043806410394608974]",True
/content/MargDrishti/data/processed/crops/test/speed_limit_120/speed_limit_120-65_png.rf.b175db32d3dac9c48aab4b29f1e4cdb4__621.0.jpg,51,speed_limit_120,51,speed_limit_120,0.945087194442749,"[51, 50, 57]","[0.945087194442749, 0.01494775339961052, 0.008062989450991154]",True
/content/MargDrishti/data/processed/crops/test/stop/stop-40_png.rf.b3f4b067ffed3ca0fac1f05b59b940c6__622.0.jpg,62,stop,62,stop,0.9385870695114136,"[62, 32, 3]","[0.9385870695114136, 0.006012969184666872, 0.003927300684154034]",True
/content/MargDrishti/data/processed/crops/test/left_turn_prohibited/left_turn_prohibited-30_jpg.rf.b1a2b7cca60554d4442f28b9147b1490__623.0.jpg,26,left_turn_prohibited,26,left_turn_prohibited,0.9399085640907288,"[26, 61, 67]","[0.9399085640907288, 0.007347129750996828, 0.006604246329516172]",True
/content/MargDrishti/data/processed/crops/test/cattle_ahead/cattle_ahead-27_png.rf.b3642854226464eea7673f2ab1940cfb__624.0.jpg,3,cattle_ahead,3,cattle_ahead,0.9056630730628967,"[3, 63, 19]","[0.9056630730628967, 0.05511852726340294, 0.006831229664385319]",True
/content/MargDrishti/data/processed/crops/test/slippery_road/slippery_road-49_png.rf.b1d7948d3f063596e3acab9542c9c324__625.0.jpg,49,slippery_road,49,slippery_road,0.9766839742660522,"[49, 45, 68]","[0.9766839742660522, 0.002438206924125552, 0.0020026133861392736]",True
/content/MargDrishti/data/processed/crops/test/right_turn_prohibited/right_turn_prohibited-17_jpg.rf.b1c57149b1681e26c7df007b5a7148fd__626.0.jpg,44,right_turn_prohibited,44,right_turn_prohibited,0.9715771675109863,"[44, 42, 67]","[0.9715771675109863, 0.0047101108357310295, 0.004195075947791338]",True
/content/MargDrishti/data/processed/crops/test/compulsary_keep_left/compulsary_keep_left-19_jpg.rf.b32c1fa8b9e57bb83f8b08fe7f91de60__627.0.jpg,8,compulsary_keep_left,8,compulsary_keep_left,0.9899090528488159,"[8, 12, 36]","[0.9899090528488159, 0.0010474649025127292, 0.0008973286603577435]",True
/content/MargDrishti/data/processed/crops/test/cross_road/cross_road-25_jpg.rf.b441afdfb4e02ff0c8c0fc81d6c73261__628.0.jpg,13,cross_road,13,cross_road,0.9832779765129089,"[13, 23, 3]","[0.9832779765129089, 0.0031777929980307817, 0.0016397204017266631]",True
/content/MargDrishti/data/processed/crops/test/right_turn_prohibited/right_turn_prohibited-60_jpg.rf.b2fe3e5979702082b77d3d4b0a2eb47f__629.0.jpg,44,right_turn_prohibited,44,right_turn_prohibited,0.9733012318611145,"[44, 42, 57]","[0.9733012318611145, 0.004222043789923191, 0.002359574194997549]",True
/content/MargDrishti/data/processed/crops/test/height_limit/height_limit-2_png.rf.b48a1cef1f3d1cd29ba6accb919fa456__630.0.jpg,20,height_limit,20,height_limit,0.9750993251800537,"[20, 69, 1]","[0.9750993251800537, 0.014126497320830822, 0.0017908354056999087]",True
/content/MargDrishti/data/processed/crops/test/chevron_direction/chevron_direction-9_jpg.rf.b4960dffc892db44dc6eed1417dcb59f__631.0.jpg,4,chevron_direction,4,chevron_direction,0.9687078595161438,"[4, 61, 42]","[0.9687078595161438, 0.003996497485786676, 0.0023255448322743177]",True
/content/MargDrishti/data/processed/crops/test/stop/stop-4_jpg.rf.b530233e6edeb34b446c4636506e61e4__632.0.jpg,62,stop,62,stop,0.9640810489654541,"[62, 3, 17]","[0.9640810489654541, 0.0027970571536570787, 0.002373048570007086]",True
/content/MargDrishti/data/processed/crops/test/width_limit/width_limit-15_png.rf.b600be4ac20c34534c92d0fdb135415d__633.0.jpg,69,width_limit,69,width_limit,0.9657132029533386,"[69, 27, 20]","[0.9657132029533386, 0.021521830931305885, 0.002110515721142292]",True
/content/MargDrishti/data/processed/crops/test/no_entry/no_entry-37_png.rf.b66904012669bd0d7944cd3fd224bb1c__634.0.jpg,32,no_entry,32,no_entry,0.9646817445755005,"[32, 34, 70]","[0.9646817445755005, 0.00305348658002913, 0.0029632276855409145]",True
/content/MargDrishti/data/processed/crops/test/left_reverse_bend/left_reverse_bend-54_jpg.rf.b6990acd415b4b0ad18c015a6627fcf9__635.0.jpg,25,left_reverse_bend,25,left_reverse_bend,0.9910716414451599,"[25, 31, 48]","[0.9910716414451599, 0.0013953509042039514, 0.0008156271069310606]",True
/content/MargDrishti/data/processed/crops/test/pass_either_side/pass_either_side-3_png.rf.b6307be23c015c50828f10d54d665478__636.0.jpg,36,pass_either_side,36,pass_either_side,0.9961867928504944,"[36, 8, 17]","[0.9961867928504944, 0.0004289715434424579, 0.0002185608900617808]",True
/content/MargDrishti/data/processed/crops/test/speed_limit_30/speed_limit_30-22_png.rf.b644475b56cb002c3d087f8ea6a252b5__637.0.jpg,53,speed_limit_30,53,speed_limit_30,0.9749403595924377,"[53, 55, 58]","[0.9749403595924377, 0.005606946535408497, 0.003027375554665923]",True
/content/MargDrishti/data/processed/crops/test/pedestrian_crossing/pedestrian_crossing-15_jpg.rf.b7f6f4d8c048e7b5100a44dced5f34a9__638.0.jpg,37,pedestrian_crossing,37,pedestrian_crossing,0.5240663290023804,"[37, 47, 14]","[0.5240663290023804, 0.06699986010789871, 0.05792686715722084]",True
/content/MargDrishti/data/processed/crops/test/falling_rocks/falling_rocks-24_jpeg.rf.b74fcd4be7fdbc9c296663a2b587cf2d__639.0.jpg,16,falling_rocks,16,falling_rocks,0.9536593556404114,"[16, 60, 61]","[0.9536593556404114, 0.007622693199664354, 0.0030979744624346495]",True
/content/MargDrishti/data/processed/crops/test/speed_limit_30/speed_limit_30-34_png.rf.b77666abd15db42d8ad5ba7135898fc5__640.0.jpg,53,speed_limit_30,53,speed_limit_30,0.9893689751625061,"[53, 55, 52]","[0.9893689751625061, 0.0030546854250133038, 0.00116926699411124]",True
/content/MargDrishti/data/processed/crops/test/left_turn_prohibited/left_turn_prohibited-0_jpg.rf.b6ffb0b9642d5c4f80330c20869d92c2__641.0.jpg,26,left_turn_prohibited,26,left_turn_prohibited,0.9893173575401306,"[26, 18, 67]","[0.9893173575401306, 0.0031177622731775045, 0.002141230506822467]",True
/content/MargDrishti/data/processed/crops/test/hospital_ahead/hospital_ahead-29_png.rf.b8d4b2ff000d784aa9912da95b662fbe__642.0.jpg,22,hospital_ahead,22,hospital_ahead,0.9104426503181458,"[22, 10, 39]","[0.9104426503181458, 0.03020942397415638, 0.030189797282218933]",True
/content/MargDrishti/data/processed/crops/test/men_at_work/men_at_work-68_png.rf.b806a6106c0e762acffaa11ca13d08c3__643.0.jpg,29,men_at_work,29,men_at_work,0.971021831035614,"[29, 42, 37]","[0.971021831035614, 0.001966288313269615, 0.0019541883375495672]",True
/content/MargDrishti/data/processed/crops/test/pass_either_side/pass_either_side-63_jpg.rf.b82a07d2d1389ae468fba9cf8b4257b5__644.0.jpg,36,pass_either_side,36,pass_either_side,0.9846441745758057,"[36, 8, 5]","[0.9846441745758057, 0.002836191328242421, 0.0014715370489284396]",True
/content/MargDrishti/data/processed/crops/test/compulsary_ahead/compulsary_ahead-18_png.rf.b8087e49bd968667a543b7ae8abaf222__645.0.jpg,5,compulsary_ahead,5,compulsary_ahead,0.9832282066345215,"[5, 6, 11]","[0.9832282066345215, 0.003657910041511059, 0.0018774097552523017]",True
/content/MargDrishti/data/processed/crops/test/compulsary_keep_left/compulsary_keep_left-6_jpg.rf.b8efdaa1b83f5c46c90ed1800545054d__646.0.jpg,8,compulsary_keep_left,8,compulsary_keep_left,0.9969030022621155,"[8, 36, 12]","[0.9969030022621155, 0.001249358057975769, 0.00020271059474907815]",True
/content/MargDrishti/data/processed/crops/test/right_reverse_bend/right_reverse_bend-12_jpeg.rf.b945ea6d5bc437b1d56effb9369e0de0__647.0.jpg,43,right_reverse_bend,43,right_reverse_bend,0.9535269141197205,"[43, 42, 70]","[0.9535269141197205, 0.009357428178191185, 0.005756853614002466]",True
/content/MargDrishti/data/processed/crops/test/compulsary_ahead_or_turn_left/compulsary_ahead_or_turn_left-60_png.rf.b97966004fd8b06f0e482a7f38a19a78__648.0.jpg,6,compulsary_ahead_or_turn_left,6,compulsary_ahead_or_turn_left,0.9580219388008118,"[6, 11, 45]","[0.9580219388008118, 0.006853833794593811, 0.004624159075319767]",True
/content/MargDrishti/data/processed/crops/test/compulsary_keep_right/compulsary_keep_right-30_png.rf.b9645e6eb7d30785454569db8c5241aa__649.0.jpg,9,compulsary_keep_right,9,compulsary_keep_right,0.9332365989685059,"[9, 45, 6]","[0.9332365989685059, 0.006330965086817741, 0.0055565014481544495]",True
/content/MargDrishti/data/processed/crops/test/overtaking_prohibited/overtaking_prohibited-5_jpg.rf.b9890982be307cf1abeabb62fa9d9daf__650.0.jpg,35,overtaking_prohibited,35,overtaking_prohibited,0.860866904258728,"[35, 21, 2]","[0.860866904258728, 0.032436493784189224, 0.013051892630755901]",True
/content/MargDrishti/data/processed/crops/test/left_hand_curve/left_hand_curve-43_png.rf.ba68b15e40c221ad3b0dbca69655dd8b__651.0.jpg,24,left_hand_curve,24,left_hand_curve,0.9504722952842712,"[24, 66, 42]","[0.9504722952842712, 0.006309650372713804, 0.003531535156071186]",True
/content/MargDrishti/data/processed/crops/test/loose_gravel/loose_gravel-13_jpeg.rf.ba84ba1d722a70b4e980cc55d4b5a77e__652.0.jpg,28,loose_gravel,28,loose_gravel,0.9526486992835999,"[28, 63, 19]","[0.9526486992835999, 0.008038598112761974, 0.006173646077513695]",True
/content/MargDrishti/data/processed/crops/test/speed_limit_100/speed_limit_100-59_png.rf.ba25f8f5fb0eca8cec475f6e9a32fd84__653.0.jpg,50,speed_limit_100,50,speed_limit_100,0.9611009359359741,"[50, 51, 19]","[0.9611009359359741, 0.013509218581020832, 0.0032207525800913572]",True
/content/MargDrishti/data/processed/crops/test/no_entry/no_entry-3_jpg.rf.bb42713094f5d132d12538cfecda35a1__654.0.jpg,32,no_entry,32,no_entry,0.9342804551124573,"[32, 70, 69]","[0.9342804551124573, 0.0053536794148385525, 0.005148001480847597]",True
/content/MargDrishti/data/processed/crops/test/pedestrian_crossing/pedestrian_crossing-51_png.rf.bb4bdc52c8fc4dfc37b22f0f3161c386__655.0.jpg,37,pedestrian_crossing,37,pedestrian_crossing,0.981232762336731,"[37, 46, 31]","[0.981232762336731, 0.007342704571783543, 0.0038803950883448124]",True
/content/MargDrishti/data/processed/crops/test/left_hand_curve/left_hand_curve-30_jpg.rf.bb5e4569e1c93531929d6413f7fbbf0c__656.0.jpg,24,left_hand_curve,24,left_hand_curve,0.9212873578071594,"[24, 63, 21]","[0.9212873578071594, 0.007504112087190151, 0.006851082667708397]",True
/content/MargDrishti/data/processed/crops/test/speed_limit_70/speed_limit_70-61_png.rf.bbb0f707df4d4f5ff699e60fc51fd079__658.0.jpg,57,speed_limit_70,57,speed_limit_70,0.9248536825180054,"[57, 52, 51]","[0.9248536825180054, 0.011849675327539444, 0.01019671093672514]",True
/content/MargDrishti/data/processed/crops/test/speed_limit_120/speed_limit_120-21_png.rf.bdd5a126e6f1827ef45bbda36be09eb8__659.0.jpg,51,speed_limit_120,51,speed_limit_120,0.9090110063552856,"[51, 50, 58]","[0.9090110063552856, 0.032205283641815186, 0.01509309746325016]",True
/content/MargDrishti/data/processed/crops/test/compulsary_ahead_or_turn_right/compulsary_ahead_or_turn_right-52_png.rf.bc8ff0bb9e361f1a5712a0dc31f0ed8b__660.0.jpg,7,compulsary_ahead_or_turn_right,7,compulsary_ahead_or_turn_right,0.8405216932296753,"[7, 12, 10]","[0.8405216932296753, 0.06775736063718796, 0.00925707072019577]",True
/content/MargDrishti/data/processed/crops/test/guarded_level_crossing/guarded_level_crossing-38_jpg.rf.bdd61c7723258979c9ed4406d2a1c617__662.0.jpg,19,guarded_level_crossing,19,guarded_level_crossing,0.9785716533660889,"[19, 63, 28]","[0.9785716533660889, 0.0034078978933393955, 0.0023256405256688595]",True
/content/MargDrishti/data/processed/crops/test/speed_limit_20/speed_limit_20-30_png.rf.bea1a543f04a3e49f01952d8efee282a__663.0.jpg,52,speed_limit_20,52,speed_limit_20,0.9541851282119751,"[52, 57, 35]","[0.9541851282119751, 0.004539594054222107, 0.003853352041915059]",True
/content/MargDrishti/data/processed/crops/test/compulsary_turn_left_ahead/compulsary_turn_left_ahead-56_jpeg.rf.c07e0b66c85b110424c2210339f0a805__664.0.jpg,11,compulsary_turn_left_ahead,11,compulsary_turn_left_ahead,0.9524243474006653,"[11, 9, 45]","[0.9524243474006653, 0.005132720805704594, 0.0033579268492758274]",True
/content/MargDrishti/data/processed/crops/test/give_way/give_way-14_png.rf.bf92cec5af275bd20081afe169c9afb1__665.0.jpg,18,give_way,18,give_way,0.9831479787826538,"[18, 22, 36]","[0.9831479787826538, 0.0015605660155415535, 0.001023407094180584]",True
/content/MargDrishti/data/processed/crops/test/cross_road/cross_road-28_jpg.rf.bdddb80dfc72f442d90dd6225f043acb__666.0.jpg,13,cross_road,13,cross_road,0.9796136617660522,"[13, 46, 16]","[0.9796136617660522, 0.004096671007573605, 0.0034434301778674126]",True
/content/MargDrishti/data/processed/crops/test/men_at_work/men_at_work-35_png.rf.bee75701f6072ffd6715f49bddec9f8b__667.0.jpg,29,men_at_work,29,men_at_work,0.9802299737930298,"[29, 42, 56]","[0.9802299737930298, 0.004118961747735739, 0.0028134372550994158]",True
/content/MargDrishti/data/processed/crops/test/speed_limit_70/speed_limit_70-23_jpg.rf.c05029bf41835f1a01043ad2d1367edd__668.0.jpg,57,speed_limit_70,57,speed_limit_70,0.9689106941223145,"[57, 66, 67]","[0.9689106941223145, 0.0052667954005301, 0.0026211095973849297]",True
/content/MargDrishti/data/processed/crops/test/truck_prohibited/truck_prohibited-7_png.rf.be64fafcb30ed76b8b4499765494ea1a__669.0.jpg,65,truck_prohibited,65,truck_prohibited,0.9236494302749634,"[65, 35, 21]","[0.9236494302749634, 0.02498790994286537, 0.013109900988638401]",True
/content/MargDrishti/data/processed/crops/test/quay_side_or_river_bank/quay_side_or_river_bank-64_png.rf.c200a4d9f6ef1f019bad2e076c28e4ee__670.0.jpg,40,quay_side_or_river_bank,40,quay_side_or_river_bank,0.9512712955474854,"[40, 61, 29]","[0.9512712955474854, 0.008965748362243176, 0.005644325166940689]",True
/content/MargDrishti/data/processed/crops/test/cross_road/cross_road-39_jpg.rf.c11331f3cbe787bd2798e53d5e102428__671.0.jpg,13,cross_road,13,cross_road,0.9810816049575806,"[13, 17, 46]","[0.9810816049575806, 0.003082497278228402, 0.0028059619944542646]",True
/content/MargDrishti/data/processed/crops/test/gap_in_median/gap_in_median-41_jpg.rf.c10f7c2f5584fe32f62e4829beffc402__672.0.jpg,17,gap_in_median,17,gap_in_median,0.9449170827865601,"[17, 62, 66]","[0.9449170827865601, 0.0029647168703377247, 0.002663230523467064]",True
/content/MargDrishti/data/processed/crops/test/falling_rocks/falling_rocks-46_jpeg.rf.c150bd8fb106e00fbc3c3b79f90b7321__673.0.jpg,16,falling_rocks,16,falling_rocks,0.9548490047454834,"[16, 40, 39]","[0.9548490047454834, 0.008617210201919079, 0.003890355583280325]",True
/content/MargDrishti/data/processed/crops/test/unguarded_level_crossing/unguarded_level_crossing-30_jpeg.rf.c20e6319707f0c67b9b0a748a3cb38d7__674.0.jpg,68,unguarded_level_crossing,68,unguarded_level_crossing,0.5955955982208252,"[68, 29, 65]","[0.5955955982208252, 0.049476440995931625, 0.04496746510267258]",True
/content/MargDrishti/data/processed/crops/test/overtaking_prohibited/overtaking_prohibited-6_jpeg.rf.c30ee5680e03695a2b60a61a675f8a5d__675.0.jpg,35,overtaking_prohibited,35,overtaking_prohibited,0.9689158797264099,"[35, 45, 25]","[0.9689158797264099, 0.009083914570510387, 0.002100270939990878]",True
/content/MargDrishti/data/processed/crops/test/compulsary_ahead/compulsary_ahead-35_png.rf.c284478ddf14b9ad4c6f28b1f48c3662__676.0.jpg,5,compulsary_ahead,5,compulsary_ahead,0.9751423001289368,"[5, 7, 11]","[0.9751423001289368, 0.0023567338939756155, 0.0022740806452929974]",True
/content/MargDrishti/data/processed/crops/test/quay_side_or_river_bank/quay_side_or_river_bank-26_jpg.rf.c291299df7ec7fa5b9bec66a77ef4fe7__677.0.jpg,40,quay_side_or_river_bank,40,quay_side_or_river_bank,0.9618956446647644,"[40, 14, 28]","[0.9618956446647644, 0.004383261781185865, 0.00313188717700541]",True
/content/MargDrishti/data/processed/crops/test/horn_prohibited/horn_prohibited-5_jpg.rf.c3359f90a6d8920e2dd3667bc0761963__678.0.jpg,21,horn_prohibited,21,horn_prohibited,0.9905869364738464,"[21, 17, 35]","[0.9905869364738464, 0.0017113430658355355, 0.0010366060305386782]",True
/content/MargDrishti/data/processed/crops/test/slippery_road/slippery_road-32_jpg.rf.c4e98f6abfff7d5909a847f03c542deb__679.0.jpg,49,slippery_road,49,slippery_road,0.9618170857429504,"[49, 59, 24]","[0.9618170857429504, 0.010838868096470833, 0.005307706072926521]",True
/content/MargDrishti/data/processed/crops/test/gap_in_median/gap_in_median-12_jpg.rf.c63f9be97b3c51dd2027eafe578b47e5__680.0.jpg,17,gap_in_median,17,gap_in_median,0.9551101326942444,"[17, 64, 37]","[0.9551101326942444, 0.005430556368082762, 0.004761877469718456]",True
/content/MargDrishti/data/processed/crops/test/narrow_bridge_ahead/narrow_bridge_ahead-9_jpeg.rf.c339e6fb5d8d03a18f3f5e68bce0faba__681.0.jpg,30,narrow_bridge_ahead,30,narrow_bridge_ahead,0.9726518988609314,"[30, 70, 31]","[0.9726518988609314, 0.009409641847014427, 0.0030392443295568228]",True
/content/MargDrishti/data/processed/crops/test/cross_road/cross_road-46_jpg.rf.c64550f85dcbfc1be81e1508de37ab6e__682.0.jpg,13,cross_road,13,cross_road,0.8678987622261047,"[13, 70, 3]","[0.8678987622261047, 0.027541140094399452, 0.013749993406236172]",True
/content/MargDrishti/data/processed/crops/test/speed_limit_60/speed_limit_60-9_jpg.rf.c67954db3fde6fcf092d08789e8c8529__683.0.jpg,56,speed_limit_60,56,speed_limit_60,0.9361231327056885,"[56, 58, 54]","[0.9361231327056885, 0.0334819070994854, 0.0030522113665938377]",True
/content/MargDrishti/data/processed/crops/test/give_way/give_way-62_jpg.rf.c64c348e13384dbabf483ef4fca4c7aa__684.0.jpg,18,give_way,18,give_way,0.9825429916381836,"[18, 57, 16]","[0.9825429916381836, 0.001739336526952684, 0.0010924834059551358]",True
/content/MargDrishti/data/processed/crops/test/no_parking/no_parking-72_jpg.rf.c838219a7fe0786a029dad6d15195a2f__685.0.jpg,33,no_parking,33,no_parking,0.8379256129264832,"[33, 44, 0]","[0.8379256129264832, 0.052684955298900604, 0.01558698620647192]",True
/content/MargDrishti/data/processed/crops/test/no_parking/no_parking-16_jpg.rf.c893a163d9093b73c0749604704fd409__686.0.jpg,33,no_parking,33,no_parking,0.22231343388557434,"[33, 67, 26]","[0.22231343388557434, 0.2184864580631256, 0.06571552157402039]",True
/content/MargDrishti/data/processed/crops/test/height_limit/height_limit-34_jpg.rf.c8b6aa3805c981c1e8c91b0c0624444b__687.0.jpg,20,height_limit,20,height_limit,0.98247230052948,"[20, 1, 7]","[0.98247230052948, 0.0037942358758300543, 0.0018673194572329521]",True
/content/MargDrishti/data/processed/crops/test/quay_side_or_river_bank/quay_side_or_river_bank-7_jpg.rf.c8fdfec7d5209da0cd4a606af6ffddec__688.0.jpg,40,quay_side_or_river_bank,15,dangerous_dip,0.4281112849712372,"[15, 70, 14]","[0.4281112849712372, 0.049977775663137436, 0.04858462139964104]",False
/content/MargDrishti/data/processed/crops/test/u_turn_prohibited/u_turn_prohibited-15_jpg.rf.c8ec8e96845097824c67632de561dec4__689.0.jpg,67,u_turn_prohibited,67,u_turn_prohibited,0.7497345209121704,"[67, 33, 66]","[0.7497345209121704, 0.1096651628613472, 0.06423796713352203]",True
/content/MargDrishti/data/processed/crops/test/cross_road/cross_road-0_jpg.rf.c91cedf921fdb90dea79f672454921bb__690.0.jpg,13,cross_road,13,cross_road,0.2922801375389099,"[13, 59, 46]","[0.2922801375389099, 0.09829417616128922, 0.056312721222639084]",True
/content/MargDrishti/data/processed/crops/test/u_turn/u_turn-1_jpg.rf.c92aa034d2c6f477afe601ec1a78f420__691.0.jpg,66,u_turn,66,u_turn,0.812568187713623,"[66, 31, 25]","[0.812568187713623, 0.04839644953608513, 0.028423238545656204]",True
/content/MargDrishti/data/processed/crops/test/steep_ascent/steep_ascent-38_jpg.rf.c9425e4abed74f1127ee2ef3978ff3fe__692.0.jpg,60,steep_ascent,60,steep_ascent,0.8886657357215881,"[60, 61, 68]","[0.8886657357215881, 0.0621277317404747, 0.015019570477306843]",True
/content/MargDrishti/data/processed/crops/test/side_road_left/side_road_left-59_jpg.rf.c9542727373fa148d3c89917b2bd2e2f__693.0.jpg,47,side_road_left,47,side_road_left,0.9791688323020935,"[47, 59, 63]","[0.9791688323020935, 0.00806273054331541, 0.002868556184694171]",True
/content/MargDrishti/data/processed/crops/test/men_at_work/men_at_work-48_png.rf.c926e4d8d5d1b8c89ef64d5a6fb69c6e__694.0.jpg,29,men_at_work,29,men_at_work,0.9869962930679321,"[29, 42, 37]","[0.9869962930679321, 0.0017159006092697382, 0.0015111687825992703]",True
/content/MargDrishti/data/processed/crops/test/bullock_cart_and_hand_cart_prohibited/bullock_cart_and_hand_cart_prohibited-53_jpeg.rf.ca05cd99c262506f4a8a9f7889b1a7dd__695.0.jpg,2,bullock_cart_and_hand_cart_prohibited,35,overtaking_prohibited,0.6434823870658875,"[35, 2, 65]","[0.6434823870658875, 0.17489060759544373, 0.0888652428984642]",False
/content/MargDrishti/data/processed/crops/test/all_motor_vehicle_prohibited/all_motor_vehicle_prohibited-29_jpg.rf.cad37173283c91ad290ed29b4ed6d72c__696.0.jpg,0,all_motor_vehicle_prohibited,0,all_motor_vehicle_prohibited,0.7831832766532898,"[0, 28, 49]","[0.7831832766532898, 0.08852191269397736, 0.013790803030133247]",True
/content/MargDrishti/data/processed/crops/test/narrow_road_ahead/narrow_road_ahead-15_jpg.rf.cb83549f858a34a56de28903a1417c95__697.0.jpg,31,narrow_road_ahead,31,narrow_road_ahead,0.9610403776168823,"[31, 30, 25]","[0.9610403776168823, 0.013342665508389473, 0.0029182329308241606]",True
/content/MargDrishti/data/processed/crops/test/give_way/give_way-33_png.rf.cb52a2e808aa43451d8222e711d41c37__698.0.jpg,18,give_way,18,give_way,0.9825426340103149,"[18, 57, 22]","[0.9825426340103149, 0.0018657752079889178, 0.001134783960878849]",True
/content/MargDrishti/data/processed/crops/test/compulsary_keep_left/compulsary_keep_left-14_jpg.rf.cc2f22d11ae1a0c11239bf8fc4eaa27e__699.0.jpg,8,compulsary_keep_left,8,compulsary_keep_left,0.9886347055435181,"[8, 4, 47]","[0.9886347055435181, 0.000919642741791904, 0.0008335477905347943]",True
/content/MargDrishti/data/processed/crops/test/left_hand_curve/left_hand_curve-58_jpg.rf.cc242c753eae0aafd359154089d8f979__700.0.jpg,24,left_hand_curve,24,left_hand_curve,0.9758210778236389,"[24, 26, 66]","[0.9758210778236389, 0.0021560864988714457, 0.0018702191300690174]",True
/content/MargDrishti/data/processed/crops/test/side_road_right/side_road_right-7_png.rf.cbc29d9abeec76bcae17ad382c1d7c4b__702.0.jpg,48,side_road_right,48,side_road_right,0.9892138838768005,"[48, 59, 25]","[0.9892138838768005, 0.005796374287456274, 0.0015000600833445787]",True
/content/MargDrishti/data/processed/crops/test/y_intersection/y_intersection-27_jpg.rf.cc41d93aac1e858ad8e0d2b6642925c0__703.0.jpg,70,y_intersection,70,y_intersection,0.9331033229827881,"[70, 4, 48]","[0.9331033229827881, 0.02071201428771019, 0.007707732729613781]",True
/content/MargDrishti/data/processed/crops/test/right_hand_curve/right_hand_curve-59_png.rf.ce16871e6c2e601a7d21d620b9b90df7__704.0.jpg,42,right_hand_curve,42,right_hand_curve,0.9625722169876099,"[42, 48, 63]","[0.9625722169876099, 0.006458023563027382, 0.004638201557099819]",True
/content/MargDrishti/data/processed/crops/test/compulsary_ahead/compulsary_ahead-1_png.rf.cdd7e32eed4da10364bc7a31e4678c95__705.0.jpg,5,compulsary_ahead,5,compulsary_ahead,0.9841145277023315,"[5, 11, 12]","[0.9841145277023315, 0.001910645980387926, 0.001766148954629898]",True
/content/MargDrishti/data/processed/crops/test/speed_limit_60/speed_limit_60-39_png.rf.ce0838da260f1db02caa33098f48222a__706.0.jpg,56,speed_limit_60,56,speed_limit_60,0.9896492958068848,"[56, 54, 67]","[0.9896492958068848, 0.0025982686784118414, 0.0018430168274790049]",True
/content/MargDrishti/data/processed/crops/test/bullock_cart_and_hand_cart_prohibited/bullock_cart_and_hand_cart_prohibited-30_jpg.rf.cf9122c59b47bc4afa3314a60560b706__707.0.jpg,2,bullock_cart_and_hand_cart_prohibited,2,bullock_cart_and_hand_cart_prohibited,0.9665542244911194,"[2, 1, 20]","[0.9665542244911194, 0.008699581027030945, 0.004591602832078934]",True
/content/MargDrishti/data/processed/crops/test/hump_or_rough_road/hump_or_rough_road-20_jpg.rf.cfc9cd0376a9a833ae454774e2de6431__708.0.jpg,23,hump_or_rough_road,23,hump_or_rough_road,0.9630248546600342,"[23, 61, 15]","[0.9630248546600342, 0.009074093773961067, 0.003209600457921624]",True
/content/MargDrishti/data/processed/crops/test/narrow_bridge_ahead/narrow_bridge_ahead-68_jpg.rf.cf2306a083706fc86929073e15990075__709.0.jpg,30,narrow_bridge_ahead,30,narrow_bridge_ahead,0.9265584349632263,"[30, 70, 31]","[0.9265584349632263, 0.011199543252587318, 0.010183078236877918]",True
/content/MargDrishti/data/processed/crops/test/length_limit/length_limit-11_jpeg.rf.cf77d9a1a073590721178ce3054c3b52__710.0.jpg,27,length_limit,69,width_limit,0.4895617365837097,"[69, 27, 20]","[0.4895617365837097, 0.3285199999809265, 0.030433183535933495]",False
/content/MargDrishti/data/processed/crops/test/slippery_road/slippery_road-61_jpg.rf.d0358734c41cedc609c712ae7854bfb0__711.0.jpg,49,slippery_road,49,slippery_road,0.988200306892395,"[49, 40, 68]","[0.988200306892395, 0.002610090421512723, 0.0014232662506401539]",True
/content/MargDrishti/data/processed/crops/test/give_way/give_way-63_jpg.rf.d012467f78fa30626c6e02937ea4c13b__712.0.jpg,18,give_way,18,give_way,0.9965894222259521,"[18, 57, 22]","[0.9965894222259521, 0.0007196577498689294, 0.0003193492302671075]",True
/content/MargDrishti/data/processed/crops/test/truck_prohibited/truck_prohibited-23_jpeg.rf.d251e64d4f5268476b52d7372ca11f1a__713.0.jpg,65,truck_prohibited,65,truck_prohibited,0.7376969456672668,"[65, 35, 21]","[0.7376969456672668, 0.07127828896045685, 0.04472891241312027]",True
/content/MargDrishti/data/processed/crops/test/u_turn_prohibited/u_turn_prohibited-43_jpg.rf.d0bf6c27603449208984c393fbb38240__714.0.jpg,67,u_turn_prohibited,67,u_turn_prohibited,0.9621970653533936,"[67, 33, 66]","[0.9621970653533936, 0.012640581466257572, 0.004931456875056028]",True
/content/MargDrishti/data/processed/crops/test/compulsary_turn_right_ahead/compulsary_turn_right_ahead-49_png.rf.d1ee3507ac7d45e1b1dbcbae36ef48ae__715.0.jpg,12,compulsary_turn_right_ahead,12,compulsary_turn_right_ahead,0.9609193801879883,"[12, 7, 39]","[0.9609193801879883, 0.002982620382681489, 0.002463770564645529]",True
/content/MargDrishti/data/processed/crops/test/speed_limit_20/speed_limit_20-32_png.rf.d0640834dd72c10d944e5cda784a881b__716.0.jpg,52,speed_limit_20,52,speed_limit_20,0.9432719349861145,"[52, 57, 35]","[0.9432719349861145, 0.007058099377900362, 0.006005666684359312]",True
/content/MargDrishti/data/processed/crops/test/left_turn_prohibited/left_turn_prohibited-6_jpg.rf.d1f27411200b5e075c20a5bce593fef3__717.0.jpg,26,left_turn_prohibited,26,left_turn_prohibited,0.961898684501648,"[26, 35, 67]","[0.961898684501648, 0.00398584920912981, 0.0035665458999574184]",True
/content/MargDrishti/data/processed/crops/test/right_turn_prohibited/right_turn_prohibited-29_jpg.rf.d2781a65320c924778508d8e00a32a16__718.0.jpg,44,right_turn_prohibited,44,right_turn_prohibited,0.9779241681098938,"[44, 42, 67]","[0.9779241681098938, 0.0027591772377490997, 0.0022459994070231915]",True
/content/MargDrishti/data/processed/crops/test/roundabout/roundabout-40_jpg.rf.d3d058b449b52166d388962471ccd529__719.0.jpg,45,roundabout,45,roundabout,0.9346206188201904,"[45, 15, 42]","[0.9346206188201904, 0.023950381204485893, 0.008210793137550354]",True
/content/MargDrishti/data/processed/crops/test/speed_limit_40/speed_limit_40-2_jpg.rf.d2acc2a781ef5e3f04f6db3f4ac055c5__721.0.jpg,54,speed_limit_40,54,speed_limit_40,0.9727808237075806,"[54, 56, 57]","[0.9727808237075806, 0.003804766107350588, 0.0033959762658923864]",True
/content/MargDrishti/data/processed/crops/test/narrow_bridge_ahead/narrow_bridge_ahead-71_jpg.rf.d3837e82c1aed4ce833bb176d70865fc__722.0.jpg,30,narrow_bridge_ahead,30,narrow_bridge_ahead,0.9655984044075012,"[30, 70, 17]","[0.9655984044075012, 0.006009919568896294, 0.004779616836458445]",True
/content/MargDrishti/data/processed/crops/test/guarded_level_crossing/guarded_level_crossing-22_jpg.rf.d405dfa987dc4413bbe03efab87ff8b1__723.0.jpg,19,guarded_level_crossing,19,guarded_level_crossing,0.9482794404029846,"[19, 3, 60]","[0.9482794404029846, 0.01109326258301735, 0.006377293262630701]",True
/content/MargDrishti/data/processed/crops/test/stop/stop-42_png.rf.d4daeda3a35d115a4b3eac17f197d1a5__725.0.jpg,62,stop,62,stop,0.9713661074638367,"[62, 3, 32]","[0.9713661074638367, 0.0027146637439727783, 0.00188996153883636]",True
/content/MargDrishti/data/processed/crops/test/cycle_crossing/cycle_crossing-62_jpg.rf.d5456467b5125f00beaacbe5ed9a3aef__726.0.jpg,14,cycle_crossing,14,cycle_crossing,0.9757763743400574,"[14, 28, 19]","[0.9757763743400574, 0.004211945924907923, 0.003713535610586405]",True
/content/MargDrishti/data/processed/crops/test/horn_prohibited/horn_prohibited-23_jpg.rf.d6c47a5dbd014608a2ec3168396d3dd3__727.0.jpg,21,horn_prohibited,21,horn_prohibited,0.9825054407119751,"[21, 26, 2]","[0.9825054407119751, 0.001922791125252843, 0.001651632133871317]",True
/content/MargDrishti/data/processed/crops/test/speed_limit_120/speed_limit_120-16_jpeg.rf.d49ed20ce181c871c9281e1f11de3db0__728.0.jpg,51,speed_limit_120,51,speed_limit_120,0.9707777500152588,"[51, 52, 58]","[0.9707777500152588, 0.007304698694497347, 0.003147721756249666]",True
/content/MargDrishti/data/processed/crops/test/traffic_signal/traffic_signal-42_png.rf.d7290e674172e8dca8854fe3fe067d12__729.0.jpg,64,traffic_signal,64,traffic_signal,0.9691799283027649,"[64, 47, 23]","[0.9691799283027649, 0.003647242207080126, 0.0026991807390004396]",True
/content/MargDrishti/data/processed/crops/test/slippery_road/slippery_road-54_jpg.rf.d60e31de6edecc4ef6ddc7bb9483ec4b__730.0.jpg,49,slippery_road,49,slippery_road,0.9729095697402954,"[49, 40, 64]","[0.9729095697402954, 0.004444493446499109, 0.00319814239628613]",True
/content/MargDrishti/data/processed/crops/test/restriction_ends/restriction_ends-10_jpeg.rf.d74dc5ce7b37ff92591fc4bcf02be521__731.0.jpg,41,restriction_ends,41,restriction_ends,0.9677525758743286,"[41, 70, 15]","[0.9677525758743286, 0.008626813068985939, 0.00836111418902874]",True
/content/MargDrishti/data/processed/crops/test/axle_load_limit/axle_load_limit-32_jpg.rf.d79fc2425638c2660dcd4aa43bfa158e__732.0.jpg,1,axle_load_limit,1,axle_load_limit,0.8941860795021057,"[1, 52, 69]","[0.8941860795021057, 0.026054218411445618, 0.02506932243704796]",True
/content/MargDrishti/data/processed/crops/test/speed_limit_30/speed_limit_30-56_png.rf.d7c4e6baf403ec4c79123ec3e74dcaa9__733.0.jpg,53,speed_limit_30,53,speed_limit_30,0.9840022325515747,"[53, 52, 55]","[0.9840022325515747, 0.003868748201057315, 0.002966509433463216]",True
/content/MargDrishti/data/processed/crops/test/no_parking/no_parking-73_jpg.rf.d82cd22313b6dfefe20a0a5d6912cb98__734.0.jpg,33,no_parking,33,no_parking,0.9642735123634338,"[33, 67, 39]","[0.9642735123634338, 0.006551302503794432, 0.004193613305687904]",True
/content/MargDrishti/data/processed/crops/test/width_limit/width_limit-46_jpg.rf.d90bb134100e715c7de2809b6356eb83__736.0.jpg,69,width_limit,69,width_limit,0.8374256491661072,"[69, 20, 27]","[0.8374256491661072, 0.031893931329250336, 0.0197474155575037]",True
/content/MargDrishti/data/processed/crops/test/compulsary_turn_right_ahead/compulsary_turn_right_ahead-11_png.rf.d85063c6be8c9a1b1f0fa4da4073b323__737.0.jpg,12,compulsary_turn_right_ahead,12,compulsary_turn_right_ahead,0.9930457472801208,"[12, 8, 41]","[0.9930457472801208, 0.0012131861876696348, 0.0008871086174622178]",True
/content/MargDrishti/data/processed/crops/test/dangerous_dip/dangerous_dip-2_jpg.rf.d971724ccb89ded4d74455db199a43f3__738.0.jpg,15,dangerous_dip,15,dangerous_dip,0.9580329060554504,"[15, 23, 45]","[0.9580329060554504, 0.015667634084820747, 0.00540484394878149]",True
/content/MargDrishti/data/processed/crops/test/height_limit/height_limit-56_jpg.rf.d97fe223d30c835036a0af998f1945ce__739.0.jpg,20,height_limit,20,height_limit,0.6918463706970215,"[20, 69, 1]","[0.6918463706970215, 0.07874995470046997, 0.04006868600845337]",True
/content/MargDrishti/data/processed/crops/test/right_hand_curve/right_hand_curve-68_png.rf.d9ed9951c6900e1d6cb835c1a9cdf870__740.0.jpg,42,right_hand_curve,42,right_hand_curve,0.9661931991577148,"[42, 44, 48]","[0.9661931991577148, 0.00914032943546772, 0.0025845880154520273]",True
/content/MargDrishti/data/processed/crops/test/steep_ascent/steep_ascent-31_jpg.rf.da49f657d0d504b6625f6433c982feca__741.0.jpg,60,steep_ascent,60,steep_ascent,0.7779555916786194,"[60, 68, 40]","[0.7779555916786194, 0.08453185111284256, 0.028475068509578705]",True
/content/MargDrishti/data/processed/crops/test/restriction_ends/restriction_ends-40_png.rf.da1a94c7f6bbec0c3f630de8dceef61e__742.0.jpg,41,restriction_ends,41,restriction_ends,0.8965761065483093,"[41, 42, 15]","[0.8965761065483093, 0.008380007930099964, 0.007877763360738754]",True
/content/MargDrishti/data/processed/crops/test/slippery_road/slippery_road-18_png.rf.dac04abbf945553c446eba93658ad072__743.0.jpg,49,slippery_road,49,slippery_road,0.862085223197937,"[49, 68, 3]","[0.862085223197937, 0.03637763112783432, 0.03446037694811821]",True
/content/MargDrishti/data/processed/crops/test/left_turn_prohibited/left_turn_prohibited-7_jpg.rf.daa90c3843c4d59068c5a69d8ce034e1__744.0.jpg,26,left_turn_prohibited,26,left_turn_prohibited,0.9799244403839111,"[26, 21, 67]","[0.9799244403839111, 0.0031756318639963865, 0.0014279158785939217]",True
/content/MargDrishti/data/processed/crops/test/compulsary_keep_right/compulsary_keep_right-16_png.rf.dad0307165d7219dcfadeae31c499c7a__745.0.jpg,9,compulsary_keep_right,9,compulsary_keep_right,0.9617549180984497,"[9, 45, 61]","[0.9617549180984497, 0.003611957188695669, 0.002394801937043667]",True
/content/MargDrishti/data/processed/crops/test/gap_in_median/gap_in_median-33_jpg.rf.daa4e0c44bec1fc88f2d18ac88d4a9c0__746.0.jpg,17,gap_in_median,17,gap_in_median,0.980107307434082,"[17, 16, 23]","[0.980107307434082, 0.0018356998916715384, 0.0015111493412405252]",True
/content/MargDrishti/data/processed/crops/test/compulsary_ahead/compulsary_ahead-37_png.rf.dc3dc620e62efb9983e3d751ec083e2a__748.0.jpg,5,compulsary_ahead,5,compulsary_ahead,0.9648690223693848,"[5, 12, 7]","[0.9648690223693848, 0.006777826230973005, 0.004029033239930868]",True
/content/MargDrishti/data/processed/crops/test/side_road_left/side_road_left-1_jpg.rf.dc2b678ea35c813ed0d180ac318ad7df__749.0.jpg,47,side_road_left,47,side_road_left,0.9708659648895264,"[47, 43, 45]","[0.9708659648895264, 0.003906387370079756, 0.003284860635176301]",True
/content/MargDrishti/data/processed/crops/test/side_road_left/side_road_left-17_jpg.rf.dc096813d82b6c972d3aa166873d2f40__750.0.jpg,47,side_road_left,47,side_road_left,0.5952542424201965,"[47, 24, 43]","[0.5952542424201965, 0.12657266855239868, 0.11461450159549713]",True
/content/MargDrishti/data/processed/crops/test/school_ahead/school_ahead-10_jpg.rf.dcbbed72bd516b2fd187134ec9884ebe__751.0.jpg,46,school_ahead,46,school_ahead,0.4389804005622864,"[46, 48, 59]","[0.4389804005622864, 0.30672553181648254, 0.09894350171089172]",True
/content/MargDrishti/data/processed/crops/test/compulsary_turn_left_ahead/compulsary_turn_left_ahead-14_png.rf.dc87670ceb81d721bf24e98715ba4507__752.0.jpg,11,compulsary_turn_left_ahead,11,compulsary_turn_left_ahead,0.976489245891571,"[11, 5, 45]","[0.976489245891571, 0.0036199113819748163, 0.003520453814417124]",True
/content/MargDrishti/data/processed/crops/test/narrow_bridge_ahead/narrow_bridge_ahead-5_png.rf.dd4500ee84e24e320b8ce88e52d4473f__754.0.jpg,30,narrow_bridge_ahead,30,narrow_bridge_ahead,0.945139467716217,"[30, 70, 17]","[0.945139467716217, 0.016428040340542793, 0.008574134670197964]",True
/content/MargDrishti/data/processed/crops/test/left_hand_curve/left_hand_curve-13_jpg.rf.dce47fef56f5585aaecb0befdec4cf28__755.0.jpg,24,left_hand_curve,24,left_hand_curve,0.577233612537384,"[24, 66, 47]","[0.577233612537384, 0.08404523134231567, 0.04274818301200867]",True
/content/MargDrishti/data/processed/crops/test/cycle_crossing/cycle_crossing-42_png.rf.ddff532bfea93d002afbcb9a7fe95003__756.0.jpg,14,cycle_crossing,14,cycle_crossing,0.9677442908287048,"[14, 46, 19]","[0.9677442908287048, 0.008144034072756767, 0.0032105883583426476]",True
/content/MargDrishti/data/processed/crops/test/height_limit/height_limit-45_png.rf.debc1bf7df4990e58fb029306098c84d__757.0.jpg,20,height_limit,20,height_limit,0.9692831635475159,"[20, 69, 27]","[0.9692831635475159, 0.013677069917321205, 0.004879233427345753]",True
/content/MargDrishti/data/processed/crops/test/all_motor_vehicle_prohibited/all_motor_vehicle_prohibited-18_jpg.rf.dff796b9816419b6d17f1ea768720e04__758.0.jpg,0,all_motor_vehicle_prohibited,0,all_motor_vehicle_prohibited,0.982130229473114,"[0, 28, 33]","[0.982130229473114, 0.0069037918001413345, 0.0033188427332788706]",True
/content/MargDrishti/data/processed/crops/test/petrol_pump_ahead/petrol_pump_ahead-36_jpeg.rf.df4d181c03a06636f172cefbee9bad2e__759.0.jpg,39,petrol_pump_ahead,39,petrol_pump_ahead,0.9825138449668884,"[39, 22, 12]","[0.9825138449668884, 0.014244423247873783, 0.00034719743416644633]",True
/content/MargDrishti/data/processed/crops/test/all_motor_vehicle_prohibited/all_motor_vehicle_prohibited-32_jpg.rf.df66d8638b772fa0eacafef69ad91354__760.0.jpg,0,all_motor_vehicle_prohibited,65,truck_prohibited,0.31872445344924927,"[65, 35, 0]","[0.31872445344924927, 0.26951363682746887, 0.18918904662132263]",False
/content/MargDrishti/data/processed/crops/test/guarded_level_crossing/guarded_level_crossing-48_jpg.rf.e05baf4aef34be649d32d8e2f8011a04__761.0.jpg,19,guarded_level_crossing,19,guarded_level_crossing,0.9801931977272034,"[19, 3, 28]","[0.9801931977272034, 0.0020491837058216333, 0.002044286346063018]",True
/content/MargDrishti/data/processed/crops/test/speed_limit_50/speed_limit_50-45_png.rf.e016f151c16270328d2fe81d44d8d7cc__762.0.jpg,55,speed_limit_50,55,speed_limit_50,0.966214120388031,"[55, 58, 53]","[0.966214120388031, 0.004555127117782831, 0.003276570001617074]",True
/content/MargDrishti/data/processed/crops/test/overtaking_prohibited/overtaking_prohibited-29_jpeg.rf.e0aa62d54dc1dc58187131d6474b00ff__763.0.jpg,35,overtaking_prohibited,35,overtaking_prohibited,0.6284925937652588,"[35, 67, 38]","[0.6284925937652588, 0.1450491100549698, 0.13077197968959808]",True
/content/MargDrishti/data/processed/crops/test/traffic_signal/traffic_signal-14_jpg.rf.e09f1e4a8fe2ad0e84050ae4b9671d9c__764.0.jpg,64,traffic_signal,59,staggered_intersection,0.5939414501190186,"[59, 49, 48]","[0.5939414501190186, 0.15183518826961517, 0.043612416833639145]",False
/content/MargDrishti/data/processed/crops/test/compulsary_turn_left_ahead/compulsary_turn_left_ahead-19_jpg.rf.e08e0b2981e3e9951fdc84da7eb5dec8__765.0.jpg,11,compulsary_turn_left_ahead,11,compulsary_turn_left_ahead,0.9617089033126831,"[11, 22, 6]","[0.9617089033126831, 0.00752075994387269, 0.0055343713611364365]",True
/content/MargDrishti/data/processed/crops/test/horn_prohibited/horn_prohibited-58_jpg.rf.e0fe8157d294b2b53345d1afaf7ed7ea__766.0.jpg,21,horn_prohibited,21,horn_prohibited,0.9787750244140625,"[21, 17, 35]","[0.9787750244140625, 0.00571454456076026, 0.003173504490405321]",True
/content/MargDrishti/data/processed/crops/test/narrow_road_ahead/narrow_road_ahead-65_png.rf.e23898c8cd64042932746fd1980b6363__767.0.jpg,31,narrow_road_ahead,31,narrow_road_ahead,0.9258821606636047,"[31, 29, 37]","[0.9258821606636047, 0.017803847789764404, 0.012075169011950493]",True
/content/MargDrishti/data/processed/crops/test/width_limit/width_limit-23_jpeg.rf.e2050e6c99020f198d94f970f50b927a__768.0.jpg,69,width_limit,69,width_limit,0.634183943271637,"[69, 1, 20]","[0.634183943271637, 0.11928891390562057, 0.06359460949897766]",True
/content/MargDrishti/data/processed/crops/test/gap_in_median/gap_in_median-3_jpg.rf.e1cd7dc720128a37c4969fd1c7984bfd__769.0.jpg,17,gap_in_median,17,gap_in_median,0.9515273571014404,"[17, 66, 62]","[0.9515273571014404, 0.006030047312378883, 0.004966744687408209]",True
/content/MargDrishti/data/processed/crops/test/cross_road/cross_road-5_jpg.rf.e167eaa536798ae5461efc72bb0bafa6__770.0.jpg,13,cross_road,13,cross_road,0.9871509075164795,"[13, 44, 16]","[0.9871509075164795, 0.0010472509311512113, 0.0008674579439684749]",True
/content/MargDrishti/data/processed/crops/test/unguarded_level_crossing/unguarded_level_crossing-17_jpeg.rf.e322f135b582efcb10e2e524268a44a8__771.0.jpg,68,unguarded_level_crossing,68,unguarded_level_crossing,0.8441678285598755,"[68, 3, 60]","[0.8441678285598755, 0.06060640886425972, 0.028777748346328735]",True
/content/MargDrishti/data/processed/crops/test/side_road_right/side_road_right-24_jpg.rf.e300ff9c2dfb99ba9f7e2726b1d9b190__772.0.jpg,48,side_road_right,48,side_road_right,0.7700830101966858,"[48, 59, 25]","[0.7700830101966858, 0.07968071848154068, 0.024944307282567024]",True
/content/MargDrishti/data/processed/crops/test/speed_limit_80/speed_limit_80-13_png.rf.e36a1b7f8c739ba835876917e3ee951f__773.0.jpg,58,speed_limit_80,58,speed_limit_80,0.9457783102989197,"[58, 56, 55]","[0.9457783102989197, 0.01792503334581852, 0.01501266285777092]",True
/content/MargDrishti/data/processed/crops/test/quay_side_or_river_bank/quay_side_or_river_bank-25_jpg.rf.e4b5f82afaee58eae401ef9c2909bd76__774.0.jpg,40,quay_side_or_river_bank,40,quay_side_or_river_bank,0.9186229109764099,"[40, 61, 49]","[0.9186229109764099, 0.01565631479024887, 0.005771922413259745]",True
/content/MargDrishti/data/processed/crops/test/speed_limit_50/speed_limit_50-11_jpg.rf.e520f49a631a8ac51081d1d875dbe517__775.0.jpg,55,speed_limit_50,55,speed_limit_50,0.956393301486969,"[55, 53, 57]","[0.956393301486969, 0.0038459538482129574, 0.0037156050093472004]",True
/content/MargDrishti/data/processed/crops/test/stop/stop-65_png.rf.e28b138cdb0031310334b9b6e51998fe__776.0.jpg,62,stop,62,stop,0.9707821607589722,"[62, 39, 45]","[0.9707821607589722, 0.0017732740379869938, 0.0017340598860755563]",True
/content/MargDrishti/data/processed/crops/test/width_limit/width_limit-44_jpg.rf.e569518e6f8fe0656d7b8d9875256dfd__777.0.jpg,69,width_limit,69,width_limit,0.9525535702705383,"[69, 27, 1]","[0.9525535702705383, 0.027550343424081802, 0.00567439803853631]",True
/content/MargDrishti/data/processed/crops/test/compulsary_turn_left_ahead/compulsary_turn_left_ahead-16_png.rf.e3a6a14603133c4d22a3eb30764a98c5__778.0.jpg,11,compulsary_turn_left_ahead,11,compulsary_turn_left_ahead,0.969021201133728,"[11, 45, 5]","[0.969021201133728, 0.0070306165143847466, 0.004252460319548845]",True
/content/MargDrishti/data/processed/crops/test/loose_gravel/loose_gravel-6_jpeg.rf.e5c6d3d0bb1f12cb14dcf68f183f7775__779.0.jpg,28,loose_gravel,28,loose_gravel,0.7732880711555481,"[28, 19, 16]","[0.7732880711555481, 0.05727521702647209, 0.018674081191420555]",True
/content/MargDrishti/data/processed/crops/test/compulsary_ahead_or_turn_left/compulsary_ahead_or_turn_left-23_png.rf.e5b98b4488355f7312c3bc89bbfc4556__780.0.jpg,6,compulsary_ahead_or_turn_left,6,compulsary_ahead_or_turn_left,0.9880198836326599,"[6, 22, 16]","[0.9880198836326599, 0.0017692685360088944, 0.0012893571984022856]",True
/content/MargDrishti/data/processed/crops/test/petrol_pump_ahead/petrol_pump_ahead-12_jpeg.rf.e5e3d015486358207212059c368e967f__781.0.jpg,39,petrol_pump_ahead,39,petrol_pump_ahead,0.9840706586837769,"[39, 22, 10]","[0.9840706586837769, 0.005919378250837326, 0.0023654841352254152]",True
/content/MargDrishti/data/processed/crops/test/chevron_direction/chevron_direction-39_jpg.rf.e60239b1f4a2d3b06cf6fea514561dfd__782.0.jpg,4,chevron_direction,4,chevron_direction,0.988454282283783,"[4, 70, 61]","[0.988454282283783, 0.0013526371913030744, 0.0013082987861707807]",True
/content/MargDrishti/data/processed/crops/test/side_road_right/side_road_right-8_jpeg.rf.e690bdd14ae0f986177bcc627c2efd01__783.0.jpg,48,side_road_right,48,side_road_right,0.9302520155906677,"[48, 59, 70]","[0.9302520155906677, 0.04132916033267975, 0.007984752766788006]",True
/content/MargDrishti/data/processed/crops/test/right_reverse_bend/right_reverse_bend-34_jpg.rf.e78a91f53eecb329f0c5a1852d6ef019__784.0.jpg,43,right_reverse_bend,43,right_reverse_bend,0.9695945382118225,"[43, 47, 42]","[0.9695945382118225, 0.011562724597752094, 0.0022921415511518717]",True
/content/MargDrishti/data/processed/crops/test/compulsary_ahead_or_turn_right/compulsary_ahead_or_turn_right-12_png.rf.e78dce78e4da65633d5e7b19782d003a__785.0.jpg,7,compulsary_ahead_or_turn_right,7,compulsary_ahead_or_turn_right,0.9665713310241699,"[7, 12, 39]","[0.9665713310241699, 0.003846357576549053, 0.0036639582831412554]",True
/content/MargDrishti/data/processed/crops/test/right_turn_prohibited/right_turn_prohibited-69_jpg.rf.e7f7582ee2eb15c4eb8ec30dec475d6e__786.0.jpg,44,right_turn_prohibited,44,right_turn_prohibited,0.9690816402435303,"[44, 33, 42]","[0.9690816402435303, 0.011380278505384922, 0.0035746030043810606]",True
/content/MargDrishti/data/processed/crops/test/right_turn_prohibited/right_turn_prohibited-18_jpg.rf.e8fec90bbb3b0b1e726162263430e840__787.0.jpg,44,right_turn_prohibited,44,right_turn_prohibited,0.9767702221870422,"[44, 33, 67]","[0.9767702221870422, 0.010929286479949951, 0.007160651963204145]",True
/content/MargDrishti/data/processed/crops/test/speed_limit_30/speed_limit_30-19_png.rf.e868fdf3f41634f5941d511369a6cf5e__788.0.jpg,53,speed_limit_30,53,speed_limit_30,0.9524224996566772,"[53, 52, 55]","[0.9524224996566772, 0.017922693863511086, 0.006480049807578325]",True
/content/MargDrishti/data/processed/crops/test/compulsary_turn_left_ahead/compulsary_turn_left_ahead-52_jpeg.rf.e90531e97ab259da2c9c0abad06e7a77__789.0.jpg,11,compulsary_turn_left_ahead,11,compulsary_turn_left_ahead,0.9409277439117432,"[11, 10, 6]","[0.9409277439117432, 0.00815529003739357, 0.007217036560177803]",True
/content/MargDrishti/data/processed/crops/test/left_turn_prohibited/left_turn_prohibited-4_jpg.rf.e9937573eb55a9f4019f399144a4c53c__790.0.jpg,26,left_turn_prohibited,26,left_turn_prohibited,0.8866823315620422,"[26, 18, 21]","[0.8866823315620422, 0.028653457760810852, 0.01813741773366928]",True
/content/MargDrishti/data/processed/crops/test/roundabout/roundabout-49_png.rf.e959b881865a5cf415128a898093b9fe__791.0.jpg,45,roundabout,45,roundabout,0.9313153624534607,"[45, 36, 6]","[0.9313153624534607, 0.015160216949880123, 0.01077093742787838]",True
/content/MargDrishti/data/processed/crops/test/bullock_cart_and_hand_cart_prohibited/bullock_cart_and_hand_cart_prohibited-57_png.rf.e98979977267fd91aa1eebfc78a23edc__792.0.jpg,2,bullock_cart_and_hand_cart_prohibited,35,overtaking_prohibited,0.6776304244995117,"[35, 2, 65]","[0.6776304244995117, 0.16997651755809784, 0.07527392357587814]",False
/content/MargDrishti/data/processed/crops/test/pedestrian_prohibited/pedestrian_prohibited-4_png.rf.e96b174b39a973881a61cfd81fc0ebcf__793.0.jpg,38,pedestrian_prohibited,38,pedestrian_prohibited,0.9318770170211792,"[38, 0, 35]","[0.9318770170211792, 0.008429789915680885, 0.005958906840533018]",True
/content/MargDrishti/data/processed/crops/test/pedestrian_crossing/pedestrian_crossing-20_jpg.rf.ea0835f706a3df0ae316e6ce2aa4c6b0__794.0.jpg,37,pedestrian_crossing,37,pedestrian_crossing,0.6461281180381775,"[37, 46, 29]","[0.6461281180381775, 0.2285151332616806, 0.02461133524775505]",True
/content/MargDrishti/data/processed/crops/test/compulsary_keep_left/compulsary_keep_left-49_jpg.rf.ea981cc1549021242093abff82bd690d__796.0.jpg,8,compulsary_keep_left,8,compulsary_keep_left,0.9635600447654724,"[8, 36, 21]","[0.9635600447654724, 0.01069380808621645, 0.002050823299214244]",True
/content/MargDrishti/data/processed/crops/test/speed_limit_60/speed_limit_60-26_png.rf.ead99064d3f1ab6f89d2f6886205ca4c__797.0.jpg,56,speed_limit_60,56,speed_limit_60,0.952335774898529,"[56, 58, 54]","[0.952335774898529, 0.013211977668106556, 0.004397502169013023]",True
/content/MargDrishti/data/processed/crops/test/speed_limit_100/speed_limit_100-45_png.rf.ebf86033004396e3555957726c71939a__798.0.jpg,50,speed_limit_100,50,speed_limit_100,0.9500659108161926,"[50, 51, 19]","[0.9500659108161926, 0.017612524330615997, 0.004548993892967701]",True
/content/MargDrishti/data/processed/crops/test/left_reverse_bend/left_reverse_bend-37_png.rf.ead2bc4952d363d137538db085a4f271__799.0.jpg,25,left_reverse_bend,31,narrow_road_ahead,0.2926775813102722,"[31, 25, 29]","[0.2926775813102722, 0.2437509000301361, 0.1320551335811615]",False
/content/MargDrishti/data/processed/crops/test/narrow_road_ahead/narrow_road_ahead-46_png.rf.eb970e5bd509c4578b0d92cd35d16364__800.0.jpg,31,narrow_road_ahead,31,narrow_road_ahead,0.9368391633033752,"[31, 66, 25]","[0.9368391633033752, 0.01510444562882185, 0.006576893851161003]",True
/content/MargDrishti/data/processed/crops/test/traffic_signal/traffic_signal-1_jpg.rf.ebee733768fb73a36348d3051a52f54e__801.0.jpg,64,traffic_signal,64,traffic_signal,0.10659481585025787,"[64, 31, 49]","[0.10659481585025787, 0.08901806175708771, 0.08462042361497879]",True
/content/MargDrishti/data/processed/crops/test/no_stopping_or_standing/no_stopping_or_standing-40_jpg.rf.ed022e2a18d60ec2f97d3c69d97841ba__802.0.jpg,34,no_stopping_or_standing,34,no_stopping_or_standing,0.9157503247261047,"[34, 33, 22]","[0.9157503247261047, 0.054377231746912, 0.0034519010223448277]",True
/content/MargDrishti/data/processed/crops/test/left_reverse_bend/left_reverse_bend-24_png.rf.eeab5fd1940d3bb39fe443323de0dee0__803.0.jpg,25,left_reverse_bend,25,left_reverse_bend,0.9894240498542786,"[25, 48, 66]","[0.9894240498542786, 0.001776407822035253, 0.0009699943475425243]",True
/content/MargDrishti/data/processed/crops/test/left_turn_prohibited/left_turn_prohibited-9_jpg.rf.ee4ff7b0608c7280911ad865db74c403__804.0.jpg,26,left_turn_prohibited,26,left_turn_prohibited,0.9891287684440613,"[26, 21, 18]","[0.9891287684440613, 0.0016586706042289734, 0.0006752411718480289]",True
/content/MargDrishti/data/processed/crops/test/cross_road/cross_road-16_jpg.rf.edd83a70fbf48cadb8c8ed18665e73ca__805.0.jpg,13,cross_road,13,cross_road,0.9710952043533325,"[13, 46, 40]","[0.9710952043533325, 0.008007085882127285, 0.0012858927948400378]",True
/content/MargDrishti/data/processed/crops/test/hump_or_rough_road/hump_or_rough_road-2_jpg.rf.ed1f680656812dc61b9d0fb632e259ee__806.0.jpg,23,hump_or_rough_road,23,hump_or_rough_road,0.5928471684455872,"[23, 60, 61]","[0.5928471684455872, 0.198360875248909, 0.10958821326494217]",True
/content/MargDrishti/data/processed/crops/test/narrow_road_ahead/narrow_road_ahead-21_jpg.rf.efc377bf84ac561173e7cc79c4136ec9__808.0.jpg,31,narrow_road_ahead,31,narrow_road_ahead,0.9856299757957458,"[31, 30, 66]","[0.9856299757957458, 0.002547573996707797, 0.0013013429706916213]",True
/content/MargDrishti/data/processed/crops/test/cattle_ahead/cattle_ahead-20_jpg.rf.f0c20a21cc780ec88e921448b80df993__809.0.jpg,3,cattle_ahead,3,cattle_ahead,0.912061870098114,"[3, 63, 68]","[0.912061870098114, 0.024567214772105217, 0.00990547426044941]",True
/content/MargDrishti/data/processed/crops/test/right_turn_prohibited/right_turn_prohibited-24_jpg.rf.efe9a4c34d598ac8f07b1571fe640b73__810.0.jpg,44,right_turn_prohibited,44,right_turn_prohibited,0.9874390959739685,"[44, 33, 42]","[0.9874390959739685, 0.0019768790807574987, 0.0017214830731973052]",True
/content/MargDrishti/data/processed/crops/test/petrol_pump_ahead/petrol_pump_ahead-46_jpg.rf.f0fc76b33267e1fc483e9787f10c31f6__811.0.jpg,39,petrol_pump_ahead,39,petrol_pump_ahead,0.9938666224479675,"[39, 22, 1]","[0.9938666224479675, 0.004149105865508318, 0.00020318951283115894]",True
/content/MargDrishti/data/processed/crops/test/u_turn_prohibited/u_turn_prohibited-1_jpg.rf.f1e94406cece9934023922da2f37a559__812.0.jpg,67,u_turn_prohibited,67,u_turn_prohibited,0.8682658672332764,"[67, 33, 66]","[0.8682658672332764, 0.09478288888931274, 0.0054101538844406605]",True
/content/MargDrishti/data/processed/crops/test/compulsary_ahead_or_turn_left/compulsary_ahead_or_turn_left-13_png.rf.f16703d0114261c8ac259bf172d9ff52__813.0.jpg,6,compulsary_ahead_or_turn_left,6,compulsary_ahead_or_turn_left,0.9735873937606812,"[6, 5, 45]","[0.9735873937606812, 0.005503921769559383, 0.0025594080798327923]",True
/content/MargDrishti/data/processed/crops/test/guarded_level_crossing/guarded_level_crossing-16_jpg.rf.f12cf17341ed8cc5a42f6f5948b47951__814.0.jpg,19,guarded_level_crossing,19,guarded_level_crossing,0.5780043601989746,"[19, 51, 17]","[0.5780043601989746, 0.02199959009885788, 0.02032131887972355]",True
/content/MargDrishti/data/processed/crops/test/all_motor_vehicle_prohibited/all_motor_vehicle_prohibited-27_png.rf.f2204348bf7481d91c206ed1d4acc6eb__815.0.jpg,0,all_motor_vehicle_prohibited,0,all_motor_vehicle_prohibited,0.9608500599861145,"[0, 28, 68]","[0.9608500599861145, 0.010478651151061058, 0.005148128140717745]",True
/content/MargDrishti/data/processed/crops/test/guarded_level_crossing/guarded_level_crossing-55_png.rf.f24287b52edbae8baff20923ebfce61a__816.0.jpg,19,guarded_level_crossing,19,guarded_level_crossing,0.9630936980247498,"[19, 27, 32]","[0.9630936980247498, 0.005815017502754927, 0.0027529357466846704]",True
/content/MargDrishti/data/processed/crops/test/roundabout/roundabout-31_jpg.rf.f2648005403ca01cbaf14165d5bc256e__817.0.jpg,45,roundabout,49,slippery_road,0.2479153871536255,"[49, 55, 43]","[0.2479153871536255, 0.16885755956172943, 0.06570606678724289]",False
/content/MargDrishti/data/processed/crops/test/truck_prohibited/truck_prohibited-26_jpg.rf.f269a2598455fa85e29ea4e338e539d4__818.0.jpg,65,truck_prohibited,65,truck_prohibited,0.8146884441375732,"[65, 35, 2]","[0.8146884441375732, 0.0389547161757946, 0.038091741502285004]",True
/content/MargDrishti/data/processed/crops/test/pass_either_side/pass_either_side-7_jpeg.rf.f2987d2b430a357a12a02777c4233882__819.0.jpg,36,pass_either_side,36,pass_either_side,0.8077097535133362,"[36, 70, 69]","[0.8077097535133362, 0.041288573294878006, 0.021063517779111862]",True
/content/MargDrishti/data/processed/crops/test/compulsary_keep_left/compulsary_keep_left-5_jpg.rf.f332b48243f607dbc0d49fa2b1db6b24__820.0.jpg,8,compulsary_keep_left,8,compulsary_keep_left,0.9907151460647583,"[8, 12, 36]","[0.9907151460647583, 0.0025250972248613834, 0.0008831368177197874]",True
/content/MargDrishti/data/processed/crops/test/steep_ascent/steep_ascent-42_jpg.rf.f41e932fab735608bd26adbabe6ae110__821.0.jpg,60,steep_ascent,60,steep_ascent,0.7179085612297058,"[60, 61, 68]","[0.7179085612297058, 0.22150182723999023, 0.011382592841982841]",True
/content/MargDrishti/data/processed/crops/test/narrow_road_ahead/narrow_road_ahead-37_jpg.rf.f305326c6e6e5c2f5e34c583d1994590__822.0.jpg,31,narrow_road_ahead,31,narrow_road_ahead,0.9804454445838928,"[31, 30, 25]","[0.9804454445838928, 0.002935093129053712, 0.0012620844645425677]",True
/content/MargDrishti/data/processed/crops/test/overtaking_prohibited/overtaking_prohibited-48_jpg.rf.f42ce0bd2e7a9e26ee28e93bae0148ee__823.0.jpg,35,overtaking_prohibited,35,overtaking_prohibited,0.6993077993392944,"[35, 52, 13]","[0.6993077993392944, 0.08606866747140884, 0.03630521148443222]",True
/content/MargDrishti/data/processed/crops/test/compulsary_keep_right/compulsary_keep_right-61_png.rf.f43b83852635d8c49aaae599a8b4fad1__824.0.jpg,9,compulsary_keep_right,9,compulsary_keep_right,0.9910387396812439,"[9, 61, 36]","[0.9910387396812439, 0.003128193551674485, 0.0011581826256588101]",True
/content/MargDrishti/data/processed/crops/test/dangerous_dip/dangerous_dip-12_jpg.rf.f48dc5847b708281e6473f1b9cfd770a__825.0.jpg,15,dangerous_dip,15,dangerous_dip,0.9854593276977539,"[15, 23, 45]","[0.9854593276977539, 0.002230027224868536, 0.0014793446753174067]",True
/content/MargDrishti/data/processed/crops/test/speed_limit_30/speed_limit_30-66_png.rf.f4a1077851398f0e298eddf454e8b568__826.0.jpg,53,speed_limit_30,53,speed_limit_30,0.9668516516685486,"[53, 52, 55]","[0.9668516516685486, 0.008620508015155792, 0.005126244854182005]",True
/content/MargDrishti/data/processed/crops/test/speed_limit_120/speed_limit_120-0_png.rf.f53c1698e7b22f821ff638618d356371__827.0.jpg,51,speed_limit_120,51,speed_limit_120,0.8017440438270569,"[51, 52, 69]","[0.8017440438270569, 0.07943502068519592, 0.016028080135583878]",True
/content/MargDrishti/data/processed/crops/test/no_parking/no_parking-46_jpg.rf.f52e248db939dd0172b9f1d7b5a578a9__828.0.jpg,33,no_parking,33,no_parking,0.4207291007041931,"[33, 34, 26]","[0.4207291007041931, 0.13766193389892578, 0.025710953399538994]",True
/content/MargDrishti/data/processed/crops/test/u_turn/u_turn-55_jpg.rf.f4c357a39a53b542317fd00397e05b0f__829.0.jpg,66,u_turn,66,u_turn,0.9825641512870789,"[66, 31, 25]","[0.9825641512870789, 0.0027930529322475195, 0.0027615372091531754]",True
/content/MargDrishti/data/processed/crops/test/u_turn/u_turn-42_jpg.rf.f5b2ae919e32736e211312a03dc67664__831.0.jpg,66,u_turn,66,u_turn,0.949031412601471,"[66, 57, 31]","[0.949031412601471, 0.009308862499892712, 0.006778165698051453]",True
/content/MargDrishti/data/processed/crops/test/compulsary_turn_left_ahead/compulsary_turn_left_ahead-29_jpg.rf.f610eefc2fe591fa2f46c66b327ba44a__832.0.jpg,11,compulsary_turn_left_ahead,11,compulsary_turn_left_ahead,0.953090488910675,"[11, 22, 26]","[0.953090488910675, 0.004297076724469662, 0.00313588697463274]",True
/content/MargDrishti/data/processed/crops/test/compulsary_ahead_or_turn_right/compulsary_ahead_or_turn_right-57_png.rf.f5d46542a4e45f86530e2f9892a1209b__833.0.jpg,7,compulsary_ahead_or_turn_right,7,compulsary_ahead_or_turn_right,0.39559656381607056,"[7, 5, 12]","[0.39559656381607056, 0.26687636971473694, 0.15033134818077087]",True
/content/MargDrishti/data/processed/crops/test/school_ahead/school_ahead-34_jpg.rf.f73f545b50536ae75a529f184cdb67b3__834.0.jpg,46,school_ahead,46,school_ahead,0.9830710291862488,"[46, 28, 30]","[0.9830710291862488, 0.0035179834812879562, 0.002838741522282362]",True
/content/MargDrishti/data/processed/crops/test/cycle_crossing/cycle_crossing-46_png.rf.f7ec623aa02293255723300f723d335c__835.0.jpg,14,cycle_crossing,14,cycle_crossing,0.9527559876441956,"[14, 46, 55]","[0.9527559876441956, 0.008801264688372612, 0.003839425276964903]",True
/content/MargDrishti/data/processed/crops/test/school_ahead/school_ahead-14_jpg.rf.f767dc9655f3991f62efe76cfbd374ea__836.0.jpg,46,school_ahead,46,school_ahead,0.8370802402496338,"[46, 31, 30]","[0.8370802402496338, 0.0328654870390892, 0.02776026353240013]",True
/content/MargDrishti/data/processed/crops/test/narrow_road_ahead/narrow_road_ahead-39_png.rf.f76220d234d327adda22e51fc659456a__837.0.jpg,31,narrow_road_ahead,31,narrow_road_ahead,0.932415246963501,"[31, 66, 25]","[0.932415246963501, 0.008837418630719185, 0.005884113255888224]",True
/content/MargDrishti/data/processed/crops/test/traffic_signal/traffic_signal-34_png.rf.f78e2c97d8f1842f8017bebf3d61f312__838.0.jpg,64,traffic_signal,64,traffic_signal,0.9746015667915344,"[64, 23, 47]","[0.9746015667915344, 0.002444388810545206, 0.0021471527870744467]",True
/content/MargDrishti/data/processed/crops/test/falling_rocks/falling_rocks-63_jpg.rf.f8893b101e2a501746c97fa2937a5efd__839.0.jpg,16,falling_rocks,16,falling_rocks,0.9362800121307373,"[16, 61, 46]","[0.9362800121307373, 0.008243287913501263, 0.00802520103752613]",True
/content/MargDrishti/data/processed/crops/test/school_ahead/school_ahead-8_jpg.rf.f8c76c3705f3a0fe4b426fe4a3b79bf5__840.0.jpg,46,school_ahead,46,school_ahead,0.5765002369880676,"[46, 13, 59]","[0.5765002369880676, 0.10026609897613525, 0.06627441942691803]",True
/content/MargDrishti/data/processed/crops/test/steep_descent/steep_descent-12_png.rf.f8db282a707884f70d7f0b632c57e6b1__841.0.jpg,61,steep_descent,61,steep_descent,0.9973758459091187,"[61, 40, 9]","[0.9973758459091187, 0.00046105345245450735, 0.00039401481626555324]",True
/content/MargDrishti/data/processed/crops/test/speed_limit_70/speed_limit_70-59_png.rf.f8df6d2d1954bc1c57fe1f85c710f42d__842.0.jpg,57,speed_limit_70,57,speed_limit_70,0.9460751414299011,"[57, 66, 52]","[0.9460751414299011, 0.017963668331503868, 0.006204115226864815]",True
/content/MargDrishti/data/processed/crops/test/roundabout/roundabout-39_jpg.rf.f96adca9252f433c148cc42f62b0b535__843.0.jpg,45,roundabout,45,roundabout,0.980540931224823,"[45, 42, 20]","[0.980540931224823, 0.003063379554077983, 0.0026650940999388695]",True
/content/MargDrishti/data/processed/crops/test/petrol_pump_ahead/petrol_pump_ahead-34_png.rf.f977400c61e442fa6fa7504351e61291__844.0.jpg,39,petrol_pump_ahead,39,petrol_pump_ahead,0.8164252638816833,"[39, 22, 12]","[0.8164252638816833, 0.11889882385730743, 0.011040525510907173]",True
/content/MargDrishti/data/processed/crops/test/compulsary_turn_right_ahead/compulsary_turn_right_ahead-19_png.rf.f9ab5a105cf87383e86bb91278b55eeb__845.0.jpg,12,compulsary_turn_right_ahead,12,compulsary_turn_right_ahead,0.9948523640632629,"[12, 8, 7]","[0.9948523640632629, 0.0013184937415644526, 0.00034868455259129405]",True
/content/MargDrishti/data/processed/crops/test/quay_side_or_river_bank/quay_side_or_river_bank-65_jpeg.rf.f929bbf348fe9bb5808274d92bdaadb8__846.0.jpg,40,quay_side_or_river_bank,40,quay_side_or_river_bank,0.49301061034202576,"[40, 28, 19]","[0.49301061034202576, 0.12608367204666138, 0.08470872789621353]",True
/content/MargDrishti/data/processed/crops/test/horn_prohibited/horn_prohibited-0_jpg.rf.f9f75c00a9cc0e0b3b8479ecd02e6cf6__847.0.jpg,21,horn_prohibited,21,horn_prohibited,0.976138710975647,"[21, 17, 13]","[0.976138710975647, 0.0061455885879695415, 0.002627909416332841]",True
/content/MargDrishti/data/processed/crops/test/compulsary_turn_right_ahead/compulsary_turn_right_ahead-36_png.rf.fa33831033e44e184eb2128d97284802__848.0.jpg,12,compulsary_turn_right_ahead,12,compulsary_turn_right_ahead,0.9831966161727905,"[12, 5, 7]","[0.9831966161727905, 0.0029620390851050615, 0.0019184800330549479]",True
/content/MargDrishti/data/processed/crops/test/right_turn_prohibited/right_turn_prohibited-19_jpg.rf.f9da789c323011d5812a563d64437a8e__849.0.jpg,44,right_turn_prohibited,44,right_turn_prohibited,0.9890738129615784,"[44, 33, 42]","[0.9890738129615784, 0.0017015788471326232, 0.0012599510373547673]",True
/content/MargDrishti/data/processed/crops/test/compulsary_sound_horn/compulsary_sound_horn-14_jpg.rf.fa64a36673f16094ad8e54e6d4c7daa6__850.0.jpg,10,compulsary_sound_horn,10,compulsary_sound_horn,0.976348876953125,"[10, 36, 12]","[0.976348876953125, 0.0037179936189204454, 0.0036258534528315067]",True
/content/MargDrishti/data/processed/crops/test/speed_limit_20/speed_limit_20-1_jpg.rf.fa818d6a7dda1e9af78578a165b1f7c9__851.0.jpg,52,speed_limit_20,52,speed_limit_20,0.8141951560974121,"[52, 27, 1]","[0.8141951560974121, 0.051099993288517, 0.013721204362809658]",True
/content/MargDrishti/data/processed/crops/test/compulsary_ahead_or_turn_right/compulsary_ahead_or_turn_right-2_png.rf.fa6b9033f3047f684f9b7b700d2faf5c__852.0.jpg,7,compulsary_ahead_or_turn_right,7,compulsary_ahead_or_turn_right,0.9809829592704773,"[7, 5, 12]","[0.9809829592704773, 0.0033837745431810617, 0.0015221323119476438]",True
/content/MargDrishti/data/processed/crops/test/right_turn_prohibited/right_turn_prohibited-28_jpg.rf.faa39dd1372a55521fec877180a73313__853.0.jpg,44,right_turn_prohibited,44,right_turn_prohibited,0.9619500041007996,"[44, 42, 67]","[0.9619500041007996, 0.004497754853218794, 0.003450860967859626]",True
/content/MargDrishti/data/processed/crops/test/speed_limit_50/speed_limit_50-39_png.rf.fb09651ec85b90938a07a34371f82337__854.0.jpg,55,speed_limit_50,55,speed_limit_50,0.9373930096626282,"[55, 56, 39]","[0.9373930096626282, 0.005399730522185564, 0.003124798182398081]",True
/content/MargDrishti/data/processed/crops/test/all_motor_vehicle_prohibited/all_motor_vehicle_prohibited-17_jpg.rf.fba39c800886c37b72472695ed342657__855.0.jpg,0,all_motor_vehicle_prohibited,0,all_motor_vehicle_prohibited,0.9337780475616455,"[0, 68, 65]","[0.9337780475616455, 0.033931344747543335, 0.006483372766524553]",True
/content/MargDrishti/data/processed/crops/test/slippery_road/slippery_road-13_jpg.rf.fbbdee971a25a3ae3d8f248abba9f9a9__856.0.jpg,49,slippery_road,49,slippery_road,0.985468327999115,"[49, 59, 68]","[0.985468327999115, 0.0018728895811364055, 0.0017882847459986806]",True
/content/MargDrishti/data/processed/crops/test/right_reverse_bend/right_reverse_bend-21_jpg.rf.fbd1f6c9dec22cb80053e6845fc62240__857.0.jpg,43,right_reverse_bend,43,right_reverse_bend,0.9905707836151123,"[43, 42, 1]","[0.9905707836151123, 0.0008176484261639416, 0.0007970336591824889]",True
/content/MargDrishti/data/processed/crops/test/all_motor_vehicle_prohibited/all_motor_vehicle_prohibited-33_JPG.rf.fb5d57a1ffc95dde5dac38bf43f72eae__858.0.jpg,0,all_motor_vehicle_prohibited,0,all_motor_vehicle_prohibited,0.958947479724884,"[0, 35, 21]","[0.958947479724884, 0.006571637932211161, 0.006392171606421471]",True
/content/MargDrishti/data/processed/crops/test/compulsary_keep_left/compulsary_keep_left-45_png.rf.fc6e63860f567af8c2e167a89d19542b__859.0.jpg,8,compulsary_keep_left,8,compulsary_keep_left,0.7015566229820251,"[8, 36, 45]","[0.7015566229820251, 0.04603336378931999, 0.018884819000959396]",True
/content/MargDrishti/data/processed/crops/test/u_turn_prohibited/u_turn_prohibited-36_jpg.rf.fccee9520b66b0e762cfe9c13f95ef82__860.0.jpg,67,u_turn_prohibited,67,u_turn_prohibited,0.9462165236473083,"[67, 33, 66]","[0.9462165236473083, 0.00917156133800745, 0.005524771753698587]",True
/content/MargDrishti/data/processed/crops/test/compulsary_keep_left/compulsary_keep_left-32_jpg.rf.fc6879a87039d6ba73c3d820aa93077a__861.0.jpg,8,compulsary_keep_left,8,compulsary_keep_left,0.9857030510902405,"[8, 36, 4]","[0.9857030510902405, 0.0012483920436352491, 0.0011786666000261903]",True
/content/MargDrishti/data/processed/crops/test/speed_limit_120/speed_limit_120-13_jpeg.rf.fcd27e9053b9a3555e1b42386983c0a8__862.0.jpg,51,speed_limit_120,51,speed_limit_120,0.6275513172149658,"[51, 27, 1]","[0.6275513172149658, 0.07483470439910889, 0.05890994146466255]",True
/content/MargDrishti/data/processed/crops/test/side_road_right/side_road_right-43_jpg.rf.fd6eaa8edcd12c9703cd34f38b9b3d05__863.0.jpg,48,side_road_right,48,side_road_right,0.9507078528404236,"[48, 59, 70]","[0.9507078528404236, 0.037659380584955215, 0.005714246071875095]",True
/content/MargDrishti/data/processed/crops/test/speed_limit_100/speed_limit_100-30_png.rf.fdb69478a421d28a72df6bf247861d12__864.0.jpg,50,speed_limit_100,50,speed_limit_100,0.9622927308082581,"[50, 51, 19]","[0.9622927308082581, 0.014212456531822681, 0.0022597259376198053]",True
/content/MargDrishti/data/processed/crops/test/compulsary_ahead_or_turn_left/compulsary_ahead_or_turn_left-4_jpg.rf.fd9e724b8004b7eeb2579dc1f9e0fbb2__865.0.jpg,6,compulsary_ahead_or_turn_left,6,compulsary_ahead_or_turn_left,0.9607883095741272,"[6, 5, 22]","[0.9607883095741272, 0.006455583963543177, 0.0049977791495621204]",True
/content/MargDrishti/data/processed/crops/test/no_parking/no_parking-23_jpg.rf.fdd441a3c2ed22f3a403ea8374d1fd14__866.0.jpg,33,no_parking,33,no_parking,0.9152224659919739,"[33, 65, 67]","[0.9152224659919739, 0.014667563140392303, 0.009612083435058594]",True
/content/MargDrishti/data/processed/crops/test/speed_limit_120/speed_limit_120-63_png.rf.ff289fa973e5d72e340566eadb68097c__867.0.jpg,51,speed_limit_120,51,speed_limit_120,0.9194310903549194,"[51, 50, 57]","[0.9194310903549194, 0.03731472045183182, 0.010970713570713997]",True
/content/MargDrishti/data/processed/crops/test/axle_load_limit/axle_load_limit-29_jpg.rf.ff5bfe5ec824e59fc531775539d8555c__868.0.jpg,1,axle_load_limit,49,slippery_road,0.30446186661720276,"[49, 28, 0]","[0.30446186661720276, 0.2382272630929947, 0.14706221222877502]",False
/content/MargDrishti/data/processed/crops/test/left_reverse_bend/left_reverse_bend-20_jpg.rf.ffe831fe4c033e94e8f1ea6970b8770a__869.0.jpg,25,left_reverse_bend,25,left_reverse_bend,0.8600015044212341,"[25, 31, 66]","[0.8600015044212341, 0.01713193953037262, 0.01426986139267683]",True
/content/MargDrishti/data/processed/crops/test/narrow_road_ahead/narrow_road_ahead-43_png.rf.ff3ce8cc97b8dafcf7ca98501e8eb6bc__870.0.jpg,31,narrow_road_ahead,31,narrow_road_ahead,0.9732835292816162,"[31, 66, 25]","[0.9732835292816162, 0.004235747270286083, 0.002401812467724085]",True
