path,true_idx,true_name,pred_idx,pred_name,confidence,top3_indices,top3_probs,correct
/content/MargDrishti/data/processed/crops/test/no_stopping_or_standing/no_stopping_or_standing-57_jpg.rf.0418ee94c194e36efeed2bac26406363__0.0.jpg,34,no_stopping_or_standing,66,u_turn,0.9755849242210388,"[66, 68, 19]","[0.9755849242210388, 0.01102173887193203, 0.00853737536817789]",False
/content/MargDrishti/data/processed/crops/test/slippery_road/slippery_road-47_png.rf.049f06bd08af457d75dd31aa2b1d8914__1.0.jpg,49,slippery_road,8,compulsary_keep_left,0.9539534449577332,"[8, 64, 15]","[0.9539534449577332, 0.042691826820373535, 0.0013007530942559242]",False
/content/MargDrishti/data/processed/crops/test/overtaking_prohibited/overtaking_prohibited-12_jpg.rf.01da5d854e92036a005dc09147817f47__2.0.jpg,35,overtaking_prohibited,53,speed_limit_30,0.9482277631759644,"[53, 68, 19]","[0.9482277631759644, 0.03191923350095749, 0.015209374949336052]",False
/content/MargDrishti/data/processed/crops/test/cattle_ahead/cattle_ahead-25_jpg.rf.0746d45fbf46c067f63e3d12a88c0120__3.0.jpg,3,cattle_ahead,68,unguarded_level_crossing,0.9789692163467407,"[68, 8, 67]","[0.9789692163467407, 0.010443029925227165, 0.007260809186846018]",False
/content/MargDrishti/data/processed/crops/test/all_motor_vehicle_prohibited/all_motor_vehicle_prohibited-13_jpg.rf.0889f592fa6098d98bfee5b3b16939c0__4.0.jpg,0,all_motor_vehicle_prohibited,63,t_intersection,0.6092138886451721,"[63, 62, 41]","[0.6092138886451721, 0.390611469745636, 9.935459092957899e-05]",False
/content/MargDrishti/data/processed/crops/test/pass_either_side/pass_either_side-27_jpg.rf.0400651216882f78f36d6112ecbfb28e__5.0.jpg,36,pass_either_side,19,guarded_level_crossing,0.3767090439796448,"[19, 16, 45]","[0.3767090439796448, 0.36272281408309937, 0.13998153805732727]",False
/content/MargDrishti/data/processed/crops/test/traffic_signal/traffic_signal-52_png.rf.0907c89e65c3767abf4b2cb72098de91__6.0.jpg,64,traffic_signal,19,guarded_level_crossing,0.8682971000671387,"[19, 62, 51]","[0.8682971000671387, 0.12172920256853104, 0.009357414208352566]",False
/content/MargDrishti/data/processed/crops/test/narrow_bridge_ahead/narrow_bridge_ahead-31_jpeg.rf.007a6e53fe0e1ec0fcde65e5c662e19f__7.0.jpg,30,narrow_bridge_ahead,41,restriction_ends,0.5311089158058167,"[41, 68, 52]","[0.5311089158058167, 0.25242313742637634, 0.16251938045024872]",False
/content/MargDrishti/data/processed/crops/test/pass_either_side/pass_either_side-55_jpg.rf.0199606abae971cd3a9f85eda75c98c2__8.0.jpg,36,pass_either_side,68,unguarded_level_crossing,0.7158914804458618,"[68, 67, 19]","[0.7158914804458618, 0.14560773968696594, 0.059724025428295135]",False
/content/MargDrishti/data/processed/crops/test/stop/stop-43_png.rf.06f95c1d1747191af9626cc43ab8a209__9.0.jpg,62,stop,6,compulsary_ahead_or_turn_left,0.9649727940559387,"[6, 41, 51]","[0.9649727940559387, 0.03036060929298401, 0.0029757244046777487]",False
/content/MargDrishti/data/processed/crops/test/quay_side_or_river_bank/quay_side_or_river_bank-56_jpg.rf.018c2f9ad535e652b18eb93da42e6dc5__10.0.jpg,40,quay_side_or_river_bank,30,narrow_bridge_ahead,0.3327767550945282,"[30, 29, 63]","[0.3327767550945282, 0.306797593832016, 0.2914596498012543]",False
/content/MargDrishti/data/processed/crops/test/compulsary_ahead_or_turn_left/compulsary_ahead_or_turn_left-40_png.rf.01cf56bd84a0f2a8c299b69202273f1b__11.0.jpg,6,compulsary_ahead_or_turn_left,19,guarded_level_crossing,0.605057418346405,"[19, 68, 66]","[0.605057418346405, 0.3828837275505066, 0.009271553717553616]",False
/content/MargDrishti/data/processed/crops/test/loose_gravel/loose_gravel-25_jpeg.rf.0316048851cc995789d1396baeba2651__12.0.jpg,28,loose_gravel,22,hospital_ahead,0.720718264579773,"[22, 45, 62]","[0.720718264579773, 0.1425105333328247, 0.10085830092430115]",False
/content/MargDrishti/data/processed/crops/test/left_reverse_bend/left_reverse_bend-56_jpg.rf.00595c45897ab9380b024a578bca58fa__13.0.jpg,25,left_reverse_bend,68,unguarded_level_crossing,0.7282654643058777,"[68, 26, 16]","[0.7282654643058777, 0.1282959133386612, 0.12159943580627441]",False
/content/MargDrishti/data/processed/crops/test/unguarded_level_crossing/unguarded_level_crossing-1_jpg.rf.03dc44ae0c8b55a99e17ba31a698f5af__14.0.jpg,68,unguarded_level_crossing,62,stop,0.8837522268295288,"[62, 8, 38]","[0.8837522268295288, 0.11561106145381927, 0.0006256711785681546]",False
/content/MargDrishti/data/processed/crops/test/speed_limit_100/speed_limit_100-8_jpg.rf.00c887b207dd2e4ca4800a0ec1c84491__15.0.jpg,50,speed_limit_100,68,unguarded_level_crossing,0.7490760684013367,"[68, 35, 53]","[0.7490760684013367, 0.23662573099136353, 0.010404979810118675]",False
/content/MargDrishti/data/processed/crops/test/bullock_cart_and_hand_cart_prohibited/bullock_cart_and_hand_cart_prohibited-7_jpeg.rf.00713880fce71f8310e055bf5b47cc65__16.0.jpg,2,bullock_cart_and_hand_cart_prohibited,45,roundabout,0.6968230605125427,"[45, 68, 60]","[0.6968230605125427, 0.2928723692893982, 0.005206400994211435]",False
/content/MargDrishti/data/processed/crops/test/slippery_road/slippery_road-43_png.rf.08dadc118192c2c315c8895840a28852__17.0.jpg,49,slippery_road,68,unguarded_level_crossing,0.6559704542160034,"[68, 67, 27]","[0.6559704542160034, 0.2621939480304718, 0.027773190289735794]",False
/content/MargDrishti/data/processed/crops/test/school_ahead/school_ahead-41_jpg.rf.0380a3ac9531c1ec1116a260593bcba8__18.0.jpg,46,school_ahead,19,guarded_level_crossing,0.5461745858192444,"[19, 68, 51]","[0.5461745858192444, 0.4537906050682068, 3.395552630536258e-05]",False
/content/MargDrishti/data/processed/crops/test/all_motor_vehicle_prohibited/all_motor_vehicle_prohibited-57_jpg.rf.05a4f0ec8cba6c82442d358b452af29b__19.0.jpg,0,all_motor_vehicle_prohibited,68,unguarded_level_crossing,0.9982696771621704,"[68, 45, 63]","[0.9982696771621704, 0.0013860611943528056, 0.0003273218753747642]",False
/content/MargDrishti/data/processed/crops/test/speed_limit_100/speed_limit_100-12_png.rf.011f68db4be6ebd4e60b1bc7df1cb8cc__20.0.jpg,50,speed_limit_100,67,u_turn_prohibited,0.43882185220718384,"[67, 8, 68]","[0.43882185220718384, 0.3097513020038605, 0.17720219492912292]",False
/content/MargDrishti/data/processed/crops/test/u_turn/u_turn-59_jpg.rf.071848948699187281cdce117b6a8d8b__21.0.jpg,66,u_turn,63,t_intersection,0.6049555540084839,"[63, 19, 51]","[0.6049555540084839, 0.19598643481731415, 0.13592009246349335]",False
/content/MargDrishti/data/processed/crops/test/compulsary_keep_right/compulsary_keep_right-55_jpeg.rf.004275d2b041bf903452e88a48ae4427__22.0.jpg,9,compulsary_keep_right,68,unguarded_level_crossing,0.9998483657836914,"[68, 29, 62]","[0.9998483657836914, 0.0001065702163032256, 2.175109511881601e-05]",False
/content/MargDrishti/data/processed/crops/test/right_hand_curve/right_hand_curve-31_jpg.rf.09173d73428cb9d3755bf73d1dd0b50d__23.0.jpg,42,right_hand_curve,53,speed_limit_30,0.6306471824645996,"[53, 27, 19]","[0.6306471824645996, 0.23608750104904175, 0.1302047073841095]",False
/content/MargDrishti/data/processed/crops/test/compulsary_turn_right_ahead/compulsary_turn_right_ahead-40_png.rf.009fe9aa525e4c953667d31181261873__24.0.jpg,12,compulsary_turn_right_ahead,68,unguarded_level_crossing,0.9999921321868896,"[68, 63, 8]","[0.9999921321868896, 6.9991715463402215e-06, 3.6983831819270563e-07]",False
/content/MargDrishti/data/processed/crops/test/stop/stop-49_png.rf.00191c18675c69b2e9a6c42e1d23f42c__25.0.jpg,62,stop,19,guarded_level_crossing,0.9275853633880615,"[19, 45, 6]","[0.9275853633880615, 0.06976929306983948, 0.001085455995053053]",False
/content/MargDrishti/data/processed/crops/test/right_hand_curve/right_hand_curve-29_jpg.rf.099bd1485a38dc18043e33f22c30ceb7__26.0.jpg,42,right_hand_curve,68,unguarded_level_crossing,0.9812284111976624,"[68, 51, 26]","[0.9812284111976624, 0.01842445880174637, 0.0001159570601885207]",False
/content/MargDrishti/data/processed/crops/test/speed_limit_30/speed_limit_30-30_png.rf.0953b6a01b8814577d3be9ca4706f603__27.0.jpg,53,speed_limit_30,22,hospital_ahead,0.5925400257110596,"[22, 30, 68]","[0.5925400257110596, 0.13378046452999115, 0.12990014255046844]",False
/content/MargDrishti/data/processed/crops/test/steep_ascent/steep_ascent-32_jpg.rf.097a122f5aba86d2fc3891250be17858__28.0.jpg,60,steep_ascent,68,unguarded_level_crossing,0.930510938167572,"[68, 45, 0]","[0.930510938167572, 0.06833179295063019, 0.0008610469521954656]",False
/content/MargDrishti/data/processed/crops/test/speed_limit_120/speed_limit_120-31_png.rf.09a5f6e2a9ada83f591de2ae553153b4__29.0.jpg,51,speed_limit_120,68,unguarded_level_crossing,0.660113513469696,"[68, 19, 62]","[0.660113513469696, 0.13135646283626556, 0.11145208030939102]",False
/content/MargDrishti/data/processed/crops/test/slippery_road/slippery_road-57_jpg.rf.09c09f3fc2a7c4623e02869471824530__30.0.jpg,49,slippery_road,41,restriction_ends,0.9559402465820312,"[41, 29, 20]","[0.9559402465820312, 0.041130226105451584, 0.0027262461371719837]",False
/content/MargDrishti/data/processed/crops/test/no_stopping_or_standing/no_stopping_or_standing-0_jpeg.rf.0c6026c2a0bffcfbd86192871e58b3d4__31.0.jpg,34,no_stopping_or_standing,65,truck_prohibited,0.9991716146469116,"[65, 62, 8]","[0.9991716146469116, 0.0005579419084824622, 0.00026708681252785027]",False
/content/MargDrishti/data/processed/crops/test/all_motor_vehicle_prohibited/all_motor_vehicle_prohibited-55_jpg.rf.0a89d9d26e02ab286399b0a2dfbeb4ef__32.0.jpg,0,all_motor_vehicle_prohibited,62,stop,0.9598130583763123,"[62, 68, 67]","[0.9598130583763123, 0.0367872528731823, 0.002252785488963127]",False
/content/MargDrishti/data/processed/crops/test/left_reverse_bend/left_reverse_bend-19_png.rf.0c5e4a4326cab84351eef6e7478098e8__34.0.jpg,25,left_reverse_bend,67,u_turn_prohibited,0.9598758220672607,"[67, 19, 20]","[0.9598758220672607, 0.0123609509319067, 0.009507524780929089]",False
/content/MargDrishti/data/processed/crops/test/axle_load_limit/axle_load_limit-40_jpg.rf.0c33bee526eb8d518f018a68a1e6301f__35.0.jpg,1,axle_load_limit,68,unguarded_level_crossing,0.9909488558769226,"[68, 41, 30]","[0.9909488558769226, 0.009049052372574806, 1.6196265733015025e-06]",False
/content/MargDrishti/data/processed/crops/test/truck_prohibited/truck_prohibited-5_png.rf.0ccdf4c16c2554d61a127ee6760adfce__36.0.jpg,65,truck_prohibited,68,unguarded_level_crossing,0.9995530247688293,"[68, 31, 30]","[0.9995530247688293, 0.0002912763739004731, 0.0001490176364313811]",False
/content/MargDrishti/data/processed/crops/test/u_turn_prohibited/u_turn_prohibited-40_jpg.rf.0c8dfe51efc3a7b1e7961e1438c504d6__37.0.jpg,67,u_turn_prohibited,68,unguarded_level_crossing,0.7016778588294983,"[68, 53, 19]","[0.7016778588294983, 0.11145512759685516, 0.08344506472349167]",False
/content/MargDrishti/data/processed/crops/test/t_intersection/t_intersection-17_jpeg.rf.0ced7ae03d25f9175038ee045b1fb36d__38.0.jpg,63,t_intersection,0,all_motor_vehicle_prohibited,0.7630934119224548,"[0, 26, 19]","[0.7630934119224548, 0.10354387760162354, 0.08202970772981644]",False
/content/MargDrishti/data/processed/crops/test/speed_limit_20/speed_limit_20-44_png.rf.0d262841165fa20c08be0ad755c90af2__39.0.jpg,52,speed_limit_20,28,loose_gravel,0.9942337870597839,"[28, 62, 27]","[0.9942337870597839, 0.0018447493202984333, 0.0017524482682347298]",False
/content/MargDrishti/data/processed/crops/test/narrow_bridge_ahead/narrow_bridge_ahead-72_jpg.rf.0d5d9560d1ec8f4ca5c406c69d191301__40.0.jpg,30,narrow_bridge_ahead,20,height_limit,0.6774511337280273,"[20, 41, 51]","[0.6774511337280273, 0.2967970669269562, 0.014422054402530193]",False
/content/MargDrishti/data/processed/crops/test/hospital_ahead/hospital_ahead-7_jpg.rf.0d8defd98b507d76306e90f961bb327f__42.0.jpg,22,hospital_ahead,68,unguarded_level_crossing,0.6418814659118652,"[68, 38, 27]","[0.6418814659118652, 0.3265485167503357, 0.018523801118135452]",False
/content/MargDrishti/data/processed/crops/test/chevron_direction/chevron_direction-52_jpg.rf.0e2e93275ef7bb5c90bd87284bc3336e__43.0.jpg,4,chevron_direction,38,pedestrian_prohibited,0.7075576186180115,"[38, 27, 62]","[0.7075576186180115, 0.1466720700263977, 0.07006711512804031]",False
/content/MargDrishti/data/processed/crops/test/left_hand_curve/left_hand_curve-64_jpg.rf.0da4ceb3ffba657a6a8a82c3c9ee5bae__44.0.jpg,24,left_hand_curve,26,left_turn_prohibited,0.5559015870094299,"[26, 27, 19]","[0.5559015870094299, 0.43822377920150757, 0.002777431858703494]",False
/content/MargDrishti/data/processed/crops/test/length_limit/length_limit-38_jpg.rf.0e9f2e8a4c48e1c2db427acf5d8c3683__45.0.jpg,27,length_limit,62,stop,0.5894424319267273,"[62, 68, 41]","[0.5894424319267273, 0.35895663499832153, 0.051519736647605896]",False
/content/MargDrishti/data/processed/crops/test/quay_side_or_river_bank/quay_side_or_river_bank-34_jpg.rf.0f772bd5e3ec389f6aff17e52a8606a0__46.0.jpg,40,quay_side_or_river_bank,68,unguarded_level_crossing,0.7563667297363281,"[68, 10, 6]","[0.7563667297363281, 0.23583637177944183, 0.006008507218211889]",False
/content/MargDrishti/data/processed/crops/test/left_reverse_bend/left_reverse_bend-18_jpg.rf.0f7127338dfb43b152a98a1f44ed2769__47.0.jpg,25,left_reverse_bend,63,t_intersection,0.8194011449813843,"[63, 26, 68]","[0.8194011449813843, 0.1095530316233635, 0.01829596608877182]",False
/content/MargDrishti/data/processed/crops/test/dangerous_dip/dangerous_dip-5_jpg.rf.0ea520e269e55350d50b0b186d24644c__48.0.jpg,15,dangerous_dip,68,unguarded_level_crossing,0.9999908208847046,"[68, 26, 25]","[0.9999908208847046, 6.837235559942201e-06, 1.8141387272407883e-06]",False
/content/MargDrishti/data/processed/crops/test/speed_limit_120/speed_limit_120-29_png.rf.10e6cff5f3a1adb4c07a0ca7cde9d2a9__49.0.jpg,51,speed_limit_120,67,u_turn_prohibited,0.3798406720161438,"[67, 26, 53]","[0.3798406720161438, 0.3541152775287628, 0.23529309034347534]",False
/content/MargDrishti/data/processed/crops/test/slippery_road/slippery_road-30_png.rf.10d9f8d1a3c6f42849dcdc93415c2565__50.0.jpg,49,slippery_road,31,narrow_road_ahead,0.9960451722145081,"[31, 65, 6]","[0.9960451722145081, 0.002153357258066535, 0.0007294748793356121]",False
/content/MargDrishti/data/processed/crops/test/cross_road/cross_road-31_jpg.rf.111598742d2f4af5fdbe9d035a9a0bd1__51.0.jpg,13,cross_road,51,speed_limit_120,0.9999469518661499,"[51, 63, 26]","[0.9999469518661499, 2.2336398615152575e-05, 1.70584607985802e-05]",False
/content/MargDrishti/data/processed/crops/test/speed_limit_70/speed_limit_70-35_png.rf.11b4173effbd7cc1115e9881f7230b28__52.0.jpg,57,speed_limit_70,41,restriction_ends,0.9008990526199341,"[41, 51, 53]","[0.9008990526199341, 0.054001335054636, 0.04436491057276726]",False
/content/MargDrishti/data/processed/crops/test/speed_limit_30/speed_limit_30-16_png.rf.113128bb577c3d6ca268da28fb497ef1__53.0.jpg,53,speed_limit_30,51,speed_limit_120,0.7115521430969238,"[51, 41, 19]","[0.7115521430969238, 0.28409817814826965, 0.004081500694155693]",False
/content/MargDrishti/data/processed/crops/test/speed_limit_20/speed_limit_20-11_png.rf.120697f7cabd234e7ff701ed563b6696__54.0.jpg,52,speed_limit_20,28,loose_gravel,0.9939987659454346,"[28, 41, 29]","[0.9939987659454346, 0.004632929340004921, 0.000674676091875881]",False
/content/MargDrishti/data/processed/crops/test/unguarded_level_crossing/unguarded_level_crossing-23_jpeg.rf.11c36ce60f410acb9b191a8e00f21a7d__55.0.jpg,68,unguarded_level_crossing,19,guarded_level_crossing,0.994998574256897,"[19, 68, 20]","[0.994998574256897, 0.001985786482691765, 0.0011459698434919119]",False
/content/MargDrishti/data/processed/crops/test/cross_road/cross_road-38_jpg.rf.129497bc79136587e7f109ea99fe5fc3__56.0.jpg,13,cross_road,19,guarded_level_crossing,0.5873011946678162,"[19, 51, 8]","[0.5873011946678162, 0.1395242065191269, 0.10153941810131073]",False
/content/MargDrishti/data/processed/crops/test/right_hand_curve/right_hand_curve-58_png.rf.135f98ba974c85b3087d4b45c5d8e2e5__57.0.jpg,42,right_hand_curve,26,left_turn_prohibited,0.7586823105812073,"[26, 68, 10]","[0.7586823105812073, 0.15396730601787567, 0.03184860944747925]",False
/content/MargDrishti/data/processed/crops/test/speed_limit_30/speed_limit_30-3_jpg.rf.13fee685996264d5ff7a65cce58b15a9__58.0.jpg,53,speed_limit_30,41,restriction_ends,0.9649717211723328,"[41, 68, 63]","[0.9649717211723328, 0.03277517855167389, 0.002232370898127556]",False
/content/MargDrishti/data/processed/crops/test/cattle_ahead/cattle_ahead-35_jpg.rf.145de6d6a037591ef6c0f3f103a0963e__59.0.jpg,3,cattle_ahead,40,quay_side_or_river_bank,0.7462247610092163,"[40, 68, 26]","[0.7462247610092163, 0.20608161389827728, 0.04332048445940018]",False
/content/MargDrishti/data/processed/crops/test/falling_rocks/falling_rocks-18_jpg.rf.14526a46c26e11ff55ee3271f3d3b265__60.0.jpg,16,falling_rocks,26,left_turn_prohibited,0.9234294891357422,"[26, 48, 0]","[0.9234294891357422, 0.06824254989624023, 0.007674643769860268]",False
/content/MargDrishti/data/processed/crops/test/speed_limit_100/speed_limit_100-15_png.rf.14b6b27cf9db470ce7efad34dafbc9f2__62.0.jpg,50,speed_limit_100,68,unguarded_level_crossing,0.9995972514152527,"[68, 13, 51]","[0.9995972514152527, 0.0001659227127674967, 0.00012573845742736012]",False
/content/MargDrishti/data/processed/crops/test/speed_limit_20/speed_limit_20-36_png.rf.147f6e9fb87978bb60d45184d5c04a9e__63.0.jpg,52,speed_limit_20,8,compulsary_keep_left,0.9965691566467285,"[8, 68, 41]","[0.9965691566467285, 0.002534680999815464, 0.0007520564831793308]",False
/content/MargDrishti/data/processed/crops/test/t_intersection/t_intersection-21_jpeg.rf.15a66e32c30960a32d98cd4e00cc5ad0__65.0.jpg,63,t_intersection,62,stop,0.9873458743095398,"[62, 26, 45]","[0.9873458743095398, 0.010108187794685364, 0.0016438744496554136]",False
/content/MargDrishti/data/processed/crops/test/speed_limit_30/speed_limit_30-39_png.rf.15e2efc40528e14647ce2065039c58cf__66.0.jpg,53,speed_limit_30,41,restriction_ends,0.694175124168396,"[41, 68, 50]","[0.694175124168396, 0.18799646198749542, 0.06986191123723984]",False
/content/MargDrishti/data/processed/crops/test/restriction_ends/restriction_ends-65_png.rf.15ff1390c7cd3300de7c4a18034dcafe__67.0.jpg,41,restriction_ends,68,unguarded_level_crossing,1.0,"[68, 29, 10]","[1.0, 7.351961262003215e-10, 1.3432655053373377e-14]",False
/content/MargDrishti/data/processed/crops/test/hospital_ahead/hospital_ahead-9_jpg.rf.16104afde087c0405b98dbc78ec837fa__68.0.jpg,22,hospital_ahead,0,all_motor_vehicle_prohibited,0.9588934779167175,"[0, 68, 20]","[0.9588934779167175, 0.036305271089076996, 0.003080081893131137]",False
/content/MargDrishti/data/processed/crops/test/falling_rocks/falling_rocks-20_jpg.rf.1685f816b3c006d7bf40a58c0573f10e__69.0.jpg,16,falling_rocks,22,hospital_ahead,0.824826717376709,"[22, 26, 62]","[0.824826717376709, 0.1748400181531906, 0.000192168983630836]",False
/content/MargDrishti/data/processed/crops/test/cattle_ahead/cattle_ahead-8_jpg.rf.1730b0a5248516862f02f87ea1ac1a01__70.0.jpg,3,cattle_ahead,53,speed_limit_30,0.9707401394844055,"[53, 29, 20]","[0.9707401394844055, 0.009765592403709888, 0.0071888393722474575]",False
/content/MargDrishti/data/processed/crops/test/give_way/give_way-17_png.rf.17212ac50a117b47b263f7d8edf2c511__71.0.jpg,18,give_way,68,unguarded_level_crossing,0.49422189593315125,"[68, 41, 29]","[0.49422189593315125, 0.3320695161819458, 0.054109588265419006]",False
/content/MargDrishti/data/processed/crops/test/compulsary_ahead_or_turn_left/compulsary_ahead_or_turn_left-48_png.rf.17c699c5620d543fe264643a429cad99__72.0.jpg,6,compulsary_ahead_or_turn_left,8,compulsary_keep_left,0.37443065643310547,"[8, 19, 68]","[0.37443065643310547, 0.318754643201828, 0.2927512526512146]",False
/content/MargDrishti/data/processed/crops/test/stop/stop-62_png.rf.164e4bca42188c79e723048ecc3a0d71__73.0.jpg,62,stop,41,restriction_ends,0.8588804602622986,"[41, 60, 51]","[0.8588804602622986, 0.13895417749881744, 0.0018069454235956073]",False
/content/MargDrishti/data/processed/crops/test/right_turn_prohibited/right_turn_prohibited-45_jpg.rf.17ac2483d50af18b4d05b04ad83cae79__74.0.jpg,44,right_turn_prohibited,28,loose_gravel,0.9147961735725403,"[28, 19, 51]","[0.9147961735725403, 0.057684555649757385, 0.008919990621507168]",False
/content/MargDrishti/data/processed/crops/test/no_parking/no_parking-70_jpg.rf.17460c17d5639903161767b561963c08__76.0.jpg,33,no_parking,62,stop,0.9999703168869019,"[62, 38, 27]","[0.9999703168869019, 2.6953284759656526e-05, 1.9424676338530844e-06]",False
/content/MargDrishti/data/processed/crops/test/petrol_pump_ahead/petrol_pump_ahead-19_jpeg.rf.191a2b95b02e6b4ad735f5116865a0dc__77.0.jpg,39,petrol_pump_ahead,10,compulsary_sound_horn,0.8843162655830383,"[10, 68, 41]","[0.8843162655830383, 0.07935578376054764, 0.03351769223809242]",False
/content/MargDrishti/data/processed/crops/test/no_stopping_or_standing/no_stopping_or_standing-4_jpg.rf.18bdb249f2356c0ddbedc2d20bb14797__78.0.jpg,34,no_stopping_or_standing,66,u_turn,0.9971931576728821,"[66, 68, 51]","[0.9971931576728821, 0.0024677247274667025, 0.0002179921284550801]",False
/content/MargDrishti/data/processed/crops/test/unguarded_level_crossing/unguarded_level_crossing-9_png.rf.19ba1c73a494962dc8016a952bca356a__79.0.jpg,68,unguarded_level_crossing,62,stop,0.9923793077468872,"[62, 41, 25]","[0.9923793077468872, 0.00357236061245203, 0.001973225036635995]",False
/content/MargDrishti/data/processed/crops/test/steep_descent/steep_descent-5_jpeg.rf.18feb3947fd5e50066467cb9d0143990__80.0.jpg,61,steep_descent,68,unguarded_level_crossing,0.8737924695014954,"[68, 19, 51]","[0.8737924695014954, 0.03664569556713104, 0.03240479156374931]",False
/content/MargDrishti/data/processed/crops/test/pedestrian_prohibited/pedestrian_prohibited-36_jpg.rf.19d0e1f800e04aa790f4d3a56c747c99__81.0.jpg,38,pedestrian_prohibited,19,guarded_level_crossing,0.9905039668083191,"[19, 51, 45]","[0.9905039668083191, 0.0063415649347007275, 0.00221498915925622]",False
/content/MargDrishti/data/processed/crops/test/axle_load_limit/axle_load_limit-42_jpg.rf.19e88013b0fd10383de2990310bd5ce8__82.0.jpg,1,axle_load_limit,29,men_at_work,0.9584417343139648,"[29, 49, 62]","[0.9584417343139648, 0.012113378383219242, 0.01006262842565775]",False
/content/MargDrishti/data/processed/crops/test/speed_limit_30/speed_limit_30-62_png.rf.19e9dc38b3305e2ba677f6ee563344c1__83.0.jpg,53,speed_limit_30,68,unguarded_level_crossing,0.9794480204582214,"[68, 19, 64]","[0.9794480204582214, 0.015444424003362656, 0.0023013867903500795]",False
/content/MargDrishti/data/processed/crops/test/compulsary_turn_right_ahead/compulsary_turn_right_ahead-6_jpg.rf.19fbe907451ad35a3916ffdc8036bec5__84.0.jpg,12,compulsary_turn_right_ahead,68,unguarded_level_crossing,0.7709886431694031,"[68, 38, 62]","[0.7709886431694031, 0.22095854580402374, 0.008046387694776058]",False
/content/MargDrishti/data/processed/crops/test/cross_road/cross_road-12_jpg.rf.1c360a3cbee307b59ff99b9e3281d60f__85.0.jpg,13,cross_road,62,stop,0.9851314425468445,"[62, 19, 64]","[0.9851314425468445, 0.011971527710556984, 0.002778359455987811]",False
/content/MargDrishti/data/processed/crops/test/staggered_intersection/staggered_intersection-48_jpg.rf.1b8a7b4993db0e368a45223b00839abd__86.0.jpg,59,staggered_intersection,26,left_turn_prohibited,0.5797329545021057,"[26, 63, 51]","[0.5797329545021057, 0.29212698340415955, 0.11158664524555206]",False
/content/MargDrishti/data/processed/crops/test/speed_limit_70/speed_limit_70-8_jpg.rf.1b801ba93fe5880856dccec072b2cc8e__87.0.jpg,57,speed_limit_70,68,unguarded_level_crossing,0.3999634087085724,"[68, 29, 8]","[0.3999634087085724, 0.3056914508342743, 0.2294607311487198]",False
/content/MargDrishti/data/processed/crops/test/hospital_ahead/hospital_ahead-1_jpeg.rf.1c7413f805e663ccde6d1eac9e155e63__88.0.jpg,22,hospital_ahead,68,unguarded_level_crossing,0.9093790650367737,"[68, 30, 62]","[0.9093790650367737, 0.038129787892103195, 0.034320294857025146]",False
/content/MargDrishti/data/processed/crops/test/right_reverse_bend/right_reverse_bend-27_jpg.rf.1c8ce6eb8d6552d11cd0bd0b5ace184a__89.0.jpg,43,right_reverse_bend,68,unguarded_level_crossing,0.997495174407959,"[68, 66, 19]","[0.997495174407959, 0.0008690128452144563, 0.0006376054952852428]",False
/content/MargDrishti/data/processed/crops/test/hump_or_rough_road/hump_or_rough_road-66_jpg.rf.1c8a96b993f0ee2bcbf95589638b8620__90.0.jpg,23,hump_or_rough_road,62,stop,0.9836059808731079,"[62, 63, 41]","[0.9836059808731079, 0.00862841960042715, 0.0036451637279242277]",False
/content/MargDrishti/data/processed/crops/test/staggered_intersection/staggered_intersection-10_png.rf.1d7f4dd071c540b3f33f75e99549afce__91.0.jpg,59,staggered_intersection,26,left_turn_prohibited,0.66258704662323,"[26, 62, 41]","[0.66258704662323, 0.1803324967622757, 0.1484130322933197]",False
/content/MargDrishti/data/processed/crops/test/restriction_ends/restriction_ends-3_jpeg.rf.1d56c62283723c63a2a621da8a668dca__92.0.jpg,41,restriction_ends,68,unguarded_level_crossing,1.0,"[68, 62, 29]","[1.0, 2.3527947590196163e-08, 3.1634526109769467e-09]",False
/content/MargDrishti/data/processed/crops/test/stop/stop-26_jpg.rf.1dcb399e74a7c2586ad3ab6d9331d1cd__93.0.jpg,62,stop,19,guarded_level_crossing,0.8395251035690308,"[19, 65, 41]","[0.8395251035690308, 0.16046962141990662, 5.148332547832979e-06]",False
/content/MargDrishti/data/processed/crops/test/cycle_crossing/cycle_crossing-68_png.rf.1dca711482a38ba64397b03e75e7d915__94.0.jpg,14,cycle_crossing,41,restriction_ends,0.9999836683273315,"[41, 68, 63]","[0.9999836683273315, 7.294783245015424e-06, 7.004360213613836e-06]",False
/content/MargDrishti/data/processed/crops/test/compulsary_ahead_or_turn_left/compulsary_ahead_or_turn_left-22_png.rf.1f39dfc926b2628e9ac6ab32ae1eb2e2__95.0.jpg,6,compulsary_ahead_or_turn_left,68,unguarded_level_crossing,0.996956467628479,"[68, 8, 0]","[0.996956467628479, 0.0022867366205900908, 0.0002039615937974304]",False
/content/MargDrishti/data/processed/crops/test/give_way/give_way-4_png.rf.201b0dee177a026be6923045a62ab6a4__97.0.jpg,18,give_way,68,unguarded_level_crossing,0.9999668598175049,"[68, 26, 29]","[0.9999668598175049, 3.251367888879031e-05, 5.126316864334513e-07]",False
/content/MargDrishti/data/processed/crops/test/loose_gravel/loose_gravel-10_jpeg.rf.201fa8b332fb74fa78676e6b850dbd85__98.0.jpg,28,loose_gravel,51,speed_limit_120,0.980409562587738,"[51, 62, 65]","[0.980409562587738, 0.007791848853230476, 0.004358165431767702]",False
/content/MargDrishti/data/processed/crops/test/narrow_road_ahead/narrow_road_ahead-27_png.rf.201f991aa4a825211819e5c4a77b1de9__99.0.jpg,31,narrow_road_ahead,19,guarded_level_crossing,0.777979850769043,"[19, 27, 8]","[0.777979850769043, 0.09828843176364899, 0.07854358106851578]",False
/content/MargDrishti/data/processed/crops/test/axle_load_limit/axle_load_limit-66_jpg.rf.1ff7a5333f6ba1fba7777cb3a1e2f867__100.0.jpg,1,axle_load_limit,30,narrow_bridge_ahead,0.8244669437408447,"[30, 41, 49]","[0.8244669437408447, 0.11091426759958267, 0.06215949356555939]",False
/content/MargDrishti/data/processed/crops/test/left_turn_prohibited/left_turn_prohibited-20_jpg.rf.202e0e414c533fb8f0648d185e73313c__101.0.jpg,26,left_turn_prohibited,62,stop,0.999470055103302,"[62, 47, 38]","[0.999470055103302, 0.00017533282516524196, 0.00016796657291706651]",False
/content/MargDrishti/data/processed/crops/test/school_ahead/school_ahead-63_png.rf.20c86d7df0dfc0db6905fa0b49783e24__102.0.jpg,46,school_ahead,45,roundabout,0.6277385354042053,"[45, 53, 68]","[0.6277385354042053, 0.16754905879497528, 0.08363216370344162]",False
/content/MargDrishti/data/processed/crops/test/dangerous_dip/dangerous_dip-15_jpg.rf.204c670b88c989426e915f8cdf07bf90__103.0.jpg,15,dangerous_dip,68,unguarded_level_crossing,0.9827901124954224,"[68, 63, 19]","[0.9827901124954224, 0.015077921561896801, 0.0011222664033994079]",False
/content/MargDrishti/data/processed/crops/test/right_hand_curve/right_hand_curve-8_jpg.rf.21a03686facf94905fc52038078f630a__104.0.jpg,42,right_hand_curve,67,u_turn_prohibited,0.7094399929046631,"[67, 68, 51]","[0.7094399929046631, 0.2857646346092224, 0.0031873113475739956]",False
/content/MargDrishti/data/processed/crops/test/speed_limit_60/speed_limit_60-27_png.rf.2109ef60759c7665924b79d48100b918__105.0.jpg,56,speed_limit_60,2,bullock_cart_and_hand_cart_prohibited,0.5272921323776245,"[2, 51, 68]","[0.5272921323776245, 0.37025266885757446, 0.044479988515377045]",False
/content/MargDrishti/data/processed/crops/test/truck_prohibited/truck_prohibited-45_jpg.rf.2161aab7f688d8b3cb234c003632d7a6__106.0.jpg,65,truck_prohibited,68,unguarded_level_crossing,0.584119975566864,"[68, 45, 63]","[0.584119975566864, 0.4146330952644348, 0.0012137871235609055]",False
/content/MargDrishti/data/processed/crops/test/speed_limit_20/speed_limit_20-9_jpg.rf.21f841fe7c3d7842f2e9ee88e444f405__107.0.jpg,52,speed_limit_20,68,unguarded_level_crossing,0.9997742772102356,"[68, 41, 62]","[0.9997742772102356, 9.218804916599765e-05, 4.6510576794389635e-05]",False
/content/MargDrishti/data/processed/crops/test/narrow_road_ahead/narrow_road_ahead-38_jpg.rf.22881ff490ce515f5990bb0dec74393e__108.0.jpg,31,narrow_road_ahead,62,stop,0.7344394326210022,"[62, 45, 26]","[0.7344394326210022, 0.18797174096107483, 0.06021061912178993]",False
/content/MargDrishti/data/processed/crops/test/compulsary_turn_left_ahead/compulsary_turn_left_ahead-4_png.rf.22c53d61c341464d890978ec6668bd07__109.0.jpg,11,compulsary_turn_left_ahead,15,dangerous_dip,0.4739171266555786,"[15, 62, 8]","[0.4739171266555786, 0.38788145780563354, 0.13785620033740997]",False
/content/MargDrishti/data/processed/crops/test/compulsary_keep_left/compulsary_keep_left-59_jpg.rf.228bfd9f2dbf108d0c485836f4979ef2__110.0.jpg,8,compulsary_keep_left,68,unguarded_level_crossing,0.821835994720459,"[68, 62, 8]","[0.821835994720459, 0.1774892359972, 0.0006446263869293034]",False
/content/MargDrishti/data/processed/crops/test/falling_rocks/falling_rocks-49_jpg.rf.22c6a9ef840f8a8c4848ca1ee3a67817__111.0.jpg,16,falling_rocks,29,men_at_work,0.997780978679657,"[29, 55, 14]","[0.997780978679657, 0.0016869811806827784, 0.00032730831298977137]",False
/content/MargDrishti/data/processed/crops/test/u_turn_prohibited/u_turn_prohibited-27_jpeg.rf.2350f66c4b031a9c46fa57c7e513339c__112.0.jpg,67,u_turn_prohibited,62,stop,0.7003369927406311,"[62, 63, 45]","[0.7003369927406311, 0.277273952960968, 0.022331567481160164]",False
/content/MargDrishti/data/processed/crops/test/height_limit/height_limit-24_jpg.rf.2623f69c23592c7251f99a82e3c74d8a__113.0.jpg,20,height_limit,26,left_turn_prohibited,0.4400240480899811,"[26, 51, 45]","[0.4400240480899811, 0.2899021804332733, 0.2537176012992859]",False
/content/MargDrishti/data/processed/crops/test/slippery_road/slippery_road-40_jpg.rf.23c114c8c130fec560d42ac8dbad5696__114.0.jpg,49,slippery_road,63,t_intersection,0.9749006628990173,"[63, 22, 62]","[0.9749006628990173, 0.02402668073773384, 0.0006656812038272619]",False
/content/MargDrishti/data/processed/crops/test/no_stopping_or_standing/no_stopping_or_standing-8_jpg.rf.24ca367cc86a6a34f96a62fbc1909f9e__115.0.jpg,34,no_stopping_or_standing,68,unguarded_level_crossing,0.5397477149963379,"[68, 66, 51]","[0.5397477149963379, 0.38527780771255493, 0.05238969996571541]",False
/content/MargDrishti/data/processed/crops/test/petrol_pump_ahead/petrol_pump_ahead-22_jpeg.rf.23da4c656b29e0a259301c8d40701940__116.0.jpg,39,petrol_pump_ahead,64,traffic_signal,0.5075331926345825,"[64, 62, 68]","[0.5075331926345825, 0.36156898736953735, 0.12539324164390564]",False
/content/MargDrishti/data/processed/crops/test/guarded_level_crossing/guarded_level_crossing-36_jpeg.rf.268689687fea22fbf0ddb0522a6102c4__117.0.jpg,19,guarded_level_crossing,26,left_turn_prohibited,0.6835311055183411,"[26, 62, 63]","[0.6835311055183411, 0.28619635105133057, 0.029796672984957695]",False
/content/MargDrishti/data/processed/crops/test/compulsary_sound_horn/compulsary_sound_horn-19_jpg.rf.26372b8cdadb822ae16ff7f511e10bb3__118.0.jpg,10,compulsary_sound_horn,67,u_turn_prohibited,0.997841477394104,"[67, 58, 19]","[0.997841477394104, 0.0007500294595956802, 0.000600261555518955]",False
/content/MargDrishti/data/processed/crops/test/y_intersection/y_intersection-10_png.rf.26bd88f7ef61ef83f7c0025d1b0f6dfe__119.0.jpg,70,y_intersection,51,speed_limit_120,0.6269547939300537,"[51, 68, 26]","[0.6269547939300537, 0.3560267984867096, 0.005838741548359394]",False
/content/MargDrishti/data/processed/crops/test/narrow_road_ahead/narrow_road_ahead-45_png.rf.267aaec49d6d0371a95628bbe1d5dab4__120.0.jpg,31,narrow_road_ahead,22,hospital_ahead,0.5616082549095154,"[22, 19, 36]","[0.5616082549095154, 0.26150259375572205, 0.09016145765781403]",False
/content/MargDrishti/data/processed/crops/test/axle_load_limit/axle_load_limit-54_jpg.rf.26d3c49fe61b51807d85aedf19f9e93d__121.0.jpg,1,axle_load_limit,41,restriction_ends,0.7318247556686401,"[41, 30, 63]","[0.7318247556686401, 0.20060355961322784, 0.06340664625167847]",False
/content/MargDrishti/data/processed/crops/test/speed_limit_50/speed_limit_50-18_png.rf.26e60178196afb5695673508c00d2adf__122.0.jpg,55,speed_limit_50,51,speed_limit_120,0.950248658657074,"[51, 26, 46]","[0.950248658657074, 0.034523725509643555, 0.010364143177866936]",False
/content/MargDrishti/data/processed/crops/test/height_limit/height_limit-18_jpeg.rf.26f3175d7c5aea09c74772fdd73c5d26__123.0.jpg,20,height_limit,68,unguarded_level_crossing,0.9580902457237244,"[68, 26, 51]","[0.9580902457237244, 0.03305056318640709, 0.006792846601456404]",False
/content/MargDrishti/data/processed/crops/test/speed_limit_80/speed_limit_80-24_png.rf.27a003f35989c637d74399e3ea04234e__124.0.jpg,58,speed_limit_80,68,unguarded_level_crossing,0.7258769869804382,"[68, 8, 67]","[0.7258769869804382, 0.1457267701625824, 0.0544891282916069]",False
/content/MargDrishti/data/processed/crops/test/speed_limit_70/speed_limit_70-49_png.rf.280a9957a06a82d1ca03274fdc52957d__125.0.jpg,57,speed_limit_70,68,unguarded_level_crossing,0.9743273854255676,"[68, 8, 67]","[0.9743273854255676, 0.01634533517062664, 0.007731533143669367]",False
/content/MargDrishti/data/processed/crops/test/right_turn_prohibited/right_turn_prohibited-32_jpg.rf.28282fb6b06f79fca1dbfadca6b84127__126.0.jpg,44,right_turn_prohibited,68,unguarded_level_crossing,0.9991282820701599,"[68, 63, 29]","[0.9991282820701599, 0.00048670521937310696, 0.00015924705076031387]",False
/content/MargDrishti/data/processed/crops/test/dangerous_dip/dangerous_dip-6_png.rf.284aa86ecc7b6573e370795bbf0bbe39__127.0.jpg,15,dangerous_dip,41,restriction_ends,0.999634861946106,"[41, 26, 51]","[0.999634861946106, 0.00021388781897258013, 0.0001113725666073151]",False
/content/MargDrishti/data/processed/crops/test/hump_or_rough_road/hump_or_rough_road-52_jpg.rf.27843b139b296e618f1a3f588beab1e2__128.0.jpg,23,hump_or_rough_road,62,stop,0.9999507665634155,"[62, 41, 68]","[0.9999507665634155, 3.792830102611333e-05, 1.0041165296570398e-05]",False
/content/MargDrishti/data/processed/crops/test/school_ahead/school_ahead-43_jpg.rf.290dacc8f8624578839ff47a8b076d5d__129.0.jpg,46,school_ahead,41,restriction_ends,0.8267282843589783,"[41, 68, 19]","[0.8267282843589783, 0.09389234334230423, 0.07014810293912888]",False
/content/MargDrishti/data/processed/crops/test/steep_descent/steep_descent-19_jpg.rf.28fe10f2b2d1eff22a48f8e6b170aa28__130.0.jpg,61,steep_descent,16,falling_rocks,0.9310922622680664,"[16, 68, 8]","[0.9310922622680664, 0.0646628588438034, 0.0024213388096541166]",False
/content/MargDrishti/data/processed/crops/test/bullock_cart_and_hand_cart_prohibited/bullock_cart_and_hand_cart_prohibited-8_jpg.rf.29f2bcf92775a941d9b139fbe6666427__131.0.jpg,2,bullock_cart_and_hand_cart_prohibited,62,stop,0.713361918926239,"[62, 41, 63]","[0.713361918926239, 0.11455588787794113, 0.06104707717895508]",False
/content/MargDrishti/data/processed/crops/test/compulsary_keep_right/compulsary_keep_right-37_png.rf.2a596bd65a7323694360d30ba9ad5178__132.0.jpg,9,compulsary_keep_right,8,compulsary_keep_left,0.3566839098930359,"[8, 67, 68]","[0.3566839098930359, 0.27055829763412476, 0.228107750415802]",False
/content/MargDrishti/data/processed/crops/test/u_turn_prohibited/u_turn_prohibited-24_jpg.rf.2a42317c9a2a49cc453851525a03d2fa__133.0.jpg,67,u_turn_prohibited,62,stop,0.6988429427146912,"[62, 45, 68]","[0.6988429427146912, 0.22009411454200745, 0.0802750512957573]",False
/content/MargDrishti/data/processed/crops/test/right_hand_curve/right_hand_curve-30_jpg.rf.2b4fdb0a5b9e06bf6d74eb6f3aea4df2__134.0.jpg,42,right_hand_curve,67,u_turn_prohibited,0.8931986093521118,"[67, 68, 31]","[0.8931986093521118, 0.10125682502985, 0.0030433316715061665]",False
/content/MargDrishti/data/processed/crops/test/cattle_ahead/cattle_ahead-21_jpg.rf.29e348f62c99662094de833899bef472__135.0.jpg,3,cattle_ahead,62,stop,0.9993863105773926,"[62, 65, 19]","[0.9993863105773926, 0.0005561225698329508, 5.351829167921096e-05]",False
/content/MargDrishti/data/processed/crops/test/school_ahead/school_ahead-19_jpg.rf.2b6bc408c6a4caec9a701e6fa7f2a27d__136.0.jpg,46,school_ahead,20,height_limit,0.9993964433670044,"[20, 68, 65]","[0.9993964433670044, 0.0004437808820512146, 7.940134673845023e-05]",False
/content/MargDrishti/data/processed/crops/test/height_limit/height_limit-10_png.rf.2b7834e87a56de094c9d90936bf87b6a__137.0.jpg,20,height_limit,68,unguarded_level_crossing,0.9918414354324341,"[68, 51, 62]","[0.9918414354324341, 0.0065281265415251255, 0.0010373973054811358]",False
/content/MargDrishti/data/processed/crops/test/cattle_ahead/cattle_ahead-5_jpg.rf.2bf9c249ab21abb906f3f57b4b9923fa__138.0.jpg,3,cattle_ahead,68,unguarded_level_crossing,0.9958128333091736,"[68, 20, 29]","[0.9958128333091736, 0.0025195216294378042, 0.001184302382171154]",False
/content/MargDrishti/data/processed/crops/test/compulsary_ahead_or_turn_left/compulsary_ahead_or_turn_left-6_png.rf.2c556b547e694e8f3bddf7e7fd6f2277__139.0.jpg,6,compulsary_ahead_or_turn_left,20,height_limit,0.6172632575035095,"[20, 8, 67]","[0.6172632575035095, 0.33949851989746094, 0.028593070805072784]",False
/content/MargDrishti/data/processed/crops/test/side_road_left/side_road_left-58_jpeg.rf.2b86405df659181d8f301ab512ab72ef__140.0.jpg,47,side_road_left,20,height_limit,0.9690556526184082,"[20, 45, 31]","[0.9690556526184082, 0.029251618310809135, 0.001639508525840938]",False
/content/MargDrishti/data/processed/crops/test/compulsary_ahead/compulsary_ahead-12_png.rf.2c5dc810cf0e70b16e51696af4269888__141.0.jpg,5,compulsary_ahead,67,u_turn_prohibited,0.9839629530906677,"[67, 68, 19]","[0.9839629530906677, 0.010729002766311169, 0.0015085788909345865]",False
/content/MargDrishti/data/processed/crops/test/falling_rocks/falling_rocks-10_jpeg.rf.2cbcf1993d3f5ebc664f8eb4f51ee022__142.0.jpg,16,falling_rocks,26,left_turn_prohibited,0.5951133370399475,"[26, 41, 68]","[0.5951133370399475, 0.1854373663663864, 0.08829692006111145]",False
/content/MargDrishti/data/processed/crops/test/quay_side_or_river_bank/quay_side_or_river_bank-39_jpg.rf.2cf677c38bdaf6adb10653782adac9ab__143.0.jpg,40,quay_side_or_river_bank,22,hospital_ahead,0.9360703229904175,"[22, 26, 68]","[0.9360703229904175, 0.05037510022521019, 0.007521528284996748]",False
/content/MargDrishti/data/processed/crops/test/speed_limit_60/speed_limit_60-11_jpg.rf.2cfa2841ebbc36c49d6d088bc63c2889__144.0.jpg,56,speed_limit_60,68,unguarded_level_crossing,0.7866753339767456,"[68, 6, 8]","[0.7866753339767456, 0.17483100295066833, 0.0317830853164196]",False
/content/MargDrishti/data/processed/crops/test/compulsary_turn_left_ahead/compulsary_turn_left_ahead-54_png.rf.2d53d2679c689ad8d3921bfb8a0496ae__146.0.jpg,11,compulsary_turn_left_ahead,68,unguarded_level_crossing,0.9796682000160217,"[68, 62, 0]","[0.9796682000160217, 0.01972666010260582, 0.0005868296721018851]",False
/content/MargDrishti/data/processed/crops/test/falling_rocks/falling_rocks-58_jpg.rf.2e723fc9892e51beeea8c30c24da2003__147.0.jpg,16,falling_rocks,49,slippery_road,0.5037347674369812,"[49, 65, 27]","[0.5037347674369812, 0.48392075300216675, 0.009552470408380032]",False
/content/MargDrishti/data/processed/crops/test/compulsary_sound_horn/compulsary_sound_horn-16_jpg.rf.2dec229531d5c1aa185a4b59e04725b7__148.0.jpg,10,compulsary_sound_horn,68,unguarded_level_crossing,0.9999984502792358,"[68, 8, 29]","[0.9999984502792358, 1.6088448546724976e-06, 2.668517629089706e-09]",False
/content/MargDrishti/data/processed/crops/test/pedestrian_crossing/pedestrian_crossing-26_jpg.rf.2ea8e5483d3ade080d841bf84be91ca4__149.0.jpg,37,pedestrian_crossing,29,men_at_work,0.9994377493858337,"[29, 41, 27]","[0.9994377493858337, 0.0003325690922793001, 8.007710130186751e-05]",False
/content/MargDrishti/data/processed/crops/test/staggered_intersection/staggered_intersection-26_png.rf.2ea093cafda71a8da8f2c59c57359f2a__150.0.jpg,59,staggered_intersection,68,unguarded_level_crossing,1.0,"[68, 41, 62]","[1.0, 3.2744573719156733e-10, 1.2779985403277294e-10]",False
/content/MargDrishti/data/processed/crops/test/t_intersection/t_intersection-36_jpg.rf.2eceedd840d99eed0eb5c7af3e52c0c3__151.0.jpg,63,t_intersection,68,unguarded_level_crossing,0.6144590377807617,"[68, 26, 45]","[0.6144590377807617, 0.26648852229118347, 0.04097583144903183]",False
/content/MargDrishti/data/processed/crops/test/no_entry/no_entry-18_jpg.rf.2ec15ed7db3b3d51c91b3291155ee97d__152.0.jpg,32,no_entry,19,guarded_level_crossing,0.8409250974655151,"[19, 29, 41]","[0.8409250974655151, 0.11016197502613068, 0.03998708352446556]",False
/content/MargDrishti/data/processed/crops/test/pass_either_side/pass_either_side-42_jpg.rf.2ee1d7b0594e1b2193dbe6766acd5ff0__153.0.jpg,36,pass_either_side,68,unguarded_level_crossing,0.7262807488441467,"[68, 8, 62]","[0.7262807488441467, 0.2641717195510864, 0.009519405663013458]",False
/content/MargDrishti/data/processed/crops/test/side_road_left/side_road_left-12_jpg.rf.2f39705fc2f51a9002ad8b817c6e278c__154.0.jpg,47,side_road_left,45,roundabout,0.7729921936988831,"[45, 68, 8]","[0.7729921936988831, 0.21524254977703094, 0.0038981896359473467]",False
/content/MargDrishti/data/processed/crops/test/cycle_crossing/cycle_crossing-41_jpg.rf.2f483bad1b88a388b7d976f497b6e7de__155.0.jpg,14,cycle_crossing,68,unguarded_level_crossing,0.9948819875717163,"[68, 48, 67]","[0.9948819875717163, 0.002864617621526122, 0.0013281749561429024]",False
/content/MargDrishti/data/processed/crops/test/narrow_road_ahead/narrow_road_ahead-68_jpg.rf.2f7a925a7f4fecf5df88db2a82223125__156.0.jpg,31,narrow_road_ahead,26,left_turn_prohibited,0.8868327736854553,"[26, 51, 68]","[0.8868327736854553, 0.11208643019199371, 0.0009597460739314556]",False
/content/MargDrishti/data/processed/crops/test/traffic_signal/traffic_signal-4_jpg.rf.2ffde25e96684338c1023d80fcfb7cde__157.0.jpg,64,traffic_signal,27,length_limit,0.9681267142295837,"[27, 19, 26]","[0.9681267142295837, 0.014985518530011177, 0.011803857050836086]",False
/content/MargDrishti/data/processed/crops/test/speed_limit_60/speed_limit_60-10_jpg.rf.313bc6fe35234eff2ae6370ec5eb9b20__158.0.jpg,56,speed_limit_60,19,guarded_level_crossing,0.9848673939704895,"[19, 41, 29]","[0.9848673939704895, 0.011230120435357094, 0.003670954378321767]",False
/content/MargDrishti/data/processed/crops/test/pass_either_side/pass_either_side-12_jpeg.rf.312c721f979bf56e225c246e093d40c5__159.0.jpg,36,pass_either_side,68,unguarded_level_crossing,0.8395650386810303,"[68, 62, 46]","[0.8395650386810303, 0.08270735293626785, 0.06536665558815002]",False
/content/MargDrishti/data/processed/crops/test/speed_limit_50/speed_limit_50-30_png.rf.30e758eb915fe8e818dc2230c743b3a6__160.0.jpg,55,speed_limit_50,51,speed_limit_120,0.9990847110748291,"[51, 41, 40]","[0.9990847110748291, 0.0006098263547755778, 0.0002676020376384258]",False
/content/MargDrishti/data/processed/crops/test/no_parking/no_parking-42_jpg.rf.32d58dfc524fba4475d4dff3a8c4f5d1__161.0.jpg,33,no_parking,62,stop,0.915343701839447,"[62, 68, 65]","[0.915343701839447, 0.08148688077926636, 0.0030812977347522974]",False
/content/MargDrishti/data/processed/crops/test/falling_rocks/falling_rocks-29_jpg.rf.31ea52d4a56a329a5262f075c93baafe__162.0.jpg,16,falling_rocks,8,compulsary_keep_left,0.9988381266593933,"[8, 45, 20]","[0.9988381266593933, 0.0005315233138389885, 0.00026024694670923054]",False
/content/MargDrishti/data/processed/crops/test/width_limit/width_limit-28_jpg.rf.31d1b951d5155c6b8f35b644e343e924__164.0.jpg,69,width_limit,64,traffic_signal,0.5048868060112,"[64, 41, 68]","[0.5048868060112, 0.4193713366985321, 0.07456660270690918]",False
/content/MargDrishti/data/processed/crops/test/cross_road/cross_road-34_jpg.rf.32e6be62e0882c924a2a01674871b219__165.0.jpg,13,cross_road,68,unguarded_level_crossing,0.9992594122886658,"[68, 10, 19]","[0.9992594122886658, 0.0006207823753356934, 4.634656943380833e-05]",False
/content/MargDrishti/data/processed/crops/test/school_ahead/school_ahead-2_jpg.rf.331c1a5ea7eb7beab80eb1f8867e3a31__166.0.jpg,46,school_ahead,20,height_limit,0.8499906063079834,"[20, 19, 66]","[0.8499906063079834, 0.14210458099842072, 0.004463736899197102]",False
/content/MargDrishti/data/processed/crops/test/hump_or_rough_road/hump_or_rough_road-53_jpg.rf.33715adf92a6e3e8a28ab27a534a64ae__167.0.jpg,23,hump_or_rough_road,68,unguarded_level_crossing,0.9999845027923584,"[68, 26, 51]","[0.9999845027923584, 1.3263434993859846e-05, 1.1996435205219314e-06]",False
/content/MargDrishti/data/processed/crops/test/compulsary_keep_right/compulsary_keep_right-7_png.rf.34136bca2758b218a4aa6a28582250e7__168.0.jpg,9,compulsary_keep_right,68,unguarded_level_crossing,0.6579592227935791,"[68, 8, 67]","[0.6579592227935791, 0.16550394892692566, 0.12349995970726013]",False
/content/MargDrishti/data/processed/crops/test/side_road_right/side_road_right-28_jpg.rf.34195ce18ba06a6c11a0f9d00d4668df__169.0.jpg,48,side_road_right,45,roundabout,0.868803858757019,"[45, 68, 62]","[0.868803858757019, 0.08743108063936234, 0.03483716398477554]",False
/content/MargDrishti/data/processed/crops/test/guarded_level_crossing/guarded_level_crossing-20_jpg.rf.34584a4f12bda8be230b5e8007f14aa4__170.0.jpg,19,guarded_level_crossing,62,stop,0.5933271050453186,"[62, 68, 45]","[0.5933271050453186, 0.3843425214290619, 0.010018579661846161]",False
/content/MargDrishti/data/processed/crops/test/speed_limit_40/speed_limit_40-30_jpg.rf.346963ec85ac91b92e4a4a3da790b2d0__171.0.jpg,54,speed_limit_40,68,unguarded_level_crossing,0.9871453046798706,"[68, 8, 67]","[0.9871453046798706, 0.011266287416219711, 0.0006282026297412813]",False
/content/MargDrishti/data/processed/crops/test/compulsary_keep_left/compulsary_keep_left-58_jpg.rf.35932bcf415d52f41e27cbff7c5083fe__172.0.jpg,8,compulsary_keep_left,29,men_at_work,0.3586897552013397,"[29, 68, 40]","[0.3586897552013397, 0.31738901138305664, 0.23483149707317352]",False
/content/MargDrishti/data/processed/crops/test/speed_limit_120/speed_limit_120-64_png.rf.35c96b3a328e7ed001608b752e9dbea4__173.0.jpg,51,speed_limit_120,68,unguarded_level_crossing,0.4058760106563568,"[68, 8, 67]","[0.4058760106563568, 0.3375224173069, 0.20886051654815674]",False
/content/MargDrishti/data/processed/crops/test/chevron_direction/chevron_direction-38_jpg.rf.369098b05dfcbcaff7633ec7284684fd__174.0.jpg,4,chevron_direction,20,height_limit,0.5392863154411316,"[20, 68, 62]","[0.5392863154411316, 0.2564050257205963, 0.1528569459915161]",False
/content/MargDrishti/data/processed/crops/test/compulsary_ahead_or_turn_right/compulsary_ahead_or_turn_right-41_png.rf.36310a1d48c30c4c350a6066bab400c3__175.0.jpg,7,compulsary_ahead_or_turn_right,8,compulsary_keep_left,0.42166951298713684,"[8, 66, 67]","[0.42166951298713684, 0.15106047689914703, 0.10565128177404404]",False
/content/MargDrishti/data/processed/crops/test/speed_limit_80/speed_limit_80-22_png.rf.36d045ee95cb288ceba8b6a010137125__176.0.jpg,58,speed_limit_80,68,unguarded_level_crossing,0.8936837315559387,"[68, 19, 29]","[0.8936837315559387, 0.05138877406716347, 0.04768761247396469]",False
/content/MargDrishti/data/processed/crops/test/all_motor_vehicle_prohibited/all_motor_vehicle_prohibited-66_jpg.rf.36422ab481eff51a7abb4b7f3426e1ce__177.0.jpg,0,all_motor_vehicle_prohibited,45,roundabout,0.4576156735420227,"[45, 26, 51]","[0.4576156735420227, 0.2871321141719818, 0.19155453145503998]",False
/content/MargDrishti/data/processed/crops/test/no_parking/no_parking-28_jpeg.rf.36fa078b058bd0a4e4f9090f8474d57b__178.0.jpg,33,no_parking,19,guarded_level_crossing,0.4399906396865845,"[19, 29, 28]","[0.4399906396865845, 0.3981107473373413, 0.11733189225196838]",False
/content/MargDrishti/data/processed/crops/test/u_turn/u_turn-47_jpg.rf.375c73fb879884220c758d12dfe1aa37__179.0.jpg,66,u_turn,62,stop,0.9999983310699463,"[62, 8, 20]","[0.9999983310699463, 6.987699521232571e-07, 4.3868666921298427e-07]",False
/content/MargDrishti/data/processed/crops/test/pedestrian_crossing/pedestrian_crossing-36_png.rf.38af51545c268223e7b257d481c77866__180.0.jpg,37,pedestrian_crossing,27,length_limit,0.6940286159515381,"[27, 65, 45]","[0.6940286159515381, 0.13271993398666382, 0.12214228510856628]",False
/content/MargDrishti/data/processed/crops/test/dangerous_dip/dangerous_dip-26_jpeg.rf.37f0b8476a147b5aba773ce7768abafb__181.0.jpg,15,dangerous_dip,67,u_turn_prohibited,0.9863022565841675,"[67, 62, 68]","[0.9863022565841675, 0.004938996862620115, 0.004399022087454796]",False
/content/MargDrishti/data/processed/crops/test/y_intersection/y_intersection-42_jpeg.rf.37dd0b534f3589a7dd29fe18e1387061__182.0.jpg,70,y_intersection,66,u_turn,0.7855249047279358,"[66, 48, 51]","[0.7855249047279358, 0.13268913328647614, 0.05070170387625694]",False
/content/MargDrishti/data/processed/crops/test/left_turn_prohibited/left_turn_prohibited-68_jpg.rf.374330b63f8b71bae7f7ea3009e0d312__183.0.jpg,26,left_turn_prohibited,29,men_at_work,0.7679298520088196,"[29, 26, 68]","[0.7679298520088196, 0.1394299864768982, 0.04137681797146797]",False
/content/MargDrishti/data/processed/crops/test/roundabout/roundabout-1_jpg.rf.3800b10955788a00dee4ca928cc9e556__184.0.jpg,45,roundabout,68,unguarded_level_crossing,0.9684615731239319,"[68, 19, 66]","[0.9684615731239319, 0.01947297900915146, 0.011631527915596962]",False
/content/MargDrishti/data/processed/crops/test/no_entry/no_entry-68_jpg.rf.393a0f199b7e9317efd42be83e04760f__185.0.jpg,32,no_entry,28,loose_gravel,0.2231287658214569,"[28, 19, 47]","[0.2231287658214569, 0.20807670056819916, 0.19015540182590485]",False
/content/MargDrishti/data/processed/crops/test/speed_limit_100/speed_limit_100-43_png.rf.393683706e6c6ec9e8915558c668b94a__186.0.jpg,50,speed_limit_100,8,compulsary_keep_left,0.9919798374176025,"[8, 29, 19]","[0.9919798374176025, 0.0031870887614786625, 0.002755385125055909]",False
/content/MargDrishti/data/processed/crops/test/compulsary_ahead/compulsary_ahead-36_png.rf.3953cfe6dce88dd02b7dce5fa534a136__187.0.jpg,5,compulsary_ahead,62,stop,0.8403874635696411,"[62, 38, 29]","[0.8403874635696411, 0.07550068944692612, 0.06379039585590363]",False
/content/MargDrishti/data/processed/crops/test/roundabout/roundabout-11_jpg.rf.38e5ddf38994c404646fc95d6b1a1e41__188.0.jpg,45,roundabout,8,compulsary_keep_left,0.8046772480010986,"[8, 67, 68]","[0.8046772480010986, 0.10372912138700485, 0.04964396357536316]",False
/content/MargDrishti/data/processed/crops/test/right_reverse_bend/right_reverse_bend-55_jpg.rf.39d03c86a760c91fda13d9c8d7744df8__189.0.jpg,43,right_reverse_bend,26,left_turn_prohibited,0.969566822052002,"[26, 51, 63]","[0.969566822052002, 0.022864654660224915, 0.006254974752664566]",False
/content/MargDrishti/data/processed/crops/test/side_road_right/side_road_right-37_jpeg.rf.39927431192029573da5fbc9833621f9__190.0.jpg,48,side_road_right,51,speed_limit_120,0.9999165534973145,"[51, 68, 0]","[0.9999165534973145, 6.79076329106465e-05, 7.979311703820713e-06]",False
/content/MargDrishti/data/processed/crops/test/y_intersection/y_intersection-36_jpg.rf.39e94a69974864e6f43b6b63c928df13__191.0.jpg,70,y_intersection,19,guarded_level_crossing,0.8124301433563232,"[19, 68, 51]","[0.8124301433563232, 0.08801063895225525, 0.0848747044801712]",False
/content/MargDrishti/data/processed/crops/test/men_at_work/men_at_work-37_png.rf.3a1e56312ddb1dcf243fb60f32247d30__192.0.jpg,29,men_at_work,68,unguarded_level_crossing,0.9396549463272095,"[68, 29, 8]","[0.9396549463272095, 0.02528705634176731, 0.015186658129096031]",False
/content/MargDrishti/data/processed/crops/test/speed_limit_20/speed_limit_20-50_png.rf.3a615ecc89a5afb2fac6500bfa996793__193.0.jpg,52,speed_limit_20,68,unguarded_level_crossing,0.8098874688148499,"[68, 19, 53]","[0.8098874688148499, 0.14924156665802002, 0.03488609939813614]",False
/content/MargDrishti/data/processed/crops/test/u_turn_prohibited/u_turn_prohibited-28_jpg.rf.3ab81db1dadd32dcef89dfb70ca8d1d9__194.0.jpg,67,u_turn_prohibited,19,guarded_level_crossing,0.47142329812049866,"[19, 50, 41]","[0.47142329812049866, 0.3205893635749817, 0.05698781833052635]",False
/content/MargDrishti/data/processed/crops/test/cattle_ahead/cattle_ahead-42_jpg.rf.3a4d7c57b6489412d37706641ab36c93__195.0.jpg,3,cattle_ahead,67,u_turn_prohibited,0.6992031335830688,"[67, 62, 25]","[0.6992031335830688, 0.29566454887390137, 0.003004170721396804]",False
/content/MargDrishti/data/processed/crops/test/speed_limit_30/speed_limit_30-20_png.rf.3a2b8fae59c573b602d22f1570533cb2__196.0.jpg,53,speed_limit_30,19,guarded_level_crossing,0.8571996688842773,"[19, 66, 38]","[0.8571996688842773, 0.1319975107908249, 0.005568300373852253]",False
/content/MargDrishti/data/processed/crops/test/all_motor_vehicle_prohibited/all_motor_vehicle_prohibited-4_jpg.rf.3b42c78e673298e360fc845c8e9a2a44__197.0.jpg,0,all_motor_vehicle_prohibited,41,restriction_ends,0.4998554289340973,"[41, 29, 45]","[0.4998554289340973, 0.24420835077762604, 0.16978850960731506]",False
/content/MargDrishti/data/processed/crops/test/school_ahead/school_ahead-12_jpg.rf.3b37dc37586cd2a04f495457f75caa7b__198.0.jpg,46,school_ahead,62,stop,0.9973716735839844,"[62, 0, 22]","[0.9973716735839844, 0.002532820450142026, 6.104700150899589e-05]",False
/content/MargDrishti/data/processed/crops/test/all_motor_vehicle_prohibited/all_motor_vehicle_prohibited-45_jpg.rf.3c7a0e8de3f5d617208ff1c84f383e3f__199.0.jpg,0,all_motor_vehicle_prohibited,51,speed_limit_120,0.8034670948982239,"[51, 26, 63]","[0.8034670948982239, 0.12262088060379028, 0.0451943576335907]",False
/content/MargDrishti/data/processed/crops/test/speed_limit_30/speed_limit_30-17_png.rf.3d47f8ce18f2439e6b973eff3c25c340__200.0.jpg,53,speed_limit_30,41,restriction_ends,0.9388875365257263,"[41, 26, 68]","[0.9388875365257263, 0.05249989777803421, 0.004200778901576996]",False
/content/MargDrishti/data/processed/crops/test/right_hand_curve/right_hand_curve-23_jpg.rf.3bd3198a43f5686576ac8a63ab2e0970__201.0.jpg,42,right_hand_curve,68,unguarded_level_crossing,0.9310768842697144,"[68, 62, 64]","[0.9310768842697144, 0.05606566742062569, 0.012659263797104359]",False
/content/MargDrishti/data/processed/crops/test/left_turn_prohibited/left_turn_prohibited-21_jpg.rf.3b9332546b7e7689b8032dc01f1514df__202.0.jpg,26,left_turn_prohibited,38,pedestrian_prohibited,0.9951422214508057,"[38, 26, 49]","[0.9951422214508057, 0.00359593634493649, 0.0006455070106312633]",False
/content/MargDrishti/data/processed/crops/test/speed_limit_30/speed_limit_30-24_png.rf.3cc2be026ff33e16491e6fb2c0831ccb__203.0.jpg,53,speed_limit_30,68,unguarded_level_crossing,0.9328693151473999,"[68, 19, 8]","[0.9328693151473999, 0.04337345063686371, 0.011538231745362282]",False
/content/MargDrishti/data/processed/crops/test/school_ahead/school_ahead-53_png.rf.3c8c5b37fe98402a4db0c5887e1e6bf7__204.0.jpg,46,school_ahead,68,unguarded_level_crossing,0.999311089515686,"[68, 29, 46]","[0.999311089515686, 0.0005678190500475466, 6.609132105950266e-05]",False
/content/MargDrishti/data/processed/crops/test/school_ahead/school_ahead-32_jpg.rf.3dc439e9d1a8e29b3c46b10eb8f660bc__205.0.jpg,46,school_ahead,19,guarded_level_crossing,0.9999998807907104,"[19, 29, 26]","[0.9999998807907104, 1.1740302596763286e-07, 4.614224735632888e-08]",False
/content/MargDrishti/data/processed/crops/test/narrow_bridge_ahead/narrow_bridge_ahead-69_jpg.rf.3db8018aa11671a7eb218d2f9f136373__206.0.jpg,30,narrow_bridge_ahead,41,restriction_ends,0.5755418539047241,"[41, 20, 51]","[0.5755418539047241, 0.25064557790756226, 0.13470423221588135]",False
/content/MargDrishti/data/processed/crops/test/compulsary_ahead/compulsary_ahead-32_png.rf.3dd6ad19171aec9acbbd8817b89e6c8b__207.0.jpg,5,compulsary_ahead,62,stop,0.860058069229126,"[62, 8, 38]","[0.860058069229126, 0.09705586731433868, 0.024311009794473648]",False
/content/MargDrishti/data/processed/crops/test/compulsary_sound_horn/compulsary_sound_horn-17_jpg.rf.3df945924cec503a1f9ead546bd664a7__208.0.jpg,10,compulsary_sound_horn,68,unguarded_level_crossing,0.9998742341995239,"[68, 26, 51]","[0.9998742341995239, 0.0001176846053567715, 6.769304036424728e-06]",False
/content/MargDrishti/data/processed/crops/test/speed_limit_70/speed_limit_70-53_png.rf.3f951e235defcb7b9acd881388bc43d0__209.0.jpg,57,speed_limit_70,10,compulsary_sound_horn,0.35642561316490173,"[10, 41, 68]","[0.35642561316490173, 0.3391229808330536, 0.20905755460262299]",False
/content/MargDrishti/data/processed/crops/test/no_stopping_or_standing/no_stopping_or_standing-44_jpg.rf.40bfe4e86cd7d11fea237dc75da80fbc__210.0.jpg,34,no_stopping_or_standing,66,u_turn,0.7208245992660522,"[66, 68, 8]","[0.7208245992660522, 0.17184457182884216, 0.05871778354048729]",False
/content/MargDrishti/data/processed/crops/test/width_limit/width_limit-43_jpg.rf.40884d97bea362df7f2eac48fd9d047d__211.0.jpg,69,width_limit,68,unguarded_level_crossing,0.9022029638290405,"[68, 29, 9]","[0.9022029638290405, 0.09767758101224899, 0.00010854761057998985]",False
/content/MargDrishti/data/processed/crops/test/horn_prohibited/horn_prohibited-54_jpg.rf.3eb006c3154c46c91784d687cc6b64b9__212.0.jpg,21,horn_prohibited,26,left_turn_prohibited,0.8653375506401062,"[26, 53, 68]","[0.8653375506401062, 0.12794806063175201, 0.0025711250491440296]",False
/content/MargDrishti/data/processed/crops/test/hump_or_rough_road/hump_or_rough_road-16_jpg.rf.41141101164a05eeaf33fa14e80a5752__213.0.jpg,23,hump_or_rough_road,68,unguarded_level_crossing,0.958811342716217,"[68, 62, 29]","[0.958811342716217, 0.024550719186663628, 0.008712202310562134]",False
/content/MargDrishti/data/processed/crops/test/length_limit/length_limit-7_jpeg.rf.412c087ed369b6fc66533a0bbd3c7fca__214.0.jpg,27,length_limit,68,unguarded_level_crossing,0.9867846369743347,"[68, 63, 26]","[0.9867846369743347, 0.010232821106910706, 0.0021593444980680943]",False
/content/MargDrishti/data/processed/crops/test/no_parking/no_parking-0_jpg.rf.41548ce4d74629af8b92dc7dfe77755f__215.0.jpg,33,no_parking,46,school_ahead,0.7596921920776367,"[46, 68, 6]","[0.7596921920776367, 0.14606218039989471, 0.030980411916971207]",False
/content/MargDrishti/data/processed/crops/test/unguarded_level_crossing/unguarded_level_crossing-22_png.rf.416c89d3c8314bd2f0c089c18e9c1dab__216.0.jpg,68,unguarded_level_crossing,25,left_reverse_bend,0.7324865460395813,"[25, 62, 63]","[0.7324865460395813, 0.15414756536483765, 0.0741669237613678]",False
/content/MargDrishti/data/processed/crops/test/u_turn_prohibited/u_turn_prohibited-64_jpeg.rf.42050fe0b988abe7905ef6e4006c1e50__217.0.jpg,67,u_turn_prohibited,19,guarded_level_crossing,0.972272515296936,"[19, 20, 66]","[0.972272515296936, 0.026620851829648018, 0.0006900373846292496]",False
/content/MargDrishti/data/processed/crops/test/compulsary_keep_left/compulsary_keep_left-11_jpg.rf.41dd7a876b3a8d28934b2abdc4d8462b__218.0.jpg,8,compulsary_keep_left,68,unguarded_level_crossing,0.6886544227600098,"[68, 8, 15]","[0.6886544227600098, 0.30445000529289246, 0.006251073442399502]",False
/content/MargDrishti/data/processed/crops/test/u_turn/u_turn-15_jpg.rf.41ed6c081096fc9db3c8f3f2bbce5031__219.0.jpg,66,u_turn,48,side_road_right,0.4487539231777191,"[48, 19, 68]","[0.4487539231777191, 0.318273663520813, 0.19214200973510742]",False
/content/MargDrishti/data/processed/crops/test/gap_in_median/gap_in_median-39_jpg.rf.4173281c37601a741eb9346f79709b6f__220.0.jpg,17,gap_in_median,20,height_limit,0.45179539918899536,"[20, 26, 51]","[0.45179539918899536, 0.39470839500427246, 0.05771432816982269]",False
/content/MargDrishti/data/processed/crops/test/speed_limit_70/speed_limit_70-45_jpg.rf.42d93a17c3bac949486de87f6771c67f__221.0.jpg,57,speed_limit_70,8,compulsary_keep_left,0.7909529209136963,"[8, 68, 29]","[0.7909529209136963, 0.11268514394760132, 0.06526027619838715]",False
/content/MargDrishti/data/processed/crops/test/quay_side_or_river_bank/quay_side_or_river_bank-35_jpeg.rf.426d10c78f49388d41930e835181c474__222.0.jpg,40,quay_side_or_river_bank,41,restriction_ends,0.8590565323829651,"[41, 62, 68]","[0.8590565323829651, 0.07044588029384613, 0.04330098256468773]",False
/content/MargDrishti/data/processed/crops/test/hospital_ahead/hospital_ahead-47_jpeg.rf.42f2e225253c747e7809b6b0b1adff4a__223.0.jpg,22,hospital_ahead,62,stop,0.9607759714126587,"[62, 15, 68]","[0.9607759714126587, 0.020851116627454758, 0.016344331204891205]",False
/content/MargDrishti/data/processed/crops/test/left_hand_curve/left_hand_curve-25_jpg.rf.4261507637a1fbd911928cba13539d1b__224.0.jpg,24,left_hand_curve,27,length_limit,0.9510844945907593,"[27, 31, 45]","[0.9510844945907593, 0.017776647582650185, 0.007884150370955467]",False
/content/MargDrishti/data/processed/crops/test/compulsary_sound_horn/compulsary_sound_horn-40_jpg.rf.43f9a3ca920ee26e621e58d05e11f8a4__225.0.jpg,10,compulsary_sound_horn,8,compulsary_keep_left,0.6117782592773438,"[8, 67, 27]","[0.6117782592773438, 0.3405305743217468, 0.034999459981918335]",False
/content/MargDrishti/data/processed/crops/test/side_road_left/side_road_left-49_jpg.rf.43f55fb11074fd160cffa74c95b90df1__226.0.jpg,47,side_road_left,45,roundabout,0.9849613904953003,"[45, 26, 62]","[0.9849613904953003, 0.010791851207613945, 0.004217332229018211]",False
/content/MargDrishti/data/processed/crops/test/give_way/give_way-10_png.rf.443e4177c3512bf0a00913ce45ae8264__227.0.jpg,18,give_way,68,unguarded_level_crossing,0.8139084577560425,"[68, 10, 53]","[0.8139084577560425, 0.0716032162308693, 0.0656915158033371]",False
/content/MargDrishti/data/processed/crops/test/speed_limit_70/speed_limit_70-62_png.rf.441bd0c0748b5dc8266b9ac74b14e8ba__228.0.jpg,57,speed_limit_70,53,speed_limit_30,0.4872819185256958,"[53, 51, 26]","[0.4872819185256958, 0.313397079706192, 0.1973074972629547]",False
/content/MargDrishti/data/processed/crops/test/left_reverse_bend/left_reverse_bend-12_png.rf.44b098983484c72c86c5b5ab41cf39d3__229.0.jpg,25,left_reverse_bend,68,unguarded_level_crossing,0.7428509593009949,"[68, 67, 27]","[0.7428509593009949, 0.12164027988910675, 0.053992219269275665]",False
/content/MargDrishti/data/processed/crops/test/restriction_ends/restriction_ends-21_png.rf.44b727ca2681dff72294380685f82df5__230.0.jpg,41,restriction_ends,68,unguarded_level_crossing,0.8290712237358093,"[68, 66, 27]","[0.8290712237358093, 0.08601197600364685, 0.08106628060340881]",False
/content/MargDrishti/data/processed/crops/test/speed_limit_70/speed_limit_70-2_jpg.rf.44ea652eb79cfa0d1f440682e1def674__231.0.jpg,57,speed_limit_70,29,men_at_work,0.34382814168930054,"[29, 26, 63]","[0.34382814168930054, 0.26658013463020325, 0.1874055564403534]",False
/content/MargDrishti/data/processed/crops/test/width_limit/width_limit-40_jpg.rf.448bd076a3be84f886d0c1f529c0134b__232.0.jpg,69,width_limit,62,stop,0.5471659898757935,"[62, 64, 45]","[0.5471659898757935, 0.3944014012813568, 0.04298055171966553]",False
/content/MargDrishti/data/processed/crops/test/restriction_ends/restriction_ends-46_png.rf.451cdc566a0db5246da56afb187129ea__233.0.jpg,41,restriction_ends,68,unguarded_level_crossing,0.9564348459243774,"[68, 29, 8]","[0.9564348459243774, 0.04047103226184845, 0.002119925571605563]",False
/content/MargDrishti/data/processed/crops/test/speed_limit_30/speed_limit_30-7_jpg.rf.45030d30846c4d80af334693b5827f5e__234.0.jpg,53,speed_limit_30,53,speed_limit_30,0.9993201494216919,"[53, 60, 38]","[0.9993201494216919, 0.0006438403506763279, 1.4001355339132715e-05]",True
/content/MargDrishti/data/processed/crops/test/cycle_crossing/cycle_crossing-51_png.rf.44ee0beb7e8f4621488d269c89157e80__235.0.jpg,14,cycle_crossing,51,speed_limit_120,0.5048274397850037,"[51, 45, 8]","[0.5048274397850037, 0.28392431139945984, 0.09351460635662079]",False
/content/MargDrishti/data/processed/crops/test/left_turn_prohibited/left_turn_prohibited-26_jpg.rf.455fb4cec37f6031d2ccaf72e60febb0__236.0.jpg,26,left_turn_prohibited,19,guarded_level_crossing,0.9851046204566956,"[19, 66, 29]","[0.9851046204566956, 0.011295292526483536, 0.0023662042804062366]",False
/content/MargDrishti/data/processed/crops/test/cycle_crossing/cycle_crossing-14_jpg.rf.468761e9a6b353a45137b6856bcf63ce__237.0.jpg,14,cycle_crossing,68,unguarded_level_crossing,0.5149427652359009,"[68, 62, 45]","[0.5149427652359009, 0.4804098904132843, 0.003406307427212596]",False
/content/MargDrishti/data/processed/crops/test/speed_limit_80/speed_limit_80-40_png.rf.46eeea787850a154758c7081ad4eb2d9__238.0.jpg,58,speed_limit_80,68,unguarded_level_crossing,0.9907715320587158,"[68, 66, 27]","[0.9907715320587158, 0.006863174494355917, 0.0017944190185517073]",False
/content/MargDrishti/data/processed/crops/test/falling_rocks/falling_rocks-23_jpeg.rf.478432c2a1d2bb1bcf93740af0f48e17__239.0.jpg,16,falling_rocks,68,unguarded_level_crossing,0.9996399879455566,"[68, 58, 63]","[0.9996399879455566, 0.000279493659036234, 5.9684563893824816e-05]",False
/content/MargDrishti/data/processed/crops/test/guarded_level_crossing/guarded_level_crossing-30_jpg.rf.46d69e20c36c7babae6a33faae4cc59a__240.0.jpg,19,guarded_level_crossing,68,unguarded_level_crossing,0.9818838834762573,"[68, 63, 62]","[0.9818838834762573, 0.007865864783525467, 0.007001477759331465]",False
/content/MargDrishti/data/processed/crops/test/compulsary_keep_left/compulsary_keep_left-55_jpg.rf.47b6187090775389744ad769a5945c9c__241.0.jpg,8,compulsary_keep_left,68,unguarded_level_crossing,0.8828003406524658,"[68, 67, 26]","[0.8828003406524658, 0.0985797569155693, 0.01014136616140604]",False
/content/MargDrishti/data/processed/crops/test/all_motor_vehicle_prohibited/all_motor_vehicle_prohibited-38_png.rf.47eceecebdbaee53f72c362e9ce19bdd__242.0.jpg,0,all_motor_vehicle_prohibited,41,restriction_ends,0.9985907673835754,"[41, 63, 55]","[0.9985907673835754, 0.0005562684382312, 0.00031229492742568254]",False
/content/MargDrishti/data/processed/crops/test/roundabout/roundabout-16_jpg.rf.485510f8281630b58b16b05daeebf08c__243.0.jpg,45,roundabout,63,t_intersection,0.8949400782585144,"[63, 45, 20]","[0.8949400782585144, 0.09127125889062881, 0.00603671045973897]",False
/content/MargDrishti/data/processed/crops/test/petrol_pump_ahead/petrol_pump_ahead-56_png.rf.47a8c2436368ef9766feec50d07111e7__244.0.jpg,39,petrol_pump_ahead,62,stop,0.9998433589935303,"[62, 29, 53]","[0.9998433589935303, 0.00015274342149496078, 2.4194212073780363e-06]",False
/content/MargDrishti/data/processed/crops/test/traffic_signal/traffic_signal-8_jpg.rf.48a499a3d7de330095b305f415f56d73__245.0.jpg,64,traffic_signal,19,guarded_level_crossing,0.8704898953437805,"[19, 68, 51]","[0.8704898953437805, 0.10026861727237701, 0.026913346722722054]",False
/content/MargDrishti/data/processed/crops/test/speed_limit_40/speed_limit_40-36_jpg.rf.49a325b54e118f2518fcb87d45aec6b1__246.0.jpg,54,speed_limit_40,51,speed_limit_120,0.7031750679016113,"[51, 9, 45]","[0.7031750679016113, 0.1301620453596115, 0.06657079607248306]",False
/content/MargDrishti/data/processed/crops/test/right_turn_prohibited/right_turn_prohibited-31_jpg.rf.48ee1e8210dad2f0c8bd2e6c7d73e5f0__247.0.jpg,44,right_turn_prohibited,68,unguarded_level_crossing,0.7951613068580627,"[68, 63, 26]","[0.7951613068580627, 0.11319032311439514, 0.09028210490942001]",False
/content/MargDrishti/data/processed/crops/test/restriction_ends/restriction_ends-45_png.rf.494f36a69808cadb9eb9bad88dcd13e8__248.0.jpg,41,restriction_ends,68,unguarded_level_crossing,0.609023928642273,"[68, 27, 66]","[0.609023928642273, 0.38496434688568115, 0.002110194880515337]",False
/content/MargDrishti/data/processed/crops/test/left_reverse_bend/left_reverse_bend-27_png.rf.49e0c29f536086ee97a573d2ccfda3c0__250.0.jpg,25,left_reverse_bend,20,height_limit,0.7059043645858765,"[20, 62, 68]","[0.7059043645858765, 0.2935085594654083, 0.00045010604662820697]",False
/content/MargDrishti/data/processed/crops/test/roundabout/roundabout-23_jpg.rf.4a38ceeb8660b2df88a9bd7c433b8f56__251.0.jpg,45,roundabout,68,unguarded_level_crossing,0.9999682903289795,"[68, 41, 62]","[0.9999682903289795, 3.1178809877019376e-05, 3.9422769759767107e-07]",False
/content/MargDrishti/data/processed/crops/test/speed_limit_20/speed_limit_20-17_png.rf.49db9c9fcea0894698b8a334ba947e51__252.0.jpg,52,speed_limit_20,68,unguarded_level_crossing,0.9970715045928955,"[68, 19, 64]","[0.9970715045928955, 0.002908100839704275, 1.2196624993521255e-05]",False
/content/MargDrishti/data/processed/crops/test/narrow_bridge_ahead/narrow_bridge_ahead-70_jpg.rf.4a84b85ad36698580998ef7a4e2bb189__253.0.jpg,30,narrow_bridge_ahead,45,roundabout,0.45523276925086975,"[45, 41, 20]","[0.45523276925086975, 0.39633092284202576, 0.13201642036437988]",False
/content/MargDrishti/data/processed/crops/test/no_entry/no_entry-49_jpg.rf.4ad07b8cabae18a4590e1b8abb151ac5__254.0.jpg,32,no_entry,19,guarded_level_crossing,0.9983036518096924,"[19, 68, 29]","[0.9983036518096924, 0.0007269906345754862, 0.0006482430035248399]",False
/content/MargDrishti/data/processed/crops/test/school_ahead/school_ahead-52_jpg.rf.4b1008a1b105d4fad4a80cacc5420d1c__255.0.jpg,46,school_ahead,29,men_at_work,0.8193227648735046,"[29, 68, 16]","[0.8193227648735046, 0.10513626784086227, 0.07280486077070236]",False
/content/MargDrishti/data/processed/crops/test/cross_road/cross_road-47_jpg.rf.4a70ec97f8a693f433bfc905b326c793__256.0.jpg,13,cross_road,29,men_at_work,0.9456115365028381,"[29, 19, 67]","[0.9456115365028381, 0.01993904821574688, 0.014331948943436146]",False
/content/MargDrishti/data/processed/crops/test/right_hand_curve/right_hand_curve-12_jpg.rf.4b946169572114c1ea2d29db54cd45c2__257.0.jpg,42,right_hand_curve,68,unguarded_level_crossing,0.8830716013908386,"[68, 67, 31]","[0.8830716013908386, 0.08632040023803711, 0.01670261286199093]",False
/content/MargDrishti/data/processed/crops/test/speed_limit_100/speed_limit_100-47_png.rf.4b9249c6a87e860854d25e808cc3060f__258.0.jpg,50,speed_limit_100,8,compulsary_keep_left,0.3631470501422882,"[8, 67, 66]","[0.3631470501422882, 0.23253470659255981, 0.16696487367153168]",False
/content/MargDrishti/data/processed/crops/test/chevron_direction/chevron_direction-45_jpg.rf.4b4e3a7d4e572964000e4a8c5f8578c4__259.0.jpg,4,chevron_direction,68,unguarded_level_crossing,0.6952463388442993,"[68, 40, 66]","[0.6952463388442993, 0.12148372828960419, 0.11760982125997543]",False
/content/MargDrishti/data/processed/crops/test/speed_limit_20/speed_limit_20-16_jpg.rf.4b5a5631c1dc7a125e77440f624d745f__260.0.jpg,52,speed_limit_20,19,guarded_level_crossing,0.9918498992919922,"[19, 65, 66]","[0.9918498992919922, 0.004046279937028885, 0.0012645578244701028]",False
/content/MargDrishti/data/processed/crops/test/compulsary_sound_horn/compulsary_sound_horn-29_jpg.rf.4bb4c3cd72b1db9a2a7ae17493bcea65__261.0.jpg,10,compulsary_sound_horn,50,speed_limit_100,0.5917730331420898,"[50, 68, 8]","[0.5917730331420898, 0.16059887409210205, 0.13050781190395355]",False
/content/MargDrishti/data/processed/crops/test/t_intersection/t_intersection-40_jpg.rf.4bc78a874b5ef5e3c9450497dbb9a6c0__262.0.jpg,63,t_intersection,65,truck_prohibited,0.9987475872039795,"[65, 68, 45]","[0.9987475872039795, 0.0009126440854743123, 0.00030123142641969025]",False
/content/MargDrishti/data/processed/crops/test/right_turn_prohibited/right_turn_prohibited-5_jpg.rf.4c39ed442995fc760e90ee50d6fe8712__264.0.jpg,44,right_turn_prohibited,64,traffic_signal,0.9091804623603821,"[64, 19, 29]","[0.9091804623603821, 0.08405782282352448, 0.004415855277329683]",False
/content/MargDrishti/data/processed/crops/test/traffic_signal/traffic_signal-16_jpg.rf.4e2787361fc6c1e06f498ebf8c44cfca__265.0.jpg,64,traffic_signal,51,speed_limit_120,0.4183267652988434,"[51, 26, 63]","[0.4183267652988434, 0.2172478884458542, 0.09086466580629349]",False
/content/MargDrishti/data/processed/crops/test/height_limit/height_limit-6_png.rf.4d07237aaaa8917cd239c4c13a4cfce2__267.0.jpg,20,height_limit,45,roundabout,0.9997758269309998,"[45, 31, 51]","[0.9997758269309998, 0.00015286833513528109, 4.127167267142795e-05]",False
/content/MargDrishti/data/processed/crops/test/give_way/give_way-2_png.rf.4bf87c10179f9e33e8f50fdc0b530233__268.0.jpg,18,give_way,6,compulsary_ahead_or_turn_left,0.7969489097595215,"[6, 63, 68]","[0.7969489097595215, 0.15536704659461975, 0.015932343900203705]",False
/content/MargDrishti/data/processed/crops/test/loose_gravel/loose_gravel-11_png.rf.4e3fff4ef4e3818e6a4829e636c163cd__269.0.jpg,28,loose_gravel,45,roundabout,0.999714195728302,"[45, 48, 62]","[0.999714195728302, 0.00022624415578320622, 5.57293496967759e-05]",False
/content/MargDrishti/data/processed/crops/test/u_turn_prohibited/u_turn_prohibited-45_jpg.rf.4e5d246ce1c6f01a653f07e5d7eaa585__270.0.jpg,67,u_turn_prohibited,45,roundabout,0.8319975137710571,"[45, 65, 51]","[0.8319975137710571, 0.163584902882576, 0.0037677541840821505]",False
/content/MargDrishti/data/processed/crops/test/left_turn_prohibited/left_turn_prohibited-22_jpg.rf.4ee5c9a80992a1d0b584c5efefcd3bcf__271.0.jpg,26,left_turn_prohibited,62,stop,0.915814220905304,"[62, 64, 28]","[0.915814220905304, 0.0377889908850193, 0.016122734174132347]",False
/content/MargDrishti/data/processed/crops/test/all_motor_vehicle_prohibited/all_motor_vehicle_prohibited-37_png.rf.4f5e59e4f744ec3fe0918e39230bdd78__272.0.jpg,0,all_motor_vehicle_prohibited,41,restriction_ends,0.9751636385917664,"[41, 63, 30]","[0.9751636385917664, 0.024605154991149902, 0.00021769102022517473]",False
/content/MargDrishti/data/processed/crops/test/compulsary_ahead_or_turn_right/compulsary_ahead_or_turn_right-23_jpg.rf.4f0a79201d838613c16ea3d0e64814c9__273.0.jpg,7,compulsary_ahead_or_turn_right,30,narrow_bridge_ahead,0.9958761930465698,"[30, 68, 62]","[0.9958761930465698, 0.0034628419671207666, 0.0006563549395650625]",False
/content/MargDrishti/data/processed/crops/test/hospital_ahead/hospital_ahead-56_jpg.rf.4f286bd8a9f63dda8406ffb12efbba87__274.0.jpg,22,hospital_ahead,38,pedestrian_prohibited,0.6654321551322937,"[38, 62, 68]","[0.6654321551322937, 0.24033428728580475, 0.059548091143369675]",False
/content/MargDrishti/data/processed/crops/test/speed_limit_70/speed_limit_70-27_jpg.rf.4f0f5e99f9478515344d24d8cd7bc04c__275.0.jpg,57,speed_limit_70,41,restriction_ends,0.9999250173568726,"[41, 68, 62]","[0.9999250173568726, 7.494093006243929e-05, 3.3701951451803325e-08]",False
/content/MargDrishti/data/processed/crops/test/dangerous_dip/dangerous_dip-3_jpg.rf.5000406c61e49c30870273fd103f62ea__276.0.jpg,15,dangerous_dip,68,unguarded_level_crossing,0.6983008980751038,"[68, 40, 19]","[0.6983008980751038, 0.30151212215423584, 0.00010661940177669749]",False
/content/MargDrishti/data/processed/crops/test/truck_prohibited/truck_prohibited-36_jpg.rf.50d0c55bf403b82879b18d572e3f0080__277.0.jpg,65,truck_prohibited,45,roundabout,0.9990519881248474,"[45, 63, 15]","[0.9990519881248474, 0.0008544191368855536, 8.544169395463541e-05]",False
/content/MargDrishti/data/processed/crops/test/t_intersection/t_intersection-22_jpeg.rf.503f63907e0573581eda277b992499d9__278.0.jpg,63,t_intersection,62,stop,0.4177964925765991,"[62, 68, 63]","[0.4177964925765991, 0.26101189851760864, 0.21272148191928864]",False
/content/MargDrishti/data/processed/crops/test/pass_either_side/pass_either_side-44_jpeg.rf.511d3a33822d1919a840b46778af88e0__279.0.jpg,36,pass_either_side,62,stop,0.94634610414505,"[62, 68, 38]","[0.94634610414505, 0.03505385294556618, 0.018078245222568512]",False
/content/MargDrishti/data/processed/crops/test/height_limit/height_limit-49_jpeg.rf.516ca16b0a9a917d88b8e28b0887002c__280.0.jpg,20,height_limit,25,left_reverse_bend,0.97430419921875,"[25, 68, 63]","[0.97430419921875, 0.019708512350916862, 0.0053497496992349625]",False
/content/MargDrishti/data/processed/crops/test/truck_prohibited/truck_prohibited-29_jpeg.rf.52ee3838d903637ce1daa100184c82f3__281.0.jpg,65,truck_prohibited,45,roundabout,0.9999094009399414,"[45, 62, 63]","[0.9999094009399414, 6.060477971914224e-05, 1.6416677681263536e-05]",False
/content/MargDrishti/data/processed/crops/test/narrow_bridge_ahead/narrow_bridge_ahead-28_jpg.rf.52d1b716df7b0383420a91f92d841560__282.0.jpg,30,narrow_bridge_ahead,41,restriction_ends,0.9828448295593262,"[41, 63, 29]","[0.9828448295593262, 0.012235071510076523, 0.0016493216389790177]",False
/content/MargDrishti/data/processed/crops/test/loose_gravel/loose_gravel-31_png.rf.5222ff00fd0bf94b99265377c3ad99cb__283.0.jpg,28,loose_gravel,62,stop,0.6355810165405273,"[62, 26, 45]","[0.6355810165405273, 0.3560488820075989, 0.004893132485449314]",False
/content/MargDrishti/data/processed/crops/test/side_road_right/side_road_right-17_jpeg.rf.5255c65ece117c133fbd82286f534fe9__284.0.jpg,48,side_road_right,62,stop,0.9904711246490479,"[62, 45, 26]","[0.9904711246490479, 0.008915849961340427, 0.0006113593117333949]",False
/content/MargDrishti/data/processed/crops/test/side_road_right/side_road_right-0_jpg.rf.5383394f1cf0b9946bf3e5fdc08ca025__285.0.jpg,48,side_road_right,40,quay_side_or_river_bank,0.9597941040992737,"[40, 26, 68]","[0.9597941040992737, 0.033230751752853394, 0.006232402753084898]",False
/content/MargDrishti/data/processed/crops/test/compulsary_turn_right_ahead/compulsary_turn_right_ahead-48_png.rf.534b29bb2d156af946d72f9826ac17df__286.0.jpg,12,compulsary_turn_right_ahead,41,restriction_ends,0.5015416741371155,"[41, 26, 65]","[0.5015416741371155, 0.2654469907283783, 0.11892011761665344]",False
/content/MargDrishti/data/processed/crops/test/overtaking_prohibited/overtaking_prohibited-17_jpeg.rf.546c19e76ec7e2445818b8e469721647__287.0.jpg,35,overtaking_prohibited,20,height_limit,0.9710328578948975,"[20, 68, 53]","[0.9710328578948975, 0.020877400413155556, 0.005311441142112017]",False
/content/MargDrishti/data/processed/crops/test/left_turn_prohibited/left_turn_prohibited-15_jpg.rf.537ac61928f77257b26d2adf68d047f8__288.0.jpg,26,left_turn_prohibited,62,stop,0.980118989944458,"[62, 41, 28]","[0.980118989944458, 0.016388172283768654, 0.0013322060694918036]",False
/content/MargDrishti/data/processed/crops/test/compulsary_turn_left_ahead/compulsary_turn_left_ahead-28_jpg.rf.558713ed0ef98f6a41f5fa9013836510__289.0.jpg,11,compulsary_turn_left_ahead,29,men_at_work,0.9998557567596436,"[29, 10, 68]","[0.9998557567596436, 0.00011005168926203623, 2.6912239263765514e-05]",False
/content/MargDrishti/data/processed/crops/test/give_way/give_way-27_png.rf.54bebe99f6ba19993c6080c0380f8bfc__290.0.jpg,18,give_way,50,speed_limit_100,0.46557483077049255,"[50, 8, 19]","[0.46557483077049255, 0.4588203430175781, 0.07160810381174088]",False
/content/MargDrishti/data/processed/crops/test/roundabout/roundabout-26_png.rf.56a54d67a55ec8b7b3b21a82c470fffd__291.0.jpg,45,roundabout,22,hospital_ahead,0.5014232397079468,"[22, 8, 58]","[0.5014232397079468, 0.4642880856990814, 0.012024101801216602]",False
/content/MargDrishti/data/processed/crops/test/height_limit/height_limit-11_jpeg.rf.55bb95ea8955453be45881f175b1a7f0__292.0.jpg,20,height_limit,26,left_turn_prohibited,0.9197683334350586,"[26, 62, 68]","[0.9197683334350586, 0.07176369428634644, 0.004085906315594912]",False
/content/MargDrishti/data/processed/crops/test/cycle_crossing/cycle_crossing-29_png.rf.56c474fbd9611ab2d36b212b38ecf062__293.0.jpg,14,cycle_crossing,68,unguarded_level_crossing,0.8548334240913391,"[68, 59, 8]","[0.8548334240913391, 0.07388141751289368, 0.03496851027011871]",False
/content/MargDrishti/data/processed/crops/test/overtaking_prohibited/overtaking_prohibited-49_jpg.rf.56ed2b0f3e3a243ac7b0750f060dae7c__294.0.jpg,35,overtaking_prohibited,68,unguarded_level_crossing,0.7087144255638123,"[68, 16, 27]","[0.7087144255638123, 0.2420850545167923, 0.03754046931862831]",False
/content/MargDrishti/data/processed/crops/test/u_turn/u_turn-50_jpg.rf.56e36c4252d4379907b528ea7e489a28__295.0.jpg,66,u_turn,20,height_limit,0.7387647032737732,"[20, 62, 53]","[0.7387647032737732, 0.2405385822057724, 0.01579250954091549]",False
/content/MargDrishti/data/processed/crops/test/right_hand_curve/right_hand_curve-6_jpg.rf.572640d75520f7236ebdb0bf6fa04aa1__296.0.jpg,42,right_hand_curve,67,u_turn_prohibited,0.7970703840255737,"[67, 68, 6]","[0.7970703840255737, 0.1795468032360077, 0.011343389749526978]",False
/content/MargDrishti/data/processed/crops/test/compulsary_keep_left/compulsary_keep_left-1_png.rf.57d1741583c2c1f4f2f79a13ebf16ad7__297.0.jpg,8,compulsary_keep_left,68,unguarded_level_crossing,0.9857816100120544,"[68, 26, 55]","[0.9857816100120544, 0.013882153667509556, 0.00023063726257532835]",False
/content/MargDrishti/data/processed/crops/test/men_at_work/men_at_work-45_png.rf.577ba1d4aa5020dfced679f0ea54f812__298.0.jpg,29,men_at_work,29,men_at_work,0.9987804293632507,"[29, 62, 63]","[0.9987804293632507, 0.00115866563282907, 5.77341161260847e-05]",True
/content/MargDrishti/data/processed/crops/test/axle_load_limit/axle_load_limit-11_jpeg.rf.5740b565cdb5238c519a30719034fe43__300.0.jpg,1,axle_load_limit,63,t_intersection,0.8908101916313171,"[63, 45, 68]","[0.8908101916313171, 0.10103172063827515, 0.004311913624405861]",False
/content/MargDrishti/data/processed/crops/test/unguarded_level_crossing/unguarded_level_crossing-3_jpg.rf.584c6f695dde5345c3cdc7f572ec6090__301.0.jpg,68,unguarded_level_crossing,68,unguarded_level_crossing,0.993316650390625,"[68, 41, 27]","[0.993316650390625, 0.0026415095198899508, 0.0018944893963634968]",True
/content/MargDrishti/data/processed/crops/test/stop/stop-55_png.rf.58674348948c04d308ad969080c10ab0__302.0.jpg,62,stop,45,roundabout,0.36824601888656616,"[45, 10, 33]","[0.36824601888656616, 0.3425027132034302, 0.11706499755382538]",False
/content/MargDrishti/data/processed/crops/test/right_reverse_bend/right_reverse_bend-45_jpg.rf.589625f0e8d86791f23c747ea20a67f6__303.0.jpg,43,right_reverse_bend,26,left_turn_prohibited,0.8914110660552979,"[26, 10, 48]","[0.8914110660552979, 0.09987839311361313, 0.006822383962571621]",False
/content/MargDrishti/data/processed/crops/test/compulsary_sound_horn/compulsary_sound_horn-1_jpg.rf.5855545cbaf0b92d0b817d5bea96504d__304.0.jpg,10,compulsary_sound_horn,8,compulsary_keep_left,0.6519868969917297,"[8, 27, 67]","[0.6519868969917297, 0.3170543909072876, 0.021996669471263885]",False
/content/MargDrishti/data/processed/crops/test/speed_limit_120/speed_limit_120-27_png.rf.58b091718bc10867f1f7fcaa82500494__305.0.jpg,51,speed_limit_120,8,compulsary_keep_left,0.9520981311798096,"[8, 68, 67]","[0.9520981311798096, 0.027210084721446037, 0.016815796494483948]",False
/content/MargDrishti/data/processed/crops/test/compulsary_turn_left_ahead/compulsary_turn_left_ahead-42_png.rf.58cab74cd8140f3150cf149f44c049fe__306.0.jpg,11,compulsary_turn_left_ahead,29,men_at_work,0.7163059711456299,"[29, 68, 41]","[0.7163059711456299, 0.28124287724494934, 0.0020914289634674788]",False
/content/MargDrishti/data/processed/crops/test/pedestrian_crossing/pedestrian_crossing-60_jpg.rf.58fb8887544e4d28ca157673f74ca518__307.0.jpg,37,pedestrian_crossing,62,stop,0.6422447562217712,"[62, 63, 41]","[0.6422447562217712, 0.26011472940444946, 0.06641954183578491]",False
/content/MargDrishti/data/processed/crops/test/pedestrian_crossing/pedestrian_crossing-32_png.rf.5a7ad990d60dc46c4b8f03427f281ab0__308.0.jpg,37,pedestrian_crossing,27,length_limit,0.7745417952537537,"[27, 29, 19]","[0.7745417952537537, 0.10373527556657791, 0.09333998709917068]",False
/content/MargDrishti/data/processed/crops/test/no_entry/no_entry-44_jpg.rf.5aac8adcee814fd256c3038fdfaa55d4__309.0.jpg,32,no_entry,19,guarded_level_crossing,0.9924348592758179,"[19, 66, 8]","[0.9924348592758179, 0.002604395616799593, 0.0016598161309957504]",False
/content/MargDrishti/data/processed/crops/test/left_reverse_bend/left_reverse_bend-14_png.rf.590a6f2b57b009e3eb1da160a069cdeb__310.0.jpg,25,left_reverse_bend,68,unguarded_level_crossing,0.8765401840209961,"[68, 26, 19]","[0.8765401840209961, 0.024880286306142807, 0.023399295285344124]",False
/content/MargDrishti/data/processed/crops/test/bullock_cart_and_hand_cart_prohibited/bullock_cart_and_hand_cart_prohibited-40_jpg.rf.5abe78a5257ec05b1792f98044998349__311.0.jpg,2,bullock_cart_and_hand_cart_prohibited,26,left_turn_prohibited,0.6704592108726501,"[26, 29, 8]","[0.6704592108726501, 0.27218014001846313, 0.03669014573097229]",False
/content/MargDrishti/data/processed/crops/test/compulsary_turn_right_ahead/compulsary_turn_right_ahead-33_png.rf.5b73099de8ab360f9208486261f67739__312.0.jpg,12,compulsary_turn_right_ahead,66,u_turn,0.8266131281852722,"[66, 68, 27]","[0.8266131281852722, 0.1551354080438614, 0.010502157732844353]",False
/content/MargDrishti/data/processed/crops/test/speed_limit_60/speed_limit_60-31_jpg.rf.5b768644a9f34c0e4e30e4b67febc14d__313.0.jpg,56,speed_limit_60,19,guarded_level_crossing,0.9900464415550232,"[19, 27, 26]","[0.9900464415550232, 0.0048196641728281975, 0.004637577570974827]",False
/content/MargDrishti/data/processed/crops/test/give_way/give_way-9_png.rf.5bb980541b000f1d9fabd8b4ffbeb8cd__314.0.jpg,18,give_way,68,unguarded_level_crossing,0.9607861042022705,"[68, 27, 66]","[0.9607861042022705, 0.026726480573415756, 0.0050857700407505035]",False
/content/MargDrishti/data/processed/crops/test/cycle_crossing/cycle_crossing-20_jpg.rf.5d0d3b2c00b1e1fa7b3732f4878d1c75__315.0.jpg,14,cycle_crossing,68,unguarded_level_crossing,0.9832419157028198,"[68, 48, 26]","[0.9832419157028198, 0.008179199881851673, 0.004311541561037302]",False
/content/MargDrishti/data/processed/crops/test/speed_limit_40/speed_limit_40-45_jpg.rf.5bdd168b63d460430e72dcfabf7331a7__316.0.jpg,54,speed_limit_40,19,guarded_level_crossing,0.5609773397445679,"[19, 8, 68]","[0.5609773397445679, 0.24670426547527313, 0.17676211893558502]",False
/content/MargDrishti/data/processed/crops/test/length_limit/length_limit-25_png.rf.5eae83bfb64e787a231526af9136325a__317.0.jpg,27,length_limit,41,restriction_ends,0.9975236058235168,"[41, 29, 68]","[0.9975236058235168, 0.0009454370010644197, 0.0006415647221729159]",False
/content/MargDrishti/data/processed/crops/test/right_turn_prohibited/right_turn_prohibited-3_jpg.rf.5d72ab144723f0004de9b60865ce898c__318.0.jpg,44,right_turn_prohibited,19,guarded_level_crossing,0.9405922293663025,"[19, 68, 48]","[0.9405922293663025, 0.032936859875917435, 0.011744930408895016]",False
/content/MargDrishti/data/processed/crops/test/left_hand_curve/left_hand_curve-23_jpg.rf.5d1a8896acb8737673b9deb583392f0c__319.0.jpg,24,left_hand_curve,41,restriction_ends,0.8006539344787598,"[41, 26, 45]","[0.8006539344787598, 0.1977279633283615, 0.001592828775756061]",False
/content/MargDrishti/data/processed/crops/test/truck_prohibited/truck_prohibited-22_png.rf.5e8825b78da47f5e77fa31297527aaa1__320.0.jpg,65,truck_prohibited,45,roundabout,0.8670121431350708,"[45, 68, 63]","[0.8670121431350708, 0.09645023941993713, 0.03432125970721245]",False
/content/MargDrishti/data/processed/crops/test/guarded_level_crossing/guarded_level_crossing-34_jpg.rf.5ee3a6dbcf3034a228baaa06904dbdc4__321.0.jpg,19,guarded_level_crossing,41,restriction_ends,0.6459168791770935,"[41, 26, 68]","[0.6459168791770935, 0.3538319766521454, 0.0001627481251489371]",False
/content/MargDrishti/data/processed/crops/test/horn_prohibited/horn_prohibited-44_jpg.rf.5ecee40817d104c69ec4d1b33e46db42__322.0.jpg,21,horn_prohibited,53,speed_limit_30,0.982414186000824,"[53, 68, 62]","[0.982414186000824, 0.015359785407781601, 0.0020885849371552467]",False
/content/MargDrishti/data/processed/crops/test/speed_limit_40/speed_limit_40-12_jpg.rf.5f1737c29cbe6858533ea5752d6ef0ae__323.0.jpg,54,speed_limit_40,68,unguarded_level_crossing,0.5218075513839722,"[68, 29, 67]","[0.5218075513839722, 0.3135624825954437, 0.16295914351940155]",False
/content/MargDrishti/data/processed/crops/test/length_limit/length_limit-37_jpg.rf.5f90a138ba3d1b8e484cc4f7cfe0bcfe__324.0.jpg,27,length_limit,29,men_at_work,0.949873685836792,"[29, 68, 41]","[0.949873685836792, 0.026454515755176544, 0.020074930042028427]",False
/content/MargDrishti/data/processed/crops/test/compulsary_sound_horn/compulsary_sound_horn-21_jpg.rf.60955941b4776cadcb132e866470ac27__325.0.jpg,10,compulsary_sound_horn,27,length_limit,0.45127353072166443,"[27, 8, 67]","[0.45127353072166443, 0.4242222011089325, 0.12116348743438721]",False
/content/MargDrishti/data/processed/crops/test/pedestrian_prohibited/pedestrian_prohibited-19_jpeg.rf.606391e73c5d1afeec784eb597d3e760__326.0.jpg,38,pedestrian_prohibited,19,guarded_level_crossing,0.9996511936187744,"[19, 62, 29]","[0.9996511936187744, 0.0003381975693628192, 7.357210506597767e-06]",False
/content/MargDrishti/data/processed/crops/test/height_limit/height_limit-55_png.rf.5f98c5ad6858fbb239738a9fafd5d662__327.0.jpg,20,height_limit,62,stop,0.7824230790138245,"[62, 26, 63]","[0.7824230790138245, 0.19665339589118958, 0.01881302334368229]",False
/content/MargDrishti/data/processed/crops/test/falling_rocks/falling_rocks-41_jpeg.rf.60af2c1b4838a9d78c785c45ed555e61__328.0.jpg,16,falling_rocks,68,unguarded_level_crossing,0.3332515060901642,"[68, 26, 63]","[0.3332515060901642, 0.3284762501716614, 0.2070709764957428]",False
/content/MargDrishti/data/processed/crops/test/roundabout/roundabout-4_jpg.rf.61adfea0f3b77e364d609c8d37ba99df__329.0.jpg,45,roundabout,68,unguarded_level_crossing,0.8791590929031372,"[68, 66, 8]","[0.8791590929031372, 0.08789248019456863, 0.018399788066744804]",False
/content/MargDrishti/data/processed/crops/test/cycle_crossing/cycle_crossing-19_jpg.rf.60c2c81248aea2b516b2b2b7b6e11087__330.0.jpg,14,cycle_crossing,26,left_turn_prohibited,0.6749100089073181,"[26, 68, 67]","[0.6749100089073181, 0.3228466510772705, 0.002117758383974433]",False
/content/MargDrishti/data/processed/crops/test/left_turn_prohibited/left_turn_prohibited-8_jpg.rf.61cb87d59bdba912d7dec6d9ebc636e7__331.0.jpg,26,left_turn_prohibited,26,left_turn_prohibited,0.7949542999267578,"[26, 19, 64]","[0.7949542999267578, 0.2000090777873993, 0.0016130524454638362]",True
/content/MargDrishti/data/processed/crops/test/u_turn_prohibited/u_turn_prohibited-66_jpeg.rf.61f0ede12c07c2e33fb3f0224468c609__332.0.jpg,67,u_turn_prohibited,45,roundabout,0.8968936800956726,"[45, 49, 63]","[0.8968936800956726, 0.05009465292096138, 0.02266741171479225]",False
/content/MargDrishti/data/processed/crops/test/roundabout/roundabout-12_jpg.rf.626604862838121b87c6ccd4b8219fd0__335.0.jpg,45,roundabout,63,t_intersection,0.9822576642036438,"[63, 26, 0]","[0.9822576642036438, 0.017658594995737076, 6.982341437833384e-05]",False
/content/MargDrishti/data/processed/crops/test/guarded_level_crossing/guarded_level_crossing-45_jpg.rf.62577c11513ccb91ebe43e89a1bf04ce__336.0.jpg,19,guarded_level_crossing,68,unguarded_level_crossing,0.9685935378074646,"[68, 62, 51]","[0.9685935378074646, 0.021992264315485954, 0.008065295405685902]",False
/content/MargDrishti/data/processed/crops/test/dangerous_dip/dangerous_dip-47_jpg.rf.62b6443d531bdd7a0852cb49dda42a6b__337.0.jpg,15,dangerous_dip,62,stop,0.9964720010757446,"[62, 70, 68]","[0.9964720010757446, 0.0033577263820916414, 8.806303958408535e-05]",False
/content/MargDrishti/data/processed/crops/test/compulsary_sound_horn/compulsary_sound_horn-9_jpg.rf.62ffc2530430593227ddb15e0d79629d__338.0.jpg,10,compulsary_sound_horn,68,unguarded_level_crossing,0.9794409275054932,"[68, 0, 29]","[0.9794409275054932, 0.02014124020934105, 0.00019499805057421327]",False
/content/MargDrishti/data/processed/crops/test/compulsary_ahead_or_turn_left/compulsary_ahead_or_turn_left-51_png.rf.62665219b18ecb83b068244360662467__339.0.jpg,6,compulsary_ahead_or_turn_left,38,pedestrian_prohibited,0.9999996423721313,"[38, 68, 64]","[0.9999996423721313, 3.519805034102319e-07, 4.796741226442691e-09]",False
/content/MargDrishti/data/processed/crops/test/quay_side_or_river_bank/quay_side_or_river_bank-53_jpg.rf.62c5293756e55394a8717417db4b216a__340.0.jpg,40,quay_side_or_river_bank,41,restriction_ends,0.9905089139938354,"[41, 19, 68]","[0.9905089139938354, 0.0059369150549173355, 0.0029194930102676153]",False
/content/MargDrishti/data/processed/crops/test/axle_load_limit/axle_load_limit-38_jpg.rf.6379ce3544f5bee1fbe2e29030cff54f__341.0.jpg,1,axle_load_limit,41,restriction_ends,0.9173188209533691,"[41, 63, 29]","[0.9173188209533691, 0.05628199130296707, 0.020869407802820206]",False
/content/MargDrishti/data/processed/crops/test/compulsary_ahead/compulsary_ahead-26_png.rf.632412a0c96ff289524ccad4f128f4b1__342.0.jpg,5,compulsary_ahead,29,men_at_work,0.7717733383178711,"[29, 8, 41]","[0.7717733383178711, 0.12816138565540314, 0.05971619114279747]",False
/content/MargDrishti/data/processed/crops/test/compulsary_keep_left/compulsary_keep_left-33_jpg.rf.6345cfa87e5d28d2286537d8ce79f8fc__343.0.jpg,8,compulsary_keep_left,67,u_turn_prohibited,0.8550411462783813,"[67, 29, 63]","[0.8550411462783813, 0.11004254966974258, 0.01723824255168438]",False
/content/MargDrishti/data/processed/crops/test/left_turn_prohibited/left_turn_prohibited-34_jpg.rf.640a8049e6774cbb96330a85d1e3a6c7__344.0.jpg,26,left_turn_prohibited,10,compulsary_sound_horn,0.8318537473678589,"[10, 68, 70]","[0.8318537473678589, 0.12488990277051926, 0.02056734450161457]",False
/content/MargDrishti/data/processed/crops/test/side_road_left/side_road_left-31_jpg.rf.65ffb407592411e0bedfa40365e1cda2__345.0.jpg,47,side_road_left,51,speed_limit_120,0.7795431017875671,"[51, 68, 63]","[0.7795431017875671, 0.16069453954696655, 0.026492953300476074]",False
/content/MargDrishti/data/processed/crops/test/axle_load_limit/axle_load_limit-0_jpg.rf.65363090eb9927d19d416a83e99a14a1__346.0.jpg,1,axle_load_limit,41,restriction_ends,0.9994921684265137,"[41, 49, 51]","[0.9994921684265137, 0.0003305079590063542, 6.505990313598886e-05]",False
/content/MargDrishti/data/processed/crops/test/traffic_signal/traffic_signal-26_png.rf.64afd0f7433bd793e8c51a8f90397fc5__347.0.jpg,64,traffic_signal,19,guarded_level_crossing,0.7079166769981384,"[19, 27, 28]","[0.7079166769981384, 0.2786124348640442, 0.004951381124556065]",False
/content/MargDrishti/data/processed/crops/test/truck_prohibited/truck_prohibited-41_jpg.rf.663c34a9fc0ad369bdd2f5183da1c8da__348.0.jpg,65,truck_prohibited,68,unguarded_level_crossing,0.9997616410255432,"[68, 63, 41]","[0.9997616410255432, 0.00023513776250183582, 1.536664058221504e-06]",False
/content/MargDrishti/data/processed/crops/test/restriction_ends/restriction_ends-42_png.rf.64c8e648ebce14e9375b756c61e1009d__349.0.jpg,41,restriction_ends,68,unguarded_level_crossing,0.9033406972885132,"[68, 27, 16]","[0.9033406972885132, 0.07827060669660568, 0.011756697669625282]",False
/content/MargDrishti/data/processed/crops/test/no_parking/no_parking-26_jpeg.rf.669e6ce8998dbde4eff964af8a72d8cb__350.0.jpg,33,no_parking,64,traffic_signal,0.8639393448829651,"[64, 20, 45]","[0.8639393448829651, 0.10867579281330109, 0.012704755179584026]",False
/content/MargDrishti/data/processed/crops/test/compulsary_turn_left_ahead/compulsary_turn_left_ahead-34_png.rf.67e056ee822782145a83a8cfc9b05340__351.0.jpg,11,compulsary_turn_left_ahead,62,stop,0.9627721905708313,"[62, 8, 15]","[0.9627721905708313, 0.02795393206179142, 0.008867332711815834]",False
/content/MargDrishti/data/processed/crops/test/height_limit/height_limit-22_jpeg.rf.6740c2a50b90df5e16889af9353b4882__352.0.jpg,20,height_limit,68,unguarded_level_crossing,0.46301645040512085,"[68, 31, 19]","[0.46301645040512085, 0.2909017503261566, 0.16924095153808594]",False
/content/MargDrishti/data/processed/crops/test/compulsary_turn_left_ahead/compulsary_turn_left_ahead-3_png.rf.679680e810028643493332c3dd0da015__354.0.jpg,11,compulsary_turn_left_ahead,62,stop,0.999767005443573,"[62, 29, 38]","[0.999767005443573, 6.979125464567915e-05, 5.602528472081758e-05]",False
/content/MargDrishti/data/processed/crops/test/speed_limit_20/speed_limit_20-2_jpg.rf.68704574ddc8e3b0920a9091ed16afe8__355.0.jpg,52,speed_limit_20,42,right_hand_curve,0.7980645298957825,"[42, 26, 64]","[0.7980645298957825, 0.18118761479854584, 0.012885372154414654]",False
/content/MargDrishti/data/processed/crops/test/u_turn/u_turn-20_jpg.rf.671dff63eab6e51cefa06913f4fb8a80__356.0.jpg,66,u_turn,51,speed_limit_120,0.8288524150848389,"[51, 68, 31]","[0.8288524150848389, 0.11169218271970749, 0.04132489114999771]",False
/content/MargDrishti/data/processed/crops/test/stop/stop-56_png.rf.6963817635be6bde259727f3cfa42333__357.0.jpg,62,stop,33,no_parking,0.896798849105835,"[33, 10, 6]","[0.896798849105835, 0.06672701239585876, 0.01365437638014555]",False
/content/MargDrishti/data/processed/crops/test/chevron_direction/chevron_direction-21_jpg.rf.69f3a71d0d36e53cb543f818fdcba11e__358.0.jpg,4,chevron_direction,40,quay_side_or_river_bank,0.4914362132549286,"[40, 19, 68]","[0.4914362132549286, 0.33499619364738464, 0.09495939314365387]",False
/content/MargDrishti/data/processed/crops/test/quay_side_or_river_bank/quay_side_or_river_bank-6_jpg.rf.68e6a5926c7a3d4199a64d117d09704a__359.0.jpg,40,quay_side_or_river_bank,68,unguarded_level_crossing,0.9597240090370178,"[68, 16, 63]","[0.9597240090370178, 0.027560755610466003, 0.009712583385407925]",False
/content/MargDrishti/data/processed/crops/test/right_reverse_bend/right_reverse_bend-42_jpg.rf.6a484fcc835ad81130eb5ec27f70c426__361.0.jpg,43,right_reverse_bend,26,left_turn_prohibited,0.6287475824356079,"[26, 45, 51]","[0.6287475824356079, 0.3201359808444977, 0.028990237042307854]",False
/content/MargDrishti/data/processed/crops/test/gap_in_median/gap_in_median-26_jpg.rf.6a376042ed2d4f39156e3a87ff5ddc1a__362.0.jpg,17,gap_in_median,45,roundabout,0.7416827082633972,"[45, 68, 62]","[0.7416827082633972, 0.19756931066513062, 0.04076295346021652]",False
/content/MargDrishti/data/processed/crops/test/hospital_ahead/hospital_ahead-2_jpeg.rf.6ac666f54e2f41893497884bea4d9b84__363.0.jpg,22,hospital_ahead,68,unguarded_level_crossing,0.9997616410255432,"[68, 19, 38]","[0.9997616410255432, 0.00017235954874195158, 2.349471287743654e-05]",False
/content/MargDrishti/data/processed/crops/test/speed_limit_50/speed_limit_50-5_jpg.rf.6a945559406468a71149414caf990272__364.0.jpg,55,speed_limit_50,68,unguarded_level_crossing,0.9977228045463562,"[68, 65, 8]","[0.9977228045463562, 0.0012873837258666754, 0.0006982176564633846]",False
/content/MargDrishti/data/processed/crops/test/falling_rocks/falling_rocks-54_jpeg.rf.6b48936c9a3ac8abb9e6356c720b0c89__365.0.jpg,16,falling_rocks,49,slippery_road,0.8532291650772095,"[49, 29, 28]","[0.8532291650772095, 0.10153806954622269, 0.01941324770450592]",False
/content/MargDrishti/data/processed/crops/test/left_reverse_bend/left_reverse_bend-51_jpg.rf.6acd46350dc78b61dc37093a30fea57d__366.0.jpg,25,left_reverse_bend,8,compulsary_keep_left,0.5697183012962341,"[8, 20, 65]","[0.5697183012962341, 0.23996594548225403, 0.07259808480739594]",False
/content/MargDrishti/data/processed/crops/test/bullock_cart_and_hand_cart_prohibited/bullock_cart_and_hand_cart_prohibited-6_png.rf.6b190d792f9a44d80313da1f1692e38f__367.0.jpg,2,bullock_cart_and_hand_cart_prohibited,45,roundabout,0.965968668460846,"[45, 68, 60]","[0.965968668460846, 0.026834405958652496, 0.0037751579657197]",False
/content/MargDrishti/data/processed/crops/test/compulsary_sound_horn/compulsary_sound_horn-4_jpg.rf.6b489c0891875e95792fcf5f2f1ffa68__368.0.jpg,10,compulsary_sound_horn,68,unguarded_level_crossing,0.999764621257782,"[68, 8, 29]","[0.999764621257782, 0.00023247925855685025, 1.2453939461920527e-06]",False
/content/MargDrishti/data/processed/crops/test/narrow_road_ahead/narrow_road_ahead-50_png.rf.6b68e9e4bd2dffc0cc91cac7ece41e09__369.0.jpg,31,narrow_road_ahead,68,unguarded_level_crossing,0.255119264125824,"[68, 29, 19]","[0.255119264125824, 0.20735828578472137, 0.15468282997608185]",False
/content/MargDrishti/data/processed/crops/test/no_stopping_or_standing/no_stopping_or_standing-33_jpg.rf.6b88ee50371f911c60084da7e4a89b67__370.0.jpg,34,no_stopping_or_standing,29,men_at_work,0.7967239618301392,"[29, 41, 68]","[0.7967239618301392, 0.1604524850845337, 0.024667274206876755]",False
/content/MargDrishti/data/processed/crops/test/u_turn/u_turn-43_jpg.rf.6b9ffbaded30d9a080d535a0645233bd__371.0.jpg,66,u_turn,68,unguarded_level_crossing,0.8915368318557739,"[68, 67, 46]","[0.8915368318557739, 0.0743003711104393, 0.028985245153307915]",False
/content/MargDrishti/data/processed/crops/test/no_stopping_or_standing/no_stopping_or_standing-54_jpg.rf.6b7151dc5d2ce36245a8fd90a4376ec9__372.0.jpg,34,no_stopping_or_standing,8,compulsary_keep_left,0.7387698292732239,"[8, 65, 67]","[0.7387698292732239, 0.09590458124876022, 0.07399201393127441]",False
/content/MargDrishti/data/processed/crops/test/pass_either_side/pass_either_side-4_jpeg.rf.6bf23d60371e418b885a6563284011ba__373.0.jpg,36,pass_either_side,68,unguarded_level_crossing,0.9997679591178894,"[68, 38, 1]","[0.9997679591178894, 0.00017625228792894632, 2.806179691106081e-05]",False
/content/MargDrishti/data/processed/crops/test/compulsary_turn_left_ahead/compulsary_turn_left_ahead-37_png.rf.6bfc1d5a23756fc04ae9043b18937d7c__374.0.jpg,11,compulsary_turn_left_ahead,68,unguarded_level_crossing,0.7882065773010254,"[68, 29, 8]","[0.7882065773010254, 0.10234600305557251, 0.06610286980867386]",False
/content/MargDrishti/data/processed/crops/test/axle_load_limit/axle_load_limit-53_jpg.rf.6bc568ed01c5e7bc7a107edc6f5279b8__375.0.jpg,1,axle_load_limit,41,restriction_ends,0.9888729453086853,"[41, 29, 63]","[0.9888729453086853, 0.010196259245276451, 0.0009256406920030713]",False
/content/MargDrishti/data/processed/crops/test/horn_prohibited/horn_prohibited-17_jpg.rf.6be296a5843d13f1861ad81f6d847a66__376.0.jpg,21,horn_prohibited,68,unguarded_level_crossing,0.7707667946815491,"[68, 10, 19]","[0.7707667946815491, 0.16877557337284088, 0.05500366538763046]",False
/content/MargDrishti/data/processed/crops/test/right_reverse_bend/right_reverse_bend-2_png.rf.6caaf860902ca302afff8fbaff91dce5__377.0.jpg,43,right_reverse_bend,26,left_turn_prohibited,0.5308523774147034,"[26, 62, 45]","[0.5308523774147034, 0.34196892380714417, 0.07295980304479599]",False
/content/MargDrishti/data/processed/crops/test/side_road_right/side_road_right-4_png.rf.6c3fa6ea218fcbd01018e0174dd133c6__378.0.jpg,48,side_road_right,68,unguarded_level_crossing,0.9940899014472961,"[68, 63, 25]","[0.9940899014472961, 0.004792041145265102, 0.0010386034846305847]",False
/content/MargDrishti/data/processed/crops/test/compulsary_keep_right/compulsary_keep_right-50_png.rf.6cce2b043ed99a371fbb02138f59bbb1__379.0.jpg,9,compulsary_keep_right,68,unguarded_level_crossing,0.980275571346283,"[68, 62, 19]","[0.980275571346283, 0.019000818952918053, 0.00024907145416364074]",False
/content/MargDrishti/data/processed/crops/test/side_road_left/side_road_left-61_jpg.rf.6c31b7c667d33b5f4c248836699db5cc__380.0.jpg,47,side_road_left,66,u_turn,0.46498903632164,"[66, 68, 19]","[0.46498903632164, 0.40163734555244446, 0.08050569146871567]",False
/content/MargDrishti/data/processed/crops/test/restriction_ends/restriction_ends-14_jpg.rf.6cdb1ab0001519a9d226360096499eda__381.0.jpg,41,restriction_ends,26,left_turn_prohibited,0.7600969076156616,"[26, 68, 67]","[0.7600969076156616, 0.2080928236246109, 0.016202135011553764]",False
/content/MargDrishti/data/processed/crops/test/guarded_level_crossing/guarded_level_crossing-13_jpeg.rf.6d1f586150e097131edcb3c84d37a8d4__382.0.jpg,19,guarded_level_crossing,22,hospital_ahead,0.9996531009674072,"[22, 62, 41]","[0.9996531009674072, 0.0003431397199165076, 2.9985599212523084e-06]",False
/content/MargDrishti/data/processed/crops/test/compulsary_turn_right_ahead/compulsary_turn_right_ahead-37_png.rf.6d36f1a655a603965f2afb1b5d2f3e9d__383.0.jpg,12,compulsary_turn_right_ahead,68,unguarded_level_crossing,0.9467083215713501,"[68, 29, 63]","[0.9467083215713501, 0.03184390068054199, 0.018920689821243286]",False
/content/MargDrishti/data/processed/crops/test/compulsary_keep_right/compulsary_keep_right-21_png.rf.6ce2e780d6436475a73b2b69fd56ca44__384.0.jpg,9,compulsary_keep_right,68,unguarded_level_crossing,0.9896649718284607,"[68, 62, 8]","[0.9896649718284607, 0.009064343757927418, 0.0007307237829081714]",False
/content/MargDrishti/data/processed/crops/test/right_turn_prohibited/right_turn_prohibited-68_jpg.rf.6dae26aeae1c158cc55575a5811ac97b__386.0.jpg,44,right_turn_prohibited,19,guarded_level_crossing,0.7596464157104492,"[19, 26, 67]","[0.7596464157104492, 0.19708678126335144, 0.021803652867674828]",False
/content/MargDrishti/data/processed/crops/test/narrow_road_ahead/narrow_road_ahead-33_jpg.rf.6ded597a14f88cd59555732580eacc69__387.0.jpg,31,narrow_road_ahead,19,guarded_level_crossing,0.6925656795501709,"[19, 41, 64]","[0.6925656795501709, 0.16538624465465546, 0.04303624480962753]",False
/content/MargDrishti/data/processed/crops/test/speed_limit_70/speed_limit_70-22_jpg.rf.6dfb9f9161712146ec08321ab9ef1941__389.0.jpg,57,speed_limit_70,26,left_turn_prohibited,0.9512710571289062,"[26, 62, 52]","[0.9512710571289062, 0.02121054008603096, 0.01588783971965313]",False
/content/MargDrishti/data/processed/crops/test/speed_limit_60/speed_limit_60-43_png.rf.6f556fe7f3181d5b31e4901c72548829__391.0.jpg,56,speed_limit_60,66,u_turn,0.7225349545478821,"[66, 67, 68]","[0.7225349545478821, 0.13809403777122498, 0.09052024036645889]",False
/content/MargDrishti/data/processed/crops/test/height_limit/height_limit-21_jpg.rf.6eaa88a95f9e256c7ef8c095854ee606__392.0.jpg,20,height_limit,62,stop,0.7300220131874084,"[62, 45, 68]","[0.7300220131874084, 0.19483812153339386, 0.040088117122650146]",False
/content/MargDrishti/data/processed/crops/test/speed_limit_30/speed_limit_30-31_png.rf.6f75eba03acaf30feb87a7e5a5c85fee__393.0.jpg,53,speed_limit_30,26,left_turn_prohibited,0.9962289929389954,"[26, 65, 53]","[0.9962289929389954, 0.0037116073071956635, 2.977236727019772e-05]",False
/content/MargDrishti/data/processed/crops/test/school_ahead/school_ahead-31_jpg.rf.705d6293b34602cee0624eff22aa2659__394.0.jpg,46,school_ahead,51,speed_limit_120,0.38928505778312683,"[51, 26, 68]","[0.38928505778312683, 0.3803195059299469, 0.09918086230754852]",False
/content/MargDrishti/data/processed/crops/test/traffic_signal/traffic_signal-11_jpg.rf.700ab7059a9e25b535747188f1db808e__395.0.jpg,64,traffic_signal,68,unguarded_level_crossing,0.8973527550697327,"[68, 63, 29]","[0.8973527550697327, 0.051567282527685165, 0.046406857669353485]",False
/content/MargDrishti/data/processed/crops/test/compulsary_ahead_or_turn_left/compulsary_ahead_or_turn_left-9_jpg.rf.6fb2877b9c47581d3b8f98da115a90cb__396.0.jpg,6,compulsary_ahead_or_turn_left,68,unguarded_level_crossing,0.55925053358078,"[68, 38, 29]","[0.55925053358078, 0.4406720995903015, 6.099948222981766e-05]",False
/content/MargDrishti/data/processed/crops/test/y_intersection/y_intersection-23_jpeg.rf.70c90ccbd2ca33180bd7d03e0fb4361a__397.0.jpg,70,y_intersection,51,speed_limit_120,0.7029040455818176,"[51, 68, 29]","[0.7029040455818176, 0.20058418810367584, 0.05602209270000458]",False
/content/MargDrishti/data/processed/crops/test/no_entry/no_entry-10_jpg.rf.7158a0a64b852ac18684404aeb3acdcc__398.0.jpg,32,no_entry,51,speed_limit_120,0.45622602105140686,"[51, 68, 29]","[0.45622602105140686, 0.37044182419776917, 0.14660251140594482]",False
/content/MargDrishti/data/processed/crops/test/steep_descent/steep_descent-34_jpg.rf.71c594fd8d844fefb0d242753c2e273c__399.0.jpg,61,steep_descent,63,t_intersection,0.9999948740005493,"[63, 22, 64]","[0.9999948740005493, 2.9963428005430615e-06, 8.710728138794366e-07]",False
/content/MargDrishti/data/processed/crops/test/no_parking/no_parking-50_jpg.rf.73a18ab4352a6a3aa8a9cd2e0a10c602__400.0.jpg,33,no_parking,68,unguarded_level_crossing,0.9995293617248535,"[68, 29, 65]","[0.9995293617248535, 0.0004297079285606742, 1.2916397281514946e-05]",False
/content/MargDrishti/data/processed/crops/test/stop/stop-72_png.rf.720eed8eae6139758c79607d6110b202__401.0.jpg,62,stop,10,compulsary_sound_horn,0.9535245895385742,"[10, 51, 45]","[0.9535245895385742, 0.035652823746204376, 0.00940624438226223]",False
/content/MargDrishti/data/processed/crops/test/falling_rocks/falling_rocks-32_jpeg.rf.739da10bfe726c9398be9eac6cac0d35__402.0.jpg,16,falling_rocks,62,stop,0.5025717616081238,"[62, 20, 0]","[0.5025717616081238, 0.16372525691986084, 0.12522199749946594]",False
/content/MargDrishti/data/processed/crops/test/hump_or_rough_road/hump_or_rough_road-67_jpg.rf.73c59b2374515b41f9f0c3aa2e0034f0__403.0.jpg,23,hump_or_rough_road,68,unguarded_level_crossing,0.5169845819473267,"[68, 22, 29]","[0.5169845819473267, 0.37518998980522156, 0.058099668473005295]",False
/content/MargDrishti/data/processed/crops/test/u_turn/u_turn-27_jpg.rf.73e1b2274a7c8b69521e74083066eabd__404.0.jpg,66,u_turn,68,unguarded_level_crossing,0.9027397632598877,"[68, 62, 26]","[0.9027397632598877, 0.06122598797082901, 0.03277596831321716]",False
/content/MargDrishti/data/processed/crops/test/width_limit/width_limit-2_png.rf.73ec4ae70c9f9629bc1414083ac4830c__405.0.jpg,69,width_limit,45,roundabout,0.8874028921127319,"[45, 62, 68]","[0.8874028921127319, 0.11038299649953842, 0.0021918872371315956]",False
/content/MargDrishti/data/processed/crops/test/gap_in_median/gap_in_median-32_jpg.rf.7431ba0c538da1b8b6d3ad25bc691ad2__406.0.jpg,17,gap_in_median,62,stop,0.6525592803955078,"[62, 45, 19]","[0.6525592803955078, 0.3115156590938568, 0.00987129658460617]",False
/content/MargDrishti/data/processed/crops/test/staggered_intersection/staggered_intersection-14_jpeg.rf.74ee3794b556379a76aacaf0abc42905__407.0.jpg,59,staggered_intersection,62,stop,0.6492206454277039,"[62, 68, 31]","[0.6492206454277039, 0.2212817519903183, 0.10260237753391266]",False
/content/MargDrishti/data/processed/crops/test/u_turn/u_turn-31_jpg.rf.757d92664105bbb15db804a62d990727__408.0.jpg,66,u_turn,45,roundabout,0.9288600087165833,"[45, 68, 48]","[0.9288600087165833, 0.04392779991030693, 0.007387297227978706]",False
/content/MargDrishti/data/processed/crops/test/falling_rocks/falling_rocks-60_jpg.rf.764d4a637b9d8ad7302878ab7c82db5f__409.0.jpg,16,falling_rocks,50,speed_limit_100,0.3640371263027191,"[50, 68, 26]","[0.3640371263027191, 0.3534296154975891, 0.25760290026664734]",False
/content/MargDrishti/data/processed/crops/test/speed_limit_80/speed_limit_80-57_jpg.rf.765485877fa9116f0a90f9503658b4a6__410.0.jpg,58,speed_limit_80,51,speed_limit_120,0.9926302433013916,"[51, 67, 19]","[0.9926302433013916, 0.003579748095944524, 0.0013207102892920375]",False
/content/MargDrishti/data/processed/crops/test/speed_limit_120/speed_limit_120-30_png.rf.75e1573786fcd71f370b25a14c4c181c__411.0.jpg,51,speed_limit_120,19,guarded_level_crossing,0.47989726066589355,"[19, 66, 68]","[0.47989726066589355, 0.34047213196754456, 0.1009751409292221]",False
/content/MargDrishti/data/processed/crops/test/side_road_left/side_road_left-60_jpg.rf.75f7497308bb8e81ae563ec0a4fdab6f__412.0.jpg,47,side_road_left,68,unguarded_level_crossing,0.5475931763648987,"[68, 19, 20]","[0.5475931763648987, 0.1936742067337036, 0.08013661950826645]",False
/content/MargDrishti/data/processed/crops/test/u_turn_prohibited/u_turn_prohibited-29_jpg.rf.7693fdf2f2235b72e86b015919be3350__413.0.jpg,67,u_turn_prohibited,19,guarded_level_crossing,0.9999727010726929,"[19, 50, 29]","[0.9999727010726929, 1.9069473637500778e-05, 1.3141169574737432e-06]",False
/content/MargDrishti/data/processed/crops/test/pedestrian_prohibited/pedestrian_prohibited-23_jpeg.rf.766d341e508fb04a61cb726ab6ae4a61__414.0.jpg,38,pedestrian_prohibited,19,guarded_level_crossing,0.9825347065925598,"[19, 20, 46]","[0.9825347065925598, 0.015782179310917854, 0.0012837325921282172]",False
/content/MargDrishti/data/processed/crops/test/hump_or_rough_road/hump_or_rough_road-57_jpg.rf.766117654d4a9a591b54764581fbf6ae__415.0.jpg,23,hump_or_rough_road,67,u_turn_prohibited,0.276524156332016,"[67, 51, 26]","[0.276524156332016, 0.2673753499984741, 0.17767709493637085]",False
/content/MargDrishti/data/processed/crops/test/petrol_pump_ahead/petrol_pump_ahead-23_jpeg.rf.772768d975d6e8e4cbbbe0f909c71384__416.0.jpg,39,petrol_pump_ahead,26,left_turn_prohibited,0.4857150614261627,"[26, 20, 58]","[0.4857150614261627, 0.3195224404335022, 0.06901504099369049]",False
/content/MargDrishti/data/processed/crops/test/restriction_ends/restriction_ends-39_jpg.rf.77f5d4ff9980e5f7ad37d7deac372ed9__418.0.jpg,41,restriction_ends,45,roundabout,0.8831751942634583,"[45, 25, 63]","[0.8831751942634583, 0.08247779309749603, 0.03350197523832321]",False
/content/MargDrishti/data/processed/crops/test/overtaking_prohibited/overtaking_prohibited-27_jpg.rf.788395397f6436e6aa70ee588564abf7__419.0.jpg,35,overtaking_prohibited,63,t_intersection,0.8279029130935669,"[63, 45, 68]","[0.8279029130935669, 0.13614390790462494, 0.035647328943014145]",False
/content/MargDrishti/data/processed/crops/test/no_stopping_or_standing/no_stopping_or_standing-1_jpeg.rf.78cc303d93cf4538eeae2765de4ee75b__420.0.jpg,34,no_stopping_or_standing,65,truck_prohibited,0.9868409633636475,"[65, 68, 15]","[0.9868409633636475, 0.010620214976370335, 0.0017579738050699234]",False
/content/MargDrishti/data/processed/crops/test/restriction_ends/restriction_ends-5_jpeg.rf.777b0354ed292196326fc718dc396e55__421.0.jpg,41,restriction_ends,68,unguarded_level_crossing,0.9378997087478638,"[68, 19, 67]","[0.9378997087478638, 0.061419837176799774, 0.00046702090185135603]",False
/content/MargDrishti/data/processed/crops/test/speed_limit_50/speed_limit_50-24_png.rf.78fe12ee70bcce04051e84b56d377512__422.0.jpg,55,speed_limit_50,68,unguarded_level_crossing,0.9999830722808838,"[68, 51, 16]","[0.9999830722808838, 1.0792402463266626e-05, 3.2055284009402385e-06]",False
/content/MargDrishti/data/processed/crops/test/speed_limit_20/speed_limit_20-21_png.rf.799bcd561b57690e3c78fc068397c218__423.0.jpg,52,speed_limit_20,68,unguarded_level_crossing,0.9996793270111084,"[68, 63, 41]","[0.9996793270111084, 0.00016963842790573835, 0.0001293056848226115]",False
/content/MargDrishti/data/processed/crops/test/left_turn_prohibited/left_turn_prohibited-18_jpg.rf.7a0260a3d12613aa905b5ecf6e141b31__424.0.jpg,26,left_turn_prohibited,19,guarded_level_crossing,0.9555318355560303,"[19, 28, 62]","[0.9555318355560303, 0.017092745751142502, 0.010917522013187408]",False
/content/MargDrishti/data/processed/crops/test/narrow_road_ahead/narrow_road_ahead-19_jpg.rf.78f81396edccfff809c54aa56856473e__425.0.jpg,31,narrow_road_ahead,19,guarded_level_crossing,0.999699592590332,"[19, 6, 45]","[0.999699592590332, 0.00018072100647259504, 0.00010160914825974032]",False
/content/MargDrishti/data/processed/crops/test/speed_limit_120/speed_limit_120-33_png.rf.7a1595a719b3b432e5452a02ed2eb2af__426.0.jpg,51,speed_limit_120,51,speed_limit_120,0.9956216216087341,"[51, 53, 29]","[0.9956216216087341, 0.002104175044223666, 0.0012335032224655151]",True
/content/MargDrishti/data/processed/crops/test/guarded_level_crossing/guarded_level_crossing-56_jpg.rf.7a0a154ba3ecdb005fdeb176908ed828__427.0.jpg,19,guarded_level_crossing,26,left_turn_prohibited,0.9968183040618896,"[26, 31, 67]","[0.9968183040618896, 0.002584111411124468, 0.00028002087492495775]",False
/content/MargDrishti/data/processed/crops/test/truck_prohibited/truck_prohibited-21_jpeg.rf.7a66e8fcbf9fb59960b5be1e567066f8__428.0.jpg,65,truck_prohibited,45,roundabout,0.9973105192184448,"[45, 30, 41]","[0.9973105192184448, 0.0015042939921841025, 0.000671742542181164]",False
/content/MargDrishti/data/processed/crops/test/pedestrian_prohibited/pedestrian_prohibited-31_jpg.rf.7af04ac46958d0653033add862bfc97e__429.0.jpg,38,pedestrian_prohibited,62,stop,0.970720112323761,"[62, 45, 19]","[0.970720112323761, 0.02654118835926056, 0.001989082433283329]",False
/content/MargDrishti/data/processed/crops/test/compulsary_sound_horn/compulsary_sound_horn-7_jpg.rf.7a9855e7338e859d897c6ea9bc37a96e__430.0.jpg,10,compulsary_sound_horn,68,unguarded_level_crossing,0.8492102026939392,"[68, 53, 67]","[0.8492102026939392, 0.14295069873332977, 0.007691571488976479]",False
/content/MargDrishti/data/processed/crops/test/no_stopping_or_standing/no_stopping_or_standing-36_jpg.rf.7b31597bb2e66ed71f201f124923e46e__431.0.jpg,34,no_stopping_or_standing,8,compulsary_keep_left,0.5531180500984192,"[8, 29, 66]","[0.5531180500984192, 0.18600624799728394, 0.13206343352794647]",False
/content/MargDrishti/data/processed/crops/test/speed_limit_30/speed_limit_30-35_png.rf.7b35bbdb42a5603461387ff274ce4e4e__432.0.jpg,53,speed_limit_30,28,loose_gravel,0.9839238524436951,"[28, 40, 62]","[0.9839238524436951, 0.00865856185555458, 0.0041593872010707855]",False
/content/MargDrishti/data/processed/crops/test/speed_limit_100/speed_limit_100-28_png.rf.7b5379eaaf673edcab0628ff8404448d__433.0.jpg,50,speed_limit_100,68,unguarded_level_crossing,0.766787052154541,"[68, 29, 19]","[0.766787052154541, 0.16466739773750305, 0.038457926362752914]",False
/content/MargDrishti/data/processed/crops/test/school_ahead/school_ahead-35_jpg.rf.7b51c3ae86ed75677247fad5b4d854e9__434.0.jpg,46,school_ahead,26,left_turn_prohibited,0.7154827117919922,"[26, 0, 45]","[0.7154827117919922, 0.27591472864151, 0.004788927733898163]",False
/content/MargDrishti/data/processed/crops/test/speed_limit_80/speed_limit_80-41_png.rf.7bc78a34de7edad68b133106f4641035__435.0.jpg,58,speed_limit_80,51,speed_limit_120,0.38324159383773804,"[51, 28, 67]","[0.38324159383773804, 0.2936095893383026, 0.09547245502471924]",False
/content/MargDrishti/data/processed/crops/test/side_road_right/side_road_right-35_jpg.rf.7bd8c9811b02354718cb931511a131e5__436.0.jpg,48,side_road_right,45,roundabout,0.971422016620636,"[45, 62, 63]","[0.971422016620636, 0.02852976880967617, 4.1736289858818054e-05]",False
/content/MargDrishti/data/processed/crops/test/cross_road/cross_road-57_jpg.rf.7bdc1db4b15f4c2199f61865eb48148e__437.0.jpg,13,cross_road,68,unguarded_level_crossing,0.898478627204895,"[68, 51, 62]","[0.898478627204895, 0.04718509688973427, 0.04183845967054367]",False
/content/MargDrishti/data/processed/crops/test/width_limit/width_limit-25_jpeg.rf.7bfbe649ae7822d4e38a800cf4dc0421__438.0.jpg,69,width_limit,38,pedestrian_prohibited,0.7975419163703918,"[38, 64, 52]","[0.7975419163703918, 0.18513675034046173, 0.011881083250045776]",False
/content/MargDrishti/data/processed/crops/test/side_road_left/side_road_left-55_jpg.rf.7c6e305ca09c6ba1c76b6df8387459ad__439.0.jpg,47,side_road_left,62,stop,0.970708429813385,"[62, 45, 26]","[0.970708429813385, 0.02722031995654106, 0.0015620487974956632]",False
/content/MargDrishti/data/processed/crops/test/chevron_direction/chevron_direction-35_jpg.rf.7c08054e901430600e23972b224099ac__440.0.jpg,4,chevron_direction,68,unguarded_level_crossing,0.8868229985237122,"[68, 29, 19]","[0.8868229985237122, 0.10939127206802368, 0.0030375134665519]",False
/content/MargDrishti/data/processed/crops/test/speed_limit_80/speed_limit_80-44_jpg.rf.7c9481f4be10be43f58619942a142acf__441.0.jpg,58,speed_limit_80,68,unguarded_level_crossing,0.9864680767059326,"[68, 66, 27]","[0.9864680767059326, 0.004173062276095152, 0.003916339483112097]",False
/content/MargDrishti/data/processed/crops/test/u_turn_prohibited/u_turn_prohibited-13_jpg.rf.7cbee1218aa83826ae8737ebbea01c78__442.0.jpg,67,u_turn_prohibited,68,unguarded_level_crossing,0.6784391403198242,"[68, 53, 19]","[0.6784391403198242, 0.18611900508403778, 0.12678749859333038]",False
/content/MargDrishti/data/processed/crops/test/school_ahead/school_ahead-37_jpg.rf.7ca59637a4a3a361248d923ad8ebaf44__443.0.jpg,46,school_ahead,19,guarded_level_crossing,0.6339695453643799,"[19, 20, 53]","[0.6339695453643799, 0.20333035290241241, 0.13834649324417114]",False
/content/MargDrishti/data/processed/crops/test/no_parking/no_parking-1_jpg.rf.7d2272175e9bd1d39f768695e6e71c42__444.0.jpg,33,no_parking,20,height_limit,0.2982672154903412,"[20, 64, 38]","[0.2982672154903412, 0.2619757652282715, 0.2571616768836975]",False
/content/MargDrishti/data/processed/crops/test/width_limit/width_limit-47_jpg.rf.7e31d97b9ff5a548fcbf0e7d57ff1aa8__445.0.jpg,69,width_limit,26,left_turn_prohibited,0.9395233988761902,"[26, 45, 62]","[0.9395233988761902, 0.046859610825777054, 0.009387844242155552]",False
/content/MargDrishti/data/processed/crops/test/give_way/give_way-66_jpg.rf.7e88037cd87e3fbcbfb6ee1681a5f8c4__447.0.jpg,18,give_way,51,speed_limit_120,0.9999433755874634,"[51, 28, 10]","[0.9999433755874634, 4.400532998261042e-05, 6.611890967178624e-06]",False
/content/MargDrishti/data/processed/crops/test/pedestrian_crossing/pedestrian_crossing-25_jpg.rf.7e60b0126ecaacfafbb3522ecc3794ab__448.0.jpg,37,pedestrian_crossing,41,restriction_ends,0.9981788396835327,"[41, 14, 65]","[0.9981788396835327, 0.0017890301533043385, 2.4694831154192798e-05]",False
/content/MargDrishti/data/processed/crops/test/left_hand_curve/left_hand_curve-50_png.rf.7ee6ffc56310ccaf1bac1887d6dfdfc3__449.0.jpg,24,left_hand_curve,68,unguarded_level_crossing,0.49603819847106934,"[68, 53, 29]","[0.49603819847106934, 0.2542465925216675, 0.09029288589954376]",False
/content/MargDrishti/data/processed/crops/test/petrol_pump_ahead/petrol_pump_ahead-43_jpg.rf.7f26bc4b58fd8a5de6ffe5dd6ca5495c__450.0.jpg,39,petrol_pump_ahead,38,pedestrian_prohibited,0.5540084838867188,"[38, 62, 68]","[0.5540084838867188, 0.3715345859527588, 0.06555260717868805]",False
/content/MargDrishti/data/processed/crops/test/pedestrian_prohibited/pedestrian_prohibited-25_jpeg.rf.7f41a326e7e4a17b749aadcd73ecf261__451.0.jpg,38,pedestrian_prohibited,62,stop,0.9735784530639648,"[62, 68, 41]","[0.9735784530639648, 0.009525931440293789, 0.009366553276777267]",False
/content/MargDrishti/data/processed/crops/test/speed_limit_30/speed_limit_30-14_jpg.rf.7ecd2e93b805630d709b124c678c8995__452.0.jpg,53,speed_limit_30,41,restriction_ends,1.0,"[41, 68, 64]","[1.0, 7.54283835391334e-09, 2.2887927664250185e-10]",False
/content/MargDrishti/data/processed/crops/test/quay_side_or_river_bank/quay_side_or_river_bank-20_jpg.rf.7f64c83d40876596bb51d3737f09a7e1__453.0.jpg,40,quay_side_or_river_bank,62,stop,0.514019250869751,"[62, 41, 49]","[0.514019250869751, 0.44953522086143494, 0.011101036332547665]",False
/content/MargDrishti/data/processed/crops/test/falling_rocks/falling_rocks-5_jpg.rf.7fb95832e692239ff88fac175c4be967__454.0.jpg,16,falling_rocks,41,restriction_ends,0.9418870210647583,"[41, 19, 51]","[0.9418870210647583, 0.05808497592806816, 2.4561404643463902e-05]",False
/content/MargDrishti/data/processed/crops/test/right_reverse_bend/right_reverse_bend-48_jpg.rf.7fef1f57ebd7f2fd2bc40a37179040ae__455.0.jpg,43,right_reverse_bend,26,left_turn_prohibited,0.9817744493484497,"[26, 63, 64]","[0.9817744493484497, 0.01653069444000721, 0.0014927879674360156]",False
/content/MargDrishti/data/processed/crops/test/cycle_crossing/cycle_crossing-49_png.rf.7f8d64af08eddd949f8639447c0c32d3__456.0.jpg,14,cycle_crossing,68,unguarded_level_crossing,0.8842687010765076,"[68, 26, 29]","[0.8842687010765076, 0.03645099326968193, 0.02931102178990841]",False
/content/MargDrishti/data/processed/crops/test/axle_load_limit/axle_load_limit-10_png.rf.802e79b19d308af5bb7b435883c8277d__457.0.jpg,1,axle_load_limit,68,unguarded_level_crossing,0.9997411370277405,"[68, 41, 29]","[0.9997411370277405, 0.0002522607974242419, 1.7291956737608416e-06]",False
/content/MargDrishti/data/processed/crops/test/hump_or_rough_road/hump_or_rough_road-19_jpg.rf.806c049ef857a1ca2848f093065e98c2__458.0.jpg,23,hump_or_rough_road,67,u_turn_prohibited,0.970851480960846,"[67, 51, 68]","[0.970851480960846, 0.009566623717546463, 0.0064410497434437275]",False
/content/MargDrishti/data/processed/crops/test/slippery_road/slippery_road-38_jpg.rf.808579ac1f33dc4779ef4987e315eefa__459.0.jpg,49,slippery_road,68,unguarded_level_crossing,0.783587634563446,"[68, 45, 41]","[0.783587634563446, 0.08993660658597946, 0.08886135369539261]",False
/content/MargDrishti/data/processed/crops/test/side_road_right/side_road_right-45_jpg.rf.80ae0e3d31a0060cb054bcf970c88bf2__460.0.jpg,48,side_road_right,68,unguarded_level_crossing,0.9600838422775269,"[68, 27, 29]","[0.9600838422775269, 0.013213660567998886, 0.01316319964826107]",False
/content/MargDrishti/data/processed/crops/test/speed_limit_120/speed_limit_120-53_png.rf.815c5639f7ba3ed3da631d83d21df2e6__461.0.jpg,51,speed_limit_120,67,u_turn_prohibited,0.841640830039978,"[67, 68, 66]","[0.841640830039978, 0.061817020177841187, 0.03189769759774208]",False
/content/MargDrishti/data/processed/crops/test/speed_limit_80/speed_limit_80-35_jpg.rf.81731aff2e2b74a4ce5b48f230efaf46__462.0.jpg,58,speed_limit_80,68,unguarded_level_crossing,0.4149565100669861,"[68, 19, 66]","[0.4149565100669861, 0.2703561782836914, 0.26536405086517334]",False
/content/MargDrishti/data/processed/crops/test/quay_side_or_river_bank/quay_side_or_river_bank-28_jpg.rf.80c802ac9c9e353a91f739e88a6d6227__463.0.jpg,40,quay_side_or_river_bank,68,unguarded_level_crossing,0.9997290968894958,"[68, 62, 29]","[0.9997290968894958, 0.0001256577088497579, 6.364574801409617e-05]",False
/content/MargDrishti/data/processed/crops/test/narrow_bridge_ahead/narrow_bridge_ahead-32_jpg.rf.817d11d50a024f34ecb204645d4ad1a8__464.0.jpg,30,narrow_bridge_ahead,62,stop,0.9619112610816956,"[62, 41, 26]","[0.9619112610816956, 0.010745057836174965, 0.008819731883704662]",False
/content/MargDrishti/data/processed/crops/test/compulsary_ahead/compulsary_ahead-11_png.rf.81b45689ea1e8ddf42edf5b8065366ea__465.0.jpg,5,compulsary_ahead,19,guarded_level_crossing,0.41832903027534485,"[19, 67, 68]","[0.41832903027534485, 0.35245487093925476, 0.13208098709583282]",False
/content/MargDrishti/data/processed/crops/test/restriction_ends/restriction_ends-64_png.rf.81faf9621ba1afb29a13185c537d31d2__466.0.jpg,41,restriction_ends,68,unguarded_level_crossing,0.9591032862663269,"[68, 0, 63]","[0.9591032862663269, 0.040885478258132935, 9.351765584142413e-06]",False
/content/MargDrishti/data/processed/crops/test/men_at_work/men_at_work-52_png.rf.82896e62fa163d180551a6d287c8bf54__467.0.jpg,29,men_at_work,67,u_turn_prohibited,0.2912643849849701,"[67, 26, 6]","[0.2912643849849701, 0.20070743560791016, 0.1473933309316635]",False
/content/MargDrishti/data/processed/crops/test/cross_road/cross_road-11_jpg.rf.8258baa7604093ec244c3d9907832139__468.0.jpg,13,cross_road,38,pedestrian_prohibited,0.9964928030967712,"[38, 62, 28]","[0.9964928030967712, 0.0016071904683485627, 0.0012695458717644215]",False
/content/MargDrishti/data/processed/crops/test/guarded_level_crossing/guarded_level_crossing-29_png.rf.82f6d5fe269b65b594d082f10b924c97__469.0.jpg,19,guarded_level_crossing,62,stop,0.9980300068855286,"[62, 25, 26]","[0.9980300068855286, 0.0012114441487938166, 0.0007583858678117394]",False
/content/MargDrishti/data/processed/crops/test/stop/stop-15_jpg.rf.8309bb8ab14c5bb4f3dfa974015f3137__470.0.jpg,62,stop,28,loose_gravel,0.5120521187782288,"[28, 41, 6]","[0.5120521187782288, 0.3417964577674866, 0.10486440360546112]",False
/content/MargDrishti/data/processed/crops/test/speed_limit_120/speed_limit_120-36_png.rf.83374d94e3481dad0355cd283d3ee60d__471.0.jpg,51,speed_limit_120,51,speed_limit_120,0.6163939237594604,"[51, 29, 53]","[0.6163939237594604, 0.3493266701698303, 0.024148408323526382]",True
/content/MargDrishti/data/processed/crops/test/traffic_signal/traffic_signal-62_png.rf.834b1ba033de3aeccd11e54bbe8007ae__472.0.jpg,64,traffic_signal,8,compulsary_keep_left,0.7812235355377197,"[8, 26, 22]","[0.7812235355377197, 0.14620579779148102, 0.03725630044937134]",False
/content/MargDrishti/data/processed/crops/test/cycle_crossing/cycle_crossing-23_jpg.rf.83d8a33d47f787a57b8760814abac50a__473.0.jpg,14,cycle_crossing,51,speed_limit_120,0.41851669549942017,"[51, 41, 29]","[0.41851669549942017, 0.2429128736257553, 0.21071895956993103]",False
/content/MargDrishti/data/processed/crops/test/height_limit/height_limit-19_jpg.rf.83b90aa989d13c58f442a4e0a225926e__475.0.jpg,20,height_limit,45,roundabout,0.9912970066070557,"[45, 62, 68]","[0.9912970066070557, 0.007588087115436792, 0.00042208595550619066]",False
/content/MargDrishti/data/processed/crops/test/loose_gravel/loose_gravel-16_jpeg.rf.83c2699dfe0027b54a5457402de1618c__476.0.jpg,28,loose_gravel,51,speed_limit_120,0.7769597172737122,"[51, 19, 29]","[0.7769597172737122, 0.12599562108516693, 0.0970170721411705]",False
/content/MargDrishti/data/processed/crops/test/no_stopping_or_standing/no_stopping_or_standing-49_jpg.rf.83db5db63e0941b5b7b28217797517d2__477.0.jpg,34,no_stopping_or_standing,8,compulsary_keep_left,0.49827179312705994,"[8, 29, 63]","[0.49827179312705994, 0.35245561599731445, 0.03317324072122574]",False
/content/MargDrishti/data/processed/crops/test/compulsary_keep_right/compulsary_keep_right-23_png.rf.84238a430c774fe4be7092ba1fd572ae__478.0.jpg,9,compulsary_keep_right,8,compulsary_keep_left,0.9834266901016235,"[8, 67, 19]","[0.9834266901016235, 0.008489212952554226, 0.0045048086903989315]",False
/content/MargDrishti/data/processed/crops/test/left_hand_curve/left_hand_curve-45_png.rf.846220b86204fcb98fb0f877f1f0350e__479.0.jpg,24,left_hand_curve,29,men_at_work,0.9995396137237549,"[29, 0, 54]","[0.9995396137237549, 0.0003867649065796286, 5.833499017171562e-05]",False
/content/MargDrishti/data/processed/crops/test/pass_either_side/pass_either_side-11_png.rf.83e92a9d03a0fd31b0b6ccc23b0889bb__480.0.jpg,36,pass_either_side,68,unguarded_level_crossing,0.9551951885223389,"[68, 30, 8]","[0.9551951885223389, 0.04312245920300484, 0.001101341680623591]",False
/content/MargDrishti/data/processed/crops/test/truck_prohibited/truck_prohibited-16_jpeg.rf.849ea16a27bbdb9797da2a96ac614a63__481.0.jpg,65,truck_prohibited,45,roundabout,0.5535741448402405,"[45, 62, 19]","[0.5535741448402405, 0.39077985286712646, 0.041598279029130936]",False
/content/MargDrishti/data/processed/crops/test/u_turn/u_turn-37_jpg.rf.84af58acc27cfc7c35e1d4fa3e511a08__482.0.jpg,66,u_turn,68,unguarded_level_crossing,0.9342910647392273,"[68, 63, 8]","[0.9342910647392273, 0.038131702691316605, 0.022488033398985863]",False
/content/MargDrishti/data/processed/crops/test/all_motor_vehicle_prohibited/all_motor_vehicle_prohibited-48_jpg.rf.84eb5669734d88bd4a842dfbb6c59f16__483.0.jpg,0,all_motor_vehicle_prohibited,41,restriction_ends,0.9996980428695679,"[41, 68, 29]","[0.9996980428695679, 0.00024669061531312764, 3.411065699765459e-05]",False
/content/MargDrishti/data/processed/crops/test/compulsary_ahead/compulsary_ahead-5_png.rf.849c1cf58662047123f10564030b1c33__484.0.jpg,5,compulsary_ahead,68,unguarded_level_crossing,0.7546718120574951,"[68, 29, 46]","[0.7546718120574951, 0.20187658071517944, 0.036256320774555206]",False
/content/MargDrishti/data/processed/crops/test/speed_limit_50/speed_limit_50-32_png.rf.85737563a9dc4a044c2c0148dc6543ef__485.0.jpg,55,speed_limit_50,62,stop,0.9800258874893188,"[62, 51, 41]","[0.9800258874893188, 0.019648829475045204, 0.00014887619181536138]",False
/content/MargDrishti/data/processed/crops/test/compulsary_sound_horn/compulsary_sound_horn-41_jpg.rf.86c8028579f770dafe10da77a8fed04d__486.0.jpg,10,compulsary_sound_horn,8,compulsary_keep_left,0.6953901052474976,"[8, 67, 19]","[0.6953901052474976, 0.16999146342277527, 0.08318901062011719]",False
/content/MargDrishti/data/processed/crops/test/pass_either_side/pass_either_side-20_jpg.rf.8667bd5792fa65c283d62018c4d40ada__487.0.jpg,36,pass_either_side,41,restriction_ends,0.6417908072471619,"[41, 19, 68]","[0.6417908072471619, 0.16758744418621063, 0.09948022663593292]",False
/content/MargDrishti/data/processed/crops/test/u_turn/u_turn-38_jpg.rf.8540df8db2d052fb1eee5362d8fe21ce__488.0.jpg,66,u_turn,68,unguarded_level_crossing,0.911974310874939,"[68, 63, 8]","[0.911974310874939, 0.035296596586704254, 0.034374479204416275]",False
/content/MargDrishti/data/processed/crops/test/truck_prohibited/truck_prohibited-14_jpeg.rf.86e1c3fe833d617596af0d48844f41e6__489.0.jpg,65,truck_prohibited,45,roundabout,0.9807590842247009,"[45, 30, 26]","[0.9807590842247009, 0.004929633811116219, 0.00482001481577754]",False
/content/MargDrishti/data/processed/crops/test/restriction_ends/restriction_ends-35_png.rf.86f56747fe75011ad2ab2af29f879fcd__490.0.jpg,41,restriction_ends,68,unguarded_level_crossing,0.5802852511405945,"[68, 29, 67]","[0.5802852511405945, 0.15300431847572327, 0.12261807173490524]",False
/content/MargDrishti/data/processed/crops/test/hump_or_rough_road/hump_or_rough_road-64_jpg.rf.87306268c961f4879f3607bd20c8c054__491.0.jpg,23,hump_or_rough_road,68,unguarded_level_crossing,0.9717024564743042,"[68, 53, 29]","[0.9717024564743042, 0.008375662378966808, 0.005643892101943493]",False
/content/MargDrishti/data/processed/crops/test/school_ahead/school_ahead-25_jpg.rf.87704afd4bb70d88c2b9ff13ab218e8c__492.0.jpg,46,school_ahead,41,restriction_ends,0.8350933790206909,"[41, 10, 20]","[0.8350933790206909, 0.09869874268770218, 0.030323326587677002]",False
/content/MargDrishti/data/processed/crops/test/hospital_ahead/hospital_ahead-59_jpg.rf.8813b5aec06a71a6e1b43a18310bd853__493.0.jpg,22,hospital_ahead,38,pedestrian_prohibited,0.9998015761375427,"[38, 68, 62]","[0.9998015761375427, 0.00013914320152252913, 4.774589615408331e-05]",False
/content/MargDrishti/data/processed/crops/test/pedestrian_crossing/pedestrian_crossing-45_jpg.rf.86fd0b16aa464075e31fbcf0f7ce5a4f__494.0.jpg,37,pedestrian_crossing,26,left_turn_prohibited,0.8918877840042114,"[26, 16, 68]","[0.8918877840042114, 0.1030334085226059, 0.0016948387492448092]",False
/content/MargDrishti/data/processed/crops/test/right_reverse_bend/right_reverse_bend-50_jpg.rf.8735274ca42ca41fc604176d1c7b99a2__495.0.jpg,43,right_reverse_bend,26,left_turn_prohibited,0.9184020161628723,"[26, 0, 51]","[0.9184020161628723, 0.04049201309680939, 0.03466135263442993]",False
/content/MargDrishti/data/processed/crops/test/speed_limit_60/speed_limit_60-53_jpg.rf.8843c7b52e446bef5c80206e2a965940__496.0.jpg,56,speed_limit_60,68,unguarded_level_crossing,0.9149829745292664,"[68, 67, 8]","[0.9149829745292664, 0.07880093157291412, 0.002127343090251088]",False
/content/MargDrishti/data/processed/crops/test/school_ahead/school_ahead-60_png.rf.88960f73e4bde79f0e1a63a7121f45c5__497.0.jpg,46,school_ahead,68,unguarded_level_crossing,0.9130393862724304,"[68, 8, 67]","[0.9130393862724304, 0.07173944264650345, 0.0045967805199325085]",False
/content/MargDrishti/data/processed/crops/test/pass_either_side/pass_either_side-47_jpg.rf.8897d92353d70944b76eaa72d80cd8b3__498.0.jpg,36,pass_either_side,68,unguarded_level_crossing,1.0,"[68, 38, 65]","[1.0, 1.3960168576687693e-09, 1.110580072349876e-09]",False
/content/MargDrishti/data/processed/crops/test/right_turn_prohibited/right_turn_prohibited-37_jpg.rf.88ac992ef55ff1656cc624c8ee1e5044__499.0.jpg,44,right_turn_prohibited,68,unguarded_level_crossing,0.9993892908096313,"[68, 63, 16]","[0.9993892908096313, 0.0005808300920762122, 1.7723026758176275e-05]",False
/content/MargDrishti/data/processed/crops/test/narrow_bridge_ahead/narrow_bridge_ahead-19_jpg.rf.88d137cf9b3c2de214d681b570860aea__500.0.jpg,30,narrow_bridge_ahead,51,speed_limit_120,0.5065591931343079,"[51, 41, 59]","[0.5065591931343079, 0.45414260029792786, 0.03368866816163063]",False
/content/MargDrishti/data/processed/crops/test/compulsary_sound_horn/compulsary_sound_horn-26_jpg.rf.88c73a17f6d98f4ffc5e0533d4362917__501.0.jpg,10,compulsary_sound_horn,68,unguarded_level_crossing,0.7322699427604675,"[68, 67, 27]","[0.7322699427604675, 0.212396040558815, 0.016315056011080742]",False
/content/MargDrishti/data/processed/crops/test/traffic_signal/traffic_signal-23_jpg.rf.897f1cc09611c8c0956f58e1d18e38ad__502.0.jpg,64,traffic_signal,26,left_turn_prohibited,0.9388062953948975,"[26, 51, 67]","[0.9388062953948975, 0.047281187027692795, 0.005974664352834225]",False
/content/MargDrishti/data/processed/crops/test/t_intersection/t_intersection-20_png.rf.899086ebc4ac2cde138ff6eae88d20ec__503.0.jpg,63,t_intersection,63,t_intersection,0.8857404589653015,"[63, 62, 26]","[0.8857404589653015, 0.10984719544649124, 0.0027507473714649677]",True
/content/MargDrishti/data/processed/crops/test/pedestrian_crossing/pedestrian_crossing-37_png.rf.895f45d27eae204226a4304237aa3072__504.0.jpg,37,pedestrian_crossing,68,unguarded_level_crossing,0.5351095795631409,"[68, 62, 38]","[0.5351095795631409, 0.2087498903274536, 0.08079570531845093]",False
/content/MargDrishti/data/processed/crops/test/dangerous_dip/dangerous_dip-16_jpg.rf.89e2a51faa3484bd02529567d4920b43__505.0.jpg,15,dangerous_dip,68,unguarded_level_crossing,0.9804806113243103,"[68, 62, 41]","[0.9804806113243103, 0.009068507701158524, 0.008895126171410084]",False
/content/MargDrishti/data/processed/crops/test/right_hand_curve/right_hand_curve-50_png.rf.89914d78f87d3ed5e0acb357720e53fe__506.0.jpg,42,right_hand_curve,68,unguarded_level_crossing,0.9743977785110474,"[68, 27, 19]","[0.9743977785110474, 0.014002426527440548, 0.006557411979883909]",False
/content/MargDrishti/data/processed/crops/test/pass_either_side/pass_either_side-54_jpg.rf.89fbd5aa013dd8eeea57529024ce55a6__507.0.jpg,36,pass_either_side,68,unguarded_level_crossing,0.9999998807907104,"[68, 15, 0]","[0.9999998807907104, 7.713163086009445e-08, 4.330019720555356e-08]",False
/content/MargDrishti/data/processed/crops/test/speed_limit_120/speed_limit_120-60_png.rf.89fad1c7527fb0e0155749900be0852a__508.0.jpg,51,speed_limit_120,68,unguarded_level_crossing,0.7461937069892883,"[68, 8, 45]","[0.7461937069892883, 0.2413114756345749, 0.00759359635412693]",False
/content/MargDrishti/data/processed/crops/test/length_limit/length_limit-4_png.rf.8af8b67bef3f9fcdb782bf714263081a__509.0.jpg,27,length_limit,25,left_reverse_bend,0.6856814026832581,"[25, 40, 62]","[0.6856814026832581, 0.11990407854318619, 0.10123354196548462]",False
/content/MargDrishti/data/processed/crops/test/no_stopping_or_standing/no_stopping_or_standing-58_jpg.rf.8b07a641187f251a84da5e913e3b7ccb__510.0.jpg,34,no_stopping_or_standing,19,guarded_level_crossing,0.628792941570282,"[19, 8, 67]","[0.628792941570282, 0.21052005887031555, 0.1574205607175827]",False
/content/MargDrishti/data/processed/crops/test/men_at_work/men_at_work-3_jpeg.rf.8b048d0933cc31961408d200d1f0632e__511.0.jpg,29,men_at_work,41,restriction_ends,0.9241319298744202,"[41, 62, 52]","[0.9241319298744202, 0.040350526571273804, 0.026173487305641174]",False
/content/MargDrishti/data/processed/crops/test/no_entry/no_entry-52_jpg.rf.8b445ed4c51a111260f60bc4930f29ff__512.0.jpg,32,no_entry,19,guarded_level_crossing,0.8812803626060486,"[19, 29, 62]","[0.8812803626060486, 0.07282943278551102, 0.016454625874757767]",False
/content/MargDrishti/data/processed/crops/test/speed_limit_60/speed_limit_60-44_jpg.rf.8c56cb0dae7faba5b679a8d0f580f209__513.0.jpg,56,speed_limit_60,68,unguarded_level_crossing,0.7910853624343872,"[68, 8, 29]","[0.7910853624343872, 0.20545735955238342, 0.0011172480881214142]",False
/content/MargDrishti/data/processed/crops/test/compulsary_turn_right_ahead/compulsary_turn_right_ahead-21_png.rf.8be6183c8c7177e8a5fdaa9acad98149__514.0.jpg,12,compulsary_turn_right_ahead,68,unguarded_level_crossing,0.9996041655540466,"[68, 45, 27]","[0.9996041655540466, 0.00013534461322706193, 8.196611452149227e-05]",False
/content/MargDrishti/data/processed/crops/test/width_limit/width_limit-13_jpeg.rf.8cb1b0c409de41af5c500cdbedadf0a2__515.0.jpg,69,width_limit,68,unguarded_level_crossing,0.9985652565956116,"[68, 19, 51]","[0.9985652565956116, 0.000585326983127743, 0.0005557960830628872]",False
/content/MargDrishti/data/processed/crops/test/give_way/give_way-24_png.rf.8bc0774530a863bc0fc27a8459aebbb5__516.0.jpg,18,give_way,8,compulsary_keep_left,0.4193726181983948,"[8, 68, 45]","[0.4193726181983948, 0.3108871579170227, 0.17335355281829834]",False
/content/MargDrishti/data/processed/crops/test/steep_ascent/steep_ascent-44_jpg.rf.8dc761393d3b5a1290eef52f7f06e61e__517.0.jpg,60,steep_ascent,63,t_intersection,0.7860921025276184,"[63, 26, 55]","[0.7860921025276184, 0.20582535862922668, 0.005102477036416531]",False
/content/MargDrishti/data/processed/crops/test/steep_ascent/steep_ascent-7_jpeg.rf.8d4249a29b726f3042655f5347123d94__518.0.jpg,60,steep_ascent,68,unguarded_level_crossing,0.7288274168968201,"[68, 20, 41]","[0.7288274168968201, 0.2020212709903717, 0.06382139027118683]",False
/content/MargDrishti/data/processed/crops/test/hump_or_rough_road/hump_or_rough_road-48_jpg.rf.8d431eb943b14decb3e4acd87bb94f2d__519.0.jpg,23,hump_or_rough_road,53,speed_limit_30,0.7034457921981812,"[53, 48, 29]","[0.7034457921981812, 0.16627393662929535, 0.0965951606631279]",False
/content/MargDrishti/data/processed/crops/test/compulsary_turn_left_ahead/compulsary_turn_left_ahead-25_png.rf.8de659c0737e59049494d651ad5e89df__520.0.jpg,11,compulsary_turn_left_ahead,68,unguarded_level_crossing,0.8635899424552917,"[68, 67, 52]","[0.8635899424552917, 0.11503469198942184, 0.015246778726577759]",False
/content/MargDrishti/data/processed/crops/test/falling_rocks/falling_rocks-43_jpeg.rf.8e13cde20b07f108da7541cdd14ccb1e__521.0.jpg,16,falling_rocks,19,guarded_level_crossing,0.9724354147911072,"[19, 38, 62]","[0.9724354147911072, 0.013118121773004532, 0.005617835093289614]",False
/content/MargDrishti/data/processed/crops/test/stop/stop-1_jpg.rf.8ecc2b7194cc655d4075196fe255d9bf__522.0.jpg,62,stop,19,guarded_level_crossing,0.33625614643096924,"[19, 6, 41]","[0.33625614643096924, 0.24648700654506683, 0.17471876740455627]",False
/content/MargDrishti/data/processed/crops/test/guarded_level_crossing/guarded_level_crossing-49_jpg.rf.8e9cb50db335700e62fa16e926e21437__523.0.jpg,19,guarded_level_crossing,68,unguarded_level_crossing,0.9904662370681763,"[68, 9, 29]","[0.9904662370681763, 0.0044997688382864, 0.0014098508981987834]",False
/content/MargDrishti/data/processed/crops/test/u_turn_prohibited/u_turn_prohibited-7_jpg.rf.8f7eaa878fcd76f76f5b61a743021de3__524.0.jpg,67,u_turn_prohibited,68,unguarded_level_crossing,0.9822714328765869,"[68, 27, 48]","[0.9822714328765869, 0.01271387655287981, 0.0012718270299956203]",False
/content/MargDrishti/data/processed/crops/test/gap_in_median/gap_in_median-43_jpg.rf.8f59098cc21efefcbb4cf39d7949c52b__525.0.jpg,17,gap_in_median,19,guarded_level_crossing,0.8144623041152954,"[19, 67, 68]","[0.8144623041152954, 0.12473732978105545, 0.05671065300703049]",False
/content/MargDrishti/data/processed/crops/test/falling_rocks/falling_rocks-21_jpeg.rf.8fdbf40df5fcbc4f611d1c424014c045__526.0.jpg,16,falling_rocks,68,unguarded_level_crossing,0.3449016213417053,"[68, 41, 29]","[0.3449016213417053, 0.3315349519252777, 0.14560525119304657]",False
/content/MargDrishti/data/processed/crops/test/compulsary_ahead_or_turn_left/compulsary_ahead_or_turn_left-5_jpg.rf.90a38ccb7e3263a7df77ee2bcce9f97a__527.0.jpg,6,compulsary_ahead_or_turn_left,62,stop,0.9328746199607849,"[62, 68, 65]","[0.9328746199607849, 0.05291130766272545, 0.012948778457939625]",False
/content/MargDrishti/data/processed/crops/test/compulsary_ahead/compulsary_ahead-47_png.rf.90319180ab7f264ef256bf2b2b5678e1__528.0.jpg,5,compulsary_ahead,38,pedestrian_prohibited,0.5639868378639221,"[38, 27, 29]","[0.5639868378639221, 0.2914857566356659, 0.061330437660217285]",False
/content/MargDrishti/data/processed/crops/test/hump_or_rough_road/hump_or_rough_road-15_jpg.rf.90bbaf99f39589e8205e45ecca2b5664__529.0.jpg,23,hump_or_rough_road,19,guarded_level_crossing,0.9931446313858032,"[19, 68, 26]","[0.9931446313858032, 0.004923587199300528, 0.001126894960179925]",False
/content/MargDrishti/data/processed/crops/test/stop/stop-46_png.rf.90ce1bcbe8a57c8caca097e5b6e0c3e5__530.0.jpg,62,stop,16,falling_rocks,0.7706504464149475,"[16, 45, 60]","[0.7706504464149475, 0.18118442595005035, 0.03227083757519722]",False
/content/MargDrishti/data/processed/crops/test/bullock_cart_and_hand_cart_prohibited/bullock_cart_and_hand_cart_prohibited-50_jpg.rf.91432c33a931f2b323642408c491f533__531.0.jpg,2,bullock_cart_and_hand_cart_prohibited,10,compulsary_sound_horn,0.7976664304733276,"[10, 41, 63]","[0.7976664304733276, 0.11076144129037857, 0.06304258853197098]",False
/content/MargDrishti/data/processed/crops/test/compulsary_ahead_or_turn_right/compulsary_ahead_or_turn_right-48_png.rf.917a0a113be88e0fd20ec91cc43ad782__532.0.jpg,7,compulsary_ahead_or_turn_right,19,guarded_level_crossing,0.4217086434364319,"[19, 66, 8]","[0.4217086434364319, 0.17565840482711792, 0.11242415755987167]",False
/content/MargDrishti/data/processed/crops/test/pedestrian_prohibited/pedestrian_prohibited-29_jpg.rf.91a30ae598e13dde42557cd2b33fe920__533.0.jpg,38,pedestrian_prohibited,62,stop,0.9979501366615295,"[62, 45, 65]","[0.9979501366615295, 0.0017720593605190516, 8.666074427310377e-05]",False
/content/MargDrishti/data/processed/crops/test/slippery_road/slippery_road-6_jpg.rf.9267e1679a96ce262c144eb5b0382e37__534.0.jpg,49,slippery_road,68,unguarded_level_crossing,0.9963220357894897,"[68, 62, 65]","[0.9963220357894897, 0.003552505513653159, 6.800963456043974e-05]",False
/content/MargDrishti/data/processed/crops/test/speed_limit_70/speed_limit_70-24_jpg.rf.92871086e4637d17fe6b06874b39049a__535.0.jpg,57,speed_limit_70,64,traffic_signal,0.9980698227882385,"[64, 41, 26]","[0.9980698227882385, 0.0007174105267040431, 0.0006702144746668637]",False
/content/MargDrishti/data/processed/crops/test/speed_limit_30/speed_limit_30-26_png.rf.92495a0baaf26e89ef37ad04cf016250__536.0.jpg,53,speed_limit_30,41,restriction_ends,0.992449164390564,"[41, 26, 68]","[0.992449164390564, 0.005128954071551561, 0.0019257107051089406]",False
/content/MargDrishti/data/processed/crops/test/compulsary_turn_right_ahead/compulsary_turn_right_ahead-26_png.rf.940e58826af6152bd47cae92077464ea__537.0.jpg,12,compulsary_turn_right_ahead,8,compulsary_keep_left,0.925919234752655,"[8, 67, 19]","[0.925919234752655, 0.054519448429346085, 0.005621717777103186]",False
/content/MargDrishti/data/processed/crops/test/petrol_pump_ahead/petrol_pump_ahead-38_jpg.rf.93410eb65ec271811d53f2ef534686a4__539.0.jpg,39,petrol_pump_ahead,68,unguarded_level_crossing,0.9898993372917175,"[68, 20, 0]","[0.9898993372917175, 0.00799481850117445, 0.0014033104525879025]",False
/content/MargDrishti/data/processed/crops/test/narrow_road_ahead/narrow_road_ahead-42_jpg.rf.933f80f61cf5c290cf7100942a4b6e3d__540.0.jpg,31,narrow_road_ahead,62,stop,0.9982444047927856,"[62, 63, 45]","[0.9982444047927856, 0.0009300708188675344, 0.00042435721843503416]",False
/content/MargDrishti/data/processed/crops/test/right_hand_curve/right_hand_curve-46_jpg.rf.94dea7ea97a38a405d51ee6ba8cc3b52__541.0.jpg,42,right_hand_curve,20,height_limit,0.5155567526817322,"[20, 68, 19]","[0.5155567526817322, 0.4652056097984314, 0.013508095405995846]",False
/content/MargDrishti/data/processed/crops/test/speed_limit_100/speed_limit_100-1_jpg.rf.953f1071455b54f0509cd013c6a756f5__542.0.jpg,50,speed_limit_100,64,traffic_signal,0.9936853051185608,"[64, 68, 41]","[0.9936853051185608, 0.005215267650783062, 0.0009565683430992067]",False
/content/MargDrishti/data/processed/crops/test/right_hand_curve/right_hand_curve-69_png.rf.963066340822b52723925521c9936455__543.0.jpg,42,right_hand_curve,68,unguarded_level_crossing,0.8441766500473022,"[68, 67, 19]","[0.8441766500473022, 0.10350237041711807, 0.027746163308620453]",False
/content/MargDrishti/data/processed/crops/test/no_entry/no_entry-67_png.rf.9579b7b84e0ba946a9943962422327bc__544.0.jpg,32,no_entry,27,length_limit,0.4565122425556183,"[27, 67, 53]","[0.4565122425556183, 0.3108411133289337, 0.04463755711913109]",False
/content/MargDrishti/data/processed/crops/test/narrow_bridge_ahead/narrow_bridge_ahead-73_jpg.rf.9cc000e41a5ae59fb366e4f9d4caf910__545.0.jpg,30,narrow_bridge_ahead,22,hospital_ahead,0.8143376111984253,"[22, 67, 68]","[0.8143376111984253, 0.15150520205497742, 0.027164604514837265]",False
/content/MargDrishti/data/processed/crops/test/steep_descent/steep_descent-28_jpg.rf.986e051e5ed0e81d22de9a14a5bfc655__546.0.jpg,61,steep_descent,22,hospital_ahead,0.5134385228157043,"[22, 68, 48]","[0.5134385228157043, 0.2780819237232208, 0.18803228437900543]",False
/content/MargDrishti/data/processed/crops/test/no_entry/no_entry-50_jpg.rf.9a8a9f901d068fea52123fe9b63242d3__547.0.jpg,32,no_entry,19,guarded_level_crossing,0.9264466166496277,"[19, 68, 8]","[0.9264466166496277, 0.05349314957857132, 0.01699521578848362]",False
/content/MargDrishti/data/processed/crops/test/petrol_pump_ahead/petrol_pump_ahead-52_jpg.rf.9bda1f892fe37269e5a8d7103a9b5c4f__548.0.jpg,39,petrol_pump_ahead,10,compulsary_sound_horn,0.9559739232063293,"[10, 46, 62]","[0.9559739232063293, 0.043100856244564056, 0.0006345210131257772]",False
/content/MargDrishti/data/processed/crops/test/quay_side_or_river_bank/quay_side_or_river_bank-8_jpg.rf.9aa8b27c475f155bca65f25a76f11ed0__549.0.jpg,40,quay_side_or_river_bank,68,unguarded_level_crossing,0.9997592568397522,"[68, 25, 26]","[0.9997592568397522, 0.00022147693380247802, 1.0092982847709209e-05]",False
/content/MargDrishti/data/processed/crops/test/restriction_ends/restriction_ends-61_png.rf.965fb5f7dbe49ad1d8bda6f11a1738f3__550.0.jpg,41,restriction_ends,68,unguarded_level_crossing,0.9354056119918823,"[68, 67, 26]","[0.9354056119918823, 0.056671325117349625, 0.003028297331184149]",False
/content/MargDrishti/data/processed/crops/test/horn_prohibited/horn_prohibited-25_jpg.rf.9a08a8eaafc8cd1d2ddf75cfaf2f6cb9__551.0.jpg,21,horn_prohibited,29,men_at_work,0.5694423913955688,"[29, 51, 19]","[0.5694423913955688, 0.23413994908332825, 0.1575283408164978]",False
/content/MargDrishti/data/processed/crops/test/width_limit/width_limit-4_png.rf.978ea468b125d3b89090d43ba1fd0e2a__552.0.jpg,69,width_limit,29,men_at_work,0.997495174407959,"[29, 64, 62]","[0.997495174407959, 0.002479868708178401, 1.0915247003140394e-05]",False
/content/MargDrishti/data/processed/crops/test/cattle_ahead/cattle_ahead-12_jpg.rf.96e2c667165a7fa21ab9f4fffe7bdaf0__553.0.jpg,3,cattle_ahead,8,compulsary_keep_left,0.976058304309845,"[8, 19, 53]","[0.976058304309845, 0.01758779026567936, 0.0038223029114305973]",False
/content/MargDrishti/data/processed/crops/test/left_turn_prohibited/left_turn_prohibited-23_jpg.rf.9790d80c7c898a826db4090a3113bdfb__554.0.jpg,26,left_turn_prohibited,19,guarded_level_crossing,0.8712159395217896,"[19, 66, 8]","[0.8712159395217896, 0.09028563648462296, 0.019637610763311386]",False
/content/MargDrishti/data/processed/crops/test/quay_side_or_river_bank/quay_side_or_river_bank-10_jpg.rf.98b902badf669586ba3582ebad2cacfe__555.0.jpg,40,quay_side_or_river_bank,0,all_motor_vehicle_prohibited,0.5974327921867371,"[0, 26, 51]","[0.5974327921867371, 0.40216532349586487, 0.0003380345006007701]",False
/content/MargDrishti/data/processed/crops/test/overtaking_prohibited/overtaking_prohibited-1_jpg.rf.9a64d37dcb85352b284eab0d9f134a6f__556.0.jpg,35,overtaking_prohibited,68,unguarded_level_crossing,0.986995279788971,"[68, 66, 29]","[0.986995279788971, 0.00536562642082572, 0.0023525271099060774]",False
/content/MargDrishti/data/processed/crops/test/petrol_pump_ahead/petrol_pump_ahead-16_jpeg.rf.9721d77e30959e7d30b9bfc6cd33b883__557.0.jpg,39,petrol_pump_ahead,68,unguarded_level_crossing,0.9588823914527893,"[68, 10, 62]","[0.9588823914527893, 0.04087567329406738, 0.0002047647285507992]",False
/content/MargDrishti/data/processed/crops/test/dangerous_dip/dangerous_dip-36_jpeg.rf.9886437126e7d8c6c7b5ba50fd8718f2__558.0.jpg,15,dangerous_dip,40,quay_side_or_river_bank,0.5194187164306641,"[40, 46, 63]","[0.5194187164306641, 0.3284103274345398, 0.09535545110702515]",False
/content/MargDrishti/data/processed/crops/test/cycle_crossing/cycle_crossing-9_png.rf.9b6f745fa912440724a33b9294c42297__559.0.jpg,14,cycle_crossing,68,unguarded_level_crossing,0.9664663672447205,"[68, 27, 16]","[0.9664663672447205, 0.011993962340056896, 0.006656649522483349]",False
/content/MargDrishti/data/processed/crops/test/speed_limit_30/speed_limit_30-9_jpg.rf.99de5bc0ec1cd68ee8d5c247803a8133__560.0.jpg,53,speed_limit_30,68,unguarded_level_crossing,0.9964672327041626,"[68, 8, 30]","[0.9964672327041626, 0.0030860842671245337, 0.0004186466394457966]",False
/content/MargDrishti/data/processed/crops/test/cattle_ahead/cattle_ahead-6_jpg.rf.9aac5cc113583cc747c50cfd87b5cf16__561.0.jpg,3,cattle_ahead,27,length_limit,0.648332417011261,"[27, 53, 19]","[0.648332417011261, 0.2759944200515747, 0.06811954081058502]",False
/content/MargDrishti/data/processed/crops/test/falling_rocks/falling_rocks-28_jpeg.rf.9c1fa037f2628345f1c0961acd88da80__562.0.jpg,16,falling_rocks,51,speed_limit_120,0.9972010850906372,"[51, 31, 68]","[0.9972010850906372, 0.0013493512524291873, 0.0011153906816616654]",False
/content/MargDrishti/data/processed/crops/test/staggered_intersection/staggered_intersection-6_png.rf.98baa9649794450f788f8b7ed28c135d__563.0.jpg,59,staggered_intersection,41,restriction_ends,0.8681708574295044,"[41, 68, 22]","[0.8681708574295044, 0.11171922087669373, 0.017159417271614075]",False
/content/MargDrishti/data/processed/crops/test/no_stopping_or_standing/no_stopping_or_standing-29_jpg.rf.9768c4f543cfb74b8e9ee6594bd03bc1__564.0.jpg,34,no_stopping_or_standing,8,compulsary_keep_left,0.999839186668396,"[8, 29, 10]","[0.999839186668396, 7.609966269228607e-05, 4.604374771588482e-05]",False
/content/MargDrishti/data/processed/crops/test/all_motor_vehicle_prohibited/all_motor_vehicle_prohibited-22_jpg.rf.98730a02f1491296bcee7c4666352abd__565.0.jpg,0,all_motor_vehicle_prohibited,62,stop,0.8193643689155579,"[62, 63, 0]","[0.8193643689155579, 0.15593107044696808, 0.020527886226773262]",False
/content/MargDrishti/data/processed/crops/test/speed_limit_70/speed_limit_70-50_png.rf.9bf09f6b0cb04f60bd66be23930964e4__566.0.jpg,57,speed_limit_70,62,stop,0.9901020526885986,"[62, 6, 53]","[0.9901020526885986, 0.008054087869822979, 0.000551494536921382]",False
/content/MargDrishti/data/processed/crops/test/unguarded_level_crossing/unguarded_level_crossing-56_png.rf.9a86adb2573887e6389b6194e9acf888__567.0.jpg,68,unguarded_level_crossing,63,t_intersection,0.39459750056266785,"[63, 68, 22]","[0.39459750056266785, 0.35141512751579285, 0.1067306324839592]",False
/content/MargDrishti/data/processed/crops/test/traffic_signal/traffic_signal-10_jpg.rf.9cc06376500ddfd6449903c26d1b23d8__568.0.jpg,64,traffic_signal,0,all_motor_vehicle_prohibited,0.8556488156318665,"[0, 20, 19]","[0.8556488156318665, 0.13350699841976166, 0.004659989848732948]",False
/content/MargDrishti/data/processed/crops/test/quay_side_or_river_bank/quay_side_or_river_bank-44_jpg.rf.9d1b3ac7ea0f4f1add4993e2deda1584__569.0.jpg,40,quay_side_or_river_bank,26,left_turn_prohibited,0.40467774868011475,"[26, 40, 41]","[0.40467774868011475, 0.32944586873054504, 0.21896156668663025]",False
/content/MargDrishti/data/processed/crops/test/speed_limit_50/speed_limit_50-0_jpg.rf.99521330372d00e0e86d65e82c8f1b97__570.0.jpg,55,speed_limit_50,19,guarded_level_crossing,0.6189226508140564,"[19, 68, 53]","[0.6189226508140564, 0.3478240966796875, 0.0195304024964571]",False
/content/MargDrishti/data/processed/crops/test/traffic_signal/traffic_signal-0_jpg.rf.9aef9b7c10d2aae1b72ab252a56b76bc__571.0.jpg,64,traffic_signal,27,length_limit,0.3887522220611572,"[27, 65, 53]","[0.3887522220611572, 0.31024369597435, 0.27502432465553284]",False
/content/MargDrishti/data/processed/crops/test/traffic_signal/traffic_signal-45_png.rf.9f807dfab6b322f37a8cf2700138d7fe__572.0.jpg,64,traffic_signal,19,guarded_level_crossing,0.9929303526878357,"[19, 68, 62]","[0.9929303526878357, 0.004671525675803423, 0.0022898241877555847]",False
/content/MargDrishti/data/processed/crops/test/width_limit/width_limit-1_jpeg.rf.9f6a0e265bd83380a4b88dec8c95d194__573.0.jpg,69,width_limit,40,quay_side_or_river_bank,0.7058043479919434,"[40, 68, 45]","[0.7058043479919434, 0.2863600552082062, 0.004249586258083582]",False
/content/MargDrishti/data/processed/crops/test/no_stopping_or_standing/no_stopping_or_standing-10_jpg.rf.a0fcfdb2806d3c49609ce42bbf6a3634__574.0.jpg,34,no_stopping_or_standing,68,unguarded_level_crossing,0.7868069410324097,"[68, 66, 27]","[0.7868069410324097, 0.17723655700683594, 0.02562577649950981]",False
/content/MargDrishti/data/processed/crops/test/stop/stop-68_png.rf.a1f2fa25c95908b349bfc127de9cb197__575.0.jpg,62,stop,45,roundabout,0.7797908782958984,"[45, 63, 62]","[0.7797908782958984, 0.09518886357545853, 0.08113688975572586]",False
/content/MargDrishti/data/processed/crops/test/compulsary_ahead_or_turn_left/compulsary_ahead_or_turn_left-53_png.rf.a111c050a537d33d44fbfdaa330a3c6e__576.0.jpg,6,compulsary_ahead_or_turn_left,62,stop,0.9748550057411194,"[62, 30, 68]","[0.9748550057411194, 0.024262992665171623, 0.0008631668169982731]",False
/content/MargDrishti/data/processed/crops/test/cattle_ahead/cattle_ahead-59_jpg.rf.a28f49339eafdaebd3ab32c67c7add11__577.0.jpg,3,cattle_ahead,62,stop,0.39877861738204956,"[62, 8, 67]","[0.39877861738204956, 0.2937365770339966, 0.196344792842865]",False
/content/MargDrishti/data/processed/crops/test/compulsary_turn_right_ahead/compulsary_turn_right_ahead-56_jpg.rf.a395bf567c657b1da370a6ce325b991c__578.0.jpg,12,compulsary_turn_right_ahead,68,unguarded_level_crossing,0.93719881772995,"[68, 15, 62]","[0.93719881772995, 0.05761941894888878, 0.004300168715417385]",False
/content/MargDrishti/data/processed/crops/test/restriction_ends/restriction_ends-60_png.rf.a385280aa0cdba264579cd94aaea955d__579.0.jpg,41,restriction_ends,68,unguarded_level_crossing,0.8166712522506714,"[68, 19, 29]","[0.8166712522506714, 0.13990330696105957, 0.014398054219782352]",False
/content/MargDrishti/data/processed/crops/test/guarded_level_crossing/guarded_level_crossing-8_jpeg.rf.a3cb074588dbcbe4b238d211a6b236a3__580.0.jpg,19,guarded_level_crossing,26,left_turn_prohibited,0.5731528401374817,"[26, 45, 68]","[0.5731528401374817, 0.38728609681129456, 0.010835457593202591]",False
/content/MargDrishti/data/processed/crops/test/loose_gravel/loose_gravel-8_jpeg.rf.a4688bab759aa51da528957b46f3f482__581.0.jpg,28,loose_gravel,68,unguarded_level_crossing,0.8741873502731323,"[68, 0, 67]","[0.8741873502731323, 0.11829056590795517, 0.007374260574579239]",False
/content/MargDrishti/data/processed/crops/test/no_parking/no_parking-5_jpg.rf.a4b98e4e112d79971ebd12bac27cf6a4__582.0.jpg,33,no_parking,19,guarded_level_crossing,0.9991371035575867,"[19, 50, 68]","[0.9991371035575867, 0.0007782514439895749, 4.923994492855854e-05]",False
/content/MargDrishti/data/processed/crops/test/restriction_ends/restriction_ends-1_jpeg.rf.a4a93f84bb1c573ce8782f16cdb7e5d9__583.0.jpg,41,restriction_ends,68,unguarded_level_crossing,0.858815610408783,"[68, 29, 16]","[0.858815610408783, 0.14000700414180756, 0.0010820626048371196]",False
/content/MargDrishti/data/processed/crops/test/pedestrian_prohibited/pedestrian_prohibited-41_jpg.rf.a4ec961c54a77b41757bae470164693a__584.0.jpg,38,pedestrian_prohibited,19,guarded_level_crossing,0.956880509853363,"[19, 31, 16]","[0.956880509853363, 0.015093274414539337, 0.014978617429733276]",False
/content/MargDrishti/data/processed/crops/test/falling_rocks/falling_rocks-51_jpg.rf.a50865b63f4dc1c91dba456d0a6bb146__586.0.jpg,16,falling_rocks,41,restriction_ends,0.9521117210388184,"[41, 26, 20]","[0.9521117210388184, 0.017855586484074593, 0.01746143400669098]",False
/content/MargDrishti/data/processed/crops/test/compulsary_turn_left_ahead/compulsary_turn_left_ahead-23_png.rf.a672624135dcc27cec07be15f7950445__587.0.jpg,11,compulsary_turn_left_ahead,68,unguarded_level_crossing,0.6035513281822205,"[68, 67, 27]","[0.6035513281822205, 0.344504714012146, 0.0368533656001091]",False
/content/MargDrishti/data/processed/crops/test/school_ahead/school_ahead-67_png.rf.a7b16718b54b8bc4a6a56d84443c918b__588.0.jpg,46,school_ahead,27,length_limit,0.8818355798721313,"[27, 64, 29]","[0.8818355798721313, 0.07497502863407135, 0.024239344522356987]",False
/content/MargDrishti/data/processed/crops/test/speed_limit_70/speed_limit_70-38_png.rf.a782d48eb96e767d5a41e86c898358db__589.0.jpg,57,speed_limit_70,68,unguarded_level_crossing,0.8916937708854675,"[68, 53, 66]","[0.8916937708854675, 0.07287727296352386, 0.027177918702363968]",False
/content/MargDrishti/data/processed/crops/test/narrow_road_ahead/narrow_road_ahead-17_jpg.rf.a89dc70000272466f9bf05707634ffe4__590.0.jpg,31,narrow_road_ahead,41,restriction_ends,0.7985181212425232,"[41, 63, 10]","[0.7985181212425232, 0.1974666267633438, 0.002738001523539424]",False
/content/MargDrishti/data/processed/crops/test/stop/stop-41_png.rf.a9720798b4f14e2d50ad40f53bcb2d9f__591.0.jpg,62,stop,68,unguarded_level_crossing,0.5694356560707092,"[68, 8, 52]","[0.5694356560707092, 0.1936710923910141, 0.128963440656662]",False
/content/MargDrishti/data/processed/crops/test/no_parking/no_parking-39_jpg.rf.a84701112218ca66603f0d487bcf331e__592.0.jpg,33,no_parking,30,narrow_bridge_ahead,0.7680975794792175,"[30, 45, 68]","[0.7680975794792175, 0.2161322385072708, 0.010479992255568504]",False
/content/MargDrishti/data/processed/crops/test/u_turn/u_turn-7_jpg.rf.a9f2110edf38a70d494e2e88f6e7697f__593.0.jpg,66,u_turn,63,t_intersection,0.8566874265670776,"[63, 36, 45]","[0.8566874265670776, 0.13561849296092987, 0.004743849392980337]",False
/content/MargDrishti/data/processed/crops/test/u_turn_prohibited/u_turn_prohibited-37_jpeg.rf.a9adc544351abee25c5f5c0e526f8514__594.0.jpg,67,u_turn_prohibited,68,unguarded_level_crossing,0.9886227250099182,"[68, 8, 60]","[0.9886227250099182, 0.010982565581798553, 0.00027059533749707043]",False
/content/MargDrishti/data/processed/crops/test/school_ahead/school_ahead-23_jpg.rf.aa5b30f8375aa1bb8e8f5b5ceae15fc6__595.0.jpg,46,school_ahead,68,unguarded_level_crossing,0.7283087372779846,"[68, 62, 8]","[0.7283087372779846, 0.2398347109556198, 0.020538218319416046]",False
/content/MargDrishti/data/processed/crops/test/speed_limit_80/speed_limit_80-46_jpg.rf.a8e7e89d97f6adc1c2b11e81121eca55__596.0.jpg,58,speed_limit_80,68,unguarded_level_crossing,0.40365421772003174,"[68, 67, 8]","[0.40365421772003174, 0.29724282026290894, 0.12898413836956024]",False
/content/MargDrishti/data/processed/crops/test/give_way/give_way-67_jpg.rf.aac21df06a2ba56c974cf08215486b12__597.0.jpg,18,give_way,68,unguarded_level_crossing,0.8011997938156128,"[68, 19, 27]","[0.8011997938156128, 0.09810490906238556, 0.05665479600429535]",False
/content/MargDrishti/data/processed/crops/test/steep_descent/steep_descent-41_jpeg.rf.aac265a865b97d59122c01908c6bcd37__598.0.jpg,61,steep_descent,68,unguarded_level_crossing,0.9999657869338989,"[68, 63, 62]","[0.9999657869338989, 2.6489329684409313e-05, 4.025087491754675e-06]",False
/content/MargDrishti/data/processed/crops/test/loose_gravel/loose_gravel-23_jpeg.rf.ac53f4b79c104fd7e533f08dfc3193ee__599.0.jpg,28,loose_gravel,62,stop,0.5628674030303955,"[62, 68, 45]","[0.5628674030303955, 0.34949299693107605, 0.04391438141465187]",False
/content/MargDrishti/data/processed/crops/test/horn_prohibited/horn_prohibited-69_jpg.rf.aafc2467aa27b0bc69269c32abc25b66__600.0.jpg,21,horn_prohibited,62,stop,0.8986285924911499,"[62, 63, 45]","[0.8986285924911499, 0.03970235958695412, 0.03908511623740196]",False
/content/MargDrishti/data/processed/crops/test/compulsary_ahead_or_turn_left/compulsary_ahead_or_turn_left-50_png.rf.acb6e5bdb7cb498e0f99becd550d6e3b__601.0.jpg,6,compulsary_ahead_or_turn_left,68,unguarded_level_crossing,0.48793068528175354,"[68, 27, 67]","[0.48793068528175354, 0.3631419241428375, 0.10014871507883072]",False
/content/MargDrishti/data/processed/crops/test/chevron_direction/chevron_direction-49_jpg.rf.ab45f88d62c991053dca45fda9b00c70__602.0.jpg,4,chevron_direction,19,guarded_level_crossing,0.4284537136554718,"[19, 68, 35]","[0.4284537136554718, 0.17571300268173218, 0.16624310612678528]",False
/content/MargDrishti/data/processed/crops/test/restriction_ends/restriction_ends-7_png.rf.accd21c79789c45a73b56e6437c58f7b__603.0.jpg,41,restriction_ends,68,unguarded_level_crossing,0.5299487113952637,"[68, 45, 25]","[0.5299487113952637, 0.4690430760383606, 0.0009632204892113805]",False
/content/MargDrishti/data/processed/crops/test/all_motor_vehicle_prohibited/all_motor_vehicle_prohibited-36_png.rf.ac5ba0e81b152bbf8169dd9dbc6ce2cc__604.0.jpg,0,all_motor_vehicle_prohibited,51,speed_limit_120,0.6817980408668518,"[51, 41, 60]","[0.6817980408668518, 0.30734506249427795, 0.0053497436456382275]",False
/content/MargDrishti/data/processed/crops/test/pass_either_side/pass_either_side-1_png.rf.ad1a1ebd49832ba92ef0849ad52fc38d__606.0.jpg,36,pass_either_side,68,unguarded_level_crossing,0.9999977350234985,"[68, 62, 65]","[0.9999977350234985, 2.2454780719272094e-06, 5.996915408701398e-09]",False
/content/MargDrishti/data/processed/crops/test/speed_limit_70/speed_limit_70-29_png.rf.acebc8406722cb54094b565c0e1ab551__607.0.jpg,57,speed_limit_70,68,unguarded_level_crossing,0.47254014015197754,"[68, 8, 67]","[0.47254014015197754, 0.29103830456733704, 0.166670024394989]",False
/content/MargDrishti/data/processed/crops/test/restriction_ends/restriction_ends-12_jpeg.rf.ad365fe45ff2a82a9da54ea65b936a81__608.0.jpg,41,restriction_ends,68,unguarded_level_crossing,0.9684897661209106,"[68, 51, 64]","[0.9684897661209106, 0.012275558896362782, 0.009737770073115826]",False
/content/MargDrishti/data/processed/crops/test/compulsary_keep_right/compulsary_keep_right-0_jpg.rf.ad1d9ce9ea2f8de2149f847cc621da68__609.0.jpg,9,compulsary_keep_right,68,unguarded_level_crossing,0.9999980926513672,"[68, 63, 29]","[0.9999980926513672, 9.54105530581728e-07, 9.447306865695282e-07]",False
/content/MargDrishti/data/processed/crops/test/falling_rocks/falling_rocks-61_jpg.rf.ae62fdf79b6147eca2dc5171a6d24ab1__610.0.jpg,16,falling_rocks,68,unguarded_level_crossing,0.9214639663696289,"[68, 26, 16]","[0.9214639663696289, 0.06792320311069489, 0.003045860677957535]",False
/content/MargDrishti/data/processed/crops/test/horn_prohibited/horn_prohibited-18_jpg.rf.add56eac800c1bcfc17658ed1581e27d__611.0.jpg,21,horn_prohibited,51,speed_limit_120,0.6569527387619019,"[51, 19, 10]","[0.6569527387619019, 0.2883099615573883, 0.026422955095767975]",False
/content/MargDrishti/data/processed/crops/test/speed_limit_30/speed_limit_30-52_png.rf.aebaf1e056e20f74f9711acdabeb0f91__612.0.jpg,53,speed_limit_30,41,restriction_ends,0.9092336893081665,"[41, 63, 51]","[0.9092336893081665, 0.040506668388843536, 0.033848077058792114]",False
/content/MargDrishti/data/processed/crops/test/no_stopping_or_standing/no_stopping_or_standing-15_jpg.rf.aecbc53725453723fdc66a8073c2b353__613.0.jpg,34,no_stopping_or_standing,19,guarded_level_crossing,0.6014271974563599,"[19, 40, 68]","[0.6014271974563599, 0.18526063859462738, 0.10864333808422089]",False
/content/MargDrishti/data/processed/crops/test/speed_limit_120/speed_limit_120-9_png.rf.af397fd0c2922642fb160e11320734a3__614.0.jpg,51,speed_limit_120,68,unguarded_level_crossing,0.9875849485397339,"[68, 29, 25]","[0.9875849485397339, 0.011847099289298058, 0.0005440074019134045]",False
/content/MargDrishti/data/processed/crops/test/left_reverse_bend/left_reverse_bend-21_jpg.rf.afb0b69bcc3b3a09ae0cec9d226efcf4__615.0.jpg,25,left_reverse_bend,51,speed_limit_120,0.8556920289993286,"[51, 68, 22]","[0.8556920289993286, 0.10796239972114563, 0.03415652737021446]",False
/content/MargDrishti/data/processed/crops/test/speed_limit_80/speed_limit_80-52_png.rf.af9774a6e7d60a769612f1da75f31545__616.0.jpg,58,speed_limit_80,68,unguarded_level_crossing,0.6847818493843079,"[68, 19, 16]","[0.6847818493843079, 0.23408685624599457, 0.06370028108358383]",False
/content/MargDrishti/data/processed/crops/test/falling_rocks/falling_rocks-7_jpg.rf.afcf0a0700f880781ee7062f40c74930__617.0.jpg,16,falling_rocks,68,unguarded_level_crossing,0.37664994597435,"[68, 49, 30]","[0.37664994597435, 0.22680382430553436, 0.19974559545516968]",False
/content/MargDrishti/data/processed/crops/test/quay_side_or_river_bank/quay_side_or_river_bank-60_jpg.rf.b0434fd39144e199b1b72d73b71c4886__618.0.jpg,40,quay_side_or_river_bank,68,unguarded_level_crossing,0.9999972581863403,"[68, 41, 8]","[0.9999972581863403, 1.4836460877631907e-06, 5.680222443515959e-07]",False
/content/MargDrishti/data/processed/crops/test/no_parking/no_parking-48_jpg.rf.b0b51e96da587e1ce3da0bd2e51e1fbc__619.0.jpg,33,no_parking,68,unguarded_level_crossing,0.9993126392364502,"[68, 29, 65]","[0.9993126392364502, 0.0006644428358413279, 8.308386895805597e-06]",False
/content/MargDrishti/data/processed/crops/test/speed_limit_100/speed_limit_100-17_png.rf.b121140bdba6a1744793a11fccd9b2a1__620.0.jpg,50,speed_limit_100,68,unguarded_level_crossing,0.6514217257499695,"[68, 29, 20]","[0.6514217257499695, 0.07347487658262253, 0.06535707414150238]",False
/content/MargDrishti/data/processed/crops/test/speed_limit_120/speed_limit_120-65_png.rf.b175db32d3dac9c48aab4b29f1e4cdb4__621.0.jpg,51,speed_limit_120,68,unguarded_level_crossing,0.5536559224128723,"[68, 67, 27]","[0.5536559224128723, 0.3785072863101959, 0.03789285197854042]",False
/content/MargDrishti/data/processed/crops/test/stop/stop-40_png.rf.b3f4b067ffed3ca0fac1f05b59b940c6__622.0.jpg,62,stop,16,falling_rocks,0.6324267983436584,"[16, 29, 68]","[0.6324267983436584, 0.27421149611473083, 0.05207807570695877]",False
/content/MargDrishti/data/processed/crops/test/left_turn_prohibited/left_turn_prohibited-30_jpg.rf.b1a2b7cca60554d4442f28b9147b1490__623.0.jpg,26,left_turn_prohibited,62,stop,0.9671564102172852,"[62, 64, 63]","[0.9671564102172852, 0.02357754297554493, 0.004705732688307762]",False
/content/MargDrishti/data/processed/crops/test/cattle_ahead/cattle_ahead-27_png.rf.b3642854226464eea7673f2ab1940cfb__624.0.jpg,3,cattle_ahead,31,narrow_road_ahead,0.6471681594848633,"[31, 26, 68]","[0.6471681594848633, 0.27265915274620056, 0.054181504994630814]",False
/content/MargDrishti/data/processed/crops/test/slippery_road/slippery_road-49_png.rf.b1d7948d3f063596e3acab9542c9c324__625.0.jpg,49,slippery_road,17,gap_in_median,0.39968717098236084,"[17, 22, 8]","[0.39968717098236084, 0.22683468461036682, 0.16156123578548431]",False
/content/MargDrishti/data/processed/crops/test/right_turn_prohibited/right_turn_prohibited-17_jpg.rf.b1c57149b1681e26c7df007b5a7148fd__626.0.jpg,44,right_turn_prohibited,19,guarded_level_crossing,0.976141095161438,"[19, 68, 53]","[0.976141095161438, 0.010681123472750187, 0.003998871892690659]",False
/content/MargDrishti/data/processed/crops/test/compulsary_keep_left/compulsary_keep_left-19_jpg.rf.b32c1fa8b9e57bb83f8b08fe7f91de60__627.0.jpg,8,compulsary_keep_left,68,unguarded_level_crossing,0.9159448742866516,"[68, 8, 62]","[0.9159448742866516, 0.0837707370519638, 0.00015553947014268488]",False
/content/MargDrishti/data/processed/crops/test/cross_road/cross_road-25_jpg.rf.b441afdfb4e02ff0c8c0fc81d6c73261__628.0.jpg,13,cross_road,68,unguarded_level_crossing,0.9999958276748657,"[68, 8, 20]","[0.9999958276748657, 1.889036411739653e-06, 1.4639388155046618e-06]",False
/content/MargDrishti/data/processed/crops/test/right_turn_prohibited/right_turn_prohibited-60_jpg.rf.b2fe3e5979702082b77d3d4b0a2eb47f__629.0.jpg,44,right_turn_prohibited,68,unguarded_level_crossing,0.9918853044509888,"[68, 8, 66]","[0.9918853044509888, 0.002605514135211706, 0.0011682265903800726]",False
/content/MargDrishti/data/processed/crops/test/height_limit/height_limit-2_png.rf.b48a1cef1f3d1cd29ba6accb919fa456__630.0.jpg,20,height_limit,41,restriction_ends,0.9970415234565735,"[41, 62, 64]","[0.9970415234565735, 0.0028192747849971056, 0.00011683082993840799]",False
/content/MargDrishti/data/processed/crops/test/chevron_direction/chevron_direction-9_jpg.rf.b4960dffc892db44dc6eed1417dcb59f__631.0.jpg,4,chevron_direction,58,speed_limit_80,0.7753639221191406,"[58, 10, 68]","[0.7753639221191406, 0.11459436267614365, 0.034362442791461945]",False
/content/MargDrishti/data/processed/crops/test/stop/stop-4_jpg.rf.b530233e6edeb34b446c4636506e61e4__632.0.jpg,62,stop,6,compulsary_ahead_or_turn_left,0.9769658446311951,"[6, 68, 29]","[0.9769658446311951, 0.02032748982310295, 0.002273742575198412]",False
/content/MargDrishti/data/processed/crops/test/width_limit/width_limit-15_png.rf.b600be4ac20c34534c92d0fdb135415d__633.0.jpg,69,width_limit,29,men_at_work,0.9981949925422668,"[29, 9, 68]","[0.9981949925422668, 0.0009012303198687732, 0.0008242957992479205]",False
/content/MargDrishti/data/processed/crops/test/no_entry/no_entry-37_png.rf.b66904012669bd0d7944cd3fd224bb1c__634.0.jpg,32,no_entry,62,stop,0.5982872247695923,"[62, 6, 19]","[0.5982872247695923, 0.23955385386943817, 0.050768785178661346]",False
/content/MargDrishti/data/processed/crops/test/left_reverse_bend/left_reverse_bend-54_jpg.rf.b6990acd415b4b0ad18c015a6627fcf9__635.0.jpg,25,left_reverse_bend,8,compulsary_keep_left,0.9807741045951843,"[8, 20, 68]","[0.9807741045951843, 0.011772061698138714, 0.0030448082834482193]",False
/content/MargDrishti/data/processed/crops/test/pass_either_side/pass_either_side-3_png.rf.b6307be23c015c50828f10d54d665478__636.0.jpg,36,pass_either_side,68,unguarded_level_crossing,0.9999998807907104,"[68, 64, 8]","[0.9999998807907104, 9.802469236319666e-08, 8.508426851960849e-09]",False
/content/MargDrishti/data/processed/crops/test/speed_limit_30/speed_limit_30-22_png.rf.b644475b56cb002c3d087f8ea6a252b5__637.0.jpg,53,speed_limit_30,28,loose_gravel,0.5300396680831909,"[28, 19, 26]","[0.5300396680831909, 0.22325456142425537, 0.11796190589666367]",False
/content/MargDrishti/data/processed/crops/test/pedestrian_crossing/pedestrian_crossing-15_jpg.rf.b7f6f4d8c048e7b5100a44dced5f34a9__638.0.jpg,37,pedestrian_crossing,51,speed_limit_120,0.5143042206764221,"[51, 26, 68]","[0.5143042206764221, 0.31302961707115173, 0.06919489055871964]",False
/content/MargDrishti/data/processed/crops/test/falling_rocks/falling_rocks-24_jpeg.rf.b74fcd4be7fdbc9c296663a2b587cf2d__639.0.jpg,16,falling_rocks,62,stop,0.8721278309822083,"[62, 41, 0]","[0.8721278309822083, 0.09440618008375168, 0.01744198240339756]",False
/content/MargDrishti/data/processed/crops/test/speed_limit_30/speed_limit_30-34_png.rf.b77666abd15db42d8ad5ba7135898fc5__640.0.jpg,53,speed_limit_30,62,stop,0.953071117401123,"[62, 41, 28]","[0.953071117401123, 0.02503650262951851, 0.010036347433924675]",False
/content/MargDrishti/data/processed/crops/test/left_turn_prohibited/left_turn_prohibited-0_jpg.rf.b6ffb0b9642d5c4f80330c20869d92c2__641.0.jpg,26,left_turn_prohibited,26,left_turn_prohibited,0.9999997615814209,"[26, 67, 6]","[0.9999997615814209, 1.1804092281408884e-07, 1.0406848360844378e-07]",True
/content/MargDrishti/data/processed/crops/test/hospital_ahead/hospital_ahead-29_png.rf.b8d4b2ff000d784aa9912da95b662fbe__642.0.jpg,22,hospital_ahead,15,dangerous_dip,0.9999274015426636,"[15, 8, 28]","[0.9999274015426636, 6.32827213848941e-05, 5.937243258813396e-06]",False
/content/MargDrishti/data/processed/crops/test/men_at_work/men_at_work-68_png.rf.b806a6106c0e762acffaa11ca13d08c3__643.0.jpg,29,men_at_work,62,stop,0.8673809766769409,"[62, 68, 29]","[0.8673809766769409, 0.13018588721752167, 0.001608484424650669]",False
/content/MargDrishti/data/processed/crops/test/pass_either_side/pass_either_side-63_jpg.rf.b82a07d2d1389ae468fba9cf8b4257b5__644.0.jpg,36,pass_either_side,68,unguarded_level_crossing,0.7883713245391846,"[68, 8, 38]","[0.7883713245391846, 0.17839184403419495, 0.029327239841222763]",False
/content/MargDrishti/data/processed/crops/test/compulsary_ahead/compulsary_ahead-18_png.rf.b8087e49bd968667a543b7ae8abaf222__645.0.jpg,5,compulsary_ahead,41,restriction_ends,0.790886402130127,"[41, 62, 29]","[0.790886402130127, 0.19368866086006165, 0.010112861171364784]",False
/content/MargDrishti/data/processed/crops/test/compulsary_keep_left/compulsary_keep_left-6_jpg.rf.b8efdaa1b83f5c46c90ed1800545054d__646.0.jpg,8,compulsary_keep_left,38,pedestrian_prohibited,0.9089195728302002,"[38, 26, 68]","[0.9089195728302002, 0.04958873242139816, 0.04129353165626526]",False
/content/MargDrishti/data/processed/crops/test/right_reverse_bend/right_reverse_bend-12_jpeg.rf.b945ea6d5bc437b1d56effb9369e0de0__647.0.jpg,43,right_reverse_bend,67,u_turn_prohibited,0.8496264815330505,"[67, 41, 8]","[0.8496264815330505, 0.07803540676832199, 0.02835925854742527]",False
/content/MargDrishti/data/processed/crops/test/compulsary_ahead_or_turn_left/compulsary_ahead_or_turn_left-60_png.rf.b97966004fd8b06f0e482a7f38a19a78__648.0.jpg,6,compulsary_ahead_or_turn_left,68,unguarded_level_crossing,0.7532961368560791,"[68, 15, 46]","[0.7532961368560791, 0.19012555480003357, 0.04957394301891327]",False
/content/MargDrishti/data/processed/crops/test/compulsary_keep_right/compulsary_keep_right-30_png.rf.b9645e6eb7d30785454569db8c5241aa__649.0.jpg,9,compulsary_keep_right,68,unguarded_level_crossing,0.9741044640541077,"[68, 8, 20]","[0.9741044640541077, 0.021617326885461807, 0.00246830633841455]",False
/content/MargDrishti/data/processed/crops/test/overtaking_prohibited/overtaking_prohibited-5_jpg.rf.b9890982be307cf1abeabb62fa9d9daf__650.0.jpg,35,overtaking_prohibited,68,unguarded_level_crossing,0.9799364805221558,"[68, 66, 16]","[0.9799364805221558, 0.016587579622864723, 0.0014006005367264152]",False
/content/MargDrishti/data/processed/crops/test/left_hand_curve/left_hand_curve-43_png.rf.ba68b15e40c221ad3b0dbca69655dd8b__651.0.jpg,24,left_hand_curve,68,unguarded_level_crossing,0.9952071309089661,"[68, 20, 53]","[0.9952071309089661, 0.00195921934209764, 0.0017742981435731053]",False
/content/MargDrishti/data/processed/crops/test/loose_gravel/loose_gravel-13_jpeg.rf.ba84ba1d722a70b4e980cc55d4b5a77e__652.0.jpg,28,loose_gravel,65,truck_prohibited,0.4647197425365448,"[65, 51, 62]","[0.4647197425365448, 0.23792129755020142, 0.11558173596858978]",False
/content/MargDrishti/data/processed/crops/test/speed_limit_100/speed_limit_100-59_png.rf.ba25f8f5fb0eca8cec475f6e9a32fd84__653.0.jpg,50,speed_limit_100,53,speed_limit_30,0.3612741529941559,"[53, 68, 29]","[0.3612741529941559, 0.33229801058769226, 0.19905290007591248]",False
/content/MargDrishti/data/processed/crops/test/no_entry/no_entry-3_jpg.rf.bb42713094f5d132d12538cfecda35a1__654.0.jpg,32,no_entry,19,guarded_level_crossing,0.943082332611084,"[19, 29, 50]","[0.943082332611084, 0.03444572910666466, 0.015968965366482735]",False
/content/MargDrishti/data/processed/crops/test/pedestrian_crossing/pedestrian_crossing-51_png.rf.bb4bdc52c8fc4dfc37b22f0f3161c386__655.0.jpg,37,pedestrian_crossing,19,guarded_level_crossing,0.7898792028427124,"[19, 68, 51]","[0.7898792028427124, 0.14556901156902313, 0.04119976982474327]",False
/content/MargDrishti/data/processed/crops/test/left_hand_curve/left_hand_curve-30_jpg.rf.bb5e4569e1c93531929d6413f7fbbf0c__656.0.jpg,24,left_hand_curve,27,length_limit,0.9899909496307373,"[27, 26, 51]","[0.9899909496307373, 0.005012777633965015, 0.0021932246163487434]",False
/content/MargDrishti/data/processed/crops/test/speed_limit_70/speed_limit_70-61_png.rf.bbb0f707df4d4f5ff699e60fc51fd079__658.0.jpg,57,speed_limit_70,8,compulsary_keep_left,0.9039052128791809,"[8, 68, 67]","[0.9039052128791809, 0.032763559371232986, 0.020979097113013268]",False
/content/MargDrishti/data/processed/crops/test/speed_limit_120/speed_limit_120-21_png.rf.bdd5a126e6f1827ef45bbda36be09eb8__659.0.jpg,51,speed_limit_120,67,u_turn_prohibited,0.341187447309494,"[67, 8, 68]","[0.341187447309494, 0.27729853987693787, 0.26602765917778015]",False
/content/MargDrishti/data/processed/crops/test/compulsary_ahead_or_turn_right/compulsary_ahead_or_turn_right-52_png.rf.bc8ff0bb9e361f1a5712a0dc31f0ed8b__660.0.jpg,7,compulsary_ahead_or_turn_right,68,unguarded_level_crossing,1.0,"[68, 29, 0]","[1.0, 7.292536019498641e-10, 1.2175525865298908e-10]",False
/content/MargDrishti/data/processed/crops/test/guarded_level_crossing/guarded_level_crossing-38_jpg.rf.bdd61c7723258979c9ed4406d2a1c617__662.0.jpg,19,guarded_level_crossing,68,unguarded_level_crossing,0.5227774381637573,"[68, 26, 51]","[0.5227774381637573, 0.36499711871147156, 0.06663619726896286]",False
/content/MargDrishti/data/processed/crops/test/speed_limit_20/speed_limit_20-30_png.rf.bea1a543f04a3e49f01952d8efee282a__663.0.jpg,52,speed_limit_20,68,unguarded_level_crossing,0.9991933703422546,"[68, 41, 63]","[0.9991933703422546, 0.0007305713952519, 3.9139198634075e-05]",False
/content/MargDrishti/data/processed/crops/test/compulsary_turn_left_ahead/compulsary_turn_left_ahead-56_jpeg.rf.c07e0b66c85b110424c2210339f0a805__664.0.jpg,11,compulsary_turn_left_ahead,30,narrow_bridge_ahead,0.9440211653709412,"[30, 8, 45]","[0.9440211653709412, 0.05311408266425133, 0.0010810530511662364]",False
/content/MargDrishti/data/processed/crops/test/give_way/give_way-14_png.rf.bf92cec5af275bd20081afe169c9afb1__665.0.jpg,18,give_way,68,unguarded_level_crossing,0.9538533687591553,"[68, 51, 63]","[0.9538533687591553, 0.019031645730137825, 0.015325981192290783]",False
/content/MargDrishti/data/processed/crops/test/cross_road/cross_road-28_jpg.rf.bdddb80dfc72f442d90dd6225f043acb__666.0.jpg,13,cross_road,68,unguarded_level_crossing,0.999991774559021,"[68, 65, 20]","[0.999991774559021, 4.038696260977304e-06, 3.6842461668129545e-06]",False
/content/MargDrishti/data/processed/crops/test/men_at_work/men_at_work-35_png.rf.bee75701f6072ffd6715f49bddec9f8b__667.0.jpg,29,men_at_work,29,men_at_work,0.9933818578720093,"[29, 68, 20]","[0.9933818578720093, 0.006551722530275583, 3.568668762454763e-05]",True
/content/MargDrishti/data/processed/crops/test/speed_limit_70/speed_limit_70-23_jpg.rf.c05029bf41835f1a01043ad2d1367edd__668.0.jpg,57,speed_limit_70,64,traffic_signal,0.9999959468841553,"[64, 41, 52]","[0.9999959468841553, 3.4207339467684506e-06, 4.1559519559086766e-07]",False
/content/MargDrishti/data/processed/crops/test/truck_prohibited/truck_prohibited-7_png.rf.be64fafcb30ed76b8b4499765494ea1a__669.0.jpg,65,truck_prohibited,67,u_turn_prohibited,0.8949172496795654,"[67, 68, 30]","[0.8949172496795654, 0.08786359429359436, 0.014103308320045471]",False
/content/MargDrishti/data/processed/crops/test/quay_side_or_river_bank/quay_side_or_river_bank-64_png.rf.c200a4d9f6ef1f019bad2e076c28e4ee__670.0.jpg,40,quay_side_or_river_bank,41,restriction_ends,0.9164993166923523,"[41, 31, 26]","[0.9164993166923523, 0.04213304445147514, 0.035249363631010056]",False
/content/MargDrishti/data/processed/crops/test/cross_road/cross_road-39_jpg.rf.c11331f3cbe787bd2798e53d5e102428__671.0.jpg,13,cross_road,27,length_limit,0.8951985239982605,"[27, 26, 51]","[0.8951985239982605, 0.04036974906921387, 0.03382476791739464]",False
/content/MargDrishti/data/processed/crops/test/gap_in_median/gap_in_median-41_jpg.rf.c10f7c2f5584fe32f62e4829beffc402__672.0.jpg,17,gap_in_median,68,unguarded_level_crossing,0.6246438026428223,"[68, 62, 45]","[0.6246438026428223, 0.3653779625892639, 0.002119090873748064]",False
/content/MargDrishti/data/processed/crops/test/falling_rocks/falling_rocks-46_jpeg.rf.c150bd8fb106e00fbc3c3b79f90b7321__673.0.jpg,16,falling_rocks,22,hospital_ahead,0.4430214762687683,"[22, 68, 6]","[0.4430214762687683, 0.2179165631532669, 0.21031390130519867]",False
/content/MargDrishti/data/processed/crops/test/unguarded_level_crossing/unguarded_level_crossing-30_jpeg.rf.c20e6319707f0c67b9b0a748a3cb38d7__674.0.jpg,68,unguarded_level_crossing,68,unguarded_level_crossing,0.9999759197235107,"[68, 51, 38]","[0.9999759197235107, 1.2783220881829038e-05, 8.673679985804483e-06]",True
/content/MargDrishti/data/processed/crops/test/overtaking_prohibited/overtaking_prohibited-6_jpeg.rf.c30ee5680e03695a2b60a61a675f8a5d__675.0.jpg,35,overtaking_prohibited,63,t_intersection,0.5503988862037659,"[63, 68, 62]","[0.5503988862037659, 0.4308314025402069, 0.018749814480543137]",False
/content/MargDrishti/data/processed/crops/test/compulsary_ahead/compulsary_ahead-35_png.rf.c284478ddf14b9ad4c6f28b1f48c3662__676.0.jpg,5,compulsary_ahead,38,pedestrian_prohibited,0.9954138994216919,"[38, 8, 62]","[0.9954138994216919, 0.0026039108633995056, 0.000943043443839997]",False
/content/MargDrishti/data/processed/crops/test/quay_side_or_river_bank/quay_side_or_river_bank-26_jpg.rf.c291299df7ec7fa5b9bec66a77ef4fe7__677.0.jpg,40,quay_side_or_river_bank,22,hospital_ahead,0.9319383502006531,"[22, 29, 26]","[0.9319383502006531, 0.06637483090162277, 0.0013649123720824718]",False
/content/MargDrishti/data/processed/crops/test/horn_prohibited/horn_prohibited-5_jpg.rf.c3359f90a6d8920e2dd3667bc0761963__678.0.jpg,21,horn_prohibited,8,compulsary_keep_left,0.410275399684906,"[8, 19, 51]","[0.410275399684906, 0.2874974310398102, 0.19813792407512665]",False
/content/MargDrishti/data/processed/crops/test/slippery_road/slippery_road-32_jpg.rf.c4e98f6abfff7d5909a847f03c542deb__679.0.jpg,49,slippery_road,41,restriction_ends,0.9996293783187866,"[41, 62, 26]","[0.9996293783187866, 0.0001956958876689896, 0.00011550540511962026]",False
/content/MargDrishti/data/processed/crops/test/gap_in_median/gap_in_median-12_jpg.rf.c63f9be97b3c51dd2027eafe578b47e5__680.0.jpg,17,gap_in_median,62,stop,0.39750197529792786,"[62, 68, 28]","[0.39750197529792786, 0.27746084332466125, 0.26783856749534607]",False
/content/MargDrishti/data/processed/crops/test/narrow_bridge_ahead/narrow_bridge_ahead-9_jpeg.rf.c339e6fb5d8d03a18f3f5e68bce0faba__681.0.jpg,30,narrow_bridge_ahead,68,unguarded_level_crossing,0.9999988079071045,"[68, 62, 41]","[0.9999988079071045, 1.1525280569912866e-06, 2.6227022331681837e-08]",False
/content/MargDrishti/data/processed/crops/test/cross_road/cross_road-46_jpg.rf.c64550f85dcbfc1be81e1508de37ab6e__682.0.jpg,13,cross_road,68,unguarded_level_crossing,0.996918797492981,"[68, 45, 30]","[0.996918797492981, 0.001005756203085184, 0.0009754670318216085]",False
/content/MargDrishti/data/processed/crops/test/speed_limit_60/speed_limit_60-9_jpg.rf.c67954db3fde6fcf092d08789e8c8529__683.0.jpg,56,speed_limit_60,41,restriction_ends,0.9792567491531372,"[41, 29, 28]","[0.9792567491531372, 0.006913830991834402, 0.006557367276400328]",False
/content/MargDrishti/data/processed/crops/test/give_way/give_way-62_jpg.rf.c64c348e13384dbabf483ef4fca4c7aa__684.0.jpg,18,give_way,28,loose_gravel,0.9563489556312561,"[28, 41, 14]","[0.9563489556312561, 0.0343555323779583, 0.0037416245322674513]",False
/content/MargDrishti/data/processed/crops/test/no_parking/no_parking-72_jpg.rf.c838219a7fe0786a029dad6d15195a2f__685.0.jpg,33,no_parking,51,speed_limit_120,0.9897128343582153,"[51, 41, 67]","[0.9897128343582153, 0.008048387244343758, 0.0007725725881755352]",False
/content/MargDrishti/data/processed/crops/test/no_parking/no_parking-16_jpg.rf.c893a163d9093b73c0749604704fd409__686.0.jpg,33,no_parking,68,unguarded_level_crossing,0.9356445074081421,"[68, 8, 22]","[0.9356445074081421, 0.03263453394174576, 0.0169687382876873]",False
/content/MargDrishti/data/processed/crops/test/height_limit/height_limit-34_jpg.rf.c8b6aa3805c981c1e8c91b0c0624444b__687.0.jpg,20,height_limit,29,men_at_work,0.9967620372772217,"[29, 68, 62]","[0.9967620372772217, 0.0031427235808223486, 9.214234160026535e-05]",False
/content/MargDrishti/data/processed/crops/test/quay_side_or_river_bank/quay_side_or_river_bank-7_jpg.rf.c8fdfec7d5209da0cd4a606af6ffddec__688.0.jpg,40,quay_side_or_river_bank,68,unguarded_level_crossing,0.999697208404541,"[68, 25, 26]","[0.999697208404541, 0.00027222049538977444, 2.3925689674797468e-05]",False
/content/MargDrishti/data/processed/crops/test/u_turn_prohibited/u_turn_prohibited-15_jpg.rf.c8ec8e96845097824c67632de561dec4__689.0.jpg,67,u_turn_prohibited,51,speed_limit_120,0.9996916055679321,"[51, 8, 68]","[0.9996916055679321, 0.00012578367022797465, 0.00011049062595702708]",False
/content/MargDrishti/data/processed/crops/test/cross_road/cross_road-0_jpg.rf.c91cedf921fdb90dea79f672454921bb__690.0.jpg,13,cross_road,0,all_motor_vehicle_prohibited,0.9970388412475586,"[0, 26, 51]","[0.9970388412475586, 0.002346764551475644, 0.0005237748264335096]",False
/content/MargDrishti/data/processed/crops/test/u_turn/u_turn-1_jpg.rf.c92aa034d2c6f477afe601ec1a78f420__691.0.jpg,66,u_turn,48,side_road_right,0.9023827910423279,"[48, 67, 22]","[0.9023827910423279, 0.05969305336475372, 0.017302094027400017]",False
/content/MargDrishti/data/processed/crops/test/steep_ascent/steep_ascent-38_jpg.rf.c9425e4abed74f1127ee2ef3978ff3fe__692.0.jpg,60,steep_ascent,68,unguarded_level_crossing,0.5696545839309692,"[68, 67, 62]","[0.5696545839309692, 0.4224054217338562, 0.00674453005194664]",False
/content/MargDrishti/data/processed/crops/test/side_road_left/side_road_left-59_jpg.rf.c9542727373fa148d3c89917b2bd2e2f__693.0.jpg,47,side_road_left,41,restriction_ends,0.973921537399292,"[41, 45, 62]","[0.973921537399292, 0.013779297471046448, 0.009979143738746643]",False
/content/MargDrishti/data/processed/crops/test/men_at_work/men_at_work-48_png.rf.c926e4d8d5d1b8c89ef64d5a6fb69c6e__694.0.jpg,29,men_at_work,68,unguarded_level_crossing,0.9648000001907349,"[68, 8, 29]","[0.9648000001907349, 0.022648630663752556, 0.009412314742803574]",False
/content/MargDrishti/data/processed/crops/test/bullock_cart_and_hand_cart_prohibited/bullock_cart_and_hand_cart_prohibited-53_jpeg.rf.ca05cd99c262506f4a8a9f7889b1a7dd__695.0.jpg,2,bullock_cart_and_hand_cart_prohibited,68,unguarded_level_crossing,0.9612811207771301,"[68, 60, 62]","[0.9612811207771301, 0.026692626997828484, 0.010725962929427624]",False
/content/MargDrishti/data/processed/crops/test/all_motor_vehicle_prohibited/all_motor_vehicle_prohibited-29_jpg.rf.cad37173283c91ad290ed29b4ed6d72c__696.0.jpg,0,all_motor_vehicle_prohibited,68,unguarded_level_crossing,0.9996044039726257,"[68, 51, 45]","[0.9996044039726257, 0.00038384945946745574, 8.868033546605147e-06]",False
/content/MargDrishti/data/processed/crops/test/narrow_road_ahead/narrow_road_ahead-15_jpg.rf.cb83549f858a34a56de28903a1417c95__697.0.jpg,31,narrow_road_ahead,19,guarded_level_crossing,0.9993822574615479,"[19, 51, 29]","[0.9993822574615479, 0.0003594571026042104, 0.00010538218339206651]",False
/content/MargDrishti/data/processed/crops/test/give_way/give_way-33_png.rf.cb52a2e808aa43451d8222e711d41c37__698.0.jpg,18,give_way,68,unguarded_level_crossing,0.9870245456695557,"[68, 29, 27]","[0.9870245456695557, 0.011333042755723, 0.0006682960083708167]",False
/content/MargDrishti/data/processed/crops/test/compulsary_keep_left/compulsary_keep_left-14_jpg.rf.cc2f22d11ae1a0c11239bf8fc4eaa27e__699.0.jpg,8,compulsary_keep_left,8,compulsary_keep_left,0.9933474659919739,"[8, 68, 67]","[0.9933474659919739, 0.006041625514626503, 0.00045729117118753493]",True
/content/MargDrishti/data/processed/crops/test/left_hand_curve/left_hand_curve-58_jpg.rf.cc242c753eae0aafd359154089d8f979__700.0.jpg,24,left_hand_curve,68,unguarded_level_crossing,0.8268358707427979,"[68, 8, 26]","[0.8268358707427979, 0.170387864112854, 0.0010492777219042182]",False
/content/MargDrishti/data/processed/crops/test/side_road_right/side_road_right-7_png.rf.cbc29d9abeec76bcae17ad382c1d7c4b__702.0.jpg,48,side_road_right,62,stop,0.9189387559890747,"[62, 51, 63]","[0.9189387559890747, 0.02855755016207695, 0.015976399183273315]",False
/content/MargDrishti/data/processed/crops/test/y_intersection/y_intersection-27_jpg.rf.cc41d93aac1e858ad8e0d2b6642925c0__703.0.jpg,70,y_intersection,51,speed_limit_120,0.8555163145065308,"[51, 0, 68]","[0.8555163145065308, 0.1328384131193161, 0.008628752082586288]",False
/content/MargDrishti/data/processed/crops/test/right_hand_curve/right_hand_curve-59_png.rf.ce16871e6c2e601a7d21d620b9b90df7__704.0.jpg,42,right_hand_curve,19,guarded_level_crossing,0.7500913739204407,"[19, 62, 68]","[0.7500913739204407, 0.10961470752954483, 0.08611227571964264]",False
/content/MargDrishti/data/processed/crops/test/compulsary_ahead/compulsary_ahead-1_png.rf.cdd7e32eed4da10364bc7a31e4678c95__705.0.jpg,5,compulsary_ahead,68,unguarded_level_crossing,0.9702135324478149,"[68, 29, 26]","[0.9702135324478149, 0.017234625294804573, 0.007884899154305458]",False
/content/MargDrishti/data/processed/crops/test/speed_limit_60/speed_limit_60-39_png.rf.ce0838da260f1db02caa33098f48222a__706.0.jpg,56,speed_limit_60,68,unguarded_level_crossing,0.9999988079071045,"[68, 63, 45]","[0.9999988079071045, 1.1081660886702593e-06, 1.3381134067458333e-07]",False
/content/MargDrishti/data/processed/crops/test/bullock_cart_and_hand_cart_prohibited/bullock_cart_and_hand_cart_prohibited-30_jpg.rf.cf9122c59b47bc4afa3314a60560b706__707.0.jpg,2,bullock_cart_and_hand_cart_prohibited,68,unguarded_level_crossing,0.7738234996795654,"[68, 41, 29]","[0.7738234996795654, 0.22509756684303284, 0.0010256916284561157]",False
/content/MargDrishti/data/processed/crops/test/hump_or_rough_road/hump_or_rough_road-20_jpg.rf.cfc9cd0376a9a833ae454774e2de6431__708.0.jpg,23,hump_or_rough_road,29,men_at_work,0.9941105246543884,"[29, 67, 31]","[0.9941105246543884, 0.00098059989977628, 0.0009753620252013206]",False
/content/MargDrishti/data/processed/crops/test/narrow_bridge_ahead/narrow_bridge_ahead-68_jpg.rf.cf2306a083706fc86929073e15990075__709.0.jpg,30,narrow_bridge_ahead,20,height_limit,0.5797306299209595,"[20, 67, 63]","[0.5797306299209595, 0.35504189133644104, 0.03272145241498947]",False
/content/MargDrishti/data/processed/crops/test/length_limit/length_limit-11_jpeg.rf.cf77d9a1a073590721178ce3054c3b52__710.0.jpg,27,length_limit,29,men_at_work,0.4949618875980377,"[29, 68, 60]","[0.4949618875980377, 0.4708459973335266, 0.02144722454249859]",False
/content/MargDrishti/data/processed/crops/test/slippery_road/slippery_road-61_jpg.rf.d0358734c41cedc609c712ae7854bfb0__711.0.jpg,49,slippery_road,63,t_intersection,0.8842383027076721,"[63, 64, 0]","[0.8842383027076721, 0.10973957926034927, 0.0057918960228562355]",False
/content/MargDrishti/data/processed/crops/test/give_way/give_way-63_jpg.rf.d012467f78fa30626c6e02937ea4c13b__712.0.jpg,18,give_way,17,gap_in_median,0.4243188202381134,"[17, 68, 29]","[0.4243188202381134, 0.33469462394714355, 0.12427356839179993]",False
/content/MargDrishti/data/processed/crops/test/truck_prohibited/truck_prohibited-23_jpeg.rf.d251e64d4f5268476b52d7372ca11f1a__713.0.jpg,65,truck_prohibited,68,unguarded_level_crossing,0.9709256291389465,"[68, 30, 29]","[0.9709256291389465, 0.013304750435054302, 0.010079221799969673]",False
/content/MargDrishti/data/processed/crops/test/u_turn_prohibited/u_turn_prohibited-43_jpg.rf.d0bf6c27603449208984c393fbb38240__714.0.jpg,67,u_turn_prohibited,63,t_intersection,0.9223424792289734,"[63, 45, 64]","[0.9223424792289734, 0.046396493911743164, 0.031188132241368294]",False
/content/MargDrishti/data/processed/crops/test/compulsary_turn_right_ahead/compulsary_turn_right_ahead-49_png.rf.d1ee3507ac7d45e1b1dbcbae36ef48ae__715.0.jpg,12,compulsary_turn_right_ahead,29,men_at_work,0.7494840621948242,"[29, 64, 8]","[0.7494840621948242, 0.15658824145793915, 0.05739879980683327]",False
/content/MargDrishti/data/processed/crops/test/speed_limit_20/speed_limit_20-32_png.rf.d0640834dd72c10d944e5cda784a881b__716.0.jpg,52,speed_limit_20,68,unguarded_level_crossing,0.9294552803039551,"[68, 41, 51]","[0.9294552803039551, 0.06902841478586197, 0.000619651866145432]",False
/content/MargDrishti/data/processed/crops/test/left_turn_prohibited/left_turn_prohibited-6_jpg.rf.d1f27411200b5e075c20a5bce593fef3__717.0.jpg,26,left_turn_prohibited,19,guarded_level_crossing,0.9960575103759766,"[19, 26, 68]","[0.9960575103759766, 0.00339800538495183, 0.0004071659059263766]",False
/content/MargDrishti/data/processed/crops/test/right_turn_prohibited/right_turn_prohibited-29_jpg.rf.d2781a65320c924778508d8e00a32a16__718.0.jpg,44,right_turn_prohibited,68,unguarded_level_crossing,0.9920743703842163,"[68, 19, 53]","[0.9920743703842163, 0.0034736189991235733, 0.0022501046769320965]",False
/content/MargDrishti/data/processed/crops/test/roundabout/roundabout-40_jpg.rf.d3d058b449b52166d388962471ccd529__719.0.jpg,45,roundabout,68,unguarded_level_crossing,0.6711934804916382,"[68, 63, 0]","[0.6711934804916382, 0.1755477339029312, 0.11569316685199738]",False
/content/MargDrishti/data/processed/crops/test/speed_limit_40/speed_limit_40-2_jpg.rf.d2acc2a781ef5e3f04f6db3f4ac055c5__721.0.jpg,54,speed_limit_40,68,unguarded_level_crossing,0.9838918447494507,"[68, 19, 66]","[0.9838918447494507, 0.013643931597471237, 0.001100938650779426]",False
/content/MargDrishti/data/processed/crops/test/narrow_bridge_ahead/narrow_bridge_ahead-71_jpg.rf.d3837e82c1aed4ce833bb176d70865fc__722.0.jpg,30,narrow_bridge_ahead,41,restriction_ends,0.9938744902610779,"[41, 20, 51]","[0.9938744902610779, 0.00488744443282485, 0.001012694789096713]",False
/content/MargDrishti/data/processed/crops/test/guarded_level_crossing/guarded_level_crossing-22_jpg.rf.d405dfa987dc4413bbe03efab87ff8b1__723.0.jpg,19,guarded_level_crossing,62,stop,0.9503123760223389,"[62, 19, 31]","[0.9503123760223389, 0.039443593472242355, 0.007634204346686602]",False
/content/MargDrishti/data/processed/crops/test/stop/stop-42_png.rf.d4daeda3a35d115a4b3eac17f197d1a5__725.0.jpg,62,stop,41,restriction_ends,0.3278593122959137,"[41, 24, 10]","[0.3278593122959137, 0.27005210518836975, 0.11474444717168808]",False
/content/MargDrishti/data/processed/crops/test/cycle_crossing/cycle_crossing-62_jpg.rf.d5456467b5125f00beaacbe5ed9a3aef__726.0.jpg,14,cycle_crossing,68,unguarded_level_crossing,0.9668045043945312,"[68, 62, 0]","[0.9668045043945312, 0.02080949768424034, 0.005815041717141867]",False
/content/MargDrishti/data/processed/crops/test/horn_prohibited/horn_prohibited-23_jpg.rf.d6c47a5dbd014608a2ec3168396d3dd3__727.0.jpg,21,horn_prohibited,19,guarded_level_crossing,0.834531307220459,"[19, 10, 68]","[0.834531307220459, 0.12216667085886002, 0.041130539029836655]",False
/content/MargDrishti/data/processed/crops/test/speed_limit_120/speed_limit_120-16_jpeg.rf.d49ed20ce181c871c9281e1f11de3db0__728.0.jpg,51,speed_limit_120,29,men_at_work,0.5240158438682556,"[29, 62, 26]","[0.5240158438682556, 0.4715515077114105, 0.003094832180067897]",False
/content/MargDrishti/data/processed/crops/test/traffic_signal/traffic_signal-42_png.rf.d7290e674172e8dca8854fe3fe067d12__729.0.jpg,64,traffic_signal,68,unguarded_level_crossing,0.999941349029541,"[68, 19, 20]","[0.999941349029541, 4.980344601790421e-05, 5.226506800681818e-06]",False
/content/MargDrishti/data/processed/crops/test/slippery_road/slippery_road-54_jpg.rf.d60e31de6edecc4ef6ddc7bb9483ec4b__730.0.jpg,49,slippery_road,53,speed_limit_30,0.9866533875465393,"[53, 26, 68]","[0.9866533875465393, 0.011203547939658165, 0.0016055741580203176]",False
/content/MargDrishti/data/processed/crops/test/restriction_ends/restriction_ends-10_jpeg.rf.d74dc5ce7b37ff92591fc4bcf02be521__731.0.jpg,41,restriction_ends,68,unguarded_level_crossing,0.9999560117721558,"[68, 63, 51]","[0.9999560117721558, 4.392907067085616e-05, 1.6273653535847643e-09]",False
/content/MargDrishti/data/processed/crops/test/axle_load_limit/axle_load_limit-32_jpg.rf.d79fc2425638c2660dcd4aa43bfa158e__732.0.jpg,1,axle_load_limit,63,t_intersection,0.7793763279914856,"[63, 62, 68]","[0.7793763279914856, 0.12058185786008835, 0.08574934303760529]",False
/content/MargDrishti/data/processed/crops/test/speed_limit_30/speed_limit_30-56_png.rf.d7c4e6baf403ec4c79123ec3e74dcaa9__733.0.jpg,53,speed_limit_30,62,stop,0.997698962688446,"[62, 28, 70]","[0.997698962688446, 0.0022393628023564816, 2.9355154765653424e-05]",False
/content/MargDrishti/data/processed/crops/test/no_parking/no_parking-73_jpg.rf.d82cd22313b6dfefe20a0a5d6912cb98__734.0.jpg,33,no_parking,53,speed_limit_30,0.7299397587776184,"[53, 64, 41]","[0.7299397587776184, 0.2597671449184418, 0.003959838766604662]",False
/content/MargDrishti/data/processed/crops/test/width_limit/width_limit-46_jpg.rf.d90bb134100e715c7de2809b6356eb83__736.0.jpg,69,width_limit,68,unguarded_level_crossing,0.5950713157653809,"[68, 41, 29]","[0.5950713157653809, 0.37393131852149963, 0.02361045591533184]",False
/content/MargDrishti/data/processed/crops/test/compulsary_turn_right_ahead/compulsary_turn_right_ahead-11_png.rf.d85063c6be8c9a1b1f0fa4da4073b323__737.0.jpg,12,compulsary_turn_right_ahead,8,compulsary_keep_left,0.577146053314209,"[8, 26, 62]","[0.577146053314209, 0.41132304072380066, 0.005846245214343071]",False
/content/MargDrishti/data/processed/crops/test/dangerous_dip/dangerous_dip-2_jpg.rf.d971724ccb89ded4d74455db199a43f3__738.0.jpg,15,dangerous_dip,67,u_turn_prohibited,0.9049721956253052,"[67, 68, 62]","[0.9049721956253052, 0.05722060427069664, 0.03312280774116516]",False
/content/MargDrishti/data/processed/crops/test/height_limit/height_limit-56_jpg.rf.d97fe223d30c835036a0af998f1945ce__739.0.jpg,20,height_limit,62,stop,0.6816032528877258,"[62, 45, 68]","[0.6816032528877258, 0.3181937038898468, 0.0001498689962318167]",False
/content/MargDrishti/data/processed/crops/test/right_hand_curve/right_hand_curve-68_png.rf.d9ed9951c6900e1d6cb835c1a9cdf870__740.0.jpg,42,right_hand_curve,68,unguarded_level_crossing,0.5252984762191772,"[68, 8, 67]","[0.5252984762191772, 0.29587799310684204, 0.10174115002155304]",False
/content/MargDrishti/data/processed/crops/test/steep_ascent/steep_ascent-31_jpg.rf.da49f657d0d504b6625f6433c982feca__741.0.jpg,60,steep_ascent,68,unguarded_level_crossing,0.9743824005126953,"[68, 48, 45]","[0.9743824005126953, 0.02442866563796997, 0.0006786115700379014]",False
/content/MargDrishti/data/processed/crops/test/restriction_ends/restriction_ends-40_png.rf.da1a94c7f6bbec0c3f630de8dceef61e__742.0.jpg,41,restriction_ends,29,men_at_work,0.6157413721084595,"[29, 68, 19]","[0.6157413721084595, 0.37330541014671326, 0.006122741848230362]",False
/content/MargDrishti/data/processed/crops/test/slippery_road/slippery_road-18_png.rf.dac04abbf945553c446eba93658ad072__743.0.jpg,49,slippery_road,45,roundabout,0.9895668625831604,"[45, 62, 20]","[0.9895668625831604, 0.009412708692252636, 0.0006145804654806852]",False
/content/MargDrishti/data/processed/crops/test/left_turn_prohibited/left_turn_prohibited-7_jpg.rf.daa90c3843c4d59068c5a69d8ce034e1__744.0.jpg,26,left_turn_prohibited,19,guarded_level_crossing,0.8991403579711914,"[19, 26, 8]","[0.8991403579711914, 0.09521294385194778, 0.0030555350240319967]",False
/content/MargDrishti/data/processed/crops/test/compulsary_keep_right/compulsary_keep_right-16_png.rf.dad0307165d7219dcfadeae31c499c7a__745.0.jpg,9,compulsary_keep_right,53,speed_limit_30,0.7292991280555725,"[53, 67, 27]","[0.7292991280555725, 0.20452947914600372, 0.038835033774375916]",False
/content/MargDrishti/data/processed/crops/test/gap_in_median/gap_in_median-33_jpg.rf.daa4e0c44bec1fc88f2d18ac88d4a9c0__746.0.jpg,17,gap_in_median,29,men_at_work,0.8142903447151184,"[29, 19, 20]","[0.8142903447151184, 0.08825404196977615, 0.03062855824828148]",False
/content/MargDrishti/data/processed/crops/test/compulsary_ahead/compulsary_ahead-37_png.rf.dc3dc620e62efb9983e3d751ec083e2a__748.0.jpg,5,compulsary_ahead,19,guarded_level_crossing,0.6146557927131653,"[19, 68, 45]","[0.6146557927131653, 0.35820019245147705, 0.022017084062099457]",False
/content/MargDrishti/data/processed/crops/test/side_road_left/side_road_left-1_jpg.rf.dc2b678ea35c813ed0d180ac318ad7df__749.0.jpg,47,side_road_left,68,unguarded_level_crossing,0.5821047425270081,"[68, 26, 51]","[0.5821047425270081, 0.35648465156555176, 0.024647759273648262]",False
/content/MargDrishti/data/processed/crops/test/side_road_left/side_road_left-17_jpg.rf.dc096813d82b6c972d3aa166873d2f40__750.0.jpg,47,side_road_left,26,left_turn_prohibited,0.9843202829360962,"[26, 51, 62]","[0.9843202829360962, 0.011262482963502407, 0.004409980494529009]",False
/content/MargDrishti/data/processed/crops/test/school_ahead/school_ahead-10_jpg.rf.dcbbed72bd516b2fd187134ec9884ebe__751.0.jpg,46,school_ahead,26,left_turn_prohibited,0.9705983400344849,"[26, 63, 25]","[0.9705983400344849, 0.015229122713208199, 0.008022719994187355]",False
/content/MargDrishti/data/processed/crops/test/compulsary_turn_left_ahead/compulsary_turn_left_ahead-14_png.rf.dc87670ceb81d721bf24e98715ba4507__752.0.jpg,11,compulsary_turn_left_ahead,68,unguarded_level_crossing,0.8136244416236877,"[68, 8, 29]","[0.8136244416236877, 0.1566600203514099, 0.02860936149954796]",False
/content/MargDrishti/data/processed/crops/test/narrow_bridge_ahead/narrow_bridge_ahead-5_png.rf.dd4500ee84e24e320b8ce88e52d4473f__754.0.jpg,30,narrow_bridge_ahead,41,restriction_ends,0.9674201011657715,"[41, 62, 45]","[0.9674201011657715, 0.02184770628809929, 0.008397310972213745]",False
/content/MargDrishti/data/processed/crops/test/left_hand_curve/left_hand_curve-13_jpg.rf.dce47fef56f5585aaecb0befdec4cf28__755.0.jpg,24,left_hand_curve,68,unguarded_level_crossing,0.9616535902023315,"[68, 62, 31]","[0.9616535902023315, 0.036089032888412476, 0.0010541958035901189]",False
/content/MargDrishti/data/processed/crops/test/cycle_crossing/cycle_crossing-42_png.rf.ddff532bfea93d002afbcb9a7fe95003__756.0.jpg,14,cycle_crossing,19,guarded_level_crossing,0.7633723616600037,"[19, 46, 52]","[0.7633723616600037, 0.22611947357654572, 0.009504572488367558]",False
/content/MargDrishti/data/processed/crops/test/height_limit/height_limit-45_png.rf.debc1bf7df4990e58fb029306098c84d__757.0.jpg,20,height_limit,62,stop,0.9995704293251038,"[62, 64, 29]","[0.9995704293251038, 0.00042233124258928, 2.950752104879939e-06]",False
/content/MargDrishti/data/processed/crops/test/all_motor_vehicle_prohibited/all_motor_vehicle_prohibited-18_jpg.rf.dff796b9816419b6d17f1ea768720e04__758.0.jpg,0,all_motor_vehicle_prohibited,62,stop,0.9964377880096436,"[62, 41, 49]","[0.9964377880096436, 0.0035620108246803284, 1.3451675329179125e-07]",False
/content/MargDrishti/data/processed/crops/test/petrol_pump_ahead/petrol_pump_ahead-36_jpeg.rf.df4d181c03a06636f172cefbee9bad2e__759.0.jpg,39,petrol_pump_ahead,68,unguarded_level_crossing,0.9892144799232483,"[68, 26, 62]","[0.9892144799232483, 0.009560776874423027, 0.0005266311927698553]",False
/content/MargDrishti/data/processed/crops/test/all_motor_vehicle_prohibited/all_motor_vehicle_prohibited-32_jpg.rf.df66d8638b772fa0eacafef69ad91354__760.0.jpg,0,all_motor_vehicle_prohibited,45,roundabout,0.9875339269638062,"[45, 19, 51]","[0.9875339269638062, 0.0048785642720758915, 0.004627890884876251]",False
/content/MargDrishti/data/processed/crops/test/guarded_level_crossing/guarded_level_crossing-48_jpg.rf.e05baf4aef34be649d32d8e2f8011a04__761.0.jpg,19,guarded_level_crossing,68,unguarded_level_crossing,0.9991912245750427,"[68, 53, 29]","[0.9991912245750427, 0.00039415984065271914, 0.0001463989174226299]",False
/content/MargDrishti/data/processed/crops/test/speed_limit_50/speed_limit_50-45_png.rf.e016f151c16270328d2fe81d44d8d7cc__762.0.jpg,55,speed_limit_50,19,guarded_level_crossing,0.9930883049964905,"[19, 28, 68]","[0.9930883049964905, 0.0021827283781021833, 0.0019499107729643583]",False
/content/MargDrishti/data/processed/crops/test/overtaking_prohibited/overtaking_prohibited-29_jpeg.rf.e0aa62d54dc1dc58187131d6474b00ff__763.0.jpg,35,overtaking_prohibited,68,unguarded_level_crossing,0.8360880017280579,"[68, 29, 41]","[0.8360880017280579, 0.15101636946201324, 0.008645562455058098]",False
/content/MargDrishti/data/processed/crops/test/traffic_signal/traffic_signal-14_jpg.rf.e09f1e4a8fe2ad0e84050ae4b9671d9c__764.0.jpg,64,traffic_signal,51,speed_limit_120,0.9224110245704651,"[51, 63, 31]","[0.9224110245704651, 0.07560758292675018, 0.000634274329058826]",False
/content/MargDrishti/data/processed/crops/test/compulsary_turn_left_ahead/compulsary_turn_left_ahead-19_jpg.rf.e08e0b2981e3e9951fdc84da7eb5dec8__765.0.jpg,11,compulsary_turn_left_ahead,68,unguarded_level_crossing,0.921948254108429,"[68, 65, 38]","[0.921948254108429, 0.0525272972881794, 0.012768857181072235]",False
/content/MargDrishti/data/processed/crops/test/horn_prohibited/horn_prohibited-58_jpg.rf.e0fe8157d294b2b53345d1afaf7ed7ea__766.0.jpg,21,horn_prohibited,19,guarded_level_crossing,0.9990130662918091,"[19, 60, 41]","[0.9990130662918091, 0.0007279333076439798, 0.00021884760644752532]",False
/content/MargDrishti/data/processed/crops/test/narrow_road_ahead/narrow_road_ahead-65_png.rf.e23898c8cd64042932746fd1980b6363__767.0.jpg,31,narrow_road_ahead,67,u_turn_prohibited,0.40594130754470825,"[67, 68, 8]","[0.40594130754470825, 0.236613929271698, 0.16929754614830017]",False
/content/MargDrishti/data/processed/crops/test/width_limit/width_limit-23_jpeg.rf.e2050e6c99020f198d94f970f50b927a__768.0.jpg,69,width_limit,41,restriction_ends,0.44757771492004395,"[41, 51, 28]","[0.44757771492004395, 0.30083584785461426, 0.23415535688400269]",False
/content/MargDrishti/data/processed/crops/test/gap_in_median/gap_in_median-3_jpg.rf.e1cd7dc720128a37c4969fd1c7984bfd__769.0.jpg,17,gap_in_median,19,guarded_level_crossing,0.9647089242935181,"[19, 68, 26]","[0.9647089242935181, 0.03306944668292999, 0.0015140143223106861]",False
/content/MargDrishti/data/processed/crops/test/cross_road/cross_road-5_jpg.rf.e167eaa536798ae5461efc72bb0bafa6__770.0.jpg,13,cross_road,68,unguarded_level_crossing,0.999345600605011,"[68, 20, 65]","[0.999345600605011, 0.0005842791870236397, 5.2336323278723285e-05]",False
/content/MargDrishti/data/processed/crops/test/unguarded_level_crossing/unguarded_level_crossing-17_jpeg.rf.e322f135b582efcb10e2e524268a44a8__771.0.jpg,68,unguarded_level_crossing,19,guarded_level_crossing,0.9109249711036682,"[19, 8, 51]","[0.9109249711036682, 0.06777258217334747, 0.008002642542123795]",False
/content/MargDrishti/data/processed/crops/test/side_road_right/side_road_right-24_jpg.rf.e300ff9c2dfb99ba9f7e2726b1d9b190__772.0.jpg,48,side_road_right,62,stop,0.9990047812461853,"[62, 26, 63]","[0.9990047812461853, 0.0005240503815002739, 0.00015337490185629576]",False
/content/MargDrishti/data/processed/crops/test/speed_limit_80/speed_limit_80-13_png.rf.e36a1b7f8c739ba835876917e3ee951f__773.0.jpg,58,speed_limit_80,68,unguarded_level_crossing,0.42818912863731384,"[68, 27, 29]","[0.42818912863731384, 0.2235695868730545, 0.17397409677505493]",False
/content/MargDrishti/data/processed/crops/test/quay_side_or_river_bank/quay_side_or_river_bank-25_jpg.rf.e4b5f82afaee58eae401ef9c2909bd76__774.0.jpg,40,quay_side_or_river_bank,68,unguarded_level_crossing,0.8820667862892151,"[68, 41, 30]","[0.8820667862892151, 0.11791966110467911, 5.0820221986214165e-06]",False
/content/MargDrishti/data/processed/crops/test/speed_limit_50/speed_limit_50-11_jpg.rf.e520f49a631a8ac51081d1d875dbe517__775.0.jpg,55,speed_limit_50,41,restriction_ends,0.9999998807907104,"[41, 19, 68]","[0.9999998807907104, 1.1162021706923042e-07, 2.7326647611403132e-08]",False
/content/MargDrishti/data/processed/crops/test/stop/stop-65_png.rf.e28b138cdb0031310334b9b6e51998fe__776.0.jpg,62,stop,29,men_at_work,0.8605393171310425,"[29, 68, 41]","[0.8605393171310425, 0.11884330213069916, 0.01255934126675129]",False
/content/MargDrishti/data/processed/crops/test/width_limit/width_limit-44_jpg.rf.e569518e6f8fe0656d7b8d9875256dfd__777.0.jpg,69,width_limit,68,unguarded_level_crossing,0.8675767183303833,"[68, 29, 62]","[0.8675767183303833, 0.12664398550987244, 0.003641783958300948]",False
/content/MargDrishti/data/processed/crops/test/compulsary_turn_left_ahead/compulsary_turn_left_ahead-16_png.rf.e3a6a14603133c4d22a3eb30764a98c5__778.0.jpg,11,compulsary_turn_left_ahead,68,unguarded_level_crossing,0.9999594688415527,"[68, 29, 45]","[0.9999594688415527, 2.329834933334496e-05, 1.3810701602778863e-05]",False
/content/MargDrishti/data/processed/crops/test/loose_gravel/loose_gravel-6_jpeg.rf.e5c6d3d0bb1f12cb14dcf68f183f7775__779.0.jpg,28,loose_gravel,30,narrow_bridge_ahead,0.9346542358398438,"[30, 68, 0]","[0.9346542358398438, 0.06517819315195084, 0.0001499882055213675]",False
/content/MargDrishti/data/processed/crops/test/compulsary_ahead_or_turn_left/compulsary_ahead_or_turn_left-23_png.rf.e5b98b4488355f7312c3bc89bbfc4556__780.0.jpg,6,compulsary_ahead_or_turn_left,68,unguarded_level_crossing,0.4715132713317871,"[68, 15, 26]","[0.4715132713317871, 0.3890376091003418, 0.056515660136938095]",False
/content/MargDrishti/data/processed/crops/test/petrol_pump_ahead/petrol_pump_ahead-12_jpeg.rf.e5e3d015486358207212059c368e967f__781.0.jpg,39,petrol_pump_ahead,62,stop,0.9813115000724792,"[62, 38, 8]","[0.9813115000724792, 0.009370055049657822, 0.009246928617358208]",False
/content/MargDrishti/data/processed/crops/test/chevron_direction/chevron_direction-39_jpg.rf.e60239b1f4a2d3b06cf6fea514561dfd__782.0.jpg,4,chevron_direction,68,unguarded_level_crossing,0.9995694756507874,"[68, 48, 19]","[0.9995694756507874, 0.0002843925904016942, 0.00013775743718724698]",False
/content/MargDrishti/data/processed/crops/test/side_road_right/side_road_right-8_jpeg.rf.e690bdd14ae0f986177bcc627c2efd01__783.0.jpg,48,side_road_right,41,restriction_ends,0.4774717688560486,"[41, 6, 19]","[0.4774717688560486, 0.3591765761375427, 0.08642594516277313]",False
/content/MargDrishti/data/processed/crops/test/right_reverse_bend/right_reverse_bend-34_jpg.rf.e78a91f53eecb329f0c5a1852d6ef019__784.0.jpg,43,right_reverse_bend,68,unguarded_level_crossing,0.9938033819198608,"[68, 19, 29]","[0.9938033819198608, 0.002529739635065198, 0.0018639243207871914]",False
/content/MargDrishti/data/processed/crops/test/compulsary_ahead_or_turn_right/compulsary_ahead_or_turn_right-12_png.rf.e78dce78e4da65633d5e7b19782d003a__785.0.jpg,7,compulsary_ahead_or_turn_right,19,guarded_level_crossing,0.5343639254570007,"[19, 15, 62]","[0.5343639254570007, 0.18715748190879822, 0.1573963314294815]",False
/content/MargDrishti/data/processed/crops/test/right_turn_prohibited/right_turn_prohibited-69_jpg.rf.e7f7582ee2eb15c4eb8ec30dec475d6e__786.0.jpg,44,right_turn_prohibited,19,guarded_level_crossing,0.662070095539093,"[19, 68, 26]","[0.662070095539093, 0.23558391630649567, 0.05480758473277092]",False
/content/MargDrishti/data/processed/crops/test/right_turn_prohibited/right_turn_prohibited-18_jpg.rf.e8fec90bbb3b0b1e726162263430e840__787.0.jpg,44,right_turn_prohibited,68,unguarded_level_crossing,0.9392303228378296,"[68, 13, 29]","[0.9392303228378296, 0.05001096427440643, 0.007174655795097351]",False
/content/MargDrishti/data/processed/crops/test/speed_limit_30/speed_limit_30-19_png.rf.e868fdf3f41634f5941d511369a6cf5e__788.0.jpg,53,speed_limit_30,41,restriction_ends,0.9878950119018555,"[41, 68, 51]","[0.9878950119018555, 0.007583495229482651, 0.00443301722407341]",False
/content/MargDrishti/data/processed/crops/test/compulsary_turn_left_ahead/compulsary_turn_left_ahead-52_jpeg.rf.e90531e97ab259da2c9c0abad06e7a77__789.0.jpg,11,compulsary_turn_left_ahead,64,traffic_signal,0.5862414240837097,"[64, 29, 46]","[0.5862414240837097, 0.402713805437088, 0.005638144910335541]",False
/content/MargDrishti/data/processed/crops/test/left_turn_prohibited/left_turn_prohibited-4_jpg.rf.e9937573eb55a9f4019f399144a4c53c__790.0.jpg,26,left_turn_prohibited,26,left_turn_prohibited,0.7108495235443115,"[26, 51, 28]","[0.7108495235443115, 0.20268911123275757, 0.03459179401397705]",True
/content/MargDrishti/data/processed/crops/test/roundabout/roundabout-49_png.rf.e959b881865a5cf415128a898093b9fe__791.0.jpg,45,roundabout,68,unguarded_level_crossing,0.9990167617797852,"[68, 8, 29]","[0.9990167617797852, 0.000726547499652952, 0.00019543536473065615]",False
/content/MargDrishti/data/processed/crops/test/bullock_cart_and_hand_cart_prohibited/bullock_cart_and_hand_cart_prohibited-57_png.rf.e98979977267fd91aa1eebfc78a23edc__792.0.jpg,2,bullock_cart_and_hand_cart_prohibited,68,unguarded_level_crossing,0.7986481189727783,"[68, 45, 60]","[0.7986481189727783, 0.18558529019355774, 0.006556337233632803]",False
/content/MargDrishti/data/processed/crops/test/pedestrian_prohibited/pedestrian_prohibited-4_png.rf.e96b174b39a973881a61cfd81fc0ebcf__793.0.jpg,38,pedestrian_prohibited,62,stop,0.9998076558113098,"[62, 45, 64]","[0.9998076558113098, 0.0001813974231481552, 8.023553164093755e-06]",False
/content/MargDrishti/data/processed/crops/test/pedestrian_crossing/pedestrian_crossing-20_jpg.rf.ea0835f706a3df0ae316e6ce2aa4c6b0__794.0.jpg,37,pedestrian_crossing,41,restriction_ends,0.9936955571174622,"[41, 63, 29]","[0.9936955571174622, 0.006189851090312004, 9.818450780585408e-05]",False
/content/MargDrishti/data/processed/crops/test/compulsary_keep_left/compulsary_keep_left-49_jpg.rf.ea981cc1549021242093abff82bd690d__796.0.jpg,8,compulsary_keep_left,62,stop,0.9479619264602661,"[62, 29, 68]","[0.9479619264602661, 0.045629579573869705, 0.005877642892301083]",False
/content/MargDrishti/data/processed/crops/test/speed_limit_60/speed_limit_60-26_png.rf.ead99064d3f1ab6f89d2f6886205ca4c__797.0.jpg,56,speed_limit_60,66,u_turn,0.5545523762702942,"[66, 68, 13]","[0.5545523762702942, 0.4061891734600067, 0.025357447564601898]",False
/content/MargDrishti/data/processed/crops/test/speed_limit_100/speed_limit_100-45_png.rf.ebf86033004396e3555957726c71939a__798.0.jpg,50,speed_limit_100,68,unguarded_level_crossing,0.9993929862976074,"[68, 66, 51]","[0.9993929862976074, 0.00023512884217780083, 0.0001583169650984928]",False
/content/MargDrishti/data/processed/crops/test/left_reverse_bend/left_reverse_bend-37_png.rf.ead2bc4952d363d137538db085a4f271__799.0.jpg,25,left_reverse_bend,29,men_at_work,0.8791425228118896,"[29, 68, 63]","[0.8791425228118896, 0.09457992762327194, 0.018642621114850044]",False
/content/MargDrishti/data/processed/crops/test/narrow_road_ahead/narrow_road_ahead-46_png.rf.eb970e5bd509c4578b0d92cd35d16364__800.0.jpg,31,narrow_road_ahead,10,compulsary_sound_horn,0.4329961836338043,"[10, 19, 20]","[0.4329961836338043, 0.407514750957489, 0.09527033567428589]",False
/content/MargDrishti/data/processed/crops/test/traffic_signal/traffic_signal-1_jpg.rf.ebee733768fb73a36348d3051a52f54e__801.0.jpg,64,traffic_signal,26,left_turn_prohibited,0.8884658217430115,"[26, 63, 51]","[0.8884658217430115, 0.058841705322265625, 0.03197215870022774]",False
/content/MargDrishti/data/processed/crops/test/no_stopping_or_standing/no_stopping_or_standing-40_jpg.rf.ed022e2a18d60ec2f97d3c69d97841ba__802.0.jpg,34,no_stopping_or_standing,60,steep_ascent,0.29802000522613525,"[60, 68, 65]","[0.29802000522613525, 0.27330201864242554, 0.2397727072238922]",False
/content/MargDrishti/data/processed/crops/test/left_reverse_bend/left_reverse_bend-24_png.rf.eeab5fd1940d3bb39fe443323de0dee0__803.0.jpg,25,left_reverse_bend,29,men_at_work,0.605762779712677,"[29, 8, 62]","[0.605762779712677, 0.38091254234313965, 0.007120504043996334]",False
/content/MargDrishti/data/processed/crops/test/left_turn_prohibited/left_turn_prohibited-9_jpg.rf.ee4ff7b0608c7280911ad865db74c403__804.0.jpg,26,left_turn_prohibited,66,u_turn,0.8738924264907837,"[66, 19, 26]","[0.8738924264907837, 0.053958483040332794, 0.04437348619103432]",False
/content/MargDrishti/data/processed/crops/test/cross_road/cross_road-16_jpg.rf.edd83a70fbf48cadb8c8ed18665e73ca__805.0.jpg,13,cross_road,62,stop,0.9936490654945374,"[62, 20, 68]","[0.9936490654945374, 0.004863722249865532, 0.00048343546222895384]",False
/content/MargDrishti/data/processed/crops/test/hump_or_rough_road/hump_or_rough_road-2_jpg.rf.ed1f680656812dc61b9d0fb632e259ee__806.0.jpg,23,hump_or_rough_road,26,left_turn_prohibited,0.9169184565544128,"[26, 68, 41]","[0.9169184565544128, 0.03257209435105324, 0.02371567115187645]",False
/content/MargDrishti/data/processed/crops/test/narrow_road_ahead/narrow_road_ahead-21_jpg.rf.efc377bf84ac561173e7cc79c4136ec9__808.0.jpg,31,narrow_road_ahead,45,roundabout,0.8753548860549927,"[45, 62, 68]","[0.8753548860549927, 0.10403778403997421, 0.017955685034394264]",False
/content/MargDrishti/data/processed/crops/test/cattle_ahead/cattle_ahead-20_jpg.rf.f0c20a21cc780ec88e921448b80df993__809.0.jpg,3,cattle_ahead,40,quay_side_or_river_bank,0.9813218712806702,"[40, 19, 6]","[0.9813218712806702, 0.017739050090312958, 0.0005105054588057101]",False
/content/MargDrishti/data/processed/crops/test/right_turn_prohibited/right_turn_prohibited-24_jpg.rf.efe9a4c34d598ac8f07b1571fe640b73__810.0.jpg,44,right_turn_prohibited,8,compulsary_keep_left,0.8582396507263184,"[8, 68, 67]","[0.8582396507263184, 0.11786944419145584, 0.006350037641823292]",False
/content/MargDrishti/data/processed/crops/test/petrol_pump_ahead/petrol_pump_ahead-46_jpg.rf.f0fc76b33267e1fc483e9787f10c31f6__811.0.jpg,39,petrol_pump_ahead,38,pedestrian_prohibited,0.6637942790985107,"[38, 20, 62]","[0.6637942790985107, 0.14658784866333008, 0.10129992663860321]",False
/content/MargDrishti/data/processed/crops/test/u_turn_prohibited/u_turn_prohibited-1_jpg.rf.f1e94406cece9934023922da2f37a559__812.0.jpg,67,u_turn_prohibited,53,speed_limit_30,0.9821120500564575,"[53, 26, 8]","[0.9821120500564575, 0.008764750324189663, 0.003452982986345887]",False
/content/MargDrishti/data/processed/crops/test/compulsary_ahead_or_turn_left/compulsary_ahead_or_turn_left-13_png.rf.f16703d0114261c8ac259bf172d9ff52__813.0.jpg,6,compulsary_ahead_or_turn_left,67,u_turn_prohibited,0.8515324592590332,"[67, 27, 19]","[0.8515324592590332, 0.13918912410736084, 0.0062826997600495815]",False
/content/MargDrishti/data/processed/crops/test/guarded_level_crossing/guarded_level_crossing-16_jpg.rf.f12cf17341ed8cc5a42f6f5948b47951__814.0.jpg,19,guarded_level_crossing,68,unguarded_level_crossing,0.9645480513572693,"[68, 51, 31]","[0.9645480513572693, 0.015967493876814842, 0.00968506932258606]",False
/content/MargDrishti/data/processed/crops/test/all_motor_vehicle_prohibited/all_motor_vehicle_prohibited-27_png.rf.f2204348bf7481d91c206ed1d4acc6eb__815.0.jpg,0,all_motor_vehicle_prohibited,62,stop,0.9999339580535889,"[62, 41, 63]","[0.9999339580535889, 6.593370926566422e-05, 4.5537696280462114e-08]",False
/content/MargDrishti/data/processed/crops/test/guarded_level_crossing/guarded_level_crossing-55_png.rf.f24287b52edbae8baff20923ebfce61a__816.0.jpg,19,guarded_level_crossing,68,unguarded_level_crossing,0.9631231427192688,"[68, 63, 62]","[0.9631231427192688, 0.013141389936208725, 0.010121059603989124]",False
/content/MargDrishti/data/processed/crops/test/roundabout/roundabout-31_jpg.rf.f2648005403ca01cbaf14165d5bc256e__817.0.jpg,45,roundabout,26,left_turn_prohibited,0.8644395470619202,"[26, 51, 0]","[0.8644395470619202, 0.12147883325815201, 0.013254808261990547]",False
/content/MargDrishti/data/processed/crops/test/truck_prohibited/truck_prohibited-26_jpg.rf.f269a2598455fa85e29ea4e338e539d4__818.0.jpg,65,truck_prohibited,60,steep_ascent,0.9879717230796814,"[60, 8, 51]","[0.9879717230796814, 0.010747541673481464, 0.0010429922258481383]",False
/content/MargDrishti/data/processed/crops/test/pass_either_side/pass_either_side-7_jpeg.rf.f2987d2b430a357a12a02777c4233882__819.0.jpg,36,pass_either_side,29,men_at_work,0.8443978428840637,"[29, 38, 26]","[0.8443978428840637, 0.1380675584077835, 0.008078543469309807]",False
/content/MargDrishti/data/processed/crops/test/compulsary_keep_left/compulsary_keep_left-5_jpg.rf.f332b48243f607dbc0d49fa2b1db6b24__820.0.jpg,8,compulsary_keep_left,68,unguarded_level_crossing,0.9999732971191406,"[68, 63, 62]","[0.9999732971191406, 1.629483995202463e-05, 1.037293259287253e-05]",False
/content/MargDrishti/data/processed/crops/test/steep_ascent/steep_ascent-42_jpg.rf.f41e932fab735608bd26adbabe6ae110__821.0.jpg,60,steep_ascent,22,hospital_ahead,0.6677854657173157,"[22, 63, 68]","[0.6677854657173157, 0.24149124324321747, 0.04467403143644333]",False
/content/MargDrishti/data/processed/crops/test/narrow_road_ahead/narrow_road_ahead-37_jpg.rf.f305326c6e6e5c2f5e34c583d1994590__822.0.jpg,31,narrow_road_ahead,45,roundabout,0.9856991171836853,"[45, 62, 68]","[0.9856991171836853, 0.014057106338441372, 0.00022371450904756784]",False
/content/MargDrishti/data/processed/crops/test/overtaking_prohibited/overtaking_prohibited-48_jpg.rf.f42ce0bd2e7a9e26ee28e93bae0148ee__823.0.jpg,35,overtaking_prohibited,51,speed_limit_120,0.6349706649780273,"[51, 26, 68]","[0.6349706649780273, 0.22247347235679626, 0.09666530787944794]",False
/content/MargDrishti/data/processed/crops/test/compulsary_keep_right/compulsary_keep_right-61_png.rf.f43b83852635d8c49aaae599a8b4fad1__824.0.jpg,9,compulsary_keep_right,68,unguarded_level_crossing,0.9240965843200684,"[68, 29, 62]","[0.9240965843200684, 0.07423989474773407, 0.0011311048874631524]",False
/content/MargDrishti/data/processed/crops/test/dangerous_dip/dangerous_dip-12_jpg.rf.f48dc5847b708281e6473f1b9cfd770a__825.0.jpg,15,dangerous_dip,67,u_turn_prohibited,0.6295359134674072,"[67, 62, 68]","[0.6295359134674072, 0.36979153752326965, 0.0006443139864131808]",False
/content/MargDrishti/data/processed/crops/test/speed_limit_30/speed_limit_30-66_png.rf.f4a1077851398f0e298eddf454e8b568__826.0.jpg,53,speed_limit_30,68,unguarded_level_crossing,0.9419626593589783,"[68, 41, 63]","[0.9419626593589783, 0.02570117637515068, 0.01635471172630787]",False
/content/MargDrishti/data/processed/crops/test/speed_limit_120/speed_limit_120-0_png.rf.f53c1698e7b22f821ff638618d356371__827.0.jpg,51,speed_limit_120,26,left_turn_prohibited,0.8949604034423828,"[26, 41, 67]","[0.8949604034423828, 0.09116928279399872, 0.006743832025676966]",False
/content/MargDrishti/data/processed/crops/test/no_parking/no_parking-46_jpg.rf.f52e248db939dd0172b9f1d7b5a578a9__828.0.jpg,33,no_parking,68,unguarded_level_crossing,0.38670745491981506,"[68, 15, 65]","[0.38670745491981506, 0.24769511818885803, 0.23379932343959808]",False
/content/MargDrishti/data/processed/crops/test/u_turn/u_turn-55_jpg.rf.f4c357a39a53b542317fd00397e05b0f__829.0.jpg,66,u_turn,62,stop,0.771052896976471,"[62, 19, 65]","[0.771052896976471, 0.13926158845424652, 0.06306677311658859]",False
/content/MargDrishti/data/processed/crops/test/u_turn/u_turn-42_jpg.rf.f5b2ae919e32736e211312a03dc67664__831.0.jpg,66,u_turn,68,unguarded_level_crossing,0.9991925358772278,"[68, 46, 62]","[0.9991925358772278, 0.0006762192933820188, 8.804380922811106e-05]",False
/content/MargDrishti/data/processed/crops/test/compulsary_turn_left_ahead/compulsary_turn_left_ahead-29_jpg.rf.f610eefc2fe591fa2f46c66b327ba44a__832.0.jpg,11,compulsary_turn_left_ahead,68,unguarded_level_crossing,0.814081072807312,"[68, 8, 63]","[0.814081072807312, 0.07163206487894058, 0.0539226159453392]",False
/content/MargDrishti/data/processed/crops/test/compulsary_ahead_or_turn_right/compulsary_ahead_or_turn_right-57_png.rf.f5d46542a4e45f86530e2f9892a1209b__833.0.jpg,7,compulsary_ahead_or_turn_right,68,unguarded_level_crossing,0.9999128580093384,"[68, 62, 38]","[0.9999128580093384, 8.173371315933764e-05, 3.8057494293752825e-06]",False
/content/MargDrishti/data/processed/crops/test/school_ahead/school_ahead-34_jpg.rf.f73f545b50536ae75a529f184cdb67b3__834.0.jpg,46,school_ahead,19,guarded_level_crossing,0.9411205053329468,"[19, 68, 40]","[0.9411205053329468, 0.04449879378080368, 0.01416414137929678]",False
/content/MargDrishti/data/processed/crops/test/cycle_crossing/cycle_crossing-46_png.rf.f7ec623aa02293255723300f723d335c__835.0.jpg,14,cycle_crossing,68,unguarded_level_crossing,0.763407289981842,"[68, 19, 29]","[0.763407289981842, 0.07584397494792938, 0.04329337924718857]",False
/content/MargDrishti/data/processed/crops/test/school_ahead/school_ahead-14_jpg.rf.f767dc9655f3991f62efe76cfbd374ea__836.0.jpg,46,school_ahead,45,roundabout,0.6512404084205627,"[45, 26, 68]","[0.6512404084205627, 0.1549808382987976, 0.08085837215185165]",False
/content/MargDrishti/data/processed/crops/test/narrow_road_ahead/narrow_road_ahead-39_png.rf.f76220d234d327adda22e51fc659456a__837.0.jpg,31,narrow_road_ahead,26,left_turn_prohibited,0.5473579168319702,"[26, 6, 16]","[0.5473579168319702, 0.40770480036735535, 0.023701725527644157]",False
/content/MargDrishti/data/processed/crops/test/traffic_signal/traffic_signal-34_png.rf.f78e2c97d8f1842f8017bebf3d61f312__838.0.jpg,64,traffic_signal,68,unguarded_level_crossing,0.8593854308128357,"[68, 19, 67]","[0.8593854308128357, 0.07539112865924835, 0.02726283110678196]",False
/content/MargDrishti/data/processed/crops/test/falling_rocks/falling_rocks-63_jpg.rf.f8893b101e2a501746c97fa2937a5efd__839.0.jpg,16,falling_rocks,53,speed_limit_30,0.980198085308075,"[53, 68, 29]","[0.980198085308075, 0.01763337291777134, 0.0020060264505445957]",False
/content/MargDrishti/data/processed/crops/test/school_ahead/school_ahead-8_jpg.rf.f8c76c3705f3a0fe4b426fe4a3b79bf5__840.0.jpg,46,school_ahead,67,u_turn_prohibited,0.972020149230957,"[67, 19, 6]","[0.972020149230957, 0.009797316044569016, 0.005100942216813564]",False
/content/MargDrishti/data/processed/crops/test/steep_descent/steep_descent-12_png.rf.f8db282a707884f70d7f0b632c57e6b1__841.0.jpg,61,steep_descent,68,unguarded_level_crossing,0.973798930644989,"[68, 41, 29]","[0.973798930644989, 0.01260481495410204, 0.005523265805095434]",False
/content/MargDrishti/data/processed/crops/test/speed_limit_70/speed_limit_70-59_png.rf.f8df6d2d1954bc1c57fe1f85c710f42d__842.0.jpg,57,speed_limit_70,62,stop,0.7453404068946838,"[62, 19, 41]","[0.7453404068946838, 0.23536618053913116, 0.013069446198642254]",False
/content/MargDrishti/data/processed/crops/test/roundabout/roundabout-39_jpg.rf.f96adca9252f433c148cc42f62b0b535__843.0.jpg,45,roundabout,19,guarded_level_crossing,0.9943860769271851,"[19, 29, 38]","[0.9943860769271851, 0.0016043020877987146, 0.0010894982842728496]",False
/content/MargDrishti/data/processed/crops/test/petrol_pump_ahead/petrol_pump_ahead-34_png.rf.f977400c61e442fa6fa7504351e61291__844.0.jpg,39,petrol_pump_ahead,41,restriction_ends,0.9999977350234985,"[41, 10, 62]","[0.9999977350234985, 2.089254394377349e-06, 1.1643804498362442e-07]",False
/content/MargDrishti/data/processed/crops/test/compulsary_turn_right_ahead/compulsary_turn_right_ahead-19_png.rf.f9ab5a105cf87383e86bb91278b55eeb__845.0.jpg,12,compulsary_turn_right_ahead,68,unguarded_level_crossing,0.972198486328125,"[68, 45, 48]","[0.972198486328125, 0.027128953486680984, 0.0003096793661825359]",False
/content/MargDrishti/data/processed/crops/test/quay_side_or_river_bank/quay_side_or_river_bank-65_jpeg.rf.f929bbf348fe9bb5808274d92bdaadb8__846.0.jpg,40,quay_side_or_river_bank,70,y_intersection,0.366590678691864,"[70, 0, 68]","[0.366590678691864, 0.2971035838127136, 0.23037035763263702]",False
/content/MargDrishti/data/processed/crops/test/horn_prohibited/horn_prohibited-0_jpg.rf.f9f75c00a9cc0e0b3b8479ecd02e6cf6__847.0.jpg,21,horn_prohibited,51,speed_limit_120,0.9064314365386963,"[51, 19, 29]","[0.9064314365386963, 0.04863570258021355, 0.015592074021697044]",False
/content/MargDrishti/data/processed/crops/test/compulsary_turn_right_ahead/compulsary_turn_right_ahead-36_png.rf.fa33831033e44e184eb2128d97284802__848.0.jpg,12,compulsary_turn_right_ahead,68,unguarded_level_crossing,0.9982210993766785,"[68, 63, 29]","[0.9982210993766785, 0.0012570464750751853, 0.00042130850488319993]",False
/content/MargDrishti/data/processed/crops/test/right_turn_prohibited/right_turn_prohibited-19_jpg.rf.f9da789c323011d5812a563d64437a8e__849.0.jpg,44,right_turn_prohibited,8,compulsary_keep_left,0.8044982552528381,"[8, 68, 67]","[0.8044982552528381, 0.163171648979187, 0.009893922135233879]",False
/content/MargDrishti/data/processed/crops/test/compulsary_sound_horn/compulsary_sound_horn-14_jpg.rf.fa64a36673f16094ad8e54e6d4c7daa6__850.0.jpg,10,compulsary_sound_horn,68,unguarded_level_crossing,0.9895740151405334,"[68, 0, 29]","[0.9895740151405334, 0.009167306125164032, 0.0006475073751062155]",False
/content/MargDrishti/data/processed/crops/test/speed_limit_20/speed_limit_20-1_jpg.rf.fa818d6a7dda1e9af78578a165b1f7c9__851.0.jpg,52,speed_limit_20,64,traffic_signal,0.9026687145233154,"[64, 63, 68]","[0.9026687145233154, 0.045115578919649124, 0.04111386463046074]",False
/content/MargDrishti/data/processed/crops/test/compulsary_ahead_or_turn_right/compulsary_ahead_or_turn_right-2_png.rf.fa6b9033f3047f684f9b7b700d2faf5c__852.0.jpg,7,compulsary_ahead_or_turn_right,29,men_at_work,0.9968693852424622,"[29, 8, 41]","[0.9968693852424622, 0.002296760445460677, 0.00044979777885600924]",False
/content/MargDrishti/data/processed/crops/test/right_turn_prohibited/right_turn_prohibited-28_jpg.rf.faa39dd1372a55521fec877180a73313__853.0.jpg,44,right_turn_prohibited,68,unguarded_level_crossing,0.9268240928649902,"[68, 8, 19]","[0.9268240928649902, 0.038323063403367996, 0.02098647505044937]",False
/content/MargDrishti/data/processed/crops/test/speed_limit_50/speed_limit_50-39_png.rf.fb09651ec85b90938a07a34371f82337__854.0.jpg,55,speed_limit_50,41,restriction_ends,0.7289718389511108,"[41, 63, 51]","[0.7289718389511108, 0.2175186276435852, 0.05155642703175545]",False
/content/MargDrishti/data/processed/crops/test/all_motor_vehicle_prohibited/all_motor_vehicle_prohibited-17_jpg.rf.fba39c800886c37b72472695ed342657__855.0.jpg,0,all_motor_vehicle_prohibited,62,stop,0.9076917171478271,"[62, 45, 63]","[0.9076917171478271, 0.09126492589712143, 0.0010042559588328004]",False
/content/MargDrishti/data/processed/crops/test/slippery_road/slippery_road-13_jpg.rf.fbbdee971a25a3ae3d8f248abba9f9a9__856.0.jpg,49,slippery_road,41,restriction_ends,0.9946422576904297,"[41, 68, 45]","[0.9946422576904297, 0.005296553950756788, 3.793439464061521e-05]",False
/content/MargDrishti/data/processed/crops/test/right_reverse_bend/right_reverse_bend-21_jpg.rf.fbd1f6c9dec22cb80053e6845fc62240__857.0.jpg,43,right_reverse_bend,51,speed_limit_120,0.9998276233673096,"[51, 67, 68]","[0.9998276233673096, 0.00011062902922276407, 5.8093719417229295e-05]",False
/content/MargDrishti/data/processed/crops/test/all_motor_vehicle_prohibited/all_motor_vehicle_prohibited-33_JPG.rf.fb5d57a1ffc95dde5dac38bf43f72eae__858.0.jpg,0,all_motor_vehicle_prohibited,38,pedestrian_prohibited,0.48293834924697876,"[38, 24, 29]","[0.48293834924697876, 0.22425758838653564, 0.10836200416088104]",False
/content/MargDrishti/data/processed/crops/test/compulsary_keep_left/compulsary_keep_left-45_png.rf.fc6e63860f567af8c2e167a89d19542b__859.0.jpg,8,compulsary_keep_left,67,u_turn_prohibited,0.9566435217857361,"[67, 8, 68]","[0.9566435217857361, 0.019005758687853813, 0.013329976238310337]",False
/content/MargDrishti/data/processed/crops/test/u_turn_prohibited/u_turn_prohibited-36_jpg.rf.fccee9520b66b0e762cfe9c13f95ef82__860.0.jpg,67,u_turn_prohibited,19,guarded_level_crossing,0.4536595642566681,"[19, 53, 50]","[0.4536595642566681, 0.29898175597190857, 0.18281809985637665]",False
/content/MargDrishti/data/processed/crops/test/compulsary_keep_left/compulsary_keep_left-32_jpg.rf.fc6879a87039d6ba73c3d820aa93077a__861.0.jpg,8,compulsary_keep_left,8,compulsary_keep_left,0.8549124598503113,"[8, 68, 15]","[0.8549124598503113, 0.13774330914020538, 0.006741258315742016]",True
/content/MargDrishti/data/processed/crops/test/speed_limit_120/speed_limit_120-13_jpeg.rf.fcd27e9053b9a3555e1b42386983c0a8__862.0.jpg,51,speed_limit_120,62,stop,0.6737643480300903,"[62, 45, 68]","[0.6737643480300903, 0.32616183161735535, 4.040532803628594e-05]",False
/content/MargDrishti/data/processed/crops/test/side_road_right/side_road_right-43_jpg.rf.fd6eaa8edcd12c9703cd34f38b9b3d05__863.0.jpg,48,side_road_right,62,stop,0.8287850022315979,"[62, 63, 26]","[0.8287850022315979, 0.11282191425561905, 0.05725251883268356]",False
/content/MargDrishti/data/processed/crops/test/speed_limit_100/speed_limit_100-30_png.rf.fdb69478a421d28a72df6bf247861d12__864.0.jpg,50,speed_limit_100,68,unguarded_level_crossing,0.9967870712280273,"[68, 29, 53]","[0.9967870712280273, 0.0008442836697213352, 0.0008164035389199853]",False
/content/MargDrishti/data/processed/crops/test/compulsary_ahead_or_turn_left/compulsary_ahead_or_turn_left-4_jpg.rf.fd9e724b8004b7eeb2579dc1f9e0fbb2__865.0.jpg,6,compulsary_ahead_or_turn_left,0,all_motor_vehicle_prohibited,0.8710763454437256,"[0, 62, 29]","[0.8710763454437256, 0.08658993244171143, 0.026730742305517197]",False
/content/MargDrishti/data/processed/crops/test/no_parking/no_parking-23_jpg.rf.fdd441a3c2ed22f3a403ea8374d1fd14__866.0.jpg,33,no_parking,68,unguarded_level_crossing,0.9258381128311157,"[68, 62, 40]","[0.9258381128311157, 0.0371539406478405, 0.022482242435216904]",False
/content/MargDrishti/data/processed/crops/test/speed_limit_120/speed_limit_120-63_png.rf.ff289fa973e5d72e340566eadb68097c__867.0.jpg,51,speed_limit_120,68,unguarded_level_crossing,0.6513926386833191,"[68, 67, 8]","[0.6513926386833191, 0.17913980782032013, 0.12253225594758987]",False
/content/MargDrishti/data/processed/crops/test/axle_load_limit/axle_load_limit-29_jpg.rf.ff5bfe5ec824e59fc531775539d8555c__868.0.jpg,1,axle_load_limit,19,guarded_level_crossing,0.9671581983566284,"[19, 40, 68]","[0.9671581983566284, 0.0327959805727005, 2.852856596291531e-05]",False
/content/MargDrishti/data/processed/crops/test/left_reverse_bend/left_reverse_bend-20_jpg.rf.ffe831fe4c033e94e8f1ea6970b8770a__869.0.jpg,25,left_reverse_bend,68,unguarded_level_crossing,0.6729691028594971,"[68, 19, 26]","[0.6729691028594971, 0.23974867165088654, 0.08619394898414612]",False
/content/MargDrishti/data/processed/crops/test/narrow_road_ahead/narrow_road_ahead-43_png.rf.ff3ce8cc97b8dafcf7ca98501e8eb6bc__870.0.jpg,31,narrow_road_ahead,26,left_turn_prohibited,0.9038032293319702,"[26, 67, 68]","[0.9038032293319702, 0.04673304781317711, 0.018864326179027557]",False
