path,true_idx,true_name,pred_idx,pred_name,confidence,top3_indices,top3_probs,correct
/content/MargDrishti/data/processed/crops/test/no_stopping_or_standing/no_stopping_or_standing-57_jpg.rf.0418ee94c194e36efeed2bac26406363__0.0.jpg,34,no_stopping_or_standing,34,no_stopping_or_standing,0.7871435880661011,"[34, 32, 44]","[0.7871435880661011, 0.0734269767999649, 0.015634682029485703]",True
/content/MargDrishti/data/processed/crops/test/slippery_road/slippery_road-47_png.rf.049f06bd08af457d75dd31aa2b1d8914__1.0.jpg,49,slippery_road,14,cycle_crossing,0.2261834293603897,"[14, 29, 46]","[0.2261834293603897, 0.18253543972969055, 0.06828701496124268]",False
/content/MargDrishti/data/processed/crops/test/overtaking_prohibited/overtaking_prohibited-12_jpg.rf.01da5d854e92036a005dc09147817f47__2.0.jpg,35,overtaking_prohibited,65,truck_prohibited,0.20492400228977203,"[65, 2, 35]","[0.20492400228977203, 0.11782975494861603, 0.11114581674337387]",False
/content/MargDrishti/data/processed/crops/test/cattle_ahead/cattle_ahead-25_jpg.rf.0746d45fbf46c067f63e3d12a88c0120__3.0.jpg,3,cattle_ahead,3,cattle_ahead,0.7248667478561401,"[3, 23, 30]","[0.7248667478561401, 0.04996659606695175, 0.021365033462643623]",True
/content/MargDrishti/data/processed/crops/test/all_motor_vehicle_prohibited/all_motor_vehicle_prohibited-13_jpg.rf.0889f592fa6098d98bfee5b3b16939c0__4.0.jpg,0,all_motor_vehicle_prohibited,0,all_motor_vehicle_prohibited,0.19749954342842102,"[0, 2, 35]","[0.19749954342842102, 0.18720513582229614, 0.1053495705127716]",True
/content/MargDrishti/data/processed/crops/test/pass_either_side/pass_either_side-27_jpg.rf.0400651216882f78f36d6112ecbfb28e__5.0.jpg,36,pass_either_side,20,height_limit,0.0575217641890049,"[20, 36, 33]","[0.0575217641890049, 0.05555179715156555, 0.03262752294540405]",False
/content/MargDrishti/data/processed/crops/test/traffic_signal/traffic_signal-52_png.rf.0907c89e65c3767abf4b2cb72098de91__6.0.jpg,64,traffic_signal,64,traffic_signal,0.24743618071079254,"[64, 25, 37]","[0.24743618071079254, 0.06087430566549301, 0.05512666702270508]",True
/content/MargDrishti/data/processed/crops/test/narrow_bridge_ahead/narrow_bridge_ahead-31_jpeg.rf.007a6e53fe0e1ec0fcde65e5c662e19f__7.0.jpg,30,narrow_bridge_ahead,13,cross_road,0.0988762229681015,"[13, 30, 37]","[0.0988762229681015, 0.06687301397323608, 0.04918782413005829]",False
/content/MargDrishti/data/processed/crops/test/pass_either_side/pass_either_side-55_jpg.rf.0199606abae971cd3a9f85eda75c98c2__8.0.jpg,36,pass_either_side,10,compulsary_sound_horn,0.4789094030857086,"[10, 8, 36]","[0.4789094030857086, 0.16244588792324066, 0.06424133479595184]",False
/content/MargDrishti/data/processed/crops/test/stop/stop-43_png.rf.06f95c1d1747191af9626cc43ab8a209__9.0.jpg,62,stop,62,stop,0.8556758761405945,"[62, 31, 25]","[0.8556758761405945, 0.014891575090587139, 0.013354713097214699]",True
/content/MargDrishti/data/processed/crops/test/quay_side_or_river_bank/quay_side_or_river_bank-56_jpg.rf.018c2f9ad535e652b18eb93da42e6dc5__10.0.jpg,40,quay_side_or_river_bank,40,quay_side_or_river_bank,0.20974448323249817,"[40, 68, 60]","[0.20974448323249817, 0.07253716886043549, 0.0475531704723835]",True
/content/MargDrishti/data/processed/crops/test/compulsary_ahead_or_turn_left/compulsary_ahead_or_turn_left-40_png.rf.01cf56bd84a0f2a8c299b69202273f1b__11.0.jpg,6,compulsary_ahead_or_turn_left,6,compulsary_ahead_or_turn_left,0.13044694066047668,"[6, 7, 5]","[0.13044694066047668, 0.11980458348989487, 0.1128530502319336]",True
/content/MargDrishti/data/processed/crops/test/loose_gravel/loose_gravel-25_jpeg.rf.0316048851cc995789d1396baeba2651__12.0.jpg,28,loose_gravel,28,loose_gravel,0.0735401138663292,"[28, 68, 60]","[0.0735401138663292, 0.05760803818702698, 0.055528588593006134]",True
/content/MargDrishti/data/processed/crops/test/left_reverse_bend/left_reverse_bend-56_jpg.rf.00595c45897ab9380b024a578bca58fa__13.0.jpg,25,left_reverse_bend,13,cross_road,0.19013866782188416,"[13, 66, 62]","[0.19013866782188416, 0.08089235424995422, 0.05159734562039375]",False
/content/MargDrishti/data/processed/crops/test/unguarded_level_crossing/unguarded_level_crossing-1_jpg.rf.03dc44ae0c8b55a99e17ba31a698f5af__14.0.jpg,68,unguarded_level_crossing,68,unguarded_level_crossing,0.21435946226119995,"[68, 16, 14]","[0.21435946226119995, 0.048705972731113434, 0.04555745795369148]",True
/content/MargDrishti/data/processed/crops/test/speed_limit_100/speed_limit_100-8_jpg.rf.00c887b207dd2e4ca4800a0ec1c84491__15.0.jpg,50,speed_limit_100,57,speed_limit_70,0.09346714615821838,"[57, 50, 27]","[0.09346714615821838, 0.09220064431428909, 0.07926115393638611]",False
/content/MargDrishti/data/processed/crops/test/bullock_cart_and_hand_cart_prohibited/bullock_cart_and_hand_cart_prohibited-7_jpeg.rf.00713880fce71f8310e055bf5b47cc65__16.0.jpg,2,bullock_cart_and_hand_cart_prohibited,2,bullock_cart_and_hand_cart_prohibited,0.18382996320724487,"[2, 0, 38]","[0.18382996320724487, 0.13454389572143555, 0.10182357579469681]",True
/content/MargDrishti/data/processed/crops/test/slippery_road/slippery_road-43_png.rf.08dadc118192c2c315c8895840a28852__17.0.jpg,49,slippery_road,64,traffic_signal,0.16107489168643951,"[64, 37, 49]","[0.16107489168643951, 0.15612228214740753, 0.09369969367980957]",False
/content/MargDrishti/data/processed/crops/test/school_ahead/school_ahead-41_jpg.rf.0380a3ac9531c1ec1116a260593bcba8__18.0.jpg,46,school_ahead,63,t_intersection,0.0728578194975853,"[63, 46, 70]","[0.0728578194975853, 0.07266495376825333, 0.06495746225118637]",False
/content/MargDrishti/data/processed/crops/test/all_motor_vehicle_prohibited/all_motor_vehicle_prohibited-57_jpg.rf.05a4f0ec8cba6c82442d358b452af29b__19.0.jpg,0,all_motor_vehicle_prohibited,0,all_motor_vehicle_prohibited,0.08631905913352966,"[0, 65, 33]","[0.08631905913352966, 0.06412872672080994, 0.06316261738538742]",True
/content/MargDrishti/data/processed/crops/test/speed_limit_100/speed_limit_100-12_png.rf.011f68db4be6ebd4e60b1bc7df1cb8cc__20.0.jpg,50,speed_limit_100,50,speed_limit_100,0.560947597026825,"[50, 58, 51]","[0.560947597026825, 0.1341661959886551, 0.13274984061717987]",True
/content/MargDrishti/data/processed/crops/test/u_turn/u_turn-59_jpg.rf.071848948699187281cdce117b6a8d8b__21.0.jpg,66,u_turn,66,u_turn,0.1683797836303711,"[66, 13, 37]","[0.1683797836303711, 0.08742635697126389, 0.06671327352523804]",True
/content/MargDrishti/data/processed/crops/test/compulsary_keep_right/compulsary_keep_right-55_jpeg.rf.004275d2b041bf903452e88a48ae4427__22.0.jpg,9,compulsary_keep_right,36,pass_either_side,0.1564413458108902,"[36, 11, 5]","[0.1564413458108902, 0.06886260211467743, 0.06571230292320251]",False
/content/MargDrishti/data/processed/crops/test/right_hand_curve/right_hand_curve-31_jpg.rf.09173d73428cb9d3755bf73d1dd0b50d__23.0.jpg,42,right_hand_curve,30,narrow_bridge_ahead,0.053978610783815384,"[30, 59, 70]","[0.053978610783815384, 0.05389924719929695, 0.05180797725915909]",False
/content/MargDrishti/data/processed/crops/test/compulsary_turn_right_ahead/compulsary_turn_right_ahead-40_png.rf.009fe9aa525e4c953667d31181261873__24.0.jpg,12,compulsary_turn_right_ahead,12,compulsary_turn_right_ahead,0.33663317561149597,"[12, 7, 6]","[0.33663317561149597, 0.21331261098384857, 0.14198510348796844]",True
/content/MargDrishti/data/processed/crops/test/stop/stop-49_png.rf.00191c18675c69b2e9a6c42e1d23f42c__25.0.jpg,62,stop,62,stop,0.8636745810508728,"[62, 52, 31]","[0.8636745810508728, 0.017777586355805397, 0.01053186971694231]",True
/content/MargDrishti/data/processed/crops/test/right_hand_curve/right_hand_curve-29_jpg.rf.099bd1485a38dc18043e33f22c30ceb7__26.0.jpg,42,right_hand_curve,43,right_reverse_bend,0.08110420405864716,"[43, 63, 30]","[0.08110420405864716, 0.06807828694581985, 0.05594556778669357]",False
/content/MargDrishti/data/processed/crops/test/speed_limit_30/speed_limit_30-30_png.rf.0953b6a01b8814577d3be9ca4706f603__27.0.jpg,53,speed_limit_30,53,speed_limit_30,0.1718176007270813,"[53, 52, 55]","[0.1718176007270813, 0.10875403136014938, 0.10752816498279572]",True
/content/MargDrishti/data/processed/crops/test/steep_ascent/steep_ascent-32_jpg.rf.097a122f5aba86d2fc3891250be17858__28.0.jpg,60,steep_ascent,15,dangerous_dip,0.08898135274648666,"[15, 60, 28]","[0.08898135274648666, 0.0816747397184372, 0.07952656596899033]",False
/content/MargDrishti/data/processed/crops/test/speed_limit_120/speed_limit_120-31_png.rf.09a5f6e2a9ada83f591de2ae553153b4__29.0.jpg,51,speed_limit_120,51,speed_limit_120,0.24378079175949097,"[51, 50, 56]","[0.24378079175949097, 0.16304482519626617, 0.10856612771749496]",True
/content/MargDrishti/data/processed/crops/test/slippery_road/slippery_road-57_jpg.rf.09c09f3fc2a7c4623e02869471824530__30.0.jpg,49,slippery_road,49,slippery_road,0.5227651596069336,"[49, 40, 61]","[0.5227651596069336, 0.07352834939956665, 0.04807800054550171]",True
/content/MargDrishti/data/processed/crops/test/no_stopping_or_standing/no_stopping_or_standing-0_jpeg.rf.0c6026c2a0bffcfbd86192871e58b3d4__31.0.jpg,34,no_stopping_or_standing,34,no_stopping_or_standing,0.09834238141775131,"[34, 36, 33]","[0.09834238141775131, 0.07113949209451675, 0.054894644767045975]",True
/content/MargDrishti/data/processed/crops/test/all_motor_vehicle_prohibited/all_motor_vehicle_prohibited-55_jpg.rf.0a89d9d26e02ab286399b0a2dfbeb4ef__32.0.jpg,0,all_motor_vehicle_prohibited,0,all_motor_vehicle_prohibited,0.23131708800792694,"[0, 21, 33]","[0.23131708800792694, 0.04303571581840515, 0.03817031905055046]",True
/content/MargDrishti/data/processed/crops/test/left_reverse_bend/left_reverse_bend-19_png.rf.0c5e4a4326cab84351eef6e7478098e8__34.0.jpg,25,left_reverse_bend,13,cross_road,0.11156129837036133,"[13, 25, 66]","[0.11156129837036133, 0.08957035839557648, 0.06207386776804924]",False
/content/MargDrishti/data/processed/crops/test/axle_load_limit/axle_load_limit-40_jpg.rf.0c33bee526eb8d518f018a68a1e6301f__35.0.jpg,1,axle_load_limit,1,axle_load_limit,0.18442052602767944,"[1, 20, 69]","[0.18442052602767944, 0.11829686909914017, 0.07425685971975327]",True
/content/MargDrishti/data/processed/crops/test/truck_prohibited/truck_prohibited-5_png.rf.0ccdf4c16c2554d61a127ee6760adfce__36.0.jpg,65,truck_prohibited,65,truck_prohibited,0.16500309109687805,"[65, 2, 27]","[0.16500309109687805, 0.06952448189258575, 0.06021099537611008]",True
/content/MargDrishti/data/processed/crops/test/u_turn_prohibited/u_turn_prohibited-40_jpg.rf.0c8dfe51efc3a7b1e7961e1438c504d6__37.0.jpg,67,u_turn_prohibited,67,u_turn_prohibited,0.15436182916164398,"[67, 21, 44]","[0.15436182916164398, 0.11013995856046677, 0.10082825273275375]",True
/content/MargDrishti/data/processed/crops/test/t_intersection/t_intersection-17_jpeg.rf.0ced7ae03d25f9175038ee045b1fb36d__38.0.jpg,63,t_intersection,63,t_intersection,0.11214283853769302,"[63, 70, 59]","[0.11214283853769302, 0.09075761586427689, 0.08662177622318268]",True
/content/MargDrishti/data/processed/crops/test/speed_limit_20/speed_limit_20-44_png.rf.0d262841165fa20c08be0ad755c90af2__39.0.jpg,52,speed_limit_20,53,speed_limit_30,0.23701103031635284,"[53, 55, 52]","[0.23701103031635284, 0.23061603307724, 0.08299027383327484]",False
/content/MargDrishti/data/processed/crops/test/narrow_bridge_ahead/narrow_bridge_ahead-72_jpg.rf.0d5d9560d1ec8f4ca5c406c69d191301__40.0.jpg,30,narrow_bridge_ahead,63,t_intersection,0.06089343875646591,"[63, 30, 13]","[0.06089343875646591, 0.05637364834547043, 0.050919175148010254]",False
/content/MargDrishti/data/processed/crops/test/hospital_ahead/hospital_ahead-7_jpg.rf.0d8defd98b507d76306e90f961bb327f__42.0.jpg,22,hospital_ahead,22,hospital_ahead,0.42134490609169006,"[22, 39, 17]","[0.42134490609169006, 0.19436804950237274, 0.02718440443277359]",True
/content/MargDrishti/data/processed/crops/test/chevron_direction/chevron_direction-52_jpg.rf.0e2e93275ef7bb5c90bd87284bc3336e__43.0.jpg,4,chevron_direction,4,chevron_direction,0.4219497740268707,"[4, 42, 23]","[0.4219497740268707, 0.03984468802809715, 0.03898331895470619]",True
/content/MargDrishti/data/processed/crops/test/left_hand_curve/left_hand_curve-64_jpg.rf.0da4ceb3ffba657a6a8a82c3c9ee5bae__44.0.jpg,24,left_hand_curve,13,cross_road,0.12237051129341125,"[13, 63, 48]","[0.12237051129341125, 0.046768076717853546, 0.038461051881313324]",False
/content/MargDrishti/data/processed/crops/test/length_limit/length_limit-38_jpg.rf.0e9f2e8a4c48e1c2db427acf5d8c3683__45.0.jpg,27,length_limit,27,length_limit,0.4303677976131439,"[27, 69, 20]","[0.4303677976131439, 0.12291032820940018, 0.10455195605754852]",True
/content/MargDrishti/data/processed/crops/test/quay_side_or_river_bank/quay_side_or_river_bank-34_jpg.rf.0f772bd5e3ec389f6aff17e52a8606a0__46.0.jpg,40,quay_side_or_river_bank,16,falling_rocks,0.3123348653316498,"[16, 66, 40]","[0.3123348653316498, 0.0900210291147232, 0.08132942020893097]",False
/content/MargDrishti/data/processed/crops/test/left_reverse_bend/left_reverse_bend-18_jpg.rf.0f7127338dfb43b152a98a1f44ed2769__47.0.jpg,25,left_reverse_bend,59,staggered_intersection,0.09356359392404556,"[59, 48, 30]","[0.09356359392404556, 0.08637980371713638, 0.08282741904258728]",False
/content/MargDrishti/data/processed/crops/test/dangerous_dip/dangerous_dip-5_jpg.rf.0ea520e269e55350d50b0b186d24644c__48.0.jpg,15,dangerous_dip,63,t_intersection,0.11675990372896194,"[63, 70, 48]","[0.11675990372896194, 0.1049041822552681, 0.06210728734731674]",False
/content/MargDrishti/data/processed/crops/test/speed_limit_120/speed_limit_120-29_png.rf.10e6cff5f3a1adb4c07a0ca7cde9d2a9__49.0.jpg,51,speed_limit_120,26,left_turn_prohibited,0.1069900169968605,"[26, 32, 58]","[0.1069900169968605, 0.10153834521770477, 0.08357533067464828]",False
/content/MargDrishti/data/processed/crops/test/slippery_road/slippery_road-30_png.rf.10d9f8d1a3c6f42849dcdc93415c2565__50.0.jpg,49,slippery_road,29,men_at_work,0.0995548665523529,"[29, 13, 46]","[0.0995548665523529, 0.09417497366666794, 0.09025787562131882]",False
/content/MargDrishti/data/processed/crops/test/cross_road/cross_road-31_jpg.rf.111598742d2f4af5fdbe9d035a9a0bd1__51.0.jpg,13,cross_road,13,cross_road,0.773305356502533,"[13, 23, 48]","[0.773305356502533, 0.03821554407477379, 0.021100344136357307]",True
/content/MargDrishti/data/processed/crops/test/speed_limit_70/speed_limit_70-35_png.rf.11b4173effbd7cc1115e9881f7230b28__52.0.jpg,57,speed_limit_70,58,speed_limit_80,0.224827840924263,"[58, 51, 55]","[0.224827840924263, 0.11453399807214737, 0.09727130085229874]",False
/content/MargDrishti/data/processed/crops/test/speed_limit_30/speed_limit_30-16_png.rf.113128bb577c3d6ca268da28fb497ef1__53.0.jpg,53,speed_limit_30,55,speed_limit_50,0.3771716356277466,"[55, 53, 57]","[0.3771716356277466, 0.11135207116603851, 0.09134507924318314]",False
/content/MargDrishti/data/processed/crops/test/speed_limit_20/speed_limit_20-11_png.rf.120697f7cabd234e7ff701ed563b6696__54.0.jpg,52,speed_limit_20,52,speed_limit_20,0.26563382148742676,"[52, 55, 53]","[0.26563382148742676, 0.19590820372104645, 0.11726262420415878]",True
/content/MargDrishti/data/processed/crops/test/unguarded_level_crossing/unguarded_level_crossing-23_jpeg.rf.11c36ce60f410acb9b191a8e00f21a7d__55.0.jpg,68,unguarded_level_crossing,13,cross_road,0.11327265948057175,"[13, 46, 29]","[0.11327265948057175, 0.07473595440387726, 0.07099296152591705]",False
/content/MargDrishti/data/processed/crops/test/cross_road/cross_road-38_jpg.rf.129497bc79136587e7f109ea99fe5fc3__56.0.jpg,13,cross_road,13,cross_road,0.6100775003433228,"[13, 23, 3]","[0.6100775003433228, 0.05196070671081543, 0.02538762427866459]",True
/content/MargDrishti/data/processed/crops/test/right_hand_curve/right_hand_curve-58_png.rf.135f98ba974c85b3087d4b45c5d8e2e5__57.0.jpg,42,right_hand_curve,30,narrow_bridge_ahead,0.06833246350288391,"[30, 24, 42]","[0.06833246350288391, 0.06336001306772232, 0.0561564639210701]",False
/content/MargDrishti/data/processed/crops/test/speed_limit_30/speed_limit_30-3_jpg.rf.13fee685996264d5ff7a65cce58b15a9__58.0.jpg,53,speed_limit_30,69,width_limit,0.12839186191558838,"[69, 20, 27]","[0.12839186191558838, 0.12446703761816025, 0.06445854157209396]",False
/content/MargDrishti/data/processed/crops/test/cattle_ahead/cattle_ahead-35_jpg.rf.145de6d6a037591ef6c0f3f103a0963e__59.0.jpg,3,cattle_ahead,3,cattle_ahead,0.9173970222473145,"[3, 40, 49]","[0.9173970222473145, 0.007729700766503811, 0.004625049419701099]",True
/content/MargDrishti/data/processed/crops/test/falling_rocks/falling_rocks-18_jpg.rf.14526a46c26e11ff55ee3271f3d3b265__60.0.jpg,16,falling_rocks,16,falling_rocks,0.16841278970241547,"[16, 13, 3]","[0.16841278970241547, 0.10137251019477844, 0.0826365202665329]",True
/content/MargDrishti/data/processed/crops/test/speed_limit_100/speed_limit_100-15_png.rf.14b6b27cf9db470ce7efad34dafbc9f2__62.0.jpg,50,speed_limit_100,50,speed_limit_100,0.3160935938358307,"[50, 51, 56]","[0.3160935938358307, 0.30158528685569763, 0.04874871298670769]",True
/content/MargDrishti/data/processed/crops/test/speed_limit_20/speed_limit_20-36_png.rf.147f6e9fb87978bb60d45184d5c04a9e__63.0.jpg,52,speed_limit_20,52,speed_limit_20,0.3415476679801941,"[52, 53, 51]","[0.3415476679801941, 0.1878228783607483, 0.08938906341791153]",True
/content/MargDrishti/data/processed/crops/test/t_intersection/t_intersection-21_jpeg.rf.15a66e32c30960a32d98cd4e00cc5ad0__65.0.jpg,63,t_intersection,59,staggered_intersection,0.16144677996635437,"[59, 48, 70]","[0.16144677996635437, 0.10663103312253952, 0.10210923850536346]",False
/content/MargDrishti/data/processed/crops/test/speed_limit_30/speed_limit_30-39_png.rf.15e2efc40528e14647ce2065039c58cf__66.0.jpg,53,speed_limit_30,55,speed_limit_50,0.13995172083377838,"[55, 53, 52]","[0.13995172083377838, 0.11671965569257736, 0.1145201250910759]",False
/content/MargDrishti/data/processed/crops/test/restriction_ends/restriction_ends-65_png.rf.15ff1390c7cd3300de7c4a18034dcafe__67.0.jpg,41,restriction_ends,41,restriction_ends,0.3314037024974823,"[41, 35, 33]","[0.3314037024974823, 0.0944710522890091, 0.08529782295227051]",True
/content/MargDrishti/data/processed/crops/test/hospital_ahead/hospital_ahead-9_jpg.rf.16104afde087c0405b98dbc78ec837fa__68.0.jpg,22,hospital_ahead,22,hospital_ahead,0.4266148507595062,"[22, 27, 59]","[0.4266148507595062, 0.07420743256807327, 0.04084925353527069]",True
/content/MargDrishti/data/processed/crops/test/falling_rocks/falling_rocks-20_jpg.rf.1685f816b3c006d7bf40a58c0573f10e__69.0.jpg,16,falling_rocks,68,unguarded_level_crossing,0.17353525757789612,"[68, 40, 49]","[0.17353525757789612, 0.10608623176813126, 0.07469674199819565]",False
/content/MargDrishti/data/processed/crops/test/cattle_ahead/cattle_ahead-8_jpg.rf.1730b0a5248516862f02f87ea1ac1a01__70.0.jpg,3,cattle_ahead,30,narrow_bridge_ahead,0.04680129885673523,"[30, 68, 3]","[0.04680129885673523, 0.04376404732465744, 0.04376150667667389]",False
/content/MargDrishti/data/processed/crops/test/give_way/give_way-17_png.rf.17212ac50a117b47b263f7d8edf2c511__71.0.jpg,18,give_way,18,give_way,0.19515785574913025,"[18, 17, 31]","[0.19515785574913025, 0.0769575834274292, 0.05606285110116005]",True
/content/MargDrishti/data/processed/crops/test/compulsary_ahead_or_turn_left/compulsary_ahead_or_turn_left-48_png.rf.17c699c5620d543fe264643a429cad99__72.0.jpg,6,compulsary_ahead_or_turn_left,6,compulsary_ahead_or_turn_left,0.3465040922164917,"[6, 7, 9]","[0.3465040922164917, 0.1799800544977188, 0.07868123799562454]",True
/content/MargDrishti/data/processed/crops/test/stop/stop-62_png.rf.164e4bca42188c79e723048ecc3a0d71__73.0.jpg,62,stop,62,stop,0.4258727431297302,"[62, 13, 46]","[0.4258727431297302, 0.06666992604732513, 0.043668486177921295]",True
/content/MargDrishti/data/processed/crops/test/right_turn_prohibited/right_turn_prohibited-45_jpg.rf.17ac2483d50af18b4d05b04ad83cae79__74.0.jpg,44,right_turn_prohibited,44,right_turn_prohibited,0.19388657808303833,"[44, 67, 26]","[0.19388657808303833, 0.11666420102119446, 0.055585507303476334]",True
/content/MargDrishti/data/processed/crops/test/no_parking/no_parking-70_jpg.rf.17460c17d5639903161767b561963c08__76.0.jpg,33,no_parking,21,horn_prohibited,0.13822416961193085,"[21, 0, 33]","[0.13822416961193085, 0.07978294789791107, 0.073109932243824]",False
/content/MargDrishti/data/processed/crops/test/petrol_pump_ahead/petrol_pump_ahead-19_jpeg.rf.191a2b95b02e6b4ad735f5116865a0dc__77.0.jpg,39,petrol_pump_ahead,39,petrol_pump_ahead,0.594948410987854,"[39, 40, 22]","[0.594948410987854, 0.046499162912368774, 0.04007843881845474]",True
/content/MargDrishti/data/processed/crops/test/no_stopping_or_standing/no_stopping_or_standing-4_jpg.rf.18bdb249f2356c0ddbedc2d20bb14797__78.0.jpg,34,no_stopping_or_standing,34,no_stopping_or_standing,0.20359253883361816,"[34, 5, 9]","[0.20359253883361816, 0.08905795216560364, 0.0667184442281723]",True
/content/MargDrishti/data/processed/crops/test/unguarded_level_crossing/unguarded_level_crossing-9_png.rf.19ba1c73a494962dc8016a952bca356a__79.0.jpg,68,unguarded_level_crossing,68,unguarded_level_crossing,0.15377460420131683,"[68, 61, 60]","[0.15377460420131683, 0.10264424234628677, 0.07986265420913696]",True
/content/MargDrishti/data/processed/crops/test/steep_descent/steep_descent-5_jpeg.rf.18feb3947fd5e50066467cb9d0143990__80.0.jpg,61,steep_descent,16,falling_rocks,0.13079321384429932,"[16, 23, 37]","[0.13079321384429932, 0.1288168579339981, 0.07936416566371918]",False
/content/MargDrishti/data/processed/crops/test/pedestrian_prohibited/pedestrian_prohibited-36_jpg.rf.19d0e1f800e04aa790f4d3a56c747c99__81.0.jpg,38,pedestrian_prohibited,38,pedestrian_prohibited,0.07423772662878036,"[38, 33, 0]","[0.07423772662878036, 0.07366324216127396, 0.057049013674259186]",True
/content/MargDrishti/data/processed/crops/test/axle_load_limit/axle_load_limit-42_jpg.rf.19e88013b0fd10383de2990310bd5ce8__82.0.jpg,1,axle_load_limit,1,axle_load_limit,0.2989320456981659,"[1, 20, 69]","[0.2989320456981659, 0.11321941763162613, 0.058589737862348557]",True
/content/MargDrishti/data/processed/crops/test/speed_limit_30/speed_limit_30-62_png.rf.19e9dc38b3305e2ba677f6ee563344c1__83.0.jpg,53,speed_limit_30,53,speed_limit_30,0.12471920996904373,"[53, 55, 62]","[0.12471920996904373, 0.09651212394237518, 0.09318847209215164]",True
/content/MargDrishti/data/processed/crops/test/compulsary_turn_right_ahead/compulsary_turn_right_ahead-6_jpg.rf.19fbe907451ad35a3916ffdc8036bec5__84.0.jpg,12,compulsary_turn_right_ahead,36,pass_either_side,0.07784014195203781,"[36, 11, 12]","[0.07784014195203781, 0.05711250752210617, 0.04928009584546089]",False
/content/MargDrishti/data/processed/crops/test/cross_road/cross_road-12_jpg.rf.1c360a3cbee307b59ff99b9e3281d60f__85.0.jpg,13,cross_road,13,cross_road,0.5231289863586426,"[13, 46, 62]","[0.5231289863586426, 0.03710859641432762, 0.03543681278824806]",True
/content/MargDrishti/data/processed/crops/test/staggered_intersection/staggered_intersection-48_jpg.rf.1b8a7b4993db0e368a45223b00839abd__86.0.jpg,59,staggered_intersection,59,staggered_intersection,0.11277610808610916,"[59, 48, 31]","[0.11277610808610916, 0.10327132046222687, 0.08216381818056107]",True
/content/MargDrishti/data/processed/crops/test/speed_limit_70/speed_limit_70-8_jpg.rf.1b801ba93fe5880856dccec072b2cc8e__87.0.jpg,57,speed_limit_70,62,stop,0.07934980094432831,"[62, 57, 0]","[0.07934980094432831, 0.05700540915131569, 0.04944712296128273]",False
/content/MargDrishti/data/processed/crops/test/hospital_ahead/hospital_ahead-1_jpeg.rf.1c7413f805e663ccde6d1eac9e155e63__88.0.jpg,22,hospital_ahead,22,hospital_ahead,0.39553725719451904,"[22, 39, 48]","[0.39553725719451904, 0.15136012434959412, 0.030170438811182976]",True
/content/MargDrishti/data/processed/crops/test/right_reverse_bend/right_reverse_bend-27_jpg.rf.1c8ce6eb8d6552d11cd0bd0b5ace184a__89.0.jpg,43,right_reverse_bend,43,right_reverse_bend,0.20989562571048737,"[43, 66, 62]","[0.20989562571048737, 0.05237726494669914, 0.04844144731760025]",True
/content/MargDrishti/data/processed/crops/test/hump_or_rough_road/hump_or_rough_road-66_jpg.rf.1c8a96b993f0ee2bcbf95589638b8620__90.0.jpg,23,hump_or_rough_road,15,dangerous_dip,0.14893577992916107,"[15, 48, 63]","[0.14893577992916107, 0.07319962233304977, 0.0671728327870369]",False
/content/MargDrishti/data/processed/crops/test/staggered_intersection/staggered_intersection-10_png.rf.1d7f4dd071c540b3f33f75e99549afce__91.0.jpg,59,staggered_intersection,59,staggered_intersection,0.33388566970825195,"[59, 48, 70]","[0.33388566970825195, 0.20503011345863342, 0.09693208336830139]",True
/content/MargDrishti/data/processed/crops/test/restriction_ends/restriction_ends-3_jpeg.rf.1d56c62283723c63a2a621da8a668dca__92.0.jpg,41,restriction_ends,41,restriction_ends,0.853064775466919,"[41, 27, 35]","[0.853064775466919, 0.013724178075790405, 0.013442502357065678]",True
/content/MargDrishti/data/processed/crops/test/stop/stop-26_jpg.rf.1dcb399e74a7c2586ad3ab6d9331d1cd__93.0.jpg,62,stop,62,stop,0.2930424213409424,"[62, 63, 43]","[0.2930424213409424, 0.03607436269521713, 0.0318780243396759]",True
/content/MargDrishti/data/processed/crops/test/cycle_crossing/cycle_crossing-68_png.rf.1dca711482a38ba64397b03e75e7d915__94.0.jpg,14,cycle_crossing,14,cycle_crossing,0.2159789353609085,"[14, 63, 30]","[0.2159789353609085, 0.04753231629729271, 0.044361889362335205]",True
/content/MargDrishti/data/processed/crops/test/compulsary_ahead_or_turn_left/compulsary_ahead_or_turn_left-22_png.rf.1f39dfc926b2628e9ac6ab32ae1eb2e2__95.0.jpg,6,compulsary_ahead_or_turn_left,6,compulsary_ahead_or_turn_left,0.3060384690761566,"[6, 5, 9]","[0.3060384690761566, 0.1806483417749405, 0.09987470507621765]",True
/content/MargDrishti/data/processed/crops/test/give_way/give_way-4_png.rf.201b0dee177a026be6923045a62ab6a4__97.0.jpg,18,give_way,18,give_way,0.5651028752326965,"[18, 64, 62]","[0.5651028752326965, 0.03046918660402298, 0.027045786380767822]",True
/content/MargDrishti/data/processed/crops/test/loose_gravel/loose_gravel-10_jpeg.rf.201fa8b332fb74fa78676e6b850dbd85__98.0.jpg,28,loose_gravel,48,side_road_right,0.06768199801445007,"[48, 63, 43]","[0.06768199801445007, 0.05183810368180275, 0.043122727423906326]",False
/content/MargDrishti/data/processed/crops/test/narrow_road_ahead/narrow_road_ahead-27_png.rf.201f991aa4a825211819e5c4a77b1de9__99.0.jpg,31,narrow_road_ahead,31,narrow_road_ahead,0.5514064431190491,"[31, 25, 18]","[0.5514064431190491, 0.11332592368125916, 0.04321768134832382]",True
/content/MargDrishti/data/processed/crops/test/axle_load_limit/axle_load_limit-66_jpg.rf.1ff7a5333f6ba1fba7777cb3a1e2f867__100.0.jpg,1,axle_load_limit,1,axle_load_limit,0.3067566454410553,"[1, 27, 2]","[0.3067566454410553, 0.06714218854904175, 0.0371430329978466]",True
/content/MargDrishti/data/processed/crops/test/left_turn_prohibited/left_turn_prohibited-20_jpg.rf.202e0e414c533fb8f0648d185e73313c__101.0.jpg,26,left_turn_prohibited,44,right_turn_prohibited,0.1358775943517685,"[44, 0, 26]","[0.1358775943517685, 0.1107540875673294, 0.07019714266061783]",False
/content/MargDrishti/data/processed/crops/test/school_ahead/school_ahead-63_png.rf.20c86d7df0dfc0db6905fa0b49783e24__102.0.jpg,46,school_ahead,25,left_reverse_bend,0.08367801457643509,"[25, 46, 31]","[0.08367801457643509, 0.06995590776205063, 0.06990907341241837]",False
/content/MargDrishti/data/processed/crops/test/dangerous_dip/dangerous_dip-15_jpg.rf.204c670b88c989426e915f8cdf07bf90__103.0.jpg,15,dangerous_dip,15,dangerous_dip,0.21181784570217133,"[15, 59, 48]","[0.21181784570217133, 0.08665794879198074, 0.07910937070846558]",True
/content/MargDrishti/data/processed/crops/test/right_hand_curve/right_hand_curve-8_jpg.rf.21a03686facf94905fc52038078f630a__104.0.jpg,42,right_hand_curve,42,right_hand_curve,0.07989049702882767,"[42, 43, 24]","[0.07989049702882767, 0.056761544197797775, 0.05081651359796524]",True
/content/MargDrishti/data/processed/crops/test/speed_limit_60/speed_limit_60-27_png.rf.2109ef60759c7665924b79d48100b918__105.0.jpg,56,speed_limit_60,56,speed_limit_60,0.21044233441352844,"[56, 51, 58]","[0.21044233441352844, 0.18720653653144836, 0.1282990425825119]",True
/content/MargDrishti/data/processed/crops/test/truck_prohibited/truck_prohibited-45_jpg.rf.2161aab7f688d8b3cb234c003632d7a6__106.0.jpg,65,truck_prohibited,65,truck_prohibited,0.25620248913764954,"[65, 2, 38]","[0.25620248913764954, 0.10679133236408234, 0.0829804465174675]",True
/content/MargDrishti/data/processed/crops/test/speed_limit_20/speed_limit_20-9_jpg.rf.21f841fe7c3d7842f2e9ee88e444f405__107.0.jpg,52,speed_limit_20,69,width_limit,0.12073981016874313,"[69, 27, 51]","[0.12073981016874313, 0.08760198950767517, 0.05642955005168915]",False
/content/MargDrishti/data/processed/crops/test/narrow_road_ahead/narrow_road_ahead-38_jpg.rf.22881ff490ce515f5990bb0dec74393e__108.0.jpg,31,narrow_road_ahead,59,staggered_intersection,0.12924093008041382,"[59, 70, 48]","[0.12924093008041382, 0.10311304032802582, 0.08784691989421844]",False
/content/MargDrishti/data/processed/crops/test/compulsary_turn_left_ahead/compulsary_turn_left_ahead-4_png.rf.22c53d61c341464d890978ec6668bd07__109.0.jpg,11,compulsary_turn_left_ahead,11,compulsary_turn_left_ahead,0.18034572899341583,"[11, 7, 6]","[0.18034572899341583, 0.15731441974639893, 0.1200193539261818]",True
/content/MargDrishti/data/processed/crops/test/compulsary_keep_left/compulsary_keep_left-59_jpg.rf.228bfd9f2dbf108d0c485836f4979ef2__110.0.jpg,8,compulsary_keep_left,36,pass_either_side,0.20154114067554474,"[36, 7, 11]","[0.20154114067554474, 0.1242014467716217, 0.09918838739395142]",False
/content/MargDrishti/data/processed/crops/test/falling_rocks/falling_rocks-49_jpg.rf.22c6a9ef840f8a8c4848ca1ee3a67817__111.0.jpg,16,falling_rocks,68,unguarded_level_crossing,0.14061212539672852,"[68, 40, 16]","[0.14061212539672852, 0.12316174805164337, 0.10430634021759033]",False
/content/MargDrishti/data/processed/crops/test/u_turn_prohibited/u_turn_prohibited-27_jpeg.rf.2350f66c4b031a9c46fa57c7e513339c__112.0.jpg,67,u_turn_prohibited,33,no_parking,0.16916616261005402,"[33, 67, 69]","[0.16916616261005402, 0.08869878202676773, 0.08493121713399887]",False
/content/MargDrishti/data/processed/crops/test/height_limit/height_limit-24_jpg.rf.2623f69c23592c7251f99a82e3c74d8a__113.0.jpg,20,height_limit,20,height_limit,0.1423955112695694,"[20, 27, 69]","[0.1423955112695694, 0.09754631668329239, 0.07785259932279587]",True
/content/MargDrishti/data/processed/crops/test/slippery_road/slippery_road-40_jpg.rf.23c114c8c130fec560d42ac8dbad5696__114.0.jpg,49,slippery_road,49,slippery_road,0.22466003894805908,"[49, 40, 68]","[0.22466003894805908, 0.09710418432950974, 0.08508723974227905]",True
/content/MargDrishti/data/processed/crops/test/no_stopping_or_standing/no_stopping_or_standing-8_jpg.rf.24ca367cc86a6a34f96a62fbc1909f9e__115.0.jpg,34,no_stopping_or_standing,34,no_stopping_or_standing,0.150850310921669,"[34, 5, 50]","[0.150850310921669, 0.05654939264059067, 0.05324101820588112]",True
/content/MargDrishti/data/processed/crops/test/petrol_pump_ahead/petrol_pump_ahead-22_jpeg.rf.23da4c656b29e0a259301c8d40701940__116.0.jpg,39,petrol_pump_ahead,39,petrol_pump_ahead,0.47786056995391846,"[39, 22, 61]","[0.47786056995391846, 0.15966808795928955, 0.022049494087696075]",True
/content/MargDrishti/data/processed/crops/test/guarded_level_crossing/guarded_level_crossing-36_jpeg.rf.268689687fea22fbf0ddb0522a6102c4__117.0.jpg,19,guarded_level_crossing,19,guarded_level_crossing,0.09126511216163635,"[19, 63, 68]","[0.09126511216163635, 0.08842236548662186, 0.059178464114665985]",True
/content/MargDrishti/data/processed/crops/test/compulsary_sound_horn/compulsary_sound_horn-19_jpg.rf.26372b8cdadb822ae16ff7f511e10bb3__118.0.jpg,10,compulsary_sound_horn,10,compulsary_sound_horn,0.41267532110214233,"[10, 34, 8]","[0.41267532110214233, 0.06568645685911179, 0.04484972730278969]",True
/content/MargDrishti/data/processed/crops/test/y_intersection/y_intersection-10_png.rf.26bd88f7ef61ef83f7c0025d1b0f6dfe__119.0.jpg,70,y_intersection,70,y_intersection,0.21333840489387512,"[70, 63, 59]","[0.21333840489387512, 0.13103438913822174, 0.1228029653429985]",True
/content/MargDrishti/data/processed/crops/test/narrow_road_ahead/narrow_road_ahead-45_png.rf.267aaec49d6d0371a95628bbe1d5dab4__120.0.jpg,31,narrow_road_ahead,25,left_reverse_bend,0.14037704467773438,"[25, 13, 29]","[0.14037704467773438, 0.092486672103405, 0.086663156747818]",False
/content/MargDrishti/data/processed/crops/test/axle_load_limit/axle_load_limit-54_jpg.rf.26d3c49fe61b51807d85aedf19f9e93d__121.0.jpg,1,axle_load_limit,1,axle_load_limit,0.4704551696777344,"[1, 20, 27]","[0.4704551696777344, 0.0680483803153038, 0.05454361438751221]",True
/content/MargDrishti/data/processed/crops/test/speed_limit_50/speed_limit_50-18_png.rf.26e60178196afb5695673508c00d2adf__122.0.jpg,55,speed_limit_50,55,speed_limit_50,0.2892746329307556,"[55, 53, 52]","[0.2892746329307556, 0.11061693727970123, 0.05953654274344444]",True
/content/MargDrishti/data/processed/crops/test/height_limit/height_limit-18_jpeg.rf.26f3175d7c5aea09c74772fdd73c5d26__123.0.jpg,20,height_limit,59,staggered_intersection,0.16249960660934448,"[59, 48, 70]","[0.16249960660934448, 0.10826829820871353, 0.0847540944814682]",False
/content/MargDrishti/data/processed/crops/test/speed_limit_80/speed_limit_80-24_png.rf.27a003f35989c637d74399e3ea04234e__124.0.jpg,58,speed_limit_80,50,speed_limit_100,0.1342039853334427,"[50, 58, 55]","[0.1342039853334427, 0.13131871819496155, 0.12673497200012207]",False
/content/MargDrishti/data/processed/crops/test/speed_limit_70/speed_limit_70-49_png.rf.280a9957a06a82d1ca03274fdc52957d__125.0.jpg,57,speed_limit_70,51,speed_limit_120,0.2615465223789215,"[51, 57, 55]","[0.2615465223789215, 0.22578932344913483, 0.10207103192806244]",False
/content/MargDrishti/data/processed/crops/test/right_turn_prohibited/right_turn_prohibited-32_jpg.rf.28282fb6b06f79fca1dbfadca6b84127__126.0.jpg,44,right_turn_prohibited,33,no_parking,0.13115935027599335,"[33, 67, 44]","[0.13115935027599335, 0.1135668233036995, 0.11196082830429077]",False
/content/MargDrishti/data/processed/crops/test/dangerous_dip/dangerous_dip-6_png.rf.284aa86ecc7b6573e370795bbf0bbe39__127.0.jpg,15,dangerous_dip,15,dangerous_dip,0.07581906765699387,"[15, 14, 30]","[0.07581906765699387, 0.05487609654664993, 0.04476461932063103]",True
/content/MargDrishti/data/processed/crops/test/hump_or_rough_road/hump_or_rough_road-52_jpg.rf.27843b139b296e618f1a3f588beab1e2__128.0.jpg,23,hump_or_rough_road,68,unguarded_level_crossing,0.09136880189180374,"[68, 15, 59]","[0.09136880189180374, 0.07227694988250732, 0.07166209071874619]",False
/content/MargDrishti/data/processed/crops/test/school_ahead/school_ahead-43_jpg.rf.290dacc8f8624578839ff47a8b076d5d__129.0.jpg,46,school_ahead,13,cross_road,0.10916626453399658,"[13, 62, 3]","[0.10916626453399658, 0.09193574637174606, 0.0476953387260437]",False
/content/MargDrishti/data/processed/crops/test/steep_descent/steep_descent-19_jpg.rf.28fe10f2b2d1eff22a48f8e6b170aa28__130.0.jpg,61,steep_descent,4,chevron_direction,0.2443709373474121,"[4, 64, 42]","[0.2443709373474121, 0.06858786940574646, 0.049720507115125656]",False
/content/MargDrishti/data/processed/crops/test/bullock_cart_and_hand_cart_prohibited/bullock_cart_and_hand_cart_prohibited-8_jpg.rf.29f2bcf92775a941d9b139fbe6666427__131.0.jpg,2,bullock_cart_and_hand_cart_prohibited,2,bullock_cart_and_hand_cart_prohibited,0.28661054372787476,"[2, 38, 0]","[0.28661054372787476, 0.1296962946653366, 0.1263905167579651]",True
/content/MargDrishti/data/processed/crops/test/compulsary_keep_right/compulsary_keep_right-37_png.rf.2a596bd65a7323694360d30ba9ad5178__132.0.jpg,9,compulsary_keep_right,9,compulsary_keep_right,0.3111271262168884,"[9, 5, 7]","[0.3111271262168884, 0.0735245794057846, 0.07115382701158524]",True
/content/MargDrishti/data/processed/crops/test/u_turn_prohibited/u_turn_prohibited-24_jpg.rf.2a42317c9a2a49cc453851525a03d2fa__133.0.jpg,67,u_turn_prohibited,33,no_parking,0.174608051776886,"[33, 38, 65]","[0.174608051776886, 0.11177453398704529, 0.10744664072990417]",False
/content/MargDrishti/data/processed/crops/test/right_hand_curve/right_hand_curve-30_jpg.rf.2b4fdb0a5b9e06bf6d74eb6f3aea4df2__134.0.jpg,42,right_hand_curve,63,t_intersection,0.07827427983283997,"[63, 42, 30]","[0.07827427983283997, 0.05923578888177872, 0.0543680414557457]",False
/content/MargDrishti/data/processed/crops/test/cattle_ahead/cattle_ahead-21_jpg.rf.29e348f62c99662094de833899bef472__135.0.jpg,3,cattle_ahead,3,cattle_ahead,0.9093953967094421,"[3, 68, 43]","[0.9093953967094421, 0.013780984096229076, 0.005901821423321962]",True
/content/MargDrishti/data/processed/crops/test/school_ahead/school_ahead-19_jpg.rf.2b6bc408c6a4caec9a701e6fa7f2a27d__136.0.jpg,46,school_ahead,61,steep_descent,0.12536238133907318,"[61, 14, 68]","[0.12536238133907318, 0.081464983522892, 0.08100786805152893]",False
/content/MargDrishti/data/processed/crops/test/height_limit/height_limit-10_png.rf.2b7834e87a56de094c9d90936bf87b6a__137.0.jpg,20,height_limit,20,height_limit,0.17937301099300385,"[20, 27, 69]","[0.17937301099300385, 0.1529918760061264, 0.12886899709701538]",True
/content/MargDrishti/data/processed/crops/test/cattle_ahead/cattle_ahead-5_jpg.rf.2bf9c249ab21abb906f3f57b4b9923fa__138.0.jpg,3,cattle_ahead,3,cattle_ahead,0.9890538454055786,"[3, 47, 16]","[0.9890538454055786, 0.0016654063947498798, 0.0010767498752102256]",True
/content/MargDrishti/data/processed/crops/test/compulsary_ahead_or_turn_left/compulsary_ahead_or_turn_left-6_png.rf.2c556b547e694e8f3bddf7e7fd6f2277__139.0.jpg,6,compulsary_ahead_or_turn_left,7,compulsary_ahead_or_turn_right,0.22700068354606628,"[7, 6, 9]","[0.22700068354606628, 0.2114107459783554, 0.08850309997797012]",False
/content/MargDrishti/data/processed/crops/test/side_road_left/side_road_left-58_jpeg.rf.2b86405df659181d8f301ab512ab72ef__140.0.jpg,47,side_road_left,13,cross_road,0.09784229844808578,"[13, 66, 25]","[0.09784229844808578, 0.05340569466352463, 0.04522310197353363]",False
/content/MargDrishti/data/processed/crops/test/compulsary_ahead/compulsary_ahead-12_png.rf.2c5dc810cf0e70b16e51696af4269888__141.0.jpg,5,compulsary_ahead,5,compulsary_ahead,0.4139423668384552,"[5, 9, 7]","[0.4139423668384552, 0.08796267211437225, 0.0877603217959404]",True
/content/MargDrishti/data/processed/crops/test/falling_rocks/falling_rocks-10_jpeg.rf.2cbcf1993d3f5ebc664f8eb4f51ee022__142.0.jpg,16,falling_rocks,16,falling_rocks,0.09118691086769104,"[16, 13, 3]","[0.09118691086769104, 0.0904633030295372, 0.05092858150601387]",True
/content/MargDrishti/data/processed/crops/test/quay_side_or_river_bank/quay_side_or_river_bank-39_jpg.rf.2cf677c38bdaf6adb10653782adac9ab__143.0.jpg,40,quay_side_or_river_bank,40,quay_side_or_river_bank,0.11219187825918198,"[40, 60, 68]","[0.11219187825918198, 0.09778548777103424, 0.08552591502666473]",True
/content/MargDrishti/data/processed/crops/test/speed_limit_60/speed_limit_60-11_jpg.rf.2cfa2841ebbc36c49d6d088bc63c2889__144.0.jpg,56,speed_limit_60,57,speed_limit_70,0.10247361660003662,"[57, 53, 56]","[0.10247361660003662, 0.09420574456453323, 0.08221589028835297]",False
/content/MargDrishti/data/processed/crops/test/compulsary_turn_left_ahead/compulsary_turn_left_ahead-54_png.rf.2d53d2679c689ad8d3921bfb8a0496ae__146.0.jpg,11,compulsary_turn_left_ahead,11,compulsary_turn_left_ahead,0.15140309929847717,"[11, 12, 36]","[0.15140309929847717, 0.14195562899112701, 0.1186002790927887]",True
/content/MargDrishti/data/processed/crops/test/falling_rocks/falling_rocks-58_jpg.rf.2e723fc9892e51beeea8c30c24da2003__147.0.jpg,16,falling_rocks,16,falling_rocks,0.24202506244182587,"[16, 28, 61]","[0.24202506244182587, 0.08241721987724304, 0.0777682214975357]",True
/content/MargDrishti/data/processed/crops/test/compulsary_sound_horn/compulsary_sound_horn-16_jpg.rf.2dec229531d5c1aa185a4b59e04725b7__148.0.jpg,10,compulsary_sound_horn,10,compulsary_sound_horn,0.2980836033821106,"[10, 11, 12]","[0.2980836033821106, 0.08839482814073563, 0.08583017438650131]",True
/content/MargDrishti/data/processed/crops/test/pedestrian_crossing/pedestrian_crossing-26_jpg.rf.2ea8e5483d3ade080d841bf84be91ca4__149.0.jpg,37,pedestrian_crossing,68,unguarded_level_crossing,0.10905662924051285,"[68, 61, 14]","[0.10905662924051285, 0.08580971509218216, 0.08272837847471237]",False
/content/MargDrishti/data/processed/crops/test/staggered_intersection/staggered_intersection-26_png.rf.2ea093cafda71a8da8f2c59c57359f2a__150.0.jpg,59,staggered_intersection,59,staggered_intersection,0.08143635094165802,"[59, 63, 48]","[0.08143635094165802, 0.08035140484571457, 0.06699180603027344]",True
/content/MargDrishti/data/processed/crops/test/t_intersection/t_intersection-36_jpg.rf.2eceedd840d99eed0eb5c7af3e52c0c3__151.0.jpg,63,t_intersection,63,t_intersection,0.10863832384347916,"[63, 59, 48]","[0.10863832384347916, 0.07850167155265808, 0.07125653326511383]",True
/content/MargDrishti/data/processed/crops/test/no_entry/no_entry-18_jpg.rf.2ec15ed7db3b3d51c91b3291155ee97d__152.0.jpg,32,no_entry,32,no_entry,0.7965814471244812,"[32, 8, 44]","[0.7965814471244812, 0.04985599219799042, 0.039798542857170105]",True
/content/MargDrishti/data/processed/crops/test/pass_either_side/pass_either_side-42_jpg.rf.2ee1d7b0594e1b2193dbe6766acd5ff0__153.0.jpg,36,pass_either_side,36,pass_either_side,0.23850353062152863,"[36, 7, 6]","[0.23850353062152863, 0.21603573858737946, 0.1014547273516655]",True
/content/MargDrishti/data/processed/crops/test/side_road_left/side_road_left-12_jpg.rf.2f39705fc2f51a9002ad8b817c6e278c__154.0.jpg,47,side_road_left,47,side_road_left,0.0972532331943512,"[47, 63, 48]","[0.0972532331943512, 0.08081810921430588, 0.05583304911851883]",True
/content/MargDrishti/data/processed/crops/test/cycle_crossing/cycle_crossing-41_jpg.rf.2f483bad1b88a388b7d976f497b6e7de__155.0.jpg,14,cycle_crossing,14,cycle_crossing,0.13244374096393585,"[14, 28, 63]","[0.13244374096393585, 0.043709661811590195, 0.03864442929625511]",True
/content/MargDrishti/data/processed/crops/test/narrow_road_ahead/narrow_road_ahead-68_jpg.rf.2f7a925a7f4fecf5df88db2a82223125__156.0.jpg,31,narrow_road_ahead,66,u_turn,0.11855621635913849,"[66, 30, 31]","[0.11855621635913849, 0.07634169608354568, 0.07625740766525269]",False
/content/MargDrishti/data/processed/crops/test/traffic_signal/traffic_signal-4_jpg.rf.2ffde25e96684338c1023d80fcfb7cde__157.0.jpg,64,traffic_signal,64,traffic_signal,0.21156880259513855,"[64, 23, 13]","[0.21156880259513855, 0.05384739115834236, 0.04271789640188217]",True
/content/MargDrishti/data/processed/crops/test/speed_limit_60/speed_limit_60-10_jpg.rf.313bc6fe35234eff2ae6370ec5eb9b20__158.0.jpg,56,speed_limit_60,55,speed_limit_50,0.23812779784202576,"[55, 52, 66]","[0.23812779784202576, 0.1272231787443161, 0.11826477944850922]",False
/content/MargDrishti/data/processed/crops/test/pass_either_side/pass_either_side-12_jpeg.rf.312c721f979bf56e225c246e093d40c5__159.0.jpg,36,pass_either_side,7,compulsary_ahead_or_turn_right,0.13988624513149261,"[7, 36, 6]","[0.13988624513149261, 0.1352180391550064, 0.06298277527093887]",False
/content/MargDrishti/data/processed/crops/test/speed_limit_50/speed_limit_50-30_png.rf.30e758eb915fe8e818dc2230c743b3a6__160.0.jpg,55,speed_limit_50,55,speed_limit_50,0.3112241327762604,"[55, 52, 53]","[0.3112241327762604, 0.08650612086057663, 0.05396674573421478]",True
/content/MargDrishti/data/processed/crops/test/no_parking/no_parking-42_jpg.rf.32d58dfc524fba4475d4dff3a8c4f5d1__161.0.jpg,33,no_parking,33,no_parking,0.1629849672317505,"[33, 65, 38]","[0.1629849672317505, 0.11184954643249512, 0.09167971462011337]",True
/content/MargDrishti/data/processed/crops/test/falling_rocks/falling_rocks-29_jpg.rf.31ea52d4a56a329a5262f075c93baafe__162.0.jpg,16,falling_rocks,16,falling_rocks,0.5810155868530273,"[16, 3, 23]","[0.5810155868530273, 0.04312305152416229, 0.0377294160425663]",True
/content/MargDrishti/data/processed/crops/test/width_limit/width_limit-28_jpg.rf.31d1b951d5155c6b8f35b644e343e924__164.0.jpg,69,width_limit,69,width_limit,0.19965973496437073,"[69, 20, 27]","[0.19965973496437073, 0.12192507833242416, 0.08311841636896133]",True
/content/MargDrishti/data/processed/crops/test/cross_road/cross_road-34_jpg.rf.32e6be62e0882c924a2a01674871b219__165.0.jpg,13,cross_road,13,cross_road,0.2755080461502075,"[13, 63, 23]","[0.2755080461502075, 0.043922144919633865, 0.03918997943401337]",True
/content/MargDrishti/data/processed/crops/test/school_ahead/school_ahead-2_jpg.rf.331c1a5ea7eb7beab80eb1f8867e3a31__166.0.jpg,46,school_ahead,46,school_ahead,0.18852311372756958,"[46, 37, 3]","[0.18852311372756958, 0.1753128170967102, 0.08085092157125473]",True
/content/MargDrishti/data/processed/crops/test/hump_or_rough_road/hump_or_rough_road-53_jpg.rf.33715adf92a6e3e8a28ab27a534a64ae__167.0.jpg,23,hump_or_rough_road,23,hump_or_rough_road,0.18840235471725464,"[23, 13, 3]","[0.18840235471725464, 0.11792214214801788, 0.05807940289378166]",True
/content/MargDrishti/data/processed/crops/test/compulsary_keep_right/compulsary_keep_right-7_png.rf.34136bca2758b218a4aa6a28582250e7__168.0.jpg,9,compulsary_keep_right,9,compulsary_keep_right,0.6792871356010437,"[9, 6, 5]","[0.6792871356010437, 0.0843115970492363, 0.028302624821662903]",True
/content/MargDrishti/data/processed/crops/test/side_road_right/side_road_right-28_jpg.rf.34195ce18ba06a6c11a0f9d00d4668df__169.0.jpg,48,side_road_right,63,t_intersection,0.13524359464645386,"[63, 59, 48]","[0.13524359464645386, 0.12108661979436874, 0.10582265257835388]",False
/content/MargDrishti/data/processed/crops/test/guarded_level_crossing/guarded_level_crossing-20_jpg.rf.34584a4f12bda8be230b5e8007f14aa4__170.0.jpg,19,guarded_level_crossing,19,guarded_level_crossing,0.35918092727661133,"[19, 68, 40]","[0.35918092727661133, 0.21799618005752563, 0.029898785054683685]",True
/content/MargDrishti/data/processed/crops/test/speed_limit_40/speed_limit_40-30_jpg.rf.346963ec85ac91b92e4a4a3da790b2d0__171.0.jpg,54,speed_limit_40,54,speed_limit_40,0.3808234930038452,"[54, 58, 56]","[0.3808234930038452, 0.2181355208158493, 0.1377255767583847]",True
/content/MargDrishti/data/processed/crops/test/compulsary_keep_left/compulsary_keep_left-58_jpg.rf.35932bcf415d52f41e27cbff7c5083fe__172.0.jpg,8,compulsary_keep_left,8,compulsary_keep_left,0.19799594581127167,"[8, 5, 7]","[0.19799594581127167, 0.09549837559461594, 0.059330105781555176]",True
/content/MargDrishti/data/processed/crops/test/speed_limit_120/speed_limit_120-64_png.rf.35c96b3a328e7ed001608b752e9dbea4__173.0.jpg,51,speed_limit_120,51,speed_limit_120,0.2469748705625534,"[51, 50, 58]","[0.2469748705625534, 0.1979520469903946, 0.08379264175891876]",True
/content/MargDrishti/data/processed/crops/test/chevron_direction/chevron_direction-38_jpg.rf.369098b05dfcbcaff7633ec7284684fd__174.0.jpg,4,chevron_direction,4,chevron_direction,0.2971350848674774,"[4, 60, 68]","[0.2971350848674774, 0.06207182630896568, 0.03992976248264313]",True
/content/MargDrishti/data/processed/crops/test/compulsary_ahead_or_turn_right/compulsary_ahead_or_turn_right-41_png.rf.36310a1d48c30c4c350a6066bab400c3__175.0.jpg,7,compulsary_ahead_or_turn_right,7,compulsary_ahead_or_turn_right,0.2780018448829651,"[7, 6, 11]","[0.2780018448829651, 0.11536771059036255, 0.0771164521574974]",True
/content/MargDrishti/data/processed/crops/test/speed_limit_80/speed_limit_80-22_png.rf.36d045ee95cb288ceba8b6a010137125__176.0.jpg,58,speed_limit_80,58,speed_limit_80,0.19822894036769867,"[58, 56, 55]","[0.19822894036769867, 0.12242477387189865, 0.12015210837125778]",True
/content/MargDrishti/data/processed/crops/test/all_motor_vehicle_prohibited/all_motor_vehicle_prohibited-66_jpg.rf.36422ab481eff51a7abb4b7f3426e1ce__177.0.jpg,0,all_motor_vehicle_prohibited,0,all_motor_vehicle_prohibited,0.17295806109905243,"[0, 2, 1]","[0.17295806109905243, 0.14241930842399597, 0.12900352478027344]",True
/content/MargDrishti/data/processed/crops/test/no_parking/no_parking-28_jpeg.rf.36fa078b058bd0a4e4f9090f8474d57b__178.0.jpg,33,no_parking,21,horn_prohibited,0.3214094936847687,"[21, 32, 44]","[0.3214094936847687, 0.09623833745718002, 0.08510680496692657]",False
/content/MargDrishti/data/processed/crops/test/u_turn/u_turn-47_jpg.rf.375c73fb879884220c758d12dfe1aa37__179.0.jpg,66,u_turn,66,u_turn,0.2667616307735443,"[66, 37, 23]","[0.2667616307735443, 0.06470492482185364, 0.05843150243163109]",True
/content/MargDrishti/data/processed/crops/test/pedestrian_crossing/pedestrian_crossing-36_png.rf.38af51545c268223e7b257d481c77866__180.0.jpg,37,pedestrian_crossing,13,cross_road,0.08090752363204956,"[13, 25, 37]","[0.08090752363204956, 0.07788220793008804, 0.0631173700094223]",False
/content/MargDrishti/data/processed/crops/test/dangerous_dip/dangerous_dip-26_jpeg.rf.37f0b8476a147b5aba773ce7768abafb__181.0.jpg,15,dangerous_dip,60,steep_ascent,0.10214489698410034,"[60, 17, 68]","[0.10214489698410034, 0.07943850010633469, 0.07509637624025345]",False
/content/MargDrishti/data/processed/crops/test/y_intersection/y_intersection-42_jpeg.rf.37dd0b534f3589a7dd29fe18e1387061__182.0.jpg,70,y_intersection,63,t_intersection,0.05302238091826439,"[63, 62, 13]","[0.05302238091826439, 0.04574228823184967, 0.04073144868016243]",False
/content/MargDrishti/data/processed/crops/test/left_turn_prohibited/left_turn_prohibited-68_jpg.rf.374330b63f8b71bae7f7ea3009e0d312__183.0.jpg,26,left_turn_prohibited,44,right_turn_prohibited,0.09614141285419464,"[44, 33, 0]","[0.09614141285419464, 0.07450790703296661, 0.06321771442890167]",False
/content/MargDrishti/data/processed/crops/test/roundabout/roundabout-1_jpg.rf.3800b10955788a00dee4ca928cc9e556__184.0.jpg,45,roundabout,45,roundabout,0.12293257564306259,"[45, 26, 54]","[0.12293257564306259, 0.0976070910692215, 0.0821901485323906]",True
/content/MargDrishti/data/processed/crops/test/no_entry/no_entry-68_jpg.rf.393a0f199b7e9317efd42be83e04760f__185.0.jpg,32,no_entry,32,no_entry,0.3499557077884674,"[32, 8, 21]","[0.3499557077884674, 0.09091052412986755, 0.08647701144218445]",True
/content/MargDrishti/data/processed/crops/test/speed_limit_100/speed_limit_100-43_png.rf.393683706e6c6ec9e8915558c668b94a__186.0.jpg,50,speed_limit_100,50,speed_limit_100,0.36476317048072815,"[50, 51, 52]","[0.36476317048072815, 0.20388241112232208, 0.07283232361078262]",True
/content/MargDrishti/data/processed/crops/test/compulsary_ahead/compulsary_ahead-36_png.rf.3953cfe6dce88dd02b7dce5fa534a136__187.0.jpg,5,compulsary_ahead,5,compulsary_ahead,0.3266756236553192,"[5, 7, 12]","[0.3266756236553192, 0.13298112154006958, 0.10825442522764206]",True
/content/MargDrishti/data/processed/crops/test/roundabout/roundabout-11_jpg.rf.38e5ddf38994c404646fc95d6b1a1e41__188.0.jpg,45,roundabout,24,left_hand_curve,0.11279192566871643,"[24, 40, 42]","[0.11279192566871643, 0.08683270961046219, 0.07160499691963196]",False
/content/MargDrishti/data/processed/crops/test/right_reverse_bend/right_reverse_bend-55_jpg.rf.39d03c86a760c91fda13d9c8d7744df8__189.0.jpg,43,right_reverse_bend,43,right_reverse_bend,0.14724615216255188,"[43, 59, 70]","[0.14724615216255188, 0.08812719583511353, 0.08089710772037506]",True
/content/MargDrishti/data/processed/crops/test/side_road_right/side_road_right-37_jpeg.rf.39927431192029573da5fbc9833621f9__190.0.jpg,48,side_road_right,13,cross_road,0.05672791972756386,"[13, 63, 62]","[0.05672791972756386, 0.054873134940862656, 0.045472320169210434]",False
/content/MargDrishti/data/processed/crops/test/y_intersection/y_intersection-36_jpg.rf.39e94a69974864e6f43b6b63c928df13__191.0.jpg,70,y_intersection,13,cross_road,0.0806829035282135,"[13, 62, 63]","[0.0806829035282135, 0.059343818575143814, 0.03495031222701073]",False
/content/MargDrishti/data/processed/crops/test/men_at_work/men_at_work-37_png.rf.3a1e56312ddb1dcf243fb60f32247d30__192.0.jpg,29,men_at_work,29,men_at_work,0.14765329658985138,"[29, 37, 13]","[0.14765329658985138, 0.07654714584350586, 0.055742986500263214]",True
/content/MargDrishti/data/processed/crops/test/speed_limit_20/speed_limit_20-50_png.rf.3a615ecc89a5afb2fac6500bfa996793__193.0.jpg,52,speed_limit_20,52,speed_limit_20,0.37972328066825867,"[52, 55, 57]","[0.37972328066825867, 0.12449413537979126, 0.08399299532175064]",True
/content/MargDrishti/data/processed/crops/test/u_turn_prohibited/u_turn_prohibited-28_jpg.rf.3ab81db1dadd32dcef89dfb70ca8d1d9__194.0.jpg,67,u_turn_prohibited,44,right_turn_prohibited,0.2492266744375229,"[44, 26, 34]","[0.2492266744375229, 0.14814189076423645, 0.0929507464170456]",False
/content/MargDrishti/data/processed/crops/test/cattle_ahead/cattle_ahead-42_jpg.rf.3a4d7c57b6489412d37706641ab36c93__195.0.jpg,3,cattle_ahead,13,cross_road,0.07543317973613739,"[13, 3, 63]","[0.07543317973613739, 0.062263138592243195, 0.05501469224691391]",False
/content/MargDrishti/data/processed/crops/test/speed_limit_30/speed_limit_30-20_png.rf.3a2b8fae59c573b602d22f1570533cb2__196.0.jpg,53,speed_limit_30,55,speed_limit_50,0.19368375837802887,"[55, 62, 53]","[0.19368375837802887, 0.11518918722867966, 0.08607702702283859]",False
/content/MargDrishti/data/processed/crops/test/all_motor_vehicle_prohibited/all_motor_vehicle_prohibited-4_jpg.rf.3b42c78e673298e360fc845c8e9a2a44__197.0.jpg,0,all_motor_vehicle_prohibited,65,truck_prohibited,0.21096381545066833,"[65, 0, 2]","[0.21096381545066833, 0.14362294971942902, 0.11201890558004379]",False
/content/MargDrishti/data/processed/crops/test/school_ahead/school_ahead-12_jpg.rf.3b37dc37586cd2a04f495457f75caa7b__198.0.jpg,46,school_ahead,13,cross_road,0.06463328748941422,"[13, 30, 23]","[0.06463328748941422, 0.05641384795308113, 0.05504673719406128]",False
/content/MargDrishti/data/processed/crops/test/all_motor_vehicle_prohibited/all_motor_vehicle_prohibited-45_jpg.rf.3c7a0e8de3f5d617208ff1c84f383e3f__199.0.jpg,0,all_motor_vehicle_prohibited,0,all_motor_vehicle_prohibited,0.09957994520664215,"[0, 38, 20]","[0.09957994520664215, 0.08392204344272614, 0.07280493527650833]",True
/content/MargDrishti/data/processed/crops/test/speed_limit_30/speed_limit_30-17_png.rf.3d47f8ce18f2439e6b973eff3c25c340__200.0.jpg,53,speed_limit_30,55,speed_limit_50,0.2697105407714844,"[55, 53, 52]","[0.2697105407714844, 0.14809195697307587, 0.11205694824457169]",False
/content/MargDrishti/data/processed/crops/test/right_hand_curve/right_hand_curve-23_jpg.rf.3bd3198a43f5686576ac8a63ab2e0970__201.0.jpg,42,right_hand_curve,63,t_intersection,0.07895426452159882,"[63, 68, 43]","[0.07895426452159882, 0.05159866809844971, 0.043367769569158554]",False
/content/MargDrishti/data/processed/crops/test/left_turn_prohibited/left_turn_prohibited-21_jpg.rf.3b9332546b7e7689b8032dc01f1514df__202.0.jpg,26,left_turn_prohibited,44,right_turn_prohibited,0.13269515335559845,"[44, 0, 26]","[0.13269515335559845, 0.08710913360118866, 0.06653500348329544]",False
/content/MargDrishti/data/processed/crops/test/speed_limit_30/speed_limit_30-24_png.rf.3cc2be026ff33e16491e6fb2c0831ccb__203.0.jpg,53,speed_limit_30,52,speed_limit_20,0.18820886313915253,"[52, 53, 51]","[0.18820886313915253, 0.0918915644288063, 0.0824483186006546]",False
/content/MargDrishti/data/processed/crops/test/school_ahead/school_ahead-53_png.rf.3c8c5b37fe98402a4db0c5887e1e6bf7__204.0.jpg,46,school_ahead,31,narrow_road_ahead,0.2038836032152176,"[31, 14, 25]","[0.2038836032152176, 0.1073719710111618, 0.07683631032705307]",False
/content/MargDrishti/data/processed/crops/test/school_ahead/school_ahead-32_jpg.rf.3dc439e9d1a8e29b3c46b10eb8f660bc__205.0.jpg,46,school_ahead,46,school_ahead,0.07045166194438934,"[46, 63, 48]","[0.07045166194438934, 0.06120338290929794, 0.04362510144710541]",True
/content/MargDrishti/data/processed/crops/test/narrow_bridge_ahead/narrow_bridge_ahead-69_jpg.rf.3db8018aa11671a7eb218d2f9f136373__206.0.jpg,30,narrow_bridge_ahead,66,u_turn,0.23750388622283936,"[66, 43, 16]","[0.23750388622283936, 0.16219572722911835, 0.12438938021659851]",False
/content/MargDrishti/data/processed/crops/test/compulsary_ahead/compulsary_ahead-32_png.rf.3dd6ad19171aec9acbbd8817b89e6c8b__207.0.jpg,5,compulsary_ahead,5,compulsary_ahead,0.5121280550956726,"[5, 7, 9]","[0.5121280550956726, 0.21744874119758606, 0.04387912526726723]",True
/content/MargDrishti/data/processed/crops/test/compulsary_sound_horn/compulsary_sound_horn-17_jpg.rf.3df945924cec503a1f9ead546bd664a7__208.0.jpg,10,compulsary_sound_horn,10,compulsary_sound_horn,0.2585502564907074,"[10, 11, 12]","[0.2585502564907074, 0.10900373011827469, 0.1058528944849968]",True
/content/MargDrishti/data/processed/crops/test/speed_limit_70/speed_limit_70-53_png.rf.3f951e235defcb7b9acd881388bc43d0__209.0.jpg,57,speed_limit_70,55,speed_limit_50,0.253085732460022,"[55, 57, 51]","[0.253085732460022, 0.1602504849433899, 0.14683355391025543]",False
/content/MargDrishti/data/processed/crops/test/no_stopping_or_standing/no_stopping_or_standing-44_jpg.rf.40bfe4e86cd7d11fea237dc75da80fbc__210.0.jpg,34,no_stopping_or_standing,34,no_stopping_or_standing,0.7530617117881775,"[34, 54, 32]","[0.7530617117881775, 0.03658953309059143, 0.029746724292635918]",True
/content/MargDrishti/data/processed/crops/test/width_limit/width_limit-43_jpg.rf.40884d97bea362df7f2eac48fd9d047d__211.0.jpg,69,width_limit,69,width_limit,0.17232674360275269,"[69, 1, 20]","[0.17232674360275269, 0.15954069793224335, 0.10410495847463608]",True
/content/MargDrishti/data/processed/crops/test/horn_prohibited/horn_prohibited-54_jpg.rf.3eb006c3154c46c91784d687cc6b64b9__212.0.jpg,21,horn_prohibited,21,horn_prohibited,0.1252472847700119,"[21, 0, 44]","[0.1252472847700119, 0.08958405256271362, 0.04430253803730011]",True
/content/MargDrishti/data/processed/crops/test/hump_or_rough_road/hump_or_rough_road-16_jpg.rf.41141101164a05eeaf33fa14e80a5752__213.0.jpg,23,hump_or_rough_road,15,dangerous_dip,0.10046516358852386,"[15, 28, 40]","[0.10046516358852386, 0.05398554354906082, 0.052898991852998734]",False
/content/MargDrishti/data/processed/crops/test/length_limit/length_limit-7_jpeg.rf.412c087ed369b6fc66533a0bbd3c7fca__214.0.jpg,27,length_limit,27,length_limit,0.48923397064208984,"[27, 69, 20]","[0.48923397064208984, 0.056682612746953964, 0.04684169217944145]",True
/content/MargDrishti/data/processed/crops/test/no_parking/no_parking-0_jpg.rf.41548ce4d74629af8b92dc7dfe77755f__215.0.jpg,33,no_parking,33,no_parking,0.11126983910799026,"[33, 52, 21]","[0.11126983910799026, 0.09566240012645721, 0.071840800344944]",True
/content/MargDrishti/data/processed/crops/test/unguarded_level_crossing/unguarded_level_crossing-22_png.rf.416c89d3c8314bd2f0c089c18e9c1dab__216.0.jpg,68,unguarded_level_crossing,68,unguarded_level_crossing,0.15504589676856995,"[68, 60, 19]","[0.15504589676856995, 0.06186656653881073, 0.058719079941511154]",True
/content/MargDrishti/data/processed/crops/test/u_turn_prohibited/u_turn_prohibited-64_jpeg.rf.42050fe0b988abe7905ef6e4006c1e50__217.0.jpg,67,u_turn_prohibited,44,right_turn_prohibited,0.23639267683029175,"[44, 21, 67]","[0.23639267683029175, 0.15006664395332336, 0.1292649209499359]",False
/content/MargDrishti/data/processed/crops/test/compulsary_keep_left/compulsary_keep_left-11_jpg.rf.41dd7a876b3a8d28934b2abdc4d8462b__218.0.jpg,8,compulsary_keep_left,8,compulsary_keep_left,0.391955703496933,"[8, 17, 36]","[0.391955703496933, 0.031195329502224922, 0.024924568831920624]",True
/content/MargDrishti/data/processed/crops/test/u_turn/u_turn-15_jpg.rf.41ed6c081096fc9db3c8f3f2bbce5031__219.0.jpg,66,u_turn,66,u_turn,0.12171930074691772,"[66, 13, 37]","[0.12171930074691772, 0.08191345632076263, 0.06433963030576706]",True
/content/MargDrishti/data/processed/crops/test/gap_in_median/gap_in_median-39_jpg.rf.4173281c37601a741eb9346f79709b6f__220.0.jpg,17,gap_in_median,17,gap_in_median,0.615010142326355,"[17, 19, 40]","[0.615010142326355, 0.03711274266242981, 0.019624125212430954]",True
/content/MargDrishti/data/processed/crops/test/speed_limit_70/speed_limit_70-45_jpg.rf.42d93a17c3bac949486de87f6771c67f__221.0.jpg,57,speed_limit_70,57,speed_limit_70,0.12875275313854218,"[57, 54, 56]","[0.12875275313854218, 0.11761501431465149, 0.10598688572645187]",True
/content/MargDrishti/data/processed/crops/test/quay_side_or_river_bank/quay_side_or_river_bank-35_jpeg.rf.426d10c78f49388d41930e835181c474__222.0.jpg,40,quay_side_or_river_bank,40,quay_side_or_river_bank,0.12485764920711517,"[40, 68, 28]","[0.12485764920711517, 0.07497034221887589, 0.03965723514556885]",True
/content/MargDrishti/data/processed/crops/test/hospital_ahead/hospital_ahead-47_jpeg.rf.42f2e225253c747e7809b6b0b1adff4a__223.0.jpg,22,hospital_ahead,22,hospital_ahead,0.398252010345459,"[22, 39, 11]","[0.398252010345459, 0.2376905232667923, 0.05069728568196297]",True
/content/MargDrishti/data/processed/crops/test/left_hand_curve/left_hand_curve-25_jpg.rf.4261507637a1fbd911928cba13539d1b__224.0.jpg,24,left_hand_curve,13,cross_road,0.07924655079841614,"[13, 24, 23]","[0.07924655079841614, 0.061240408569574356, 0.05839161202311516]",False
/content/MargDrishti/data/processed/crops/test/compulsary_sound_horn/compulsary_sound_horn-40_jpg.rf.43f9a3ca920ee26e621e58d05e11f8a4__225.0.jpg,10,compulsary_sound_horn,10,compulsary_sound_horn,0.7521971464157104,"[10, 8, 32]","[0.7521971464157104, 0.08525346964597702, 0.03608185797929764]",True
/content/MargDrishti/data/processed/crops/test/side_road_left/side_road_left-49_jpg.rf.43f55fb11074fd160cffa74c95b90df1__226.0.jpg,47,side_road_left,59,staggered_intersection,0.17746837437152863,"[59, 48, 63]","[0.17746837437152863, 0.1643945276737213, 0.14109507203102112]",False
/content/MargDrishti/data/processed/crops/test/give_way/give_way-10_png.rf.443e4177c3512bf0a00913ce45ae8264__227.0.jpg,18,give_way,18,give_way,0.5577288269996643,"[18, 24, 29]","[0.5577288269996643, 0.07641618698835373, 0.0564999021589756]",True
/content/MargDrishti/data/processed/crops/test/speed_limit_70/speed_limit_70-62_png.rf.441bd0c0748b5dc8266b9ac74b14e8ba__228.0.jpg,57,speed_limit_70,55,speed_limit_50,0.3351503908634186,"[55, 53, 52]","[0.3351503908634186, 0.10906607657670975, 0.10276500135660172]",False
/content/MargDrishti/data/processed/crops/test/left_reverse_bend/left_reverse_bend-12_png.rf.44b098983484c72c86c5b5ab41cf39d3__229.0.jpg,25,left_reverse_bend,31,narrow_road_ahead,0.39156487584114075,"[31, 37, 29]","[0.39156487584114075, 0.10001255571842194, 0.0896538719534874]",False
/content/MargDrishti/data/processed/crops/test/restriction_ends/restriction_ends-21_png.rf.44b727ca2681dff72294380685f82df5__230.0.jpg,41,restriction_ends,41,restriction_ends,0.771592378616333,"[41, 32, 10]","[0.771592378616333, 0.058524973690509796, 0.029366105794906616]",True
/content/MargDrishti/data/processed/crops/test/speed_limit_70/speed_limit_70-2_jpg.rf.44ea652eb79cfa0d1f440682e1def674__231.0.jpg,57,speed_limit_70,57,speed_limit_70,0.12641586363315582,"[57, 51, 56]","[0.12641586363315582, 0.06589943915605545, 0.056682124733924866]",True
/content/MargDrishti/data/processed/crops/test/width_limit/width_limit-40_jpg.rf.448bd076a3be84f886d0c1f529c0134b__232.0.jpg,69,width_limit,69,width_limit,0.21311120688915253,"[69, 20, 27]","[0.21311120688915253, 0.16234169900417328, 0.12275874614715576]",True
/content/MargDrishti/data/processed/crops/test/restriction_ends/restriction_ends-46_png.rf.451cdc566a0db5246da56afb187129ea__233.0.jpg,41,restriction_ends,41,restriction_ends,0.7596142292022705,"[41, 32, 34]","[0.7596142292022705, 0.031043926253914833, 0.025544514879584312]",True
/content/MargDrishti/data/processed/crops/test/speed_limit_30/speed_limit_30-7_jpg.rf.45030d30846c4d80af334693b5827f5e__234.0.jpg,53,speed_limit_30,53,speed_limit_30,0.06220465153455734,"[53, 51, 55]","[0.06220465153455734, 0.05562909319996834, 0.05276407301425934]",True
/content/MargDrishti/data/processed/crops/test/cycle_crossing/cycle_crossing-51_png.rf.44ee0beb7e8f4621488d269c89157e80__235.0.jpg,14,cycle_crossing,14,cycle_crossing,0.09291329979896545,"[14, 66, 29]","[0.09291329979896545, 0.05236887186765671, 0.0477176159620285]",True
/content/MargDrishti/data/processed/crops/test/left_turn_prohibited/left_turn_prohibited-26_jpg.rf.455fb4cec37f6031d2ccaf72e60febb0__236.0.jpg,26,left_turn_prohibited,21,horn_prohibited,0.1171756461262703,"[21, 44, 33]","[0.1171756461262703, 0.09377499669790268, 0.0798817127943039]",False
/content/MargDrishti/data/processed/crops/test/cycle_crossing/cycle_crossing-14_jpg.rf.468761e9a6b353a45137b6856bcf63ce__237.0.jpg,14,cycle_crossing,14,cycle_crossing,0.12834984064102173,"[14, 30, 63]","[0.12834984064102173, 0.07604250311851501, 0.0660807341337204]",True
/content/MargDrishti/data/processed/crops/test/speed_limit_80/speed_limit_80-40_png.rf.46eeea787850a154758c7081ad4eb2d9__238.0.jpg,58,speed_limit_80,56,speed_limit_60,0.20656687021255493,"[56, 50, 54]","[0.20656687021255493, 0.12726013362407684, 0.11981620639562607]",False
/content/MargDrishti/data/processed/crops/test/falling_rocks/falling_rocks-23_jpeg.rf.478432c2a1d2bb1bcf93740af0f48e17__239.0.jpg,16,falling_rocks,62,stop,0.07043425738811493,"[62, 46, 13]","[0.07043425738811493, 0.06390279531478882, 0.05299797281622887]",False
/content/MargDrishti/data/processed/crops/test/guarded_level_crossing/guarded_level_crossing-30_jpg.rf.46d69e20c36c7babae6a33faae4cc59a__240.0.jpg,19,guarded_level_crossing,19,guarded_level_crossing,0.18263868987560272,"[19, 68, 60]","[0.18263868987560272, 0.06797314435243607, 0.0495975986123085]",True
/content/MargDrishti/data/processed/crops/test/compulsary_keep_left/compulsary_keep_left-55_jpg.rf.47b6187090775389744ad769a5945c9c__241.0.jpg,8,compulsary_keep_left,5,compulsary_ahead,0.07735825330018997,"[5, 51, 62]","[0.07735825330018997, 0.051676880568265915, 0.04663221538066864]",False
/content/MargDrishti/data/processed/crops/test/all_motor_vehicle_prohibited/all_motor_vehicle_prohibited-38_png.rf.47eceecebdbaee53f72c362e9ce19bdd__242.0.jpg,0,all_motor_vehicle_prohibited,0,all_motor_vehicle_prohibited,0.2006559818983078,"[0, 2, 38]","[0.2006559818983078, 0.10340818762779236, 0.09619583934545517]",True
/content/MargDrishti/data/processed/crops/test/roundabout/roundabout-16_jpg.rf.485510f8281630b58b16b05daeebf08c__243.0.jpg,45,roundabout,15,dangerous_dip,0.06633676588535309,"[15, 14, 70]","[0.06633676588535309, 0.0641307532787323, 0.04920642450451851]",False
/content/MargDrishti/data/processed/crops/test/petrol_pump_ahead/petrol_pump_ahead-56_png.rf.47a8c2436368ef9766feec50d07111e7__244.0.jpg,39,petrol_pump_ahead,39,petrol_pump_ahead,0.2969018220901489,"[39, 22, 11]","[0.2969018220901489, 0.17833302915096283, 0.059027642011642456]",True
/content/MargDrishti/data/processed/crops/test/traffic_signal/traffic_signal-8_jpg.rf.48a499a3d7de330095b305f415f56d73__245.0.jpg,64,traffic_signal,64,traffic_signal,0.23108555376529694,"[64, 4, 66]","[0.23108555376529694, 0.0529337152838707, 0.04587581753730774]",True
/content/MargDrishti/data/processed/crops/test/speed_limit_40/speed_limit_40-36_jpg.rf.49a325b54e118f2518fcb87d45aec6b1__246.0.jpg,54,speed_limit_40,58,speed_limit_80,0.1729089319705963,"[58, 54, 56]","[0.1729089319705963, 0.14901596307754517, 0.08459536731243134]",False
/content/MargDrishti/data/processed/crops/test/right_turn_prohibited/right_turn_prohibited-31_jpg.rf.48ee1e8210dad2f0c8bd2e6c7d73e5f0__247.0.jpg,44,right_turn_prohibited,44,right_turn_prohibited,0.13041946291923523,"[44, 67, 2]","[0.13041946291923523, 0.10359376668930054, 0.08269712328910828]",True
/content/MargDrishti/data/processed/crops/test/restriction_ends/restriction_ends-45_png.rf.494f36a69808cadb9eb9bad88dcd13e8__248.0.jpg,41,restriction_ends,41,restriction_ends,0.8754903674125671,"[41, 44, 47]","[0.8754903674125671, 0.04040369391441345, 0.018396351486444473]",True
/content/MargDrishti/data/processed/crops/test/left_reverse_bend/left_reverse_bend-27_png.rf.49e0c29f536086ee97a573d2ccfda3c0__250.0.jpg,25,left_reverse_bend,25,left_reverse_bend,0.35064828395843506,"[25, 31, 37]","[0.35064828395843506, 0.16441062092781067, 0.053166959434747696]",True
/content/MargDrishti/data/processed/crops/test/roundabout/roundabout-23_jpg.rf.4a38ceeb8660b2df88a9bd7c433b8f56__251.0.jpg,45,roundabout,49,slippery_road,0.08682042360305786,"[49, 40, 42]","[0.08682042360305786, 0.07724787294864655, 0.06008167192339897]",False
/content/MargDrishti/data/processed/crops/test/speed_limit_20/speed_limit_20-17_png.rf.49db9c9fcea0894698b8a334ba947e51__252.0.jpg,52,speed_limit_20,52,speed_limit_20,0.21655388176441193,"[52, 55, 57]","[0.21655388176441193, 0.16137316823005676, 0.09501593559980392]",True
/content/MargDrishti/data/processed/crops/test/narrow_bridge_ahead/narrow_bridge_ahead-70_jpg.rf.4a84b85ad36698580998ef7a4e2bb189__253.0.jpg,30,narrow_bridge_ahead,13,cross_road,0.10187585651874542,"[13, 62, 63]","[0.10187585651874542, 0.04405631870031357, 0.04087270423769951]",False
/content/MargDrishti/data/processed/crops/test/no_entry/no_entry-49_jpg.rf.4ad07b8cabae18a4590e1b8abb151ac5__254.0.jpg,32,no_entry,32,no_entry,0.8294167518615723,"[32, 34, 10]","[0.8294167518615723, 0.06275372207164764, 0.009690577164292336]",True
/content/MargDrishti/data/processed/crops/test/school_ahead/school_ahead-52_jpg.rf.4b1008a1b105d4fad4a80cacc5420d1c__255.0.jpg,46,school_ahead,17,gap_in_median,0.16704128682613373,"[17, 37, 42]","[0.16704128682613373, 0.10396387428045273, 0.10160903632640839]",False
/content/MargDrishti/data/processed/crops/test/cross_road/cross_road-47_jpg.rf.4a70ec97f8a693f433bfc905b326c793__256.0.jpg,13,cross_road,13,cross_road,0.5329307317733765,"[13, 62, 23]","[0.5329307317733765, 0.039798785001039505, 0.03862810507416725]",True
/content/MargDrishti/data/processed/crops/test/right_hand_curve/right_hand_curve-12_jpg.rf.4b946169572114c1ea2d29db54cd45c2__257.0.jpg,42,right_hand_curve,63,t_intersection,0.057943008840084076,"[63, 43, 13]","[0.057943008840084076, 0.051796749234199524, 0.04958775267004967]",False
/content/MargDrishti/data/processed/crops/test/speed_limit_100/speed_limit_100-47_png.rf.4b9249c6a87e860854d25e808cc3060f__258.0.jpg,50,speed_limit_100,50,speed_limit_100,0.21354733407497406,"[50, 58, 51]","[0.21354733407497406, 0.1754446029663086, 0.1402362734079361]",True
/content/MargDrishti/data/processed/crops/test/chevron_direction/chevron_direction-45_jpg.rf.4b4e3a7d4e572964000e4a8c5f8578c4__259.0.jpg,4,chevron_direction,4,chevron_direction,0.24076972901821136,"[4, 63, 46]","[0.24076972901821136, 0.04621997848153114, 0.03672423213720322]",True
/content/MargDrishti/data/processed/crops/test/speed_limit_20/speed_limit_20-16_jpg.rf.4b5a5631c1dc7a125e77440f624d745f__260.0.jpg,52,speed_limit_20,62,stop,0.12657621502876282,"[62, 52, 66]","[0.12657621502876282, 0.10446733236312866, 0.05982475355267525]",False
/content/MargDrishti/data/processed/crops/test/compulsary_sound_horn/compulsary_sound_horn-29_jpg.rf.4bb4c3cd72b1db9a2a7ae17493bcea65__261.0.jpg,10,compulsary_sound_horn,10,compulsary_sound_horn,0.5181818604469299,"[10, 8, 32]","[0.5181818604469299, 0.182328000664711, 0.06042717397212982]",True
/content/MargDrishti/data/processed/crops/test/t_intersection/t_intersection-40_jpg.rf.4bc78a874b5ef5e3c9450497dbb9a6c0__262.0.jpg,63,t_intersection,63,t_intersection,0.09047886729240417,"[63, 68, 48]","[0.09047886729240417, 0.0616413876414299, 0.052532024681568146]",True
/content/MargDrishti/data/processed/crops/test/right_turn_prohibited/right_turn_prohibited-5_jpg.rf.4c39ed442995fc760e90ee50d6fe8712__264.0.jpg,44,right_turn_prohibited,21,horn_prohibited,0.4788004159927368,"[21, 35, 0]","[0.4788004159927368, 0.07692234218120575, 0.0660739466547966]",False
/content/MargDrishti/data/processed/crops/test/traffic_signal/traffic_signal-16_jpg.rf.4e2787361fc6c1e06f498ebf8c44cfca__265.0.jpg,64,traffic_signal,64,traffic_signal,0.10682279616594315,"[64, 15, 59]","[0.10682279616594315, 0.10372503101825714, 0.09791320562362671]",True
/content/MargDrishti/data/processed/crops/test/height_limit/height_limit-6_png.rf.4d07237aaaa8917cd239c4c13a4cfce2__267.0.jpg,20,height_limit,59,staggered_intersection,0.11158930510282516,"[59, 70, 48]","[0.11158930510282516, 0.0741838663816452, 0.07308884710073471]",False
/content/MargDrishti/data/processed/crops/test/give_way/give_way-2_png.rf.4bf87c10179f9e33e8f50fdc0b530233__268.0.jpg,18,give_way,18,give_way,0.34425434470176697,"[18, 45, 23]","[0.34425434470176697, 0.04795829951763153, 0.03179851546883583]",True
/content/MargDrishti/data/processed/crops/test/loose_gravel/loose_gravel-11_png.rf.4e3fff4ef4e3818e6a4829e636c163cd__269.0.jpg,28,loose_gravel,28,loose_gravel,0.1076342761516571,"[28, 59, 68]","[0.1076342761516571, 0.10488658398389816, 0.07948368042707443]",True
/content/MargDrishti/data/processed/crops/test/u_turn_prohibited/u_turn_prohibited-45_jpg.rf.4e5d246ce1c6f01a653f07e5d7eaa585__270.0.jpg,67,u_turn_prohibited,33,no_parking,0.13063116371631622,"[33, 65, 67]","[0.13063116371631622, 0.08072614669799805, 0.07500443607568741]",False
/content/MargDrishti/data/processed/crops/test/left_turn_prohibited/left_turn_prohibited-22_jpg.rf.4ee5c9a80992a1d0b584c5efefcd3bcf__271.0.jpg,26,left_turn_prohibited,44,right_turn_prohibited,0.1146642342209816,"[44, 21, 67]","[0.1146642342209816, 0.1074417307972908, 0.0606030710041523]",False
/content/MargDrishti/data/processed/crops/test/all_motor_vehicle_prohibited/all_motor_vehicle_prohibited-37_png.rf.4f5e59e4f744ec3fe0918e39230bdd78__272.0.jpg,0,all_motor_vehicle_prohibited,0,all_motor_vehicle_prohibited,0.19416461884975433,"[0, 65, 2]","[0.19416461884975433, 0.1042560264468193, 0.0793357715010643]",True
/content/MargDrishti/data/processed/crops/test/compulsary_ahead_or_turn_right/compulsary_ahead_or_turn_right-23_jpg.rf.4f0a79201d838613c16ea3d0e64814c9__273.0.jpg,7,compulsary_ahead_or_turn_right,36,pass_either_side,0.087046317756176,"[36, 7, 27]","[0.087046317756176, 0.05383975803852081, 0.05162917822599411]",False
/content/MargDrishti/data/processed/crops/test/hospital_ahead/hospital_ahead-56_jpg.rf.4f286bd8a9f63dda8406ffb12efbba87__274.0.jpg,22,hospital_ahead,22,hospital_ahead,0.21880003809928894,"[22, 39, 18]","[0.21880003809928894, 0.08519002795219421, 0.03479856625199318]",True
/content/MargDrishti/data/processed/crops/test/speed_limit_70/speed_limit_70-27_jpg.rf.4f0f5e99f9478515344d24d8cd7bc04c__275.0.jpg,57,speed_limit_70,57,speed_limit_70,0.1350410133600235,"[57, 50, 20]","[0.1350410133600235, 0.07381762564182281, 0.049957215785980225]",True
/content/MargDrishti/data/processed/crops/test/dangerous_dip/dangerous_dip-3_jpg.rf.5000406c61e49c30870273fd103f62ea__276.0.jpg,15,dangerous_dip,63,t_intersection,0.11283732205629349,"[63, 70, 48]","[0.11283732205629349, 0.10797647386789322, 0.05689897760748863]",False
/content/MargDrishti/data/processed/crops/test/truck_prohibited/truck_prohibited-36_jpg.rf.50d0c55bf403b82879b18d572e3f0080__277.0.jpg,65,truck_prohibited,65,truck_prohibited,0.17075833678245544,"[65, 33, 27]","[0.17075833678245544, 0.11132806539535522, 0.09454794973134995]",True
/content/MargDrishti/data/processed/crops/test/t_intersection/t_intersection-22_jpeg.rf.503f63907e0573581eda277b992499d9__278.0.jpg,63,t_intersection,63,t_intersection,0.06816504895687103,"[63, 70, 48]","[0.06816504895687103, 0.0615667998790741, 0.03974418714642525]",True
/content/MargDrishti/data/processed/crops/test/pass_either_side/pass_either_side-44_jpeg.rf.511d3a33822d1919a840b46778af88e0__279.0.jpg,36,pass_either_side,5,compulsary_ahead,0.22309671342372894,"[5, 7, 36]","[0.22309671342372894, 0.13559433817863464, 0.08872690796852112]",False
/content/MargDrishti/data/processed/crops/test/height_limit/height_limit-49_jpeg.rf.516ca16b0a9a917d88b8e28b0887002c__280.0.jpg,20,height_limit,20,height_limit,0.27207931876182556,"[20, 69, 27]","[0.27207931876182556, 0.1526833474636078, 0.12730158865451813]",True
/content/MargDrishti/data/processed/crops/test/truck_prohibited/truck_prohibited-29_jpeg.rf.52ee3838d903637ce1daa100184c82f3__281.0.jpg,65,truck_prohibited,2,bullock_cart_and_hand_cart_prohibited,0.1346520036458969,"[2, 65, 35]","[0.1346520036458969, 0.11399170756340027, 0.07622042298316956]",False
/content/MargDrishti/data/processed/crops/test/narrow_bridge_ahead/narrow_bridge_ahead-28_jpg.rf.52d1b716df7b0383420a91f92d841560__282.0.jpg,30,narrow_bridge_ahead,30,narrow_bridge_ahead,0.082513228058815,"[30, 70, 63]","[0.082513228058815, 0.07796823978424072, 0.054499827325344086]",True
/content/MargDrishti/data/processed/crops/test/loose_gravel/loose_gravel-31_png.rf.5222ff00fd0bf94b99265377c3ad99cb__283.0.jpg,28,loose_gravel,28,loose_gravel,0.1826833039522171,"[28, 30, 68]","[0.1826833039522171, 0.08102098852396011, 0.055501192808151245]",True
/content/MargDrishti/data/processed/crops/test/side_road_right/side_road_right-17_jpeg.rf.5255c65ece117c133fbd82286f534fe9__284.0.jpg,48,side_road_right,59,staggered_intersection,0.1871715784072876,"[59, 70, 48]","[0.1871715784072876, 0.137152299284935, 0.12286984175443649]",False
/content/MargDrishti/data/processed/crops/test/side_road_right/side_road_right-0_jpg.rf.5383394f1cf0b9946bf3e5fdc08ca025__285.0.jpg,48,side_road_right,63,t_intersection,0.12798121571540833,"[63, 70, 48]","[0.12798121571540833, 0.08370008319616318, 0.07722803950309753]",False
/content/MargDrishti/data/processed/crops/test/compulsary_turn_right_ahead/compulsary_turn_right_ahead-48_png.rf.534b29bb2d156af946d72f9826ac17df__286.0.jpg,12,compulsary_turn_right_ahead,7,compulsary_ahead_or_turn_right,0.14030587673187256,"[7, 6, 9]","[0.14030587673187256, 0.08736618608236313, 0.08439715951681137]",False
/content/MargDrishti/data/processed/crops/test/overtaking_prohibited/overtaking_prohibited-17_jpeg.rf.546c19e76ec7e2445818b8e469721647__287.0.jpg,35,overtaking_prohibited,21,horn_prohibited,0.05156630277633667,"[21, 0, 55]","[0.05156630277633667, 0.04025555029511452, 0.03389910236001015]",False
/content/MargDrishti/data/processed/crops/test/left_turn_prohibited/left_turn_prohibited-15_jpg.rf.537ac61928f77257b26d2adf68d047f8__288.0.jpg,26,left_turn_prohibited,21,horn_prohibited,0.2281360924243927,"[21, 44, 26]","[0.2281360924243927, 0.17430195212364197, 0.10715698450803757]",False
/content/MargDrishti/data/processed/crops/test/compulsary_turn_left_ahead/compulsary_turn_left_ahead-28_jpg.rf.558713ed0ef98f6a41f5fa9013836510__289.0.jpg,11,compulsary_turn_left_ahead,36,pass_either_side,0.14953629672527313,"[36, 11, 12]","[0.14953629672527313, 0.11149884760379791, 0.1109473779797554]",False
/content/MargDrishti/data/processed/crops/test/give_way/give_way-27_png.rf.54bebe99f6ba19993c6080c0380f8bfc__290.0.jpg,18,give_way,18,give_way,0.3786306381225586,"[18, 46, 29]","[0.3786306381225586, 0.07002078741788864, 0.06718289852142334]",True
/content/MargDrishti/data/processed/crops/test/roundabout/roundabout-26_png.rf.56a54d67a55ec8b7b3b21a82c470fffd__291.0.jpg,45,roundabout,52,speed_limit_20,0.10500016063451767,"[52, 45, 53]","[0.10500016063451767, 0.10017897933721542, 0.07160075753927231]",False
/content/MargDrishti/data/processed/crops/test/height_limit/height_limit-11_jpeg.rf.55bb95ea8955453be45881f175b1a7f0__292.0.jpg,20,height_limit,20,height_limit,0.3009735345840454,"[20, 69, 27]","[0.3009735345840454, 0.1400097757577896, 0.08593481779098511]",True
/content/MargDrishti/data/processed/crops/test/cycle_crossing/cycle_crossing-29_png.rf.56c474fbd9611ab2d36b212b38ecf062__293.0.jpg,14,cycle_crossing,14,cycle_crossing,0.2564670443534851,"[14, 31, 25]","[0.2564670443534851, 0.13827164471149445, 0.12355974316596985]",True
/content/MargDrishti/data/processed/crops/test/overtaking_prohibited/overtaking_prohibited-49_jpg.rf.56ed2b0f3e3a243ac7b0750f060dae7c__294.0.jpg,35,overtaking_prohibited,33,no_parking,0.06774914264678955,"[33, 35, 44]","[0.06774914264678955, 0.05797165259718895, 0.0537029467523098]",False
/content/MargDrishti/data/processed/crops/test/u_turn/u_turn-50_jpg.rf.56e36c4252d4379907b528ea7e489a28__295.0.jpg,66,u_turn,66,u_turn,0.08405886590480804,"[66, 37, 13]","[0.08405886590480804, 0.07342831045389175, 0.059486862272024155]",True
/content/MargDrishti/data/processed/crops/test/right_hand_curve/right_hand_curve-6_jpg.rf.572640d75520f7236ebdb0bf6fa04aa1__296.0.jpg,42,right_hand_curve,42,right_hand_curve,0.24303658306598663,"[42, 24, 30]","[0.24303658306598663, 0.11536426842212677, 0.045200902968645096]",True
/content/MargDrishti/data/processed/crops/test/compulsary_keep_left/compulsary_keep_left-1_png.rf.57d1741583c2c1f4f2f79a13ebf16ad7__297.0.jpg,8,compulsary_keep_left,7,compulsary_ahead_or_turn_right,0.19844581186771393,"[7, 9, 6]","[0.19844581186771393, 0.13831178843975067, 0.09751758724451065]",False
/content/MargDrishti/data/processed/crops/test/men_at_work/men_at_work-45_png.rf.577ba1d4aa5020dfced679f0ea54f812__298.0.jpg,29,men_at_work,29,men_at_work,0.38271448016166687,"[29, 46, 31]","[0.38271448016166687, 0.10988059639930725, 0.044193681329488754]",True
/content/MargDrishti/data/processed/crops/test/axle_load_limit/axle_load_limit-11_jpeg.rf.5740b565cdb5238c519a30719034fe43__300.0.jpg,1,axle_load_limit,20,height_limit,0.15936514735221863,"[20, 27, 69]","[0.15936514735221863, 0.15648908913135529, 0.10336850583553314]",False
/content/MargDrishti/data/processed/crops/test/unguarded_level_crossing/unguarded_level_crossing-3_jpg.rf.584c6f695dde5345c3cdc7f572ec6090__301.0.jpg,68,unguarded_level_crossing,68,unguarded_level_crossing,0.10384511202573776,"[68, 16, 19]","[0.10384511202573776, 0.08099710941314697, 0.07177799940109253]",True
/content/MargDrishti/data/processed/crops/test/stop/stop-55_png.rf.58674348948c04d308ad969080c10ab0__302.0.jpg,62,stop,62,stop,0.6171343326568604,"[62, 52, 31]","[0.6171343326568604, 0.04149540886282921, 0.039508067071437836]",True
/content/MargDrishti/data/processed/crops/test/right_reverse_bend/right_reverse_bend-45_jpg.rf.589625f0e8d86791f23c747ea20a67f6__303.0.jpg,43,right_reverse_bend,59,staggered_intersection,0.09407345205545425,"[59, 70, 48]","[0.09407345205545425, 0.0857313722372055, 0.07947556674480438]",False
/content/MargDrishti/data/processed/crops/test/compulsary_sound_horn/compulsary_sound_horn-1_jpg.rf.5855545cbaf0b92d0b817d5bea96504d__304.0.jpg,10,compulsary_sound_horn,10,compulsary_sound_horn,0.6295607686042786,"[10, 8, 54]","[0.6295607686042786, 0.06789892166852951, 0.032392024993896484]",True
/content/MargDrishti/data/processed/crops/test/speed_limit_120/speed_limit_120-27_png.rf.58b091718bc10867f1f7fcaa82500494__305.0.jpg,51,speed_limit_120,51,speed_limit_120,0.4526679515838623,"[51, 50, 58]","[0.4526679515838623, 0.11118309944868088, 0.0907549187541008]",True
/content/MargDrishti/data/processed/crops/test/compulsary_turn_left_ahead/compulsary_turn_left_ahead-42_png.rf.58cab74cd8140f3150cf149f44c049fe__306.0.jpg,11,compulsary_turn_left_ahead,11,compulsary_turn_left_ahead,0.3959781527519226,"[11, 5, 7]","[0.3959781527519226, 0.1246430054306984, 0.04331474006175995]",True
/content/MargDrishti/data/processed/crops/test/pedestrian_crossing/pedestrian_crossing-60_jpg.rf.58fb8887544e4d28ca157673f74ca518__307.0.jpg,37,pedestrian_crossing,59,staggered_intersection,0.1101345419883728,"[59, 48, 43]","[0.1101345419883728, 0.06735099852085114, 0.05932322517037392]",False
/content/MargDrishti/data/processed/crops/test/pedestrian_crossing/pedestrian_crossing-32_png.rf.5a7ad990d60dc46c4b8f03427f281ab0__308.0.jpg,37,pedestrian_crossing,37,pedestrian_crossing,0.1751919537782669,"[37, 25, 31]","[0.1751919537782669, 0.09824573248624802, 0.0871429368853569]",True
/content/MargDrishti/data/processed/crops/test/no_entry/no_entry-44_jpg.rf.5aac8adcee814fd256c3038fdfaa55d4__309.0.jpg,32,no_entry,32,no_entry,0.4508570730686188,"[32, 34, 44]","[0.4508570730686188, 0.09195110201835632, 0.04042677581310272]",True
/content/MargDrishti/data/processed/crops/test/left_reverse_bend/left_reverse_bend-14_png.rf.590a6f2b57b009e3eb1da160a069cdeb__310.0.jpg,25,left_reverse_bend,37,pedestrian_crossing,0.14520324766635895,"[37, 64, 24]","[0.14520324766635895, 0.12099044770002365, 0.08632489293813705]",False
/content/MargDrishti/data/processed/crops/test/bullock_cart_and_hand_cart_prohibited/bullock_cart_and_hand_cart_prohibited-40_jpg.rf.5abe78a5257ec05b1792f98044998349__311.0.jpg,2,bullock_cart_and_hand_cart_prohibited,2,bullock_cart_and_hand_cart_prohibited,0.44040530920028687,"[2, 21, 44]","[0.44040530920028687, 0.10607507079839706, 0.06340129673480988]",True
/content/MargDrishti/data/processed/crops/test/compulsary_turn_right_ahead/compulsary_turn_right_ahead-33_png.rf.5b73099de8ab360f9208486261f67739__312.0.jpg,12,compulsary_turn_right_ahead,12,compulsary_turn_right_ahead,0.42753684520721436,"[12, 7, 9]","[0.42753684520721436, 0.11944802850484848, 0.045155446976423264]",True
/content/MargDrishti/data/processed/crops/test/speed_limit_60/speed_limit_60-31_jpg.rf.5b768644a9f34c0e4e30e4b67febc14d__313.0.jpg,56,speed_limit_60,56,speed_limit_60,0.18523219227790833,"[56, 52, 54]","[0.18523219227790833, 0.12863847613334656, 0.09579652547836304]",True
/content/MargDrishti/data/processed/crops/test/give_way/give_way-9_png.rf.5bb980541b000f1d9fabd8b4ffbeb8cd__314.0.jpg,18,give_way,18,give_way,0.40623632073402405,"[18, 47, 23]","[0.40623632073402405, 0.108463354408741, 0.051834043115377426]",True
/content/MargDrishti/data/processed/crops/test/cycle_crossing/cycle_crossing-20_jpg.rf.5d0d3b2c00b1e1fa7b3732f4878d1c75__315.0.jpg,14,cycle_crossing,60,steep_ascent,0.15145044028759003,"[60, 68, 28]","[0.15145044028759003, 0.07999283075332642, 0.07886700332164764]",False
/content/MargDrishti/data/processed/crops/test/speed_limit_40/speed_limit_40-45_jpg.rf.5bdd168b63d460430e72dcfabf7331a7__316.0.jpg,54,speed_limit_40,54,speed_limit_40,0.4819287955760956,"[54, 58, 56]","[0.4819287955760956, 0.1368011087179184, 0.08279958367347717]",True
/content/MargDrishti/data/processed/crops/test/length_limit/length_limit-25_png.rf.5eae83bfb64e787a231526af9136325a__317.0.jpg,27,length_limit,27,length_limit,0.22866559028625488,"[27, 69, 20]","[0.22866559028625488, 0.16297554969787598, 0.08856303989887238]",True
/content/MargDrishti/data/processed/crops/test/right_turn_prohibited/right_turn_prohibited-3_jpg.rf.5d72ab144723f0004de9b60865ce898c__318.0.jpg,44,right_turn_prohibited,21,horn_prohibited,0.28019705414772034,"[21, 35, 67]","[0.28019705414772034, 0.05498597025871277, 0.05361727997660637]",False
/content/MargDrishti/data/processed/crops/test/left_hand_curve/left_hand_curve-23_jpg.rf.5d1a8896acb8737673b9deb583392f0c__319.0.jpg,24,left_hand_curve,42,right_hand_curve,0.08769410848617554,"[42, 59, 24]","[0.08769410848617554, 0.07365120947360992, 0.05197884887456894]",False
/content/MargDrishti/data/processed/crops/test/truck_prohibited/truck_prohibited-22_png.rf.5e8825b78da47f5e77fa31297527aaa1__320.0.jpg,65,truck_prohibited,65,truck_prohibited,0.2679731845855713,"[65, 2, 35]","[0.2679731845855713, 0.1550336480140686, 0.11426287889480591]",True
/content/MargDrishti/data/processed/crops/test/guarded_level_crossing/guarded_level_crossing-34_jpg.rf.5ee3a6dbcf3034a228baaa06904dbdc4__321.0.jpg,19,guarded_level_crossing,19,guarded_level_crossing,0.11120633780956268,"[19, 59, 15]","[0.11120633780956268, 0.08462399989366531, 0.08149944245815277]",True
/content/MargDrishti/data/processed/crops/test/horn_prohibited/horn_prohibited-44_jpg.rf.5ecee40817d104c69ec4d1b33e46db42__322.0.jpg,21,horn_prohibited,21,horn_prohibited,0.16931943595409393,"[21, 0, 33]","[0.16931943595409393, 0.05653081834316254, 0.05118352174758911]",True
/content/MargDrishti/data/processed/crops/test/speed_limit_40/speed_limit_40-12_jpg.rf.5f1737c29cbe6858533ea5752d6ef0ae__323.0.jpg,54,speed_limit_40,54,speed_limit_40,0.13907580077648163,"[54, 34, 44]","[0.13907580077648163, 0.0813588947057724, 0.07894983887672424]",True
/content/MargDrishti/data/processed/crops/test/length_limit/length_limit-37_jpg.rf.5f90a138ba3d1b8e484cc4f7cfe0bcfe__324.0.jpg,27,length_limit,27,length_limit,0.31040289998054504,"[27, 69, 20]","[0.31040289998054504, 0.10744789242744446, 0.09943977743387222]",True
/content/MargDrishti/data/processed/crops/test/compulsary_sound_horn/compulsary_sound_horn-21_jpg.rf.60955941b4776cadcb132e866470ac27__325.0.jpg,10,compulsary_sound_horn,10,compulsary_sound_horn,0.9004589319229126,"[10, 8, 41]","[0.9004589319229126, 0.02608257345855236, 0.022988367825746536]",True
/content/MargDrishti/data/processed/crops/test/pedestrian_prohibited/pedestrian_prohibited-19_jpeg.rf.606391e73c5d1afeec784eb597d3e760__326.0.jpg,38,pedestrian_prohibited,21,horn_prohibited,0.08162196725606918,"[21, 44, 0]","[0.08162196725606918, 0.07006606459617615, 0.05470765754580498]",False
/content/MargDrishti/data/processed/crops/test/height_limit/height_limit-55_png.rf.5f98c5ad6858fbb239738a9fafd5d662__327.0.jpg,20,height_limit,20,height_limit,0.25797486305236816,"[20, 69, 27]","[0.25797486305236816, 0.10606934130191803, 0.09123822301626205]",True
/content/MargDrishti/data/processed/crops/test/falling_rocks/falling_rocks-41_jpeg.rf.60af2c1b4838a9d78c785c45ed555e61__328.0.jpg,16,falling_rocks,16,falling_rocks,0.4808840751647949,"[16, 40, 23]","[0.4808840751647949, 0.08224807679653168, 0.05035751685500145]",True
/content/MargDrishti/data/processed/crops/test/roundabout/roundabout-4_jpg.rf.61adfea0f3b77e364d609c8d37ba99df__329.0.jpg,45,roundabout,26,left_turn_prohibited,0.14537785947322845,"[26, 21, 45]","[0.14537785947322845, 0.0866328701376915, 0.08034201711416245]",False
/content/MargDrishti/data/processed/crops/test/cycle_crossing/cycle_crossing-19_jpg.rf.60c2c81248aea2b516b2b2b7b6e11087__330.0.jpg,14,cycle_crossing,13,cross_road,0.11510849744081497,"[13, 66, 62]","[0.11510849744081497, 0.07792291045188904, 0.05150324106216431]",False
/content/MargDrishti/data/processed/crops/test/left_turn_prohibited/left_turn_prohibited-8_jpg.rf.61cb87d59bdba912d7dec6d9ebc636e7__331.0.jpg,26,left_turn_prohibited,21,horn_prohibited,0.23206429183483124,"[21, 33, 67]","[0.23206429183483124, 0.11064859479665756, 0.09966576099395752]",False
/content/MargDrishti/data/processed/crops/test/u_turn_prohibited/u_turn_prohibited-66_jpeg.rf.61f0ede12c07c2e33fb3f0224468c609__332.0.jpg,67,u_turn_prohibited,33,no_parking,0.14819195866584778,"[33, 38, 65]","[0.14819195866584778, 0.11924976110458374, 0.10607884079217911]",False
/content/MargDrishti/data/processed/crops/test/roundabout/roundabout-12_jpg.rf.626604862838121b87c6ccd4b8219fd0__335.0.jpg,45,roundabout,63,t_intersection,0.08306402713060379,"[63, 30, 43]","[0.08306402713060379, 0.06616444140672684, 0.057050250470638275]",False
/content/MargDrishti/data/processed/crops/test/guarded_level_crossing/guarded_level_crossing-45_jpg.rf.62577c11513ccb91ebe43e89a1bf04ce__336.0.jpg,19,guarded_level_crossing,62,stop,0.08539685606956482,"[62, 13, 19]","[0.08539685606956482, 0.08301149308681488, 0.07084359973669052]",False
/content/MargDrishti/data/processed/crops/test/dangerous_dip/dangerous_dip-47_jpg.rf.62b6443d531bdd7a0852cb49dda42a6b__337.0.jpg,15,dangerous_dip,15,dangerous_dip,0.13649427890777588,"[15, 59, 70]","[0.13649427890777588, 0.07708647847175598, 0.06602848321199417]",True
/content/MargDrishti/data/processed/crops/test/compulsary_sound_horn/compulsary_sound_horn-9_jpg.rf.62ffc2530430593227ddb15e0d79629d__338.0.jpg,10,compulsary_sound_horn,36,pass_either_side,0.1236802190542221,"[36, 10, 11]","[0.1236802190542221, 0.111739382147789, 0.08368005603551865]",False
/content/MargDrishti/data/processed/crops/test/compulsary_ahead_or_turn_left/compulsary_ahead_or_turn_left-51_png.rf.62665219b18ecb83b068244360662467__339.0.jpg,6,compulsary_ahead_or_turn_left,7,compulsary_ahead_or_turn_right,0.22306349873542786,"[7, 36, 6]","[0.22306349873542786, 0.17494051158428192, 0.10595018416643143]",False
/content/MargDrishti/data/processed/crops/test/quay_side_or_river_bank/quay_side_or_river_bank-53_jpg.rf.62c5293756e55394a8717417db4b216a__340.0.jpg,40,quay_side_or_river_bank,40,quay_side_or_river_bank,0.11422012001276016,"[40, 3, 13]","[0.11422012001276016, 0.06932511180639267, 0.06733711808919907]",True
/content/MargDrishti/data/processed/crops/test/axle_load_limit/axle_load_limit-38_jpg.rf.6379ce3544f5bee1fbe2e29030cff54f__341.0.jpg,1,axle_load_limit,1,axle_load_limit,0.12514440715312958,"[1, 20, 69]","[0.12514440715312958, 0.10547246038913727, 0.061733540147542953]",True
/content/MargDrishti/data/processed/crops/test/compulsary_ahead/compulsary_ahead-26_png.rf.632412a0c96ff289524ccad4f128f4b1__342.0.jpg,5,compulsary_ahead,5,compulsary_ahead,0.2702280282974243,"[5, 36, 7]","[0.2702280282974243, 0.08857500553131104, 0.07818405330181122]",True
/content/MargDrishti/data/processed/crops/test/compulsary_keep_left/compulsary_keep_left-33_jpg.rf.6345cfa87e5d28d2286537d8ce79f8fc__343.0.jpg,8,compulsary_keep_left,8,compulsary_keep_left,0.7190214991569519,"[8, 21, 44]","[0.7190214991569519, 0.04213452711701393, 0.023310231044888496]",True
/content/MargDrishti/data/processed/crops/test/left_turn_prohibited/left_turn_prohibited-34_jpg.rf.640a8049e6774cbb96330a85d1e3a6c7__344.0.jpg,26,left_turn_prohibited,26,left_turn_prohibited,0.6777648329734802,"[26, 44, 34]","[0.6777648329734802, 0.09309215843677521, 0.05317336320877075]",True
/content/MargDrishti/data/processed/crops/test/side_road_left/side_road_left-31_jpg.rf.65ffb407592411e0bedfa40365e1cda2__345.0.jpg,47,side_road_left,47,side_road_left,0.7442852854728699,"[47, 10, 24]","[0.7442852854728699, 0.019476739689707756, 0.01682109199464321]",True
/content/MargDrishti/data/processed/crops/test/axle_load_limit/axle_load_limit-0_jpg.rf.65363090eb9927d19d416a83e99a14a1__346.0.jpg,1,axle_load_limit,1,axle_load_limit,0.3309341073036194,"[1, 20, 27]","[0.3309341073036194, 0.08745194971561432, 0.04520362988114357]",True
/content/MargDrishti/data/processed/crops/test/traffic_signal/traffic_signal-26_png.rf.64afd0f7433bd793e8c51a8f90397fc5__347.0.jpg,64,traffic_signal,64,traffic_signal,0.25644949078559875,"[64, 13, 62]","[0.25644949078559875, 0.08629997074604034, 0.07845257967710495]",True
/content/MargDrishti/data/processed/crops/test/truck_prohibited/truck_prohibited-41_jpg.rf.663c34a9fc0ad369bdd2f5183da1c8da__348.0.jpg,65,truck_prohibited,65,truck_prohibited,0.11192367970943451,"[65, 0, 33]","[0.11192367970943451, 0.08453719317913055, 0.07522886991500854]",True
/content/MargDrishti/data/processed/crops/test/restriction_ends/restriction_ends-42_png.rf.64c8e648ebce14e9375b756c61e1009d__349.0.jpg,41,restriction_ends,41,restriction_ends,0.7177849411964417,"[41, 44, 47]","[0.7177849411964417, 0.051559630781412125, 0.043168310075998306]",True
/content/MargDrishti/data/processed/crops/test/no_parking/no_parking-26_jpeg.rf.669e6ce8998dbde4eff964af8a72d8cb__350.0.jpg,33,no_parking,33,no_parking,0.1667758822441101,"[33, 65, 38]","[0.1667758822441101, 0.1258409023284912, 0.0760846808552742]",True
/content/MargDrishti/data/processed/crops/test/compulsary_turn_left_ahead/compulsary_turn_left_ahead-34_png.rf.67e056ee822782145a83a8cfc9b05340__351.0.jpg,11,compulsary_turn_left_ahead,6,compulsary_ahead_or_turn_left,0.2311248481273651,"[6, 11, 7]","[0.2311248481273651, 0.1872871369123459, 0.1043350100517273]",False
/content/MargDrishti/data/processed/crops/test/height_limit/height_limit-22_jpeg.rf.6740c2a50b90df5e16889af9353b4882__352.0.jpg,20,height_limit,52,speed_limit_20,0.06094212085008621,"[52, 44, 51]","[0.06094212085008621, 0.055537983775138855, 0.05424703657627106]",False
/content/MargDrishti/data/processed/crops/test/compulsary_turn_left_ahead/compulsary_turn_left_ahead-3_png.rf.679680e810028643493332c3dd0da015__354.0.jpg,11,compulsary_turn_left_ahead,7,compulsary_ahead_or_turn_right,0.11731339991092682,"[7, 11, 9]","[0.11731339991092682, 0.11610890924930573, 0.11237825453281403]",False
/content/MargDrishti/data/processed/crops/test/speed_limit_20/speed_limit_20-2_jpg.rf.68704574ddc8e3b0920a9091ed16afe8__355.0.jpg,52,speed_limit_20,62,stop,0.14598102867603302,"[62, 52, 13]","[0.14598102867603302, 0.0686752051115036, 0.05952310189604759]",False
/content/MargDrishti/data/processed/crops/test/u_turn/u_turn-20_jpg.rf.671dff63eab6e51cefa06913f4fb8a80__356.0.jpg,66,u_turn,66,u_turn,0.17314817011356354,"[66, 13, 3]","[0.17314817011356354, 0.16278359293937683, 0.05335112661123276]",True
/content/MargDrishti/data/processed/crops/test/stop/stop-56_png.rf.6963817635be6bde259727f3cfa42333__357.0.jpg,62,stop,62,stop,0.5621619820594788,"[62, 31, 52]","[0.5621619820594788, 0.04870922490954399, 0.041202038526535034]",True
/content/MargDrishti/data/processed/crops/test/chevron_direction/chevron_direction-21_jpg.rf.69f3a71d0d36e53cb543f818fdcba11e__358.0.jpg,4,chevron_direction,4,chevron_direction,0.8147085309028625,"[4, 70, 16]","[0.8147085309028625, 0.017572809010744095, 0.01084599457681179]",True
/content/MargDrishti/data/processed/crops/test/quay_side_or_river_bank/quay_side_or_river_bank-6_jpg.rf.68e6a5926c7a3d4199a64d117d09704a__359.0.jpg,40,quay_side_or_river_bank,40,quay_side_or_river_bank,0.23994462192058563,"[40, 49, 28]","[0.23994462192058563, 0.05058137699961662, 0.048963919281959534]",True
/content/MargDrishti/data/processed/crops/test/right_reverse_bend/right_reverse_bend-42_jpg.rf.6a484fcc835ad81130eb5ec27f70c426__361.0.jpg,43,right_reverse_bend,59,staggered_intersection,0.08945562690496445,"[59, 43, 48]","[0.08945562690496445, 0.07971381396055222, 0.06985687464475632]",False
/content/MargDrishti/data/processed/crops/test/gap_in_median/gap_in_median-26_jpg.rf.6a376042ed2d4f39156e3a87ff5ddc1a__362.0.jpg,17,gap_in_median,17,gap_in_median,0.8429732322692871,"[17, 31, 19]","[0.8429732322692871, 0.013538719154894352, 0.01200985349714756]",True
/content/MargDrishti/data/processed/crops/test/hospital_ahead/hospital_ahead-2_jpeg.rf.6ac666f54e2f41893497884bea4d9b84__363.0.jpg,22,hospital_ahead,22,hospital_ahead,0.4931527376174927,"[22, 39, 10]","[0.4931527376174927, 0.2314382940530777, 0.01673787087202072]",True
/content/MargDrishti/data/processed/crops/test/speed_limit_50/speed_limit_50-5_jpg.rf.6a945559406468a71149414caf990272__364.0.jpg,55,speed_limit_50,51,speed_limit_120,0.10926312208175659,"[51, 52, 55]","[0.10926312208175659, 0.07242895662784576, 0.06602461636066437]",False
/content/MargDrishti/data/processed/crops/test/falling_rocks/falling_rocks-54_jpeg.rf.6b48936c9a3ac8abb9e6356c720b0c89__365.0.jpg,16,falling_rocks,16,falling_rocks,0.1903373748064041,"[16, 23, 47]","[0.1903373748064041, 0.15560810267925262, 0.07011466473340988]",True
/content/MargDrishti/data/processed/crops/test/left_reverse_bend/left_reverse_bend-51_jpg.rf.6acd46350dc78b61dc37093a30fea57d__366.0.jpg,25,left_reverse_bend,25,left_reverse_bend,0.0797138661146164,"[25, 13, 66]","[0.0797138661146164, 0.07115273922681808, 0.050243545323610306]",True
/content/MargDrishti/data/processed/crops/test/bullock_cart_and_hand_cart_prohibited/bullock_cart_and_hand_cart_prohibited-6_png.rf.6b190d792f9a44d80313da1f1692e38f__367.0.jpg,2,bullock_cart_and_hand_cart_prohibited,2,bullock_cart_and_hand_cart_prohibited,0.17121249437332153,"[2, 0, 38]","[0.17121249437332153, 0.13149437308311462, 0.096977598965168]",True
/content/MargDrishti/data/processed/crops/test/compulsary_sound_horn/compulsary_sound_horn-4_jpg.rf.6b489c0891875e95792fcf5f2f1ffa68__368.0.jpg,10,compulsary_sound_horn,10,compulsary_sound_horn,0.2720782458782196,"[10, 12, 11]","[0.2720782458782196, 0.09715185314416885, 0.09617362916469574]",True
/content/MargDrishti/data/processed/crops/test/narrow_road_ahead/narrow_road_ahead-50_png.rf.6b68e9e4bd2dffc0cc91cac7ece41e09__369.0.jpg,31,narrow_road_ahead,31,narrow_road_ahead,0.14656828343868256,"[31, 62, 25]","[0.14656828343868256, 0.09703530371189117, 0.06485699117183685]",True
/content/MargDrishti/data/processed/crops/test/no_stopping_or_standing/no_stopping_or_standing-33_jpg.rf.6b88ee50371f911c60084da7e4a89b67__370.0.jpg,34,no_stopping_or_standing,34,no_stopping_or_standing,0.8006075024604797,"[34, 67, 21]","[0.8006075024604797, 0.02585882879793644, 0.025486888363957405]",True
/content/MargDrishti/data/processed/crops/test/u_turn/u_turn-43_jpg.rf.6b9ffbaded30d9a080d535a0645233bd__371.0.jpg,66,u_turn,66,u_turn,0.1075226366519928,"[66, 13, 43]","[0.1075226366519928, 0.08055818825960159, 0.06010360270738602]",True
/content/MargDrishti/data/processed/crops/test/no_stopping_or_standing/no_stopping_or_standing-54_jpg.rf.6b7151dc5d2ce36245a8fd90a4376ec9__372.0.jpg,34,no_stopping_or_standing,34,no_stopping_or_standing,0.7487528324127197,"[34, 5, 32]","[0.7487528324127197, 0.02122410200536251, 0.018948035314679146]",True
/content/MargDrishti/data/processed/crops/test/pass_either_side/pass_either_side-4_jpeg.rf.6bf23d60371e418b885a6563284011ba__373.0.jpg,36,pass_either_side,36,pass_either_side,0.08733153343200684,"[36, 5, 6]","[0.08733153343200684, 0.07142458856105804, 0.05282752588391304]",True
/content/MargDrishti/data/processed/crops/test/compulsary_turn_left_ahead/compulsary_turn_left_ahead-37_png.rf.6bfc1d5a23756fc04ae9043b18937d7c__374.0.jpg,11,compulsary_turn_left_ahead,7,compulsary_ahead_or_turn_right,0.2356431633234024,"[7, 6, 11]","[0.2356431633234024, 0.19583946466445923, 0.12390416115522385]",False
/content/MargDrishti/data/processed/crops/test/axle_load_limit/axle_load_limit-53_jpg.rf.6bc568ed01c5e7bc7a107edc6f5279b8__375.0.jpg,1,axle_load_limit,1,axle_load_limit,0.29970958828926086,"[1, 27, 20]","[0.29970958828926086, 0.08800601214170456, 0.08001183718442917]",True
/content/MargDrishti/data/processed/crops/test/horn_prohibited/horn_prohibited-17_jpg.rf.6be296a5843d13f1861ad81f6d847a66__376.0.jpg,21,horn_prohibited,21,horn_prohibited,0.18277855217456818,"[21, 52, 33]","[0.18277855217456818, 0.06261126697063446, 0.05939778313040733]",True
/content/MargDrishti/data/processed/crops/test/right_reverse_bend/right_reverse_bend-2_png.rf.6caaf860902ca302afff8fbaff91dce5__377.0.jpg,43,right_reverse_bend,59,staggered_intersection,0.0713992714881897,"[59, 31, 48]","[0.0713992714881897, 0.06985209882259369, 0.06318511068820953]",False
/content/MargDrishti/data/processed/crops/test/side_road_right/side_road_right-4_png.rf.6c3fa6ea218fcbd01018e0174dd133c6__378.0.jpg,48,side_road_right,70,y_intersection,0.19492705166339874,"[70, 63, 59]","[0.19492705166339874, 0.164342001080513, 0.10918824374675751]",False
/content/MargDrishti/data/processed/crops/test/compulsary_keep_right/compulsary_keep_right-50_png.rf.6cce2b043ed99a371fbb02138f59bbb1__379.0.jpg,9,compulsary_keep_right,36,pass_either_side,0.1471976637840271,"[36, 7, 12]","[0.1471976637840271, 0.10898429155349731, 0.10659678280353546]",False
/content/MargDrishti/data/processed/crops/test/side_road_left/side_road_left-61_jpg.rf.6c31b7c667d33b5f4c248836699db5cc__380.0.jpg,47,side_road_left,23,hump_or_rough_road,0.11516738682985306,"[23, 13, 48]","[0.11516738682985306, 0.1127680316567421, 0.08967587351799011]",False
/content/MargDrishti/data/processed/crops/test/restriction_ends/restriction_ends-14_jpg.rf.6cdb1ab0001519a9d226360096499eda__381.0.jpg,41,restriction_ends,5,compulsary_ahead,0.05418651923537254,"[5, 8, 41]","[0.05418651923537254, 0.05397501587867737, 0.03764133155345917]",False
/content/MargDrishti/data/processed/crops/test/guarded_level_crossing/guarded_level_crossing-13_jpeg.rf.6d1f586150e097131edcb3c84d37a8d4__382.0.jpg,19,guarded_level_crossing,63,t_intersection,0.08007588237524033,"[63, 30, 48]","[0.08007588237524033, 0.04877278208732605, 0.04428635910153389]",False
/content/MargDrishti/data/processed/crops/test/compulsary_turn_right_ahead/compulsary_turn_right_ahead-37_png.rf.6d36f1a655a603965f2afb1b5d2f3e9d__383.0.jpg,12,compulsary_turn_right_ahead,12,compulsary_turn_right_ahead,0.3713580071926117,"[12, 7, 5]","[0.3713580071926117, 0.14761696755886078, 0.13721659779548645]",True
/content/MargDrishti/data/processed/crops/test/compulsary_keep_right/compulsary_keep_right-21_png.rf.6ce2e780d6436475a73b2b69fd56ca44__384.0.jpg,9,compulsary_keep_right,5,compulsary_ahead,0.14311529695987701,"[5, 9, 7]","[0.14311529695987701, 0.09611589461565018, 0.06186783313751221]",False
/content/MargDrishti/data/processed/crops/test/right_turn_prohibited/right_turn_prohibited-68_jpg.rf.6dae26aeae1c158cc55575a5811ac97b__386.0.jpg,44,right_turn_prohibited,44,right_turn_prohibited,0.2093038558959961,"[44, 67, 34]","[0.2093038558959961, 0.11509782075881958, 0.09460742026567459]",True
/content/MargDrishti/data/processed/crops/test/narrow_road_ahead/narrow_road_ahead-33_jpg.rf.6ded597a14f88cd59555732580eacc69__387.0.jpg,31,narrow_road_ahead,31,narrow_road_ahead,0.32414406538009644,"[31, 30, 59]","[0.32414406538009644, 0.08523812890052795, 0.08009731024503708]",True
/content/MargDrishti/data/processed/crops/test/speed_limit_70/speed_limit_70-22_jpg.rf.6dfb9f9161712146ec08321ab9ef1941__389.0.jpg,57,speed_limit_70,69,width_limit,0.1001020222902298,"[69, 57, 20]","[0.1001020222902298, 0.08222740143537521, 0.06524859368801117]",False
/content/MargDrishti/data/processed/crops/test/speed_limit_60/speed_limit_60-43_png.rf.6f556fe7f3181d5b31e4901c72548829__391.0.jpg,56,speed_limit_60,51,speed_limit_120,0.15134461224079132,"[51, 57, 56]","[0.15134461224079132, 0.14016203582286835, 0.12974518537521362]",False
/content/MargDrishti/data/processed/crops/test/height_limit/height_limit-21_jpg.rf.6eaa88a95f9e256c7ef8c095854ee606__392.0.jpg,20,height_limit,59,staggered_intersection,0.11207239329814911,"[59, 63, 70]","[0.11207239329814911, 0.10156480967998505, 0.09815191477537155]",False
/content/MargDrishti/data/processed/crops/test/speed_limit_30/speed_limit_30-31_png.rf.6f75eba03acaf30feb87a7e5a5c85fee__393.0.jpg,53,speed_limit_30,55,speed_limit_50,0.13910987973213196,"[55, 53, 58]","[0.13910987973213196, 0.0793890431523323, 0.06813064217567444]",False
/content/MargDrishti/data/processed/crops/test/school_ahead/school_ahead-31_jpg.rf.705d6293b34602cee0624eff22aa2659__394.0.jpg,46,school_ahead,63,t_intersection,0.06089624762535095,"[63, 13, 46]","[0.06089624762535095, 0.058753713965415955, 0.04576140642166138]",False
/content/MargDrishti/data/processed/crops/test/traffic_signal/traffic_signal-11_jpg.rf.700ab7059a9e25b535747188f1db808e__395.0.jpg,64,traffic_signal,64,traffic_signal,0.21321022510528564,"[64, 17, 63]","[0.21321022510528564, 0.0859868973493576, 0.050890859216451645]",True
/content/MargDrishti/data/processed/crops/test/compulsary_ahead_or_turn_left/compulsary_ahead_or_turn_left-9_jpg.rf.6fb2877b9c47581d3b8f98da115a90cb__396.0.jpg,6,compulsary_ahead_or_turn_left,36,pass_either_side,0.1681019365787506,"[36, 7, 6]","[0.1681019365787506, 0.12680038809776306, 0.0718117356300354]",False
/content/MargDrishti/data/processed/crops/test/y_intersection/y_intersection-23_jpeg.rf.70c90ccbd2ca33180bd7d03e0fb4361a__397.0.jpg,70,y_intersection,47,side_road_left,0.06678582727909088,"[47, 44, 42]","[0.06678582727909088, 0.06077134236693382, 0.05184854567050934]",False
/content/MargDrishti/data/processed/crops/test/no_entry/no_entry-10_jpg.rf.7158a0a64b852ac18684404aeb3acdcc__398.0.jpg,32,no_entry,32,no_entry,0.577704131603241,"[32, 8, 17]","[0.577704131603241, 0.21741527318954468, 0.024571307003498077]",True
/content/MargDrishti/data/processed/crops/test/steep_descent/steep_descent-34_jpg.rf.71c594fd8d844fefb0d242753c2e273c__399.0.jpg,61,steep_descent,61,steep_descent,0.1694490760564804,"[61, 60, 15]","[0.1694490760564804, 0.08872735500335693, 0.07974192500114441]",True
/content/MargDrishti/data/processed/crops/test/no_parking/no_parking-50_jpg.rf.73a18ab4352a6a3aa8a9cd2e0a10c602__400.0.jpg,33,no_parking,33,no_parking,0.06969566643238068,"[33, 2, 36]","[0.06969566643238068, 0.04746679589152336, 0.04694603383541107]",True
/content/MargDrishti/data/processed/crops/test/stop/stop-72_png.rf.720eed8eae6139758c79607d6110b202__401.0.jpg,62,stop,62,stop,0.6758784055709839,"[62, 46, 29]","[0.6758784055709839, 0.028964631259441376, 0.026162857189774513]",True
/content/MargDrishti/data/processed/crops/test/falling_rocks/falling_rocks-32_jpeg.rf.739da10bfe726c9398be9eac6cac0d35__402.0.jpg,16,falling_rocks,16,falling_rocks,0.16068096458911896,"[16, 17, 23]","[0.16068096458911896, 0.15200825035572052, 0.06710019707679749]",True
/content/MargDrishti/data/processed/crops/test/hump_or_rough_road/hump_or_rough_road-67_jpg.rf.73c59b2374515b41f9f0c3aa2e0034f0__403.0.jpg,23,hump_or_rough_road,17,gap_in_median,0.18657676875591278,"[17, 13, 19]","[0.18657676875591278, 0.0752677172422409, 0.06297788769006729]",False
/content/MargDrishti/data/processed/crops/test/u_turn/u_turn-27_jpg.rf.73e1b2274a7c8b69521e74083066eabd__404.0.jpg,66,u_turn,13,cross_road,0.14547516405582428,"[13, 66, 62]","[0.14547516405582428, 0.08300921320915222, 0.0452205054461956]",False
/content/MargDrishti/data/processed/crops/test/width_limit/width_limit-2_png.rf.73ec4ae70c9f9629bc1414083ac4830c__405.0.jpg,69,width_limit,69,width_limit,0.18870490789413452,"[69, 27, 20]","[0.18870490789413452, 0.15296301245689392, 0.1463789939880371]",True
/content/MargDrishti/data/processed/crops/test/gap_in_median/gap_in_median-32_jpg.rf.7431ba0c538da1b8b6d3ad25bc691ad2__406.0.jpg,17,gap_in_median,17,gap_in_median,0.712252140045166,"[17, 13, 19]","[0.712252140045166, 0.045629650354385376, 0.026299363002181053]",True
/content/MargDrishti/data/processed/crops/test/staggered_intersection/staggered_intersection-14_jpeg.rf.74ee3794b556379a76aacaf0abc42905__407.0.jpg,59,staggered_intersection,13,cross_road,0.14875374734401703,"[13, 48, 63]","[0.14875374734401703, 0.08759103715419769, 0.06844473630189896]",False
/content/MargDrishti/data/processed/crops/test/u_turn/u_turn-31_jpg.rf.757d92664105bbb15db804a62d990727__408.0.jpg,66,u_turn,26,left_turn_prohibited,0.1267235279083252,"[26, 54, 67]","[0.1267235279083252, 0.12290289998054504, 0.10541598498821259]",False
/content/MargDrishti/data/processed/crops/test/falling_rocks/falling_rocks-60_jpg.rf.764d4a637b9d8ad7302878ab7c82db5f__409.0.jpg,16,falling_rocks,62,stop,0.08760757744312286,"[62, 13, 16]","[0.08760757744312286, 0.06279899179935455, 0.06223266199231148]",False
/content/MargDrishti/data/processed/crops/test/speed_limit_80/speed_limit_80-57_jpg.rf.765485877fa9116f0a90f9503658b4a6__410.0.jpg,58,speed_limit_80,54,speed_limit_40,0.27179205417633057,"[54, 58, 56]","[0.27179205417633057, 0.23111991584300995, 0.11057862639427185]",False
/content/MargDrishti/data/processed/crops/test/speed_limit_120/speed_limit_120-30_png.rf.75e1573786fcd71f370b25a14c4c181c__411.0.jpg,51,speed_limit_120,51,speed_limit_120,0.26066237688064575,"[51, 50, 56]","[0.26066237688064575, 0.19383569061756134, 0.07138623297214508]",True
/content/MargDrishti/data/processed/crops/test/side_road_left/side_road_left-60_jpg.rf.75f7497308bb8e81ae563ec0a4fdab6f__412.0.jpg,47,side_road_left,40,quay_side_or_river_bank,0.058532826602458954,"[40, 8, 4]","[0.058532826602458954, 0.05795565992593765, 0.04957982152700424]",False
/content/MargDrishti/data/processed/crops/test/u_turn_prohibited/u_turn_prohibited-29_jpg.rf.7693fdf2f2235b72e86b015919be3350__413.0.jpg,67,u_turn_prohibited,44,right_turn_prohibited,0.14758490025997162,"[44, 67, 26]","[0.14758490025997162, 0.1285209357738495, 0.07600269466638565]",False
/content/MargDrishti/data/processed/crops/test/pedestrian_prohibited/pedestrian_prohibited-23_jpeg.rf.766d341e508fb04a61cb726ab6ae4a61__414.0.jpg,38,pedestrian_prohibited,21,horn_prohibited,0.11910860985517502,"[21, 2, 38]","[0.11910860985517502, 0.11174502223730087, 0.09176591038703918]",False
/content/MargDrishti/data/processed/crops/test/hump_or_rough_road/hump_or_rough_road-57_jpg.rf.766117654d4a9a591b54764581fbf6ae__415.0.jpg,23,hump_or_rough_road,23,hump_or_rough_road,0.11217257380485535,"[23, 68, 17]","[0.11217257380485535, 0.06836560368537903, 0.051435358822345734]",True
/content/MargDrishti/data/processed/crops/test/petrol_pump_ahead/petrol_pump_ahead-23_jpeg.rf.772768d975d6e8e4cbbbe0f909c71384__416.0.jpg,39,petrol_pump_ahead,39,petrol_pump_ahead,0.7753125429153442,"[39, 22, 27]","[0.7753125429153442, 0.08307448774576187, 0.01289182249456644]",True
/content/MargDrishti/data/processed/crops/test/restriction_ends/restriction_ends-39_jpg.rf.77f5d4ff9980e5f7ad37d7deac372ed9__418.0.jpg,41,restriction_ends,41,restriction_ends,0.9080917835235596,"[41, 27, 35]","[0.9080917835235596, 0.014014028944075108, 0.008878073655068874]",True
/content/MargDrishti/data/processed/crops/test/overtaking_prohibited/overtaking_prohibited-27_jpg.rf.788395397f6436e6aa70ee588564abf7__419.0.jpg,35,overtaking_prohibited,35,overtaking_prohibited,0.22916503250598907,"[35, 65, 0]","[0.22916503250598907, 0.153758704662323, 0.13646240532398224]",True
/content/MargDrishti/data/processed/crops/test/no_stopping_or_standing/no_stopping_or_standing-1_jpeg.rf.78cc303d93cf4538eeae2765de4ee75b__420.0.jpg,34,no_stopping_or_standing,34,no_stopping_or_standing,0.06282414495944977,"[34, 33, 36]","[0.06282414495944977, 0.05754939839243889, 0.04947863146662712]",True
/content/MargDrishti/data/processed/crops/test/restriction_ends/restriction_ends-5_jpeg.rf.777b0354ed292196326fc718dc396e55__421.0.jpg,41,restriction_ends,41,restriction_ends,0.11505917459726334,"[41, 21, 26]","[0.11505917459726334, 0.09432632476091385, 0.06939125806093216]",True
/content/MargDrishti/data/processed/crops/test/speed_limit_50/speed_limit_50-24_png.rf.78fe12ee70bcce04051e84b56d377512__422.0.jpg,55,speed_limit_50,51,speed_limit_120,0.1666458547115326,"[51, 56, 55]","[0.1666458547115326, 0.1422032117843628, 0.12813614308834076]",False
/content/MargDrishti/data/processed/crops/test/speed_limit_20/speed_limit_20-21_png.rf.799bcd561b57690e3c78fc068397c218__423.0.jpg,52,speed_limit_20,52,speed_limit_20,0.6216768026351929,"[52, 53, 50]","[0.6216768026351929, 0.05991457775235176, 0.02966007962822914]",True
/content/MargDrishti/data/processed/crops/test/left_turn_prohibited/left_turn_prohibited-18_jpg.rf.7a0260a3d12613aa905b5ecf6e141b31__424.0.jpg,26,left_turn_prohibited,21,horn_prohibited,0.13495609164237976,"[21, 44, 67]","[0.13495609164237976, 0.13401266932487488, 0.06483156979084015]",False
/content/MargDrishti/data/processed/crops/test/narrow_road_ahead/narrow_road_ahead-19_jpg.rf.78f81396edccfff809c54aa56856473e__425.0.jpg,31,narrow_road_ahead,13,cross_road,0.10920069366693497,"[13, 62, 30]","[0.10920069366693497, 0.062008295208215714, 0.057028818875551224]",False
/content/MargDrishti/data/processed/crops/test/speed_limit_120/speed_limit_120-33_png.rf.7a1595a719b3b432e5452a02ed2eb2af__426.0.jpg,51,speed_limit_120,51,speed_limit_120,0.23108358681201935,"[51, 50, 57]","[0.23108358681201935, 0.21817165613174438, 0.10161880403757095]",True
/content/MargDrishti/data/processed/crops/test/guarded_level_crossing/guarded_level_crossing-56_jpg.rf.7a0a154ba3ecdb005fdeb176908ed828__427.0.jpg,19,guarded_level_crossing,19,guarded_level_crossing,0.11517378687858582,"[19, 68, 28]","[0.11517378687858582, 0.11383862048387527, 0.07478112727403641]",True
/content/MargDrishti/data/processed/crops/test/truck_prohibited/truck_prohibited-21_jpeg.rf.7a66e8fcbf9fb59960b5be1e567066f8__428.0.jpg,65,truck_prohibited,65,truck_prohibited,0.15229599177837372,"[65, 2, 33]","[0.15229599177837372, 0.11313328146934509, 0.0813639685511589]",True
/content/MargDrishti/data/processed/crops/test/pedestrian_prohibited/pedestrian_prohibited-31_jpg.rf.7af04ac46958d0653033add862bfc97e__429.0.jpg,38,pedestrian_prohibited,38,pedestrian_prohibited,0.14687392115592957,"[38, 65, 33]","[0.14687392115592957, 0.09177187085151672, 0.09042119979858398]",True
/content/MargDrishti/data/processed/crops/test/compulsary_sound_horn/compulsary_sound_horn-7_jpg.rf.7a9855e7338e859d897c6ea9bc37a96e__430.0.jpg,10,compulsary_sound_horn,0,all_motor_vehicle_prohibited,0.0871068462729454,"[0, 21, 2]","[0.0871068462729454, 0.08421793580055237, 0.04688631743192673]",False
/content/MargDrishti/data/processed/crops/test/no_stopping_or_standing/no_stopping_or_standing-36_jpg.rf.7b31597bb2e66ed71f201f124923e46e__431.0.jpg,34,no_stopping_or_standing,34,no_stopping_or_standing,0.6496207118034363,"[34, 44, 54]","[0.6496207118034363, 0.047082722187042236, 0.04028921201825142]",True
/content/MargDrishti/data/processed/crops/test/speed_limit_30/speed_limit_30-35_png.rf.7b35bbdb42a5603461387ff274ce4e4e__432.0.jpg,53,speed_limit_30,55,speed_limit_50,0.22552688419818878,"[55, 52, 53]","[0.22552688419818878, 0.15480202436447144, 0.12003293633460999]",False
/content/MargDrishti/data/processed/crops/test/speed_limit_100/speed_limit_100-28_png.rf.7b5379eaaf673edcab0628ff8404448d__433.0.jpg,50,speed_limit_100,50,speed_limit_100,0.40843644738197327,"[50, 51, 58]","[0.40843644738197327, 0.07690340280532837, 0.07087995857000351]",True
/content/MargDrishti/data/processed/crops/test/school_ahead/school_ahead-35_jpg.rf.7b51c3ae86ed75677247fad5b4d854e9__434.0.jpg,46,school_ahead,14,cycle_crossing,0.07093199342489243,"[14, 30, 68]","[0.07093199342489243, 0.057709816843271255, 0.05246489867568016]",False
/content/MargDrishti/data/processed/crops/test/speed_limit_80/speed_limit_80-41_png.rf.7bc78a34de7edad68b133106f4641035__435.0.jpg,58,speed_limit_80,58,speed_limit_80,0.28270360827445984,"[58, 51, 56]","[0.28270360827445984, 0.1203475221991539, 0.11273832619190216]",True
/content/MargDrishti/data/processed/crops/test/side_road_right/side_road_right-35_jpg.rf.7bd8c9811b02354718cb931511a131e5__436.0.jpg,48,side_road_right,59,staggered_intersection,0.1375245451927185,"[59, 48, 70]","[0.1375245451927185, 0.12250950187444687, 0.09724035859107971]",False
/content/MargDrishti/data/processed/crops/test/cross_road/cross_road-57_jpg.rf.7bdc1db4b15f4c2199f61865eb48148e__437.0.jpg,13,cross_road,43,right_reverse_bend,0.13095955550670624,"[43, 59, 42]","[0.13095955550670624, 0.10406165570020676, 0.0678955540060997]",False
/content/MargDrishti/data/processed/crops/test/width_limit/width_limit-25_jpeg.rf.7bfbe649ae7822d4e38a800cf4dc0421__438.0.jpg,69,width_limit,20,height_limit,0.2695019841194153,"[20, 69, 1]","[0.2695019841194153, 0.116843082010746, 0.08766284584999084]",False
/content/MargDrishti/data/processed/crops/test/side_road_left/side_road_left-55_jpg.rf.7c6e305ca09c6ba1c76b6df8387459ad__439.0.jpg,47,side_road_left,59,staggered_intersection,0.2590319812297821,"[59, 48, 63]","[0.2590319812297821, 0.17125056684017181, 0.11693308502435684]",False
/content/MargDrishti/data/processed/crops/test/chevron_direction/chevron_direction-35_jpg.rf.7c08054e901430600e23972b224099ac__440.0.jpg,4,chevron_direction,4,chevron_direction,0.2463495433330536,"[4, 23, 18]","[0.2463495433330536, 0.09363279491662979, 0.05111359432339668]",True
/content/MargDrishti/data/processed/crops/test/speed_limit_80/speed_limit_80-44_jpg.rf.7c9481f4be10be43f58619942a142acf__441.0.jpg,58,speed_limit_80,58,speed_limit_80,0.26131385564804077,"[58, 54, 56]","[0.26131385564804077, 0.19254370033740997, 0.17610055208206177]",True
/content/MargDrishti/data/processed/crops/test/u_turn_prohibited/u_turn_prohibited-13_jpg.rf.7cbee1218aa83826ae8737ebbea01c78__442.0.jpg,67,u_turn_prohibited,44,right_turn_prohibited,0.30463775992393494,"[44, 21, 67]","[0.30463775992393494, 0.1632915437221527, 0.1360202431678772]",False
/content/MargDrishti/data/processed/crops/test/school_ahead/school_ahead-37_jpg.rf.7ca59637a4a3a361248d923ad8ebaf44__443.0.jpg,46,school_ahead,13,cross_road,0.1495293825864792,"[13, 46, 62]","[0.1495293825864792, 0.051815640181303024, 0.049542538821697235]",False
/content/MargDrishti/data/processed/crops/test/no_parking/no_parking-1_jpg.rf.7d2272175e9bd1d39f768695e6e71c42__444.0.jpg,33,no_parking,21,horn_prohibited,0.057725902646780014,"[21, 0, 33]","[0.057725902646780014, 0.053445667028427124, 0.04997628182172775]",False
/content/MargDrishti/data/processed/crops/test/width_limit/width_limit-47_jpg.rf.7e31d97b9ff5a548fcbf0e7d57ff1aa8__445.0.jpg,69,width_limit,1,axle_load_limit,0.10221810638904572,"[1, 35, 2]","[0.10221810638904572, 0.08179213106632233, 0.0755130723118782]",False
/content/MargDrishti/data/processed/crops/test/give_way/give_way-66_jpg.rf.7e88037cd87e3fbcbfb6ee1681a5f8c4__447.0.jpg,18,give_way,63,t_intersection,0.050834767520427704,"[63, 70, 27]","[0.050834767520427704, 0.047206614166498184, 0.042461950331926346]",False
/content/MargDrishti/data/processed/crops/test/pedestrian_crossing/pedestrian_crossing-25_jpg.rf.7e60b0126ecaacfafbb3522ecc3794ab__448.0.jpg,37,pedestrian_crossing,68,unguarded_level_crossing,0.07143764197826385,"[68, 46, 37]","[0.07143764197826385, 0.06559929251670837, 0.05962444469332695]",False
/content/MargDrishti/data/processed/crops/test/left_hand_curve/left_hand_curve-50_png.rf.7ee6ffc56310ccaf1bac1887d6dfdfc3__449.0.jpg,24,left_hand_curve,24,left_hand_curve,0.08480419963598251,"[24, 25, 64]","[0.08480419963598251, 0.07018078118562698, 0.06452886760234833]",True
/content/MargDrishti/data/processed/crops/test/petrol_pump_ahead/petrol_pump_ahead-43_jpg.rf.7f26bc4b58fd8a5de6ffe5dd6ca5495c__450.0.jpg,39,petrol_pump_ahead,39,petrol_pump_ahead,0.3236316442489624,"[39, 27, 16]","[0.3236316442489624, 0.05195784941315651, 0.030451586470007896]",True
/content/MargDrishti/data/processed/crops/test/pedestrian_prohibited/pedestrian_prohibited-25_jpeg.rf.7f41a326e7e4a17b749aadcd73ecf261__451.0.jpg,38,pedestrian_prohibited,38,pedestrian_prohibited,0.1539711058139801,"[38, 2, 65]","[0.1539711058139801, 0.13623224198818207, 0.08353014290332794]",True
/content/MargDrishti/data/processed/crops/test/speed_limit_30/speed_limit_30-14_jpg.rf.7ecd2e93b805630d709b124c678c8995__452.0.jpg,53,speed_limit_30,57,speed_limit_70,0.16597482562065125,"[57, 55, 53]","[0.16597482562065125, 0.11023508012294769, 0.10824120789766312]",False
/content/MargDrishti/data/processed/crops/test/quay_side_or_river_bank/quay_side_or_river_bank-20_jpg.rf.7f64c83d40876596bb51d3737f09a7e1__453.0.jpg,40,quay_side_or_river_bank,40,quay_side_or_river_bank,0.28136304020881653,"[40, 16, 68]","[0.28136304020881653, 0.057857513427734375, 0.05453572794795036]",True
/content/MargDrishti/data/processed/crops/test/falling_rocks/falling_rocks-5_jpg.rf.7fb95832e692239ff88fac175c4be967__454.0.jpg,16,falling_rocks,68,unguarded_level_crossing,0.11328094452619553,"[68, 28, 16]","[0.11328094452619553, 0.10037413239479065, 0.09210492670536041]",False
/content/MargDrishti/data/processed/crops/test/right_reverse_bend/right_reverse_bend-48_jpg.rf.7fef1f57ebd7f2fd2bc40a37179040ae__455.0.jpg,43,right_reverse_bend,43,right_reverse_bend,0.11473479866981506,"[43, 59, 48]","[0.11473479866981506, 0.08610653132200241, 0.08256877213716507]",True
/content/MargDrishti/data/processed/crops/test/cycle_crossing/cycle_crossing-49_png.rf.7f8d64af08eddd949f8639447c0c32d3__456.0.jpg,14,cycle_crossing,14,cycle_crossing,0.15052959322929382,"[14, 62, 25]","[0.15052959322929382, 0.07662095874547958, 0.06498376280069351]",True
/content/MargDrishti/data/processed/crops/test/axle_load_limit/axle_load_limit-10_png.rf.802e79b19d308af5bb7b435883c8277d__457.0.jpg,1,axle_load_limit,1,axle_load_limit,0.4642121195793152,"[1, 20, 59]","[0.4642121195793152, 0.0654049888253212, 0.04740085452795029]",True
/content/MargDrishti/data/processed/crops/test/hump_or_rough_road/hump_or_rough_road-19_jpg.rf.806c049ef857a1ca2848f093065e98c2__458.0.jpg,23,hump_or_rough_road,23,hump_or_rough_road,0.24942106008529663,"[23, 47, 30]","[0.24942106008529663, 0.05454550310969353, 0.05124873295426369]",True
/content/MargDrishti/data/processed/crops/test/slippery_road/slippery_road-38_jpg.rf.808579ac1f33dc4779ef4987e315eefa__459.0.jpg,49,slippery_road,13,cross_road,0.11994006484746933,"[13, 3, 62]","[0.11994006484746933, 0.06945391744375229, 0.06808387488126755]",False
/content/MargDrishti/data/processed/crops/test/side_road_right/side_road_right-45_jpg.rf.80ae0e3d31a0060cb054bcf970c88bf2__460.0.jpg,48,side_road_right,47,side_road_left,0.0954437255859375,"[47, 66, 23]","[0.0954437255859375, 0.07996297627687454, 0.07237551361322403]",False
/content/MargDrishti/data/processed/crops/test/speed_limit_120/speed_limit_120-53_png.rf.815c5639f7ba3ed3da631d83d21df2e6__461.0.jpg,51,speed_limit_120,51,speed_limit_120,0.3576432764530182,"[51, 50, 54]","[0.3576432764530182, 0.13860031962394714, 0.07529153674840927]",True
/content/MargDrishti/data/processed/crops/test/speed_limit_80/speed_limit_80-35_jpg.rf.81731aff2e2b74a4ce5b48f230efaf46__462.0.jpg,58,speed_limit_80,54,speed_limit_40,0.36518946290016174,"[54, 58, 56]","[0.36518946290016174, 0.2281561940908432, 0.2020883709192276]",False
/content/MargDrishti/data/processed/crops/test/quay_side_or_river_bank/quay_side_or_river_bank-28_jpg.rf.80c802ac9c9e353a91f739e88a6d6227__463.0.jpg,40,quay_side_or_river_bank,40,quay_side_or_river_bank,0.3372742235660553,"[40, 68, 28]","[0.3372742235660553, 0.10170457512140274, 0.07065803557634354]",True
/content/MargDrishti/data/processed/crops/test/narrow_bridge_ahead/narrow_bridge_ahead-32_jpg.rf.817d11d50a024f34ecb204645d4ad1a8__464.0.jpg,30,narrow_bridge_ahead,30,narrow_bridge_ahead,0.15380287170410156,"[30, 70, 59]","[0.15380287170410156, 0.1497354656457901, 0.11147528141736984]",True
/content/MargDrishti/data/processed/crops/test/compulsary_ahead/compulsary_ahead-11_png.rf.81b45689ea1e8ddf42edf5b8065366ea__465.0.jpg,5,compulsary_ahead,5,compulsary_ahead,0.33527541160583496,"[5, 7, 6]","[0.33527541160583496, 0.14738082885742188, 0.0921405479311943]",True
/content/MargDrishti/data/processed/crops/test/restriction_ends/restriction_ends-64_png.rf.81faf9621ba1afb29a13185c537d31d2__466.0.jpg,41,restriction_ends,41,restriction_ends,0.5407891869544983,"[41, 35, 0]","[0.5407891869544983, 0.0670192614197731, 0.04746353626251221]",True
/content/MargDrishti/data/processed/crops/test/men_at_work/men_at_work-52_png.rf.82896e62fa163d180551a6d287c8bf54__467.0.jpg,29,men_at_work,29,men_at_work,0.2197757363319397,"[29, 37, 64]","[0.2197757363319397, 0.130610853433609, 0.0737331211566925]",True
/content/MargDrishti/data/processed/crops/test/cross_road/cross_road-11_jpg.rf.8258baa7604093ec244c3d9907832139__468.0.jpg,13,cross_road,13,cross_road,0.21514396369457245,"[13, 46, 66]","[0.21514396369457245, 0.05042308196425438, 0.03894103690981865]",True
/content/MargDrishti/data/processed/crops/test/guarded_level_crossing/guarded_level_crossing-29_png.rf.82f6d5fe269b65b594d082f10b924c97__469.0.jpg,19,guarded_level_crossing,19,guarded_level_crossing,0.22566434741020203,"[19, 68, 59]","[0.22566434741020203, 0.08312861621379852, 0.0732741430401802]",True
/content/MargDrishti/data/processed/crops/test/stop/stop-15_jpg.rf.8309bb8ab14c5bb4f3dfa974015f3137__470.0.jpg,62,stop,62,stop,0.4127780795097351,"[62, 66, 63]","[0.4127780795097351, 0.019743800163269043, 0.01931224949657917]",True
/content/MargDrishti/data/processed/crops/test/speed_limit_120/speed_limit_120-36_png.rf.83374d94e3481dad0355cd283d3ee60d__471.0.jpg,51,speed_limit_120,50,speed_limit_100,0.20084728300571442,"[50, 51, 58]","[0.20084728300571442, 0.1800902783870697, 0.06957893818616867]",False
/content/MargDrishti/data/processed/crops/test/traffic_signal/traffic_signal-62_png.rf.834b1ba033de3aeccd11e54bbe8007ae__472.0.jpg,64,traffic_signal,64,traffic_signal,0.34916070103645325,"[64, 23, 24]","[0.34916070103645325, 0.037984032183885574, 0.03275364637374878]",True
/content/MargDrishti/data/processed/crops/test/cycle_crossing/cycle_crossing-23_jpg.rf.83d8a33d47f787a57b8760814abac50a__473.0.jpg,14,cycle_crossing,14,cycle_crossing,0.14563025534152985,"[14, 60, 61]","[0.14563025534152985, 0.06518180668354034, 0.06052341312170029]",True
/content/MargDrishti/data/processed/crops/test/height_limit/height_limit-19_jpg.rf.83b90aa989d13c58f442a4e0a225926e__475.0.jpg,20,height_limit,59,staggered_intersection,0.13576842844486237,"[59, 63, 48]","[0.13576842844486237, 0.11211896687746048, 0.0939955860376358]",False
/content/MargDrishti/data/processed/crops/test/loose_gravel/loose_gravel-16_jpeg.rf.83c2699dfe0027b54a5457402de1618c__476.0.jpg,28,loose_gravel,70,y_intersection,0.06551780551671982,"[70, 28, 63]","[0.06551780551671982, 0.06484958529472351, 0.050878893584012985]",False
/content/MargDrishti/data/processed/crops/test/no_stopping_or_standing/no_stopping_or_standing-49_jpg.rf.83db5db63e0941b5b7b28217797517d2__477.0.jpg,34,no_stopping_or_standing,34,no_stopping_or_standing,0.8345308303833008,"[34, 32, 5]","[0.8345308303833008, 0.04460345581173897, 0.009150806814432144]",True
/content/MargDrishti/data/processed/crops/test/compulsary_keep_right/compulsary_keep_right-23_png.rf.84238a430c774fe4be7092ba1fd572ae__478.0.jpg,9,compulsary_keep_right,9,compulsary_keep_right,0.22637037932872772,"[9, 5, 7]","[0.22637037932872772, 0.09769543260335922, 0.06355070322751999]",True
/content/MargDrishti/data/processed/crops/test/left_hand_curve/left_hand_curve-45_png.rf.846220b86204fcb98fb0f877f1f0350e__479.0.jpg,24,left_hand_curve,25,left_reverse_bend,0.16864530742168427,"[25, 31, 37]","[0.16864530742168427, 0.13780266046524048, 0.09212815761566162]",False
/content/MargDrishti/data/processed/crops/test/pass_either_side/pass_either_side-11_png.rf.83e92a9d03a0fd31b0b6ccc23b0889bb__480.0.jpg,36,pass_either_side,36,pass_either_side,0.1739816814661026,"[36, 7, 6]","[0.1739816814661026, 0.12823757529258728, 0.06820233166217804]",True
/content/MargDrishti/data/processed/crops/test/truck_prohibited/truck_prohibited-16_jpeg.rf.849ea16a27bbdb9797da2a96ac614a63__481.0.jpg,65,truck_prohibited,27,length_limit,0.18655307590961456,"[27, 69, 0]","[0.18655307590961456, 0.07674858719110489, 0.07334279268980026]",False
/content/MargDrishti/data/processed/crops/test/u_turn/u_turn-37_jpg.rf.84af58acc27cfc7c35e1d4fa3e511a08__482.0.jpg,66,u_turn,66,u_turn,0.10904315859079361,"[66, 43, 30]","[0.10904315859079361, 0.07709240168333054, 0.06191827729344368]",True
/content/MargDrishti/data/processed/crops/test/all_motor_vehicle_prohibited/all_motor_vehicle_prohibited-48_jpg.rf.84eb5669734d88bd4a842dfbb6c59f16__483.0.jpg,0,all_motor_vehicle_prohibited,0,all_motor_vehicle_prohibited,0.23289868235588074,"[0, 2, 35]","[0.23289868235588074, 0.18278023600578308, 0.10683903843164444]",True
/content/MargDrishti/data/processed/crops/test/compulsary_ahead/compulsary_ahead-5_png.rf.849c1cf58662047123f10564030b1c33__484.0.jpg,5,compulsary_ahead,5,compulsary_ahead,0.2299877405166626,"[5, 36, 7]","[0.2299877405166626, 0.19376862049102783, 0.09602256119251251]",True
/content/MargDrishti/data/processed/crops/test/speed_limit_50/speed_limit_50-32_png.rf.85737563a9dc4a044c2c0148dc6543ef__485.0.jpg,55,speed_limit_50,55,speed_limit_50,0.33890271186828613,"[55, 53, 52]","[0.33890271186828613, 0.06801138818264008, 0.06659727543592453]",True
/content/MargDrishti/data/processed/crops/test/compulsary_sound_horn/compulsary_sound_horn-41_jpg.rf.86c8028579f770dafe10da77a8fed04d__486.0.jpg,10,compulsary_sound_horn,10,compulsary_sound_horn,0.5234580039978027,"[10, 8, 32]","[0.5234580039978027, 0.2751496136188507, 0.037536509335041046]",True
/content/MargDrishti/data/processed/crops/test/pass_either_side/pass_either_side-20_jpg.rf.8667bd5792fa65c283d62018c4d40ada__487.0.jpg,36,pass_either_side,52,speed_limit_20,0.07017309963703156,"[52, 66, 53]","[0.07017309963703156, 0.06054120883345604, 0.048147160559892654]",False
/content/MargDrishti/data/processed/crops/test/u_turn/u_turn-38_jpg.rf.8540df8db2d052fb1eee5362d8fe21ce__488.0.jpg,66,u_turn,66,u_turn,0.11369619518518448,"[66, 43, 30]","[0.11369619518518448, 0.07022380828857422, 0.05684151500463486]",True
/content/MargDrishti/data/processed/crops/test/truck_prohibited/truck_prohibited-14_jpeg.rf.86e1c3fe833d617596af0d48844f41e6__489.0.jpg,65,truck_prohibited,65,truck_prohibited,0.1894407570362091,"[65, 2, 35]","[0.1894407570362091, 0.13185472786426544, 0.09242141991853714]",True
/content/MargDrishti/data/processed/crops/test/restriction_ends/restriction_ends-35_png.rf.86f56747fe75011ad2ab2af29f879fcd__490.0.jpg,41,restriction_ends,41,restriction_ends,0.4419976472854614,"[41, 9, 11]","[0.4419976472854614, 0.0707327127456665, 0.0635429322719574]",True
/content/MargDrishti/data/processed/crops/test/hump_or_rough_road/hump_or_rough_road-64_jpg.rf.87306268c961f4879f3607bd20c8c054__491.0.jpg,23,hump_or_rough_road,64,traffic_signal,0.12476114183664322,"[64, 23, 37]","[0.12476114183664322, 0.12203007191419601, 0.07813780009746552]",False
/content/MargDrishti/data/processed/crops/test/school_ahead/school_ahead-25_jpg.rf.87704afd4bb70d88c2b9ff13ab218e8c__492.0.jpg,46,school_ahead,68,unguarded_level_crossing,0.06623481214046478,"[68, 16, 46]","[0.06623481214046478, 0.06469881534576416, 0.05518130585551262]",False
/content/MargDrishti/data/processed/crops/test/hospital_ahead/hospital_ahead-59_jpg.rf.8813b5aec06a71a6e1b43a18310bd853__493.0.jpg,22,hospital_ahead,39,petrol_pump_ahead,0.26010626554489136,"[39, 22, 48]","[0.26010626554489136, 0.2497556507587433, 0.030390910804271698]",False
/content/MargDrishti/data/processed/crops/test/pedestrian_crossing/pedestrian_crossing-45_jpg.rf.86fd0b16aa464075e31fbcf0f7ce5a4f__494.0.jpg,37,pedestrian_crossing,37,pedestrian_crossing,0.1882459670305252,"[37, 47, 31]","[0.1882459670305252, 0.14208345115184784, 0.0486244298517704]",True
/content/MargDrishti/data/processed/crops/test/right_reverse_bend/right_reverse_bend-50_jpg.rf.8735274ca42ca41fc604176d1c7b99a2__495.0.jpg,43,right_reverse_bend,43,right_reverse_bend,0.15806333720684052,"[43, 48, 70]","[0.15806333720684052, 0.10769402235746384, 0.10163283348083496]",True
/content/MargDrishti/data/processed/crops/test/speed_limit_60/speed_limit_60-53_jpg.rf.8843c7b52e446bef5c80206e2a965940__496.0.jpg,56,speed_limit_60,54,speed_limit_40,0.24409009516239166,"[54, 56, 58]","[0.24409009516239166, 0.08809348195791245, 0.0514572337269783]",False
/content/MargDrishti/data/processed/crops/test/school_ahead/school_ahead-60_png.rf.88960f73e4bde79f0e1a63a7121f45c5__497.0.jpg,46,school_ahead,62,stop,0.08802681416273117,"[62, 31, 64]","[0.08802681416273117, 0.08036721497774124, 0.060877639800310135]",False
/content/MargDrishti/data/processed/crops/test/pass_either_side/pass_either_side-47_jpg.rf.8897d92353d70944b76eaa72d80cd8b3__498.0.jpg,36,pass_either_side,36,pass_either_side,0.2368423342704773,"[36, 7, 6]","[0.2368423342704773, 0.109103262424469, 0.06437213718891144]",True
/content/MargDrishti/data/processed/crops/test/right_turn_prohibited/right_turn_prohibited-37_jpg.rf.88ac992ef55ff1656cc624c8ee1e5044__499.0.jpg,44,right_turn_prohibited,44,right_turn_prohibited,0.11167129129171371,"[44, 67, 2]","[0.11167129129171371, 0.09211485832929611, 0.06978044658899307]",True
/content/MargDrishti/data/processed/crops/test/narrow_bridge_ahead/narrow_bridge_ahead-19_jpg.rf.88d137cf9b3c2de214d681b570860aea__500.0.jpg,30,narrow_bridge_ahead,30,narrow_bridge_ahead,0.07458718866109848,"[30, 63, 43]","[0.07458718866109848, 0.07180669158697128, 0.06913237273693085]",True
/content/MargDrishti/data/processed/crops/test/compulsary_sound_horn/compulsary_sound_horn-26_jpg.rf.88c73a17f6d98f4ffc5e0533d4362917__501.0.jpg,10,compulsary_sound_horn,10,compulsary_sound_horn,0.5259177684783936,"[10, 44, 41]","[0.5259177684783936, 0.08347716927528381, 0.07522911578416824]",True
/content/MargDrishti/data/processed/crops/test/traffic_signal/traffic_signal-23_jpg.rf.897f1cc09611c8c0956f58e1d18e38ad__502.0.jpg,64,traffic_signal,64,traffic_signal,0.14147444069385529,"[64, 48, 15]","[0.14147444069385529, 0.11986806988716125, 0.10819334536790848]",True
/content/MargDrishti/data/processed/crops/test/t_intersection/t_intersection-20_png.rf.899086ebc4ac2cde138ff6eae88d20ec__503.0.jpg,63,t_intersection,70,y_intersection,0.2497710883617401,"[70, 48, 63]","[0.2497710883617401, 0.09022638201713562, 0.07399462163448334]",False
/content/MargDrishti/data/processed/crops/test/pedestrian_crossing/pedestrian_crossing-37_png.rf.895f45d27eae204226a4304237aa3072__504.0.jpg,37,pedestrian_crossing,25,left_reverse_bend,0.07696274667978287,"[25, 13, 62]","[0.07696274667978287, 0.06689111143350601, 0.04859987646341324]",False
/content/MargDrishti/data/processed/crops/test/dangerous_dip/dangerous_dip-16_jpg.rf.89e2a51faa3484bd02529567d4920b43__505.0.jpg,15,dangerous_dip,59,staggered_intersection,0.10288074612617493,"[59, 15, 70]","[0.10288074612617493, 0.07831881940364838, 0.07043591886758804]",False
/content/MargDrishti/data/processed/crops/test/right_hand_curve/right_hand_curve-50_png.rf.89914d78f87d3ed5e0acb357720e53fe__506.0.jpg,42,right_hand_curve,37,pedestrian_crossing,0.15890173614025116,"[37, 64, 31]","[0.15890173614025116, 0.1321392059326172, 0.09941686689853668]",False
/content/MargDrishti/data/processed/crops/test/pass_either_side/pass_either_side-54_jpg.rf.89fbd5aa013dd8eeea57529024ce55a6__507.0.jpg,36,pass_either_side,36,pass_either_side,0.10257475823163986,"[36, 6, 7]","[0.10257475823163986, 0.05882782116532326, 0.047152698040008545]",True
/content/MargDrishti/data/processed/crops/test/speed_limit_120/speed_limit_120-60_png.rf.89fad1c7527fb0e0155749900be0852a__508.0.jpg,51,speed_limit_120,51,speed_limit_120,0.13054047524929047,"[51, 50, 56]","[0.13054047524929047, 0.08379063010215759, 0.08263037353754044]",True
/content/MargDrishti/data/processed/crops/test/length_limit/length_limit-4_png.rf.8af8b67bef3f9fcdb782bf714263081a__509.0.jpg,27,length_limit,27,length_limit,0.35434457659721375,"[27, 20, 69]","[0.35434457659721375, 0.09860716015100479, 0.08045636117458344]",True
/content/MargDrishti/data/processed/crops/test/no_stopping_or_standing/no_stopping_or_standing-58_jpg.rf.8b07a641187f251a84da5e913e3b7ccb__510.0.jpg,34,no_stopping_or_standing,34,no_stopping_or_standing,0.7156993746757507,"[34, 67, 44]","[0.7156993746757507, 0.05077718570828438, 0.049597520381212234]",True
/content/MargDrishti/data/processed/crops/test/men_at_work/men_at_work-3_jpeg.rf.8b048d0933cc31961408d200d1f0632e__511.0.jpg,29,men_at_work,43,right_reverse_bend,0.06054101139307022,"[43, 46, 30]","[0.06054101139307022, 0.05868234485387802, 0.05571230128407478]",False
/content/MargDrishti/data/processed/crops/test/no_entry/no_entry-52_jpg.rf.8b445ed4c51a111260f60bc4930f29ff__512.0.jpg,32,no_entry,32,no_entry,0.8069772124290466,"[32, 34, 10]","[0.8069772124290466, 0.04171250760555267, 0.019722657278180122]",True
/content/MargDrishti/data/processed/crops/test/speed_limit_60/speed_limit_60-44_jpg.rf.8c56cb0dae7faba5b679a8d0f580f209__513.0.jpg,56,speed_limit_60,58,speed_limit_80,0.27901822328567505,"[58, 54, 56]","[0.27901822328567505, 0.18275222182273865, 0.1155279353260994]",False
/content/MargDrishti/data/processed/crops/test/compulsary_turn_right_ahead/compulsary_turn_right_ahead-21_png.rf.8be6183c8c7177e8a5fdaa9acad98149__514.0.jpg,12,compulsary_turn_right_ahead,12,compulsary_turn_right_ahead,0.36252740025520325,"[12, 7, 9]","[0.36252740025520325, 0.12807652354240417, 0.06635171175003052]",True
/content/MargDrishti/data/processed/crops/test/width_limit/width_limit-13_jpeg.rf.8cb1b0c409de41af5c500cdbedadf0a2__515.0.jpg,69,width_limit,27,length_limit,0.13188274204730988,"[27, 69, 20]","[0.13188274204730988, 0.11279115080833435, 0.08877237141132355]",False
/content/MargDrishti/data/processed/crops/test/give_way/give_way-24_png.rf.8bc0774530a863bc0fc27a8459aebbb5__516.0.jpg,18,give_way,18,give_way,0.484183669090271,"[18, 17, 49]","[0.484183669090271, 0.047734376043081284, 0.03137171268463135]",True
/content/MargDrishti/data/processed/crops/test/steep_ascent/steep_ascent-44_jpg.rf.8dc761393d3b5a1290eef52f7f06e61e__517.0.jpg,60,steep_ascent,40,quay_side_or_river_bank,0.39590582251548767,"[40, 60, 68]","[0.39590582251548767, 0.062319010496139526, 0.060776375234127045]",False
/content/MargDrishti/data/processed/crops/test/steep_ascent/steep_ascent-7_jpeg.rf.8d4249a29b726f3042655f5347123d94__518.0.jpg,60,steep_ascent,62,stop,0.05873631685972214,"[62, 13, 45]","[0.05873631685972214, 0.05624128878116608, 0.049046266824007034]",False
/content/MargDrishti/data/processed/crops/test/hump_or_rough_road/hump_or_rough_road-48_jpg.rf.8d431eb943b14decb3e4acd87bb94f2d__519.0.jpg,23,hump_or_rough_road,37,pedestrian_crossing,0.14599163830280304,"[37, 66, 24]","[0.14599163830280304, 0.10115823894739151, 0.08390523493289948]",False
/content/MargDrishti/data/processed/crops/test/compulsary_turn_left_ahead/compulsary_turn_left_ahead-25_png.rf.8de659c0737e59049494d651ad5e89df__520.0.jpg,11,compulsary_turn_left_ahead,11,compulsary_turn_left_ahead,0.27948862314224243,"[11, 12, 7]","[0.27948862314224243, 0.2129649519920349, 0.10911412537097931]",True
/content/MargDrishti/data/processed/crops/test/falling_rocks/falling_rocks-43_jpeg.rf.8e13cde20b07f108da7541cdd14ccb1e__521.0.jpg,16,falling_rocks,13,cross_road,0.20533467829227448,"[13, 3, 16]","[0.20533467829227448, 0.1009770929813385, 0.10095791518688202]",False
/content/MargDrishti/data/processed/crops/test/stop/stop-1_jpg.rf.8ecc2b7194cc655d4075196fe255d9bf__522.0.jpg,62,stop,62,stop,0.28425195813179016,"[62, 13, 66]","[0.28425195813179016, 0.06596652418375015, 0.04713381454348564]",True
/content/MargDrishti/data/processed/crops/test/guarded_level_crossing/guarded_level_crossing-49_jpg.rf.8e9cb50db335700e62fa16e926e21437__523.0.jpg,19,guarded_level_crossing,19,guarded_level_crossing,0.4017886221408844,"[19, 37, 17]","[0.4017886221408844, 0.06190017610788345, 0.0512370727956295]",True
/content/MargDrishti/data/processed/crops/test/u_turn_prohibited/u_turn_prohibited-7_jpg.rf.8f7eaa878fcd76f76f5b61a743021de3__524.0.jpg,67,u_turn_prohibited,44,right_turn_prohibited,0.23512375354766846,"[44, 33, 26]","[0.23512375354766846, 0.12524332106113434, 0.11423686146736145]",False
/content/MargDrishti/data/processed/crops/test/gap_in_median/gap_in_median-43_jpg.rf.8f59098cc21efefcbb4cf39d7949c52b__525.0.jpg,17,gap_in_median,17,gap_in_median,0.6805235147476196,"[17, 23, 47]","[0.6805235147476196, 0.030294500291347504, 0.02273555099964142]",True
/content/MargDrishti/data/processed/crops/test/falling_rocks/falling_rocks-21_jpeg.rf.8fdbf40df5fcbc4f611d1c424014c045__526.0.jpg,16,falling_rocks,16,falling_rocks,0.35940590500831604,"[16, 66, 13]","[0.35940590500831604, 0.05613550916314125, 0.0503992885351181]",True
/content/MargDrishti/data/processed/crops/test/compulsary_ahead_or_turn_left/compulsary_ahead_or_turn_left-5_jpg.rf.90a38ccb7e3263a7df77ee2bcce9f97a__527.0.jpg,6,compulsary_ahead_or_turn_left,36,pass_either_side,0.14731869101524353,"[36, 11, 6]","[0.14731869101524353, 0.13327185809612274, 0.09592670202255249]",False
/content/MargDrishti/data/processed/crops/test/compulsary_ahead/compulsary_ahead-47_png.rf.90319180ab7f264ef256bf2b2b5678e1__528.0.jpg,5,compulsary_ahead,5,compulsary_ahead,0.4129532277584076,"[5, 7, 9]","[0.4129532277584076, 0.09591405093669891, 0.07480189204216003]",True
/content/MargDrishti/data/processed/crops/test/hump_or_rough_road/hump_or_rough_road-15_jpg.rf.90bbaf99f39589e8205e45ecca2b5664__529.0.jpg,23,hump_or_rough_road,23,hump_or_rough_road,0.15825499594211578,"[23, 13, 64]","[0.15825499594211578, 0.09351762384176254, 0.03571490943431854]",True
/content/MargDrishti/data/processed/crops/test/stop/stop-46_png.rf.90ce1bcbe8a57c8caca097e5b6e0c3e5__530.0.jpg,62,stop,62,stop,0.4425532817840576,"[62, 45, 64]","[0.4425532817840576, 0.03341039642691612, 0.02217736281454563]",True
/content/MargDrishti/data/processed/crops/test/bullock_cart_and_hand_cart_prohibited/bullock_cart_and_hand_cart_prohibited-50_jpg.rf.91432c33a931f2b323642408c491f533__531.0.jpg,2,bullock_cart_and_hand_cart_prohibited,2,bullock_cart_and_hand_cart_prohibited,0.21392211318016052,"[2, 0, 38]","[0.21392211318016052, 0.16877977550029755, 0.08557258546352386]",True
/content/MargDrishti/data/processed/crops/test/compulsary_ahead_or_turn_right/compulsary_ahead_or_turn_right-48_png.rf.917a0a113be88e0fd20ec91cc43ad782__532.0.jpg,7,compulsary_ahead_or_turn_right,7,compulsary_ahead_or_turn_right,0.14447592198848724,"[7, 5, 8]","[0.14447592198848724, 0.09125924855470657, 0.053159527480602264]",True
/content/MargDrishti/data/processed/crops/test/pedestrian_prohibited/pedestrian_prohibited-29_jpg.rf.91a30ae598e13dde42557cd2b33fe920__533.0.jpg,38,pedestrian_prohibited,38,pedestrian_prohibited,0.1380796581506729,"[38, 65, 33]","[0.1380796581506729, 0.09820891171693802, 0.07743095606565475]",True
/content/MargDrishti/data/processed/crops/test/slippery_road/slippery_road-6_jpg.rf.9267e1679a96ce262c144eb5b0382e37__534.0.jpg,49,slippery_road,49,slippery_road,0.1558576226234436,"[49, 40, 3]","[0.1558576226234436, 0.13035494089126587, 0.06269894540309906]",True
/content/MargDrishti/data/processed/crops/test/speed_limit_70/speed_limit_70-24_jpg.rf.92871086e4637d17fe6b06874b39049a__535.0.jpg,57,speed_limit_70,69,width_limit,0.08455047756433487,"[69, 57, 20]","[0.08455047756433487, 0.06182197108864784, 0.05201292410492897]",False
/content/MargDrishti/data/processed/crops/test/speed_limit_30/speed_limit_30-26_png.rf.92495a0baaf26e89ef37ad04cf016250__536.0.jpg,53,speed_limit_30,53,speed_limit_30,0.22787125408649445,"[53, 55, 52]","[0.22787125408649445, 0.19750073552131653, 0.16708795726299286]",True
/content/MargDrishti/data/processed/crops/test/compulsary_turn_right_ahead/compulsary_turn_right_ahead-26_png.rf.940e58826af6152bd47cae92077464ea__537.0.jpg,12,compulsary_turn_right_ahead,12,compulsary_turn_right_ahead,0.308503121137619,"[12, 7, 6]","[0.308503121137619, 0.2767942249774933, 0.09591127187013626]",True
/content/MargDrishti/data/processed/crops/test/petrol_pump_ahead/petrol_pump_ahead-38_jpg.rf.93410eb65ec271811d53f2ef534686a4__539.0.jpg,39,petrol_pump_ahead,39,petrol_pump_ahead,0.8328573107719421,"[39, 22, 60]","[0.8328573107719421, 0.048821624368429184, 0.01232256181538105]",True
/content/MargDrishti/data/processed/crops/test/narrow_road_ahead/narrow_road_ahead-42_jpg.rf.933f80f61cf5c290cf7100942a4b6e3d__540.0.jpg,31,narrow_road_ahead,31,narrow_road_ahead,0.17550121247768402,"[31, 30, 59]","[0.17550121247768402, 0.1517162024974823, 0.06316790729761124]",True
/content/MargDrishti/data/processed/crops/test/right_hand_curve/right_hand_curve-46_jpg.rf.94dea7ea97a38a405d51ee6ba8cc3b52__541.0.jpg,42,right_hand_curve,16,falling_rocks,0.0681564062833786,"[16, 13, 23]","[0.0681564062833786, 0.0660850927233696, 0.06299126893281937]",False
/content/MargDrishti/data/processed/crops/test/speed_limit_100/speed_limit_100-1_jpg.rf.953f1071455b54f0509cd013c6a756f5__542.0.jpg,50,speed_limit_100,57,speed_limit_70,0.15596047043800354,"[57, 50, 20]","[0.15596047043800354, 0.13081799447536469, 0.0755496472120285]",False
/content/MargDrishti/data/processed/crops/test/right_hand_curve/right_hand_curve-69_png.rf.963066340822b52723925521c9936455__543.0.jpg,42,right_hand_curve,29,men_at_work,0.13665439188480377,"[29, 25, 31]","[0.13665439188480377, 0.11563552916049957, 0.1056966558098793]",False
/content/MargDrishti/data/processed/crops/test/no_entry/no_entry-67_png.rf.9579b7b84e0ba946a9943962422327bc__544.0.jpg,32,no_entry,32,no_entry,0.45431551337242126,"[32, 9, 7]","[0.45431551337242126, 0.06468897312879562, 0.05890197679400444]",True
/content/MargDrishti/data/processed/crops/test/narrow_bridge_ahead/narrow_bridge_ahead-73_jpg.rf.9cc000e41a5ae59fb366e4f9d4caf910__545.0.jpg,30,narrow_bridge_ahead,30,narrow_bridge_ahead,0.10480789840221405,"[30, 17, 13]","[0.10480789840221405, 0.0694957822561264, 0.04738188907504082]",True
/content/MargDrishti/data/processed/crops/test/steep_descent/steep_descent-28_jpg.rf.986e051e5ed0e81d22de9a14a5bfc655__546.0.jpg,61,steep_descent,43,right_reverse_bend,0.1043287068605423,"[43, 61, 30]","[0.1043287068605423, 0.07386743277311325, 0.05193310230970383]",False
/content/MargDrishti/data/processed/crops/test/no_entry/no_entry-50_jpg.rf.9a8a9f901d068fea52123fe9b63242d3__547.0.jpg,32,no_entry,32,no_entry,0.7226523160934448,"[32, 34, 44]","[0.7226523160934448, 0.07179877907037735, 0.01703724078834057]",True
/content/MargDrishti/data/processed/crops/test/petrol_pump_ahead/petrol_pump_ahead-52_jpg.rf.9bda1f892fe37269e5a8d7103a9b5c4f__548.0.jpg,39,petrol_pump_ahead,39,petrol_pump_ahead,0.919126570224762,"[39, 22, 10]","[0.919126570224762, 0.0113119687885046, 0.005407706834375858]",True
/content/MargDrishti/data/processed/crops/test/quay_side_or_river_bank/quay_side_or_river_bank-8_jpg.rf.9aa8b27c475f155bca65f25a76f11ed0__549.0.jpg,40,quay_side_or_river_bank,40,quay_side_or_river_bank,0.16894589364528656,"[40, 15, 19]","[0.16894589364528656, 0.07722318917512894, 0.07533340156078339]",True
/content/MargDrishti/data/processed/crops/test/restriction_ends/restriction_ends-61_png.rf.965fb5f7dbe49ad1d8bda6f11a1738f3__550.0.jpg,41,restriction_ends,41,restriction_ends,0.7350794672966003,"[41, 26, 32]","[0.7350794672966003, 0.03763506934046745, 0.035114433616399765]",True
/content/MargDrishti/data/processed/crops/test/horn_prohibited/horn_prohibited-25_jpg.rf.9a08a8eaafc8cd1d2ddf75cfaf2f6cb9__551.0.jpg,21,horn_prohibited,21,horn_prohibited,0.12271418422460556,"[21, 0, 2]","[0.12271418422460556, 0.05638314411044121, 0.05390843003988266]",True
/content/MargDrishti/data/processed/crops/test/width_limit/width_limit-4_png.rf.978ea468b125d3b89090d43ba1fd0e2a__552.0.jpg,69,width_limit,69,width_limit,0.24659200012683868,"[69, 27, 20]","[0.24659200012683868, 0.1499614119529724, 0.13034464418888092]",True
/content/MargDrishti/data/processed/crops/test/cattle_ahead/cattle_ahead-12_jpg.rf.96e2c667165a7fa21ab9f4fffe7bdaf0__553.0.jpg,3,cattle_ahead,3,cattle_ahead,0.992864727973938,"[3, 16, 29]","[0.992864727973938, 0.0005979682318866253, 0.000573866069316864]",True
/content/MargDrishti/data/processed/crops/test/left_turn_prohibited/left_turn_prohibited-23_jpg.rf.9790d80c7c898a826db4090a3113bdfb__554.0.jpg,26,left_turn_prohibited,44,right_turn_prohibited,0.32285797595977783,"[44, 33, 26]","[0.32285797595977783, 0.2335282266139984, 0.09711485356092453]",False
/content/MargDrishti/data/processed/crops/test/quay_side_or_river_bank/quay_side_or_river_bank-10_jpg.rf.98b902badf669586ba3582ebad2cacfe__555.0.jpg,40,quay_side_or_river_bank,40,quay_side_or_river_bank,0.15217730402946472,"[40, 49, 15]","[0.15217730402946472, 0.12753741443157196, 0.10584644228219986]",True
/content/MargDrishti/data/processed/crops/test/overtaking_prohibited/overtaking_prohibited-1_jpg.rf.9a64d37dcb85352b284eab0d9f134a6f__556.0.jpg,35,overtaking_prohibited,67,u_turn_prohibited,0.17513184249401093,"[67, 44, 21]","[0.17513184249401093, 0.1057116910815239, 0.07700344175100327]",False
/content/MargDrishti/data/processed/crops/test/petrol_pump_ahead/petrol_pump_ahead-16_jpeg.rf.9721d77e30959e7d30b9bfc6cd33b883__557.0.jpg,39,petrol_pump_ahead,39,petrol_pump_ahead,0.8097791075706482,"[39, 22, 4]","[0.8097791075706482, 0.08554910868406296, 0.011514457874000072]",True
/content/MargDrishti/data/processed/crops/test/dangerous_dip/dangerous_dip-36_jpeg.rf.9886437126e7d8c6c7b5ba50fd8718f2__558.0.jpg,15,dangerous_dip,63,t_intersection,0.06273926794528961,"[63, 70, 30]","[0.06273926794528961, 0.059566646814346313, 0.03966331481933594]",False
/content/MargDrishti/data/processed/crops/test/cycle_crossing/cycle_crossing-9_png.rf.9b6f745fa912440724a33b9294c42297__559.0.jpg,14,cycle_crossing,62,stop,0.07255291938781738,"[62, 25, 37]","[0.07255291938781738, 0.050020426511764526, 0.044030580669641495]",False
/content/MargDrishti/data/processed/crops/test/speed_limit_30/speed_limit_30-9_jpg.rf.99de5bc0ec1cd68ee8d5c247803a8133__560.0.jpg,53,speed_limit_30,53,speed_limit_30,0.10134880244731903,"[53, 62, 51]","[0.10134880244731903, 0.09230279177427292, 0.08409783989191055]",True
/content/MargDrishti/data/processed/crops/test/cattle_ahead/cattle_ahead-6_jpg.rf.9aac5cc113583cc747c50cfd87b5cf16__561.0.jpg,3,cattle_ahead,3,cattle_ahead,0.7736088037490845,"[3, 49, 43]","[0.7736088037490845, 0.02317138761281967, 0.013727780431509018]",True
/content/MargDrishti/data/processed/crops/test/falling_rocks/falling_rocks-28_jpeg.rf.9c1fa037f2628345f1c0961acd88da80__562.0.jpg,16,falling_rocks,68,unguarded_level_crossing,0.11813271790742874,"[68, 17, 23]","[0.11813271790742874, 0.07723763585090637, 0.07090111821889877]",False
/content/MargDrishti/data/processed/crops/test/staggered_intersection/staggered_intersection-6_png.rf.98baa9649794450f788f8b7ed28c135d__563.0.jpg,59,staggered_intersection,59,staggered_intersection,0.184221088886261,"[59, 48, 70]","[0.184221088886261, 0.1586655080318451, 0.08432459831237793]",True
/content/MargDrishti/data/processed/crops/test/no_stopping_or_standing/no_stopping_or_standing-29_jpg.rf.9768c4f543cfb74b8e9ee6594bd03bc1__564.0.jpg,34,no_stopping_or_standing,34,no_stopping_or_standing,0.88336181640625,"[34, 32, 7]","[0.88336181640625, 0.04308168217539787, 0.007191529031842947]",True
/content/MargDrishti/data/processed/crops/test/all_motor_vehicle_prohibited/all_motor_vehicle_prohibited-22_jpg.rf.98730a02f1491296bcee7c4666352abd__565.0.jpg,0,all_motor_vehicle_prohibited,2,bullock_cart_and_hand_cart_prohibited,0.1914912760257721,"[2, 0, 38]","[0.1914912760257721, 0.17998161911964417, 0.07455671578645706]",False
/content/MargDrishti/data/processed/crops/test/speed_limit_70/speed_limit_70-50_png.rf.9bf09f6b0cb04f60bd66be23930964e4__566.0.jpg,57,speed_limit_70,55,speed_limit_50,0.1607479751110077,"[55, 51, 50]","[0.1607479751110077, 0.14116403460502625, 0.11916381120681763]",False
/content/MargDrishti/data/processed/crops/test/unguarded_level_crossing/unguarded_level_crossing-56_png.rf.9a86adb2573887e6389b6194e9acf888__567.0.jpg,68,unguarded_level_crossing,68,unguarded_level_crossing,0.2644980847835541,"[68, 19, 60]","[0.2644980847835541, 0.0924978032708168, 0.06056331470608711]",True
/content/MargDrishti/data/processed/crops/test/traffic_signal/traffic_signal-10_jpg.rf.9cc06376500ddfd6449903c26d1b23d8__568.0.jpg,64,traffic_signal,64,traffic_signal,0.13020192086696625,"[64, 46, 13]","[0.13020192086696625, 0.0779271274805069, 0.07450009137392044]",True
/content/MargDrishti/data/processed/crops/test/quay_side_or_river_bank/quay_side_or_river_bank-44_jpg.rf.9d1b3ac7ea0f4f1add4993e2deda1584__569.0.jpg,40,quay_side_or_river_bank,60,steep_ascent,0.1597258746623993,"[60, 40, 14]","[0.1597258746623993, 0.10991985350847244, 0.08050708472728729]",False
/content/MargDrishti/data/processed/crops/test/speed_limit_50/speed_limit_50-0_jpg.rf.99521330372d00e0e86d65e82c8f1b97__570.0.jpg,55,speed_limit_50,56,speed_limit_60,0.13823039829730988,"[56, 54, 52]","[0.13823039829730988, 0.0794789269566536, 0.07025915384292603]",False
/content/MargDrishti/data/processed/crops/test/traffic_signal/traffic_signal-0_jpg.rf.9aef9b7c10d2aae1b72ab252a56b76bc__571.0.jpg,64,traffic_signal,61,steep_descent,0.07416097819805145,"[61, 68, 16]","[0.07416097819805145, 0.053483761847019196, 0.052127592265605927]",False
/content/MargDrishti/data/processed/crops/test/traffic_signal/traffic_signal-45_png.rf.9f807dfab6b322f37a8cf2700138d7fe__572.0.jpg,64,traffic_signal,64,traffic_signal,0.4464722275733948,"[64, 29, 62]","[0.4464722275733948, 0.08395976573228836, 0.07691282033920288]",True
/content/MargDrishti/data/processed/crops/test/width_limit/width_limit-1_jpeg.rf.9f6a0e265bd83380a4b88dec8c95d194__573.0.jpg,69,width_limit,20,height_limit,0.19218496978282928,"[20, 69, 1]","[0.19218496978282928, 0.13788680732250214, 0.0850934237241745]",False
/content/MargDrishti/data/processed/crops/test/no_stopping_or_standing/no_stopping_or_standing-10_jpg.rf.a0fcfdb2806d3c49609ce42bbf6a3634__574.0.jpg,34,no_stopping_or_standing,34,no_stopping_or_standing,0.1601400077342987,"[34, 5, 50]","[0.1601400077342987, 0.086675725877285, 0.06221538409590721]",True
/content/MargDrishti/data/processed/crops/test/stop/stop-68_png.rf.a1f2fa25c95908b349bfc127de9cb197__575.0.jpg,62,stop,62,stop,0.7777904868125916,"[62, 25, 46]","[0.7777904868125916, 0.016870399937033653, 0.012844757176935673]",True
/content/MargDrishti/data/processed/crops/test/compulsary_ahead_or_turn_left/compulsary_ahead_or_turn_left-53_png.rf.a111c050a537d33d44fbfdaa330a3c6e__576.0.jpg,6,compulsary_ahead_or_turn_left,7,compulsary_ahead_or_turn_right,0.2379971146583557,"[7, 36, 6]","[0.2379971146583557, 0.1227913647890091, 0.08204612135887146]",False
/content/MargDrishti/data/processed/crops/test/cattle_ahead/cattle_ahead-59_jpg.rf.a28f49339eafdaebd3ab32c67c7add11__577.0.jpg,3,cattle_ahead,3,cattle_ahead,0.6389710903167725,"[3, 23, 40]","[0.6389710903167725, 0.035165853798389435, 0.02685028873383999]",True
/content/MargDrishti/data/processed/crops/test/compulsary_turn_right_ahead/compulsary_turn_right_ahead-56_jpg.rf.a395bf567c657b1da370a6ce325b991c__578.0.jpg,12,compulsary_turn_right_ahead,5,compulsary_ahead,0.046481262892484665,"[5, 45, 36]","[0.046481262892484665, 0.04204942658543587, 0.03431383892893791]",False
/content/MargDrishti/data/processed/crops/test/restriction_ends/restriction_ends-60_png.rf.a385280aa0cdba264579cd94aaea955d__579.0.jpg,41,restriction_ends,41,restriction_ends,0.7687548398971558,"[41, 26, 44]","[0.7687548398971558, 0.043763089925050735, 0.03030460514128208]",True
/content/MargDrishti/data/processed/crops/test/guarded_level_crossing/guarded_level_crossing-8_jpeg.rf.a3cb074588dbcbe4b238d211a6b236a3__580.0.jpg,19,guarded_level_crossing,19,guarded_level_crossing,0.4356537163257599,"[19, 68, 28]","[0.4356537163257599, 0.08998924493789673, 0.03880390152335167]",True
/content/MargDrishti/data/processed/crops/test/loose_gravel/loose_gravel-8_jpeg.rf.a4688bab759aa51da528957b46f3f482__581.0.jpg,28,loose_gravel,68,unguarded_level_crossing,0.06760215014219284,"[68, 40, 30]","[0.06760215014219284, 0.04268547520041466, 0.04250514507293701]",False
/content/MargDrishti/data/processed/crops/test/no_parking/no_parking-5_jpg.rf.a4b98e4e112d79971ebd12bac27cf6a4__582.0.jpg,33,no_parking,21,horn_prohibited,0.16957132518291473,"[21, 44, 67]","[0.16957132518291473, 0.15708129107952118, 0.15322265028953552]",False
/content/MargDrishti/data/processed/crops/test/restriction_ends/restriction_ends-1_jpeg.rf.a4a93f84bb1c573ce8782f16cdb7e5d9__583.0.jpg,41,restriction_ends,41,restriction_ends,0.19925415515899658,"[41, 8, 32]","[0.19925415515899658, 0.1785430759191513, 0.09743237495422363]",True
/content/MargDrishti/data/processed/crops/test/pedestrian_prohibited/pedestrian_prohibited-41_jpg.rf.a4ec961c54a77b41757bae470164693a__584.0.jpg,38,pedestrian_prohibited,0,all_motor_vehicle_prohibited,0.08720722049474716,"[0, 2, 33]","[0.08720722049474716, 0.07666107267141342, 0.06682499498128891]",False
/content/MargDrishti/data/processed/crops/test/falling_rocks/falling_rocks-51_jpg.rf.a50865b63f4dc1c91dba456d0a6bb146__586.0.jpg,16,falling_rocks,16,falling_rocks,0.15317529439926147,"[16, 62, 13]","[0.15317529439926147, 0.0772317573428154, 0.07642056792974472]",True
/content/MargDrishti/data/processed/crops/test/compulsary_turn_left_ahead/compulsary_turn_left_ahead-23_png.rf.a672624135dcc27cec07be15f7950445__587.0.jpg,11,compulsary_turn_left_ahead,11,compulsary_turn_left_ahead,0.261128693819046,"[11, 12, 7]","[0.261128693819046, 0.2272966504096985, 0.11191122978925705]",True
/content/MargDrishti/data/processed/crops/test/school_ahead/school_ahead-67_png.rf.a7b16718b54b8bc4a6a56d84443c918b__588.0.jpg,46,school_ahead,29,men_at_work,0.11444932222366333,"[29, 46, 14]","[0.11444932222366333, 0.10801982879638672, 0.07209759205579758]",False
/content/MargDrishti/data/processed/crops/test/speed_limit_70/speed_limit_70-38_png.rf.a782d48eb96e767d5a41e86c898358db__589.0.jpg,57,speed_limit_70,55,speed_limit_50,0.1677844226360321,"[55, 57, 51]","[0.1677844226360321, 0.1636686474084854, 0.11841651797294617]",False
/content/MargDrishti/data/processed/crops/test/narrow_road_ahead/narrow_road_ahead-17_jpg.rf.a89dc70000272466f9bf05707634ffe4__590.0.jpg,31,narrow_road_ahead,30,narrow_bridge_ahead,0.10640077292919159,"[30, 70, 63]","[0.10640077292919159, 0.10317264497280121, 0.08263332396745682]",False
/content/MargDrishti/data/processed/crops/test/stop/stop-41_png.rf.a9720798b4f14e2d50ad40f53bcb2d9f__591.0.jpg,62,stop,62,stop,0.5653234720230103,"[62, 52, 31]","[0.5653234720230103, 0.14169073104858398, 0.048506561666727066]",True
/content/MargDrishti/data/processed/crops/test/no_parking/no_parking-39_jpg.rf.a84701112218ca66603f0d487bcf331e__592.0.jpg,33,no_parking,33,no_parking,0.1732676774263382,"[33, 65, 38]","[0.1732676774263382, 0.15432587265968323, 0.10781925171613693]",True
/content/MargDrishti/data/processed/crops/test/u_turn/u_turn-7_jpg.rf.a9f2110edf38a70d494e2e88f6e7697f__593.0.jpg,66,u_turn,63,t_intersection,0.06197519972920418,"[63, 13, 30]","[0.06197519972920418, 0.05481816083192825, 0.052435506135225296]",False
/content/MargDrishti/data/processed/crops/test/u_turn_prohibited/u_turn_prohibited-37_jpeg.rf.a9adc544351abee25c5f5c0e526f8514__594.0.jpg,67,u_turn_prohibited,26,left_turn_prohibited,0.14035487174987793,"[26, 21, 67]","[0.14035487174987793, 0.12611882388591766, 0.10710019618272781]",False
/content/MargDrishti/data/processed/crops/test/school_ahead/school_ahead-23_jpg.rf.aa5b30f8375aa1bb8e8f5b5ceae15fc6__595.0.jpg,46,school_ahead,46,school_ahead,0.12924166023731232,"[46, 59, 29]","[0.12924166023731232, 0.05383072420954704, 0.04494953155517578]",True
/content/MargDrishti/data/processed/crops/test/speed_limit_80/speed_limit_80-46_jpg.rf.a8e7e89d97f6adc1c2b11e81121eca55__596.0.jpg,58,speed_limit_80,54,speed_limit_40,0.31458762288093567,"[54, 58, 56]","[0.31458762288093567, 0.20767901837825775, 0.12323183566331863]",False
/content/MargDrishti/data/processed/crops/test/give_way/give_way-67_jpg.rf.aac21df06a2ba56c974cf08215486b12__597.0.jpg,18,give_way,18,give_way,0.485230416059494,"[18, 62, 4]","[0.485230416059494, 0.05290796607732773, 0.045307449996471405]",True
/content/MargDrishti/data/processed/crops/test/steep_descent/steep_descent-41_jpeg.rf.aac265a865b97d59122c01908c6bcd37__598.0.jpg,61,steep_descent,60,steep_ascent,0.09430558234453201,"[60, 59, 61]","[0.09430558234453201, 0.07336629927158356, 0.06918109208345413]",False
/content/MargDrishti/data/processed/crops/test/loose_gravel/loose_gravel-23_jpeg.rf.ac53f4b79c104fd7e533f08dfc3193ee__599.0.jpg,28,loose_gravel,68,unguarded_level_crossing,0.08146108686923981,"[68, 19, 28]","[0.08146108686923981, 0.07984945178031921, 0.07943940907716751]",False
/content/MargDrishti/data/processed/crops/test/horn_prohibited/horn_prohibited-69_jpg.rf.aafc2467aa27b0bc69269c32abc25b66__600.0.jpg,21,horn_prohibited,35,overtaking_prohibited,0.13824622333049774,"[35, 65, 0]","[0.13824622333049774, 0.12754011154174805, 0.11768496781587601]",False
/content/MargDrishti/data/processed/crops/test/compulsary_ahead_or_turn_left/compulsary_ahead_or_turn_left-50_png.rf.acb6e5bdb7cb498e0f99becd550d6e3b__601.0.jpg,6,compulsary_ahead_or_turn_left,6,compulsary_ahead_or_turn_left,0.24930569529533386,"[6, 9, 7]","[0.24930569529533386, 0.13248354196548462, 0.09550993144512177]",True
/content/MargDrishti/data/processed/crops/test/chevron_direction/chevron_direction-49_jpg.rf.ab45f88d62c991053dca45fda9b00c70__602.0.jpg,4,chevron_direction,4,chevron_direction,0.5827361941337585,"[4, 70, 60]","[0.5827361941337585, 0.044615693390369415, 0.021199669688940048]",True
/content/MargDrishti/data/processed/crops/test/restriction_ends/restriction_ends-7_png.rf.accd21c79789c45a73b56e6437c58f7b__603.0.jpg,41,restriction_ends,41,restriction_ends,0.9154558181762695,"[41, 27, 35]","[0.9154558181762695, 0.010709801688790321, 0.009034163318574429]",True
/content/MargDrishti/data/processed/crops/test/all_motor_vehicle_prohibited/all_motor_vehicle_prohibited-36_png.rf.ac5ba0e81b152bbf8169dd9dbc6ce2cc__604.0.jpg,0,all_motor_vehicle_prohibited,65,truck_prohibited,0.09349779784679413,"[65, 0, 1]","[0.09349779784679413, 0.09031403809785843, 0.08070122450590134]",False
/content/MargDrishti/data/processed/crops/test/pass_either_side/pass_either_side-1_png.rf.ad1a1ebd49832ba92ef0849ad52fc38d__606.0.jpg,36,pass_either_side,36,pass_either_side,0.1909383088350296,"[36, 7, 6]","[0.1909383088350296, 0.14195041358470917, 0.09190847724676132]",True
/content/MargDrishti/data/processed/crops/test/speed_limit_70/speed_limit_70-29_png.rf.acebc8406722cb54094b565c0e1ab551__607.0.jpg,57,speed_limit_70,57,speed_limit_70,0.20594915747642517,"[57, 58, 55]","[0.20594915747642517, 0.1660112738609314, 0.1027839258313179]",True
/content/MargDrishti/data/processed/crops/test/restriction_ends/restriction_ends-12_jpeg.rf.ad365fe45ff2a82a9da54ea65b936a81__608.0.jpg,41,restriction_ends,41,restriction_ends,0.3517049252986908,"[41, 8, 5]","[0.3517049252986908, 0.10491298139095306, 0.08895110338926315]",True
/content/MargDrishti/data/processed/crops/test/compulsary_keep_right/compulsary_keep_right-0_jpg.rf.ad1d9ce9ea2f8de2149f847cc621da68__609.0.jpg,9,compulsary_keep_right,36,pass_either_side,0.12490006536245346,"[36, 27, 7]","[0.12490006536245346, 0.053371597081422806, 0.046198245137929916]",False
/content/MargDrishti/data/processed/crops/test/falling_rocks/falling_rocks-61_jpg.rf.ae62fdf79b6147eca2dc5171a6d24ab1__610.0.jpg,16,falling_rocks,62,stop,0.06676975637674332,"[62, 16, 13]","[0.06676975637674332, 0.06595242023468018, 0.059847962111234665]",False
/content/MargDrishti/data/processed/crops/test/horn_prohibited/horn_prohibited-18_jpg.rf.add56eac800c1bcfc17658ed1581e27d__611.0.jpg,21,horn_prohibited,21,horn_prohibited,0.1698172688484192,"[21, 13, 33]","[0.1698172688484192, 0.06625852733850479, 0.0626729354262352]",True
/content/MargDrishti/data/processed/crops/test/speed_limit_30/speed_limit_30-52_png.rf.aebaf1e056e20f74f9711acdabeb0f91__612.0.jpg,53,speed_limit_30,55,speed_limit_50,0.15668296813964844,"[55, 53, 67]","[0.15668296813964844, 0.07938792556524277, 0.07302888482809067]",False
/content/MargDrishti/data/processed/crops/test/no_stopping_or_standing/no_stopping_or_standing-15_jpg.rf.aecbc53725453723fdc66a8073c2b353__613.0.jpg,34,no_stopping_or_standing,34,no_stopping_or_standing,0.7734047770500183,"[34, 32, 21]","[0.7734047770500183, 0.02876747027039528, 0.023089781403541565]",True
/content/MargDrishti/data/processed/crops/test/speed_limit_120/speed_limit_120-9_png.rf.af397fd0c2922642fb160e11320734a3__614.0.jpg,51,speed_limit_120,69,width_limit,0.21690109372138977,"[69, 20, 27]","[0.21690109372138977, 0.13978365063667297, 0.13516363501548767]",False
/content/MargDrishti/data/processed/crops/test/left_reverse_bend/left_reverse_bend-21_jpg.rf.afb0b69bcc3b3a09ae0cec9d226efcf4__615.0.jpg,25,left_reverse_bend,42,right_hand_curve,0.11688924580812454,"[42, 40, 68]","[0.11688924580812454, 0.08129922300577164, 0.07986938208341599]",False
/content/MargDrishti/data/processed/crops/test/speed_limit_80/speed_limit_80-52_png.rf.af9774a6e7d60a769612f1da75f31545__616.0.jpg,58,speed_limit_80,58,speed_limit_80,0.20259131491184235,"[58, 50, 56]","[0.20259131491184235, 0.13309268653392792, 0.09207282215356827]",True
/content/MargDrishti/data/processed/crops/test/falling_rocks/falling_rocks-7_jpg.rf.afcf0a0700f880781ee7062f40c74930__617.0.jpg,16,falling_rocks,68,unguarded_level_crossing,0.11842094361782074,"[68, 16, 28]","[0.11842094361782074, 0.10608652234077454, 0.08901797235012054]",False
/content/MargDrishti/data/processed/crops/test/quay_side_or_river_bank/quay_side_or_river_bank-60_jpg.rf.b0434fd39144e199b1b72d73b71c4886__618.0.jpg,40,quay_side_or_river_bank,60,steep_ascent,0.07891043275594711,"[60, 40, 28]","[0.07891043275594711, 0.055607181042432785, 0.045773133635520935]",False
/content/MargDrishti/data/processed/crops/test/no_parking/no_parking-48_jpg.rf.b0b51e96da587e1ce3da0bd2e51e1fbc__619.0.jpg,33,no_parking,33,no_parking,0.06923501193523407,"[33, 2, 0]","[0.06923501193523407, 0.04938490688800812, 0.04646036773920059]",True
/content/MargDrishti/data/processed/crops/test/speed_limit_100/speed_limit_100-17_png.rf.b121140bdba6a1744793a11fccd9b2a1__620.0.jpg,50,speed_limit_100,50,speed_limit_100,0.24067683517932892,"[50, 57, 55]","[0.24067683517932892, 0.11503569781780243, 0.09849739074707031]",True
/content/MargDrishti/data/processed/crops/test/speed_limit_120/speed_limit_120-65_png.rf.b175db32d3dac9c48aab4b29f1e4cdb4__621.0.jpg,51,speed_limit_120,51,speed_limit_120,0.21374598145484924,"[51, 50, 58]","[0.21374598145484924, 0.11886098235845566, 0.10009632259607315]",True
/content/MargDrishti/data/processed/crops/test/stop/stop-40_png.rf.b3f4b067ffed3ca0fac1f05b59b940c6__622.0.jpg,62,stop,62,stop,0.8038983941078186,"[62, 52, 53]","[0.8038983941078186, 0.06706161797046661, 0.010630627162754536]",True
/content/MargDrishti/data/processed/crops/test/left_turn_prohibited/left_turn_prohibited-30_jpg.rf.b1a2b7cca60554d4442f28b9147b1490__623.0.jpg,26,left_turn_prohibited,26,left_turn_prohibited,0.5071448683738708,"[26, 44, 41]","[0.5071448683738708, 0.09526508301496506, 0.04850097745656967]",True
/content/MargDrishti/data/processed/crops/test/cattle_ahead/cattle_ahead-27_png.rf.b3642854226464eea7673f2ab1940cfb__624.0.jpg,3,cattle_ahead,3,cattle_ahead,0.8528029918670654,"[3, 68, 43]","[0.8528029918670654, 0.01224786601960659, 0.01211098674684763]",True
/content/MargDrishti/data/processed/crops/test/slippery_road/slippery_road-49_png.rf.b1d7948d3f063596e3acab9542c9c324__625.0.jpg,49,slippery_road,49,slippery_road,0.1697702705860138,"[49, 14, 64]","[0.1697702705860138, 0.07067554444074631, 0.06655965000391006]",True
/content/MargDrishti/data/processed/crops/test/right_turn_prohibited/right_turn_prohibited-17_jpg.rf.b1c57149b1681e26c7df007b5a7148fd__626.0.jpg,44,right_turn_prohibited,44,right_turn_prohibited,0.10718011856079102,"[44, 21, 33]","[0.10718011856079102, 0.07381747663021088, 0.048547640442848206]",True
/content/MargDrishti/data/processed/crops/test/compulsary_keep_left/compulsary_keep_left-19_jpg.rf.b32c1fa8b9e57bb83f8b08fe7f91de60__627.0.jpg,8,compulsary_keep_left,8,compulsary_keep_left,0.8007764220237732,"[8, 10, 36]","[0.8007764220237732, 0.03281109407544136, 0.023193728178739548]",True
/content/MargDrishti/data/processed/crops/test/cross_road/cross_road-25_jpg.rf.b441afdfb4e02ff0c8c0fc81d6c73261__628.0.jpg,13,cross_road,13,cross_road,0.4241422414779663,"[13, 23, 48]","[0.4241422414779663, 0.047077469527721405, 0.031154943630099297]",True
/content/MargDrishti/data/processed/crops/test/right_turn_prohibited/right_turn_prohibited-60_jpg.rf.b2fe3e5979702082b77d3d4b0a2eb47f__629.0.jpg,44,right_turn_prohibited,44,right_turn_prohibited,0.48296475410461426,"[44, 26, 41]","[0.48296475410461426, 0.20434363186359406, 0.058280326426029205]",True
/content/MargDrishti/data/processed/crops/test/height_limit/height_limit-2_png.rf.b48a1cef1f3d1cd29ba6accb919fa456__630.0.jpg,20,height_limit,20,height_limit,0.2724418342113495,"[20, 69, 27]","[0.2724418342113495, 0.13480094075202942, 0.11135044693946838]",True
/content/MargDrishti/data/processed/crops/test/chevron_direction/chevron_direction-9_jpg.rf.b4960dffc892db44dc6eed1417dcb59f__631.0.jpg,4,chevron_direction,4,chevron_direction,0.6099011898040771,"[4, 17, 47]","[0.6099011898040771, 0.07302527874708176, 0.05560515820980072]",True
/content/MargDrishti/data/processed/crops/test/stop/stop-4_jpg.rf.b530233e6edeb34b446c4636506e61e4__632.0.jpg,62,stop,62,stop,0.25792717933654785,"[62, 66, 13]","[0.25792717933654785, 0.05530886724591255, 0.04083994776010513]",True
/content/MargDrishti/data/processed/crops/test/width_limit/width_limit-15_png.rf.b600be4ac20c34534c92d0fdb135415d__633.0.jpg,69,width_limit,69,width_limit,0.25875502824783325,"[69, 20, 27]","[0.25875502824783325, 0.19974596798419952, 0.1398320198059082]",True
/content/MargDrishti/data/processed/crops/test/no_entry/no_entry-37_png.rf.b66904012669bd0d7944cd3fd224bb1c__634.0.jpg,32,no_entry,32,no_entry,0.519120991230011,"[32, 34, 9]","[0.519120991230011, 0.07120568305253983, 0.04191317781805992]",True
/content/MargDrishti/data/processed/crops/test/left_reverse_bend/left_reverse_bend-54_jpg.rf.b6990acd415b4b0ad18c015a6627fcf9__635.0.jpg,25,left_reverse_bend,25,left_reverse_bend,0.1638149917125702,"[25, 47, 66]","[0.1638149917125702, 0.06217656284570694, 0.06108133867383003]",True
/content/MargDrishti/data/processed/crops/test/pass_either_side/pass_either_side-3_png.rf.b6307be23c015c50828f10d54d665478__636.0.jpg,36,pass_either_side,36,pass_either_side,0.1930866241455078,"[36, 7, 6]","[0.1930866241455078, 0.18098989129066467, 0.08050168305635452]",True
/content/MargDrishti/data/processed/crops/test/speed_limit_30/speed_limit_30-22_png.rf.b644475b56cb002c3d087f8ea6a252b5__637.0.jpg,53,speed_limit_30,55,speed_limit_50,0.14072725176811218,"[55, 53, 50]","[0.14072725176811218, 0.12172803282737732, 0.10392223298549652]",False
/content/MargDrishti/data/processed/crops/test/pedestrian_crossing/pedestrian_crossing-15_jpg.rf.b7f6f4d8c048e7b5100a44dced5f34a9__638.0.jpg,37,pedestrian_crossing,46,school_ahead,0.14199136197566986,"[46, 37, 29]","[0.14199136197566986, 0.10796906799077988, 0.1068480983376503]",False
/content/MargDrishti/data/processed/crops/test/falling_rocks/falling_rocks-24_jpeg.rf.b74fcd4be7fdbc9c296663a2b587cf2d__639.0.jpg,16,falling_rocks,62,stop,0.08144881576299667,"[62, 16, 37]","[0.08144881576299667, 0.07927510142326355, 0.06432322412729263]",False
/content/MargDrishti/data/processed/crops/test/speed_limit_30/speed_limit_30-34_png.rf.b77666abd15db42d8ad5ba7135898fc5__640.0.jpg,53,speed_limit_30,55,speed_limit_50,0.2093498408794403,"[55, 52, 57]","[0.2093498408794403, 0.1850576102733612, 0.10234243422746658]",False
/content/MargDrishti/data/processed/crops/test/left_turn_prohibited/left_turn_prohibited-0_jpg.rf.b6ffb0b9642d5c4f80330c20869d92c2__641.0.jpg,26,left_turn_prohibited,26,left_turn_prohibited,0.09793224930763245,"[26, 67, 44]","[0.09793224930763245, 0.08918402343988419, 0.053154680877923965]",True
/content/MargDrishti/data/processed/crops/test/hospital_ahead/hospital_ahead-29_png.rf.b8d4b2ff000d784aa9912da95b662fbe__642.0.jpg,22,hospital_ahead,22,hospital_ahead,0.6951179504394531,"[22, 48, 70]","[0.6951179504394531, 0.058209531009197235, 0.03899065777659416]",True
/content/MargDrishti/data/processed/crops/test/men_at_work/men_at_work-68_png.rf.b806a6106c0e762acffaa11ca13d08c3__643.0.jpg,29,men_at_work,29,men_at_work,0.21603073179721832,"[29, 13, 46]","[0.21603073179721832, 0.0821196660399437, 0.07534518092870712]",True
/content/MargDrishti/data/processed/crops/test/pass_either_side/pass_either_side-63_jpg.rf.b82a07d2d1389ae468fba9cf8b4257b5__644.0.jpg,36,pass_either_side,36,pass_either_side,0.12868355214595795,"[36, 8, 5]","[0.12868355214595795, 0.0955791026353836, 0.044796351343393326]",True
/content/MargDrishti/data/processed/crops/test/compulsary_ahead/compulsary_ahead-18_png.rf.b8087e49bd968667a543b7ae8abaf222__645.0.jpg,5,compulsary_ahead,5,compulsary_ahead,0.20250223577022552,"[5, 7, 36]","[0.20250223577022552, 0.111731618642807, 0.06623554229736328]",True
/content/MargDrishti/data/processed/crops/test/compulsary_keep_left/compulsary_keep_left-6_jpg.rf.b8efdaa1b83f5c46c90ed1800545054d__646.0.jpg,8,compulsary_keep_left,8,compulsary_keep_left,0.12089177966117859,"[8, 36, 11]","[0.12089177966117859, 0.11627329140901566, 0.05477325990796089]",True
/content/MargDrishti/data/processed/crops/test/right_reverse_bend/right_reverse_bend-12_jpeg.rf.b945ea6d5bc437b1d56effb9369e0de0__647.0.jpg,43,right_reverse_bend,13,cross_road,0.05375654250383377,"[13, 48, 30]","[0.05375654250383377, 0.042776767164468765, 0.04273475706577301]",False
/content/MargDrishti/data/processed/crops/test/compulsary_ahead_or_turn_left/compulsary_ahead_or_turn_left-60_png.rf.b97966004fd8b06f0e482a7f38a19a78__648.0.jpg,6,compulsary_ahead_or_turn_left,36,pass_either_side,0.18420346081256866,"[36, 7, 6]","[0.18420346081256866, 0.11667866259813309, 0.07344269752502441]",False
/content/MargDrishti/data/processed/crops/test/compulsary_keep_right/compulsary_keep_right-30_png.rf.b9645e6eb7d30785454569db8c5241aa__649.0.jpg,9,compulsary_keep_right,9,compulsary_keep_right,0.28202933073043823,"[9, 44, 5]","[0.28202933073043823, 0.08499572426080704, 0.067831851541996]",True
/content/MargDrishti/data/processed/crops/test/overtaking_prohibited/overtaking_prohibited-5_jpg.rf.b9890982be307cf1abeabb62fa9d9daf__650.0.jpg,35,overtaking_prohibited,21,horn_prohibited,0.18091082572937012,"[21, 67, 44]","[0.18091082572937012, 0.15083949267864227, 0.12863056361675262]",False
/content/MargDrishti/data/processed/crops/test/left_hand_curve/left_hand_curve-43_png.rf.ba68b15e40c221ad3b0dbca69655dd8b__651.0.jpg,24,left_hand_curve,24,left_hand_curve,0.7161558270454407,"[24, 25, 16]","[0.7161558270454407, 0.05170083045959473, 0.022963451221585274]",True
/content/MargDrishti/data/processed/crops/test/loose_gravel/loose_gravel-13_jpeg.rf.ba84ba1d722a70b4e980cc55d4b5a77e__652.0.jpg,28,loose_gravel,16,falling_rocks,0.058667365461587906,"[16, 48, 45]","[0.058667365461587906, 0.05490143969655037, 0.03988486900925636]",False
/content/MargDrishti/data/processed/crops/test/speed_limit_100/speed_limit_100-59_png.rf.ba25f8f5fb0eca8cec475f6e9a32fd84__653.0.jpg,50,speed_limit_100,50,speed_limit_100,0.280118852853775,"[50, 51, 55]","[0.280118852853775, 0.10627669095993042, 0.07750570774078369]",True
/content/MargDrishti/data/processed/crops/test/no_entry/no_entry-3_jpg.rf.bb42713094f5d132d12538cfecda35a1__654.0.jpg,32,no_entry,32,no_entry,0.6957035660743713,"[32, 8, 62]","[0.6957035660743713, 0.053307853639125824, 0.03488627448678017]",True
/content/MargDrishti/data/processed/crops/test/pedestrian_crossing/pedestrian_crossing-51_png.rf.bb4bdc52c8fc4dfc37b22f0f3161c386__655.0.jpg,37,pedestrian_crossing,37,pedestrian_crossing,0.1936706155538559,"[37, 25, 31]","[0.1936706155538559, 0.1281779557466507, 0.10701964795589447]",True
/content/MargDrishti/data/processed/crops/test/left_hand_curve/left_hand_curve-30_jpg.rf.bb5e4569e1c93531929d6413f7fbbf0c__656.0.jpg,24,left_hand_curve,13,cross_road,0.18330249190330505,"[13, 62, 23]","[0.18330249190330505, 0.09678632020950317, 0.03778497874736786]",False
/content/MargDrishti/data/processed/crops/test/speed_limit_70/speed_limit_70-61_png.rf.bbb0f707df4d4f5ff699e60fc51fd079__658.0.jpg,57,speed_limit_70,55,speed_limit_50,0.16313451528549194,"[55, 57, 53]","[0.16313451528549194, 0.13995835185050964, 0.13437014818191528]",False
/content/MargDrishti/data/processed/crops/test/speed_limit_120/speed_limit_120-21_png.rf.bdd5a126e6f1827ef45bbda36be09eb8__659.0.jpg,51,speed_limit_120,51,speed_limit_120,0.2537688910961151,"[51, 50, 55]","[0.2537688910961151, 0.24439343810081482, 0.11053887009620667]",True
/content/MargDrishti/data/processed/crops/test/compulsary_ahead_or_turn_right/compulsary_ahead_or_turn_right-52_png.rf.bc8ff0bb9e361f1a5712a0dc31f0ed8b__660.0.jpg,7,compulsary_ahead_or_turn_right,7,compulsary_ahead_or_turn_right,0.21958360075950623,"[7, 36, 6]","[0.21958360075950623, 0.17274676263332367, 0.1111404076218605]",True
/content/MargDrishti/data/processed/crops/test/guarded_level_crossing/guarded_level_crossing-38_jpg.rf.bdd61c7723258979c9ed4406d2a1c617__662.0.jpg,19,guarded_level_crossing,19,guarded_level_crossing,0.07067639380693436,"[19, 13, 43]","[0.07067639380693436, 0.05199487879872322, 0.04704706743359566]",True
/content/MargDrishti/data/processed/crops/test/speed_limit_20/speed_limit_20-30_png.rf.bea1a543f04a3e49f01952d8efee282a__663.0.jpg,52,speed_limit_20,52,speed_limit_20,0.4395676553249359,"[52, 53, 55]","[0.4395676553249359, 0.0737319216132164, 0.05371773615479469]",True
/content/MargDrishti/data/processed/crops/test/compulsary_turn_left_ahead/compulsary_turn_left_ahead-56_jpeg.rf.c07e0b66c85b110424c2210339f0a805__664.0.jpg,11,compulsary_turn_left_ahead,36,pass_either_side,0.08455619215965271,"[36, 11, 27]","[0.08455619215965271, 0.07801412791013718, 0.0704743042588234]",False
/content/MargDrishti/data/processed/crops/test/give_way/give_way-14_png.rf.bf92cec5af275bd20081afe169c9afb1__665.0.jpg,18,give_way,18,give_way,0.5830416679382324,"[18, 31, 14]","[0.5830416679382324, 0.06899568438529968, 0.06139551103115082]",True
/content/MargDrishti/data/processed/crops/test/cross_road/cross_road-28_jpg.rf.bdddb80dfc72f442d90dd6225f043acb__666.0.jpg,13,cross_road,13,cross_road,0.39496245980262756,"[13, 23, 37]","[0.39496245980262756, 0.05502746254205704, 0.04024449363350868]",True
/content/MargDrishti/data/processed/crops/test/men_at_work/men_at_work-35_png.rf.bee75701f6072ffd6715f49bddec9f8b__667.0.jpg,29,men_at_work,29,men_at_work,0.09728197753429413,"[29, 31, 37]","[0.09728197753429413, 0.07114718854427338, 0.0667065978050232]",True
/content/MargDrishti/data/processed/crops/test/speed_limit_70/speed_limit_70-23_jpg.rf.c05029bf41835f1a01043ad2d1367edd__668.0.jpg,57,speed_limit_70,69,width_limit,0.0903351828455925,"[69, 57, 20]","[0.0903351828455925, 0.07779783755540848, 0.05226876214146614]",False
/content/MargDrishti/data/processed/crops/test/truck_prohibited/truck_prohibited-7_png.rf.be64fafcb30ed76b8b4499765494ea1a__669.0.jpg,65,truck_prohibited,65,truck_prohibited,0.2105005383491516,"[65, 2, 35]","[0.2105005383491516, 0.14712002873420715, 0.14050063490867615]",True
/content/MargDrishti/data/processed/crops/test/quay_side_or_river_bank/quay_side_or_river_bank-64_png.rf.c200a4d9f6ef1f019bad2e076c28e4ee__670.0.jpg,40,quay_side_or_river_bank,40,quay_side_or_river_bank,0.1115230917930603,"[40, 28, 68]","[0.1115230917930603, 0.09514262527227402, 0.06246167793869972]",True
/content/MargDrishti/data/processed/crops/test/cross_road/cross_road-39_jpg.rf.c11331f3cbe787bd2798e53d5e102428__671.0.jpg,13,cross_road,13,cross_road,0.744789719581604,"[13, 23, 3]","[0.744789719581604, 0.04363282397389412, 0.021238205954432487]",True
/content/MargDrishti/data/processed/crops/test/gap_in_median/gap_in_median-41_jpg.rf.c10f7c2f5584fe32f62e4829beffc402__672.0.jpg,17,gap_in_median,17,gap_in_median,0.4993821978569031,"[17, 23, 47]","[0.4993821978569031, 0.049569021910429, 0.03900656849145889]",True
/content/MargDrishti/data/processed/crops/test/falling_rocks/falling_rocks-46_jpeg.rf.c150bd8fb106e00fbc3c3b79f90b7321__673.0.jpg,16,falling_rocks,68,unguarded_level_crossing,0.11418474465608597,"[68, 40, 16]","[0.11418474465608597, 0.08847330510616302, 0.07555384933948517]",False
/content/MargDrishti/data/processed/crops/test/unguarded_level_crossing/unguarded_level_crossing-30_jpeg.rf.c20e6319707f0c67b9b0a748a3cb38d7__674.0.jpg,68,unguarded_level_crossing,13,cross_road,0.06172814592719078,"[13, 46, 16]","[0.06172814592719078, 0.05135899409651756, 0.04731467738747597]",False
/content/MargDrishti/data/processed/crops/test/overtaking_prohibited/overtaking_prohibited-6_jpeg.rf.c30ee5680e03695a2b60a61a675f8a5d__675.0.jpg,35,overtaking_prohibited,20,height_limit,0.09189580380916595,"[20, 69, 33]","[0.09189580380916595, 0.09120745211839676, 0.0779377743601799]",False
/content/MargDrishti/data/processed/crops/test/compulsary_ahead/compulsary_ahead-35_png.rf.c284478ddf14b9ad4c6f28b1f48c3662__676.0.jpg,5,compulsary_ahead,5,compulsary_ahead,0.4287211298942566,"[5, 8, 7]","[0.4287211298942566, 0.09506125748157501, 0.08315505087375641]",True
/content/MargDrishti/data/processed/crops/test/quay_side_or_river_bank/quay_side_or_river_bank-26_jpg.rf.c291299df7ec7fa5b9bec66a77ef4fe7__677.0.jpg,40,quay_side_or_river_bank,13,cross_road,0.08311028778553009,"[13, 23, 40]","[0.08311028778553009, 0.06520707905292511, 0.061699140816926956]",False
/content/MargDrishti/data/processed/crops/test/horn_prohibited/horn_prohibited-5_jpg.rf.c3359f90a6d8920e2dd3667bc0761963__678.0.jpg,21,horn_prohibited,67,u_turn_prohibited,0.1170705035328865,"[67, 21, 33]","[0.1170705035328865, 0.11020239442586899, 0.07739033550024033]",False
/content/MargDrishti/data/processed/crops/test/slippery_road/slippery_road-32_jpg.rf.c4e98f6abfff7d5909a847f03c542deb__679.0.jpg,49,slippery_road,49,slippery_road,0.1798231601715088,"[49, 28, 68]","[0.1798231601715088, 0.09720847755670547, 0.08116328716278076]",True
/content/MargDrishti/data/processed/crops/test/gap_in_median/gap_in_median-12_jpg.rf.c63f9be97b3c51dd2027eafe578b47e5__680.0.jpg,17,gap_in_median,17,gap_in_median,0.42725449800491333,"[17, 23, 13]","[0.42725449800491333, 0.1246584802865982, 0.1033536046743393]",True
/content/MargDrishti/data/processed/crops/test/narrow_bridge_ahead/narrow_bridge_ahead-9_jpeg.rf.c339e6fb5d8d03a18f3f5e68bce0faba__681.0.jpg,30,narrow_bridge_ahead,30,narrow_bridge_ahead,0.19773495197296143,"[30, 13, 48]","[0.19773495197296143, 0.05816985294222832, 0.052925955504179]",True
/content/MargDrishti/data/processed/crops/test/cross_road/cross_road-46_jpg.rf.c64550f85dcbfc1be81e1508de37ab6e__682.0.jpg,13,cross_road,13,cross_road,0.2884317934513092,"[13, 63, 66]","[0.2884317934513092, 0.05273164436221123, 0.0405333936214447]",True
/content/MargDrishti/data/processed/crops/test/speed_limit_60/speed_limit_60-9_jpg.rf.c67954db3fde6fcf092d08789e8c8529__683.0.jpg,56,speed_limit_60,53,speed_limit_30,0.104049451649189,"[53, 55, 56]","[0.104049451649189, 0.09444021433591843, 0.08295752108097076]",False
/content/MargDrishti/data/processed/crops/test/give_way/give_way-62_jpg.rf.c64c348e13384dbabf483ef4fca4c7aa__684.0.jpg,18,give_way,13,cross_road,0.15746639668941498,"[13, 62, 66]","[0.15746639668941498, 0.10835359245538712, 0.04460253193974495]",False
/content/MargDrishti/data/processed/crops/test/no_parking/no_parking-72_jpg.rf.c838219a7fe0786a029dad6d15195a2f__685.0.jpg,33,no_parking,0,all_motor_vehicle_prohibited,0.060037028044462204,"[0, 33, 67]","[0.060037028044462204, 0.04856041073799133, 0.03500061482191086]",False
/content/MargDrishti/data/processed/crops/test/no_parking/no_parking-16_jpg.rf.c893a163d9093b73c0749604704fd409__686.0.jpg,33,no_parking,33,no_parking,0.12130130082368851,"[33, 67, 0]","[0.12130130082368851, 0.11732543259859085, 0.05797729268670082]",True
/content/MargDrishti/data/processed/crops/test/height_limit/height_limit-34_jpg.rf.c8b6aa3805c981c1e8c91b0c0624444b__687.0.jpg,20,height_limit,20,height_limit,0.2063249945640564,"[20, 69, 1]","[0.2063249945640564, 0.1255258172750473, 0.10043559968471527]",True
/content/MargDrishti/data/processed/crops/test/quay_side_or_river_bank/quay_side_or_river_bank-7_jpg.rf.c8fdfec7d5209da0cd4a606af6ffddec__688.0.jpg,40,quay_side_or_river_bank,40,quay_side_or_river_bank,0.1864098608493805,"[40, 15, 19]","[0.1864098608493805, 0.0861150473356247, 0.06790215522050858]",True
/content/MargDrishti/data/processed/crops/test/u_turn_prohibited/u_turn_prohibited-15_jpg.rf.c8ec8e96845097824c67632de561dec4__689.0.jpg,67,u_turn_prohibited,21,horn_prohibited,0.2016489952802658,"[21, 67, 44]","[0.2016489952802658, 0.1934880167245865, 0.17745424807071686]",False
/content/MargDrishti/data/processed/crops/test/cross_road/cross_road-0_jpg.rf.c91cedf921fdb90dea79f672454921bb__690.0.jpg,13,cross_road,13,cross_road,0.5229788422584534,"[13, 63, 48]","[0.5229788422584534, 0.05139276757836342, 0.038223471492528915]",True
/content/MargDrishti/data/processed/crops/test/u_turn/u_turn-1_jpg.rf.c92aa034d2c6f477afe601ec1a78f420__691.0.jpg,66,u_turn,37,pedestrian_crossing,0.06959246098995209,"[37, 66, 30]","[0.06959246098995209, 0.0588742233812809, 0.04760594293475151]",False
/content/MargDrishti/data/processed/crops/test/steep_ascent/steep_ascent-38_jpg.rf.c9425e4abed74f1127ee2ef3978ff3fe__692.0.jpg,60,steep_ascent,60,steep_ascent,0.17750944197177887,"[60, 61, 40]","[0.17750944197177887, 0.10098297148942947, 0.06300994008779526]",True
/content/MargDrishti/data/processed/crops/test/side_road_left/side_road_left-59_jpg.rf.c9542727373fa148d3c89917b2bd2e2f__693.0.jpg,47,side_road_left,13,cross_road,0.13356371223926544,"[13, 23, 48]","[0.13356371223926544, 0.10217224806547165, 0.07282031327486038]",False
/content/MargDrishti/data/processed/crops/test/men_at_work/men_at_work-48_png.rf.c926e4d8d5d1b8c89ef64d5a6fb69c6e__694.0.jpg,29,men_at_work,29,men_at_work,0.19144026935100555,"[29, 45, 62]","[0.19144026935100555, 0.0801062360405922, 0.04817693680524826]",True
/content/MargDrishti/data/processed/crops/test/bullock_cart_and_hand_cart_prohibited/bullock_cart_and_hand_cart_prohibited-53_jpeg.rf.ca05cd99c262506f4a8a9f7889b1a7dd__695.0.jpg,2,bullock_cart_and_hand_cart_prohibited,2,bullock_cart_and_hand_cart_prohibited,0.1303808093070984,"[2, 0, 38]","[0.1303808093070984, 0.11434610188007355, 0.10230192542076111]",True
/content/MargDrishti/data/processed/crops/test/all_motor_vehicle_prohibited/all_motor_vehicle_prohibited-29_jpg.rf.cad37173283c91ad290ed29b4ed6d72c__696.0.jpg,0,all_motor_vehicle_prohibited,0,all_motor_vehicle_prohibited,0.17161081731319427,"[0, 2, 21]","[0.17161081731319427, 0.06394638121128082, 0.04985635727643967]",True
/content/MargDrishti/data/processed/crops/test/narrow_road_ahead/narrow_road_ahead-15_jpg.rf.cb83549f858a34a56de28903a1417c95__697.0.jpg,31,narrow_road_ahead,30,narrow_bridge_ahead,0.06925370544195175,"[30, 16, 48]","[0.06925370544195175, 0.05436728894710541, 0.046790026128292084]",False
/content/MargDrishti/data/processed/crops/test/give_way/give_way-33_png.rf.cb52a2e808aa43451d8222e711d41c37__698.0.jpg,18,give_way,18,give_way,0.579792857170105,"[18, 31, 42]","[0.579792857170105, 0.0922052413225174, 0.037992678582668304]",True
/content/MargDrishti/data/processed/crops/test/compulsary_keep_left/compulsary_keep_left-14_jpg.rf.cc2f22d11ae1a0c11239bf8fc4eaa27e__699.0.jpg,8,compulsary_keep_left,8,compulsary_keep_left,0.8057444095611572,"[8, 36, 10]","[0.8057444095611572, 0.023094303905963898, 0.01188331376761198]",True
/content/MargDrishti/data/processed/crops/test/left_hand_curve/left_hand_curve-58_jpg.rf.cc242c753eae0aafd359154089d8f979__700.0.jpg,24,left_hand_curve,24,left_hand_curve,0.1737898737192154,"[24, 13, 66]","[0.1737898737192154, 0.12541519105434418, 0.09741834551095963]",True
/content/MargDrishti/data/processed/crops/test/side_road_right/side_road_right-7_png.rf.cbc29d9abeec76bcae17ad382c1d7c4b__702.0.jpg,48,side_road_right,48,side_road_right,0.1372118592262268,"[48, 59, 70]","[0.1372118592262268, 0.11827322840690613, 0.09339771419763565]",True
/content/MargDrishti/data/processed/crops/test/y_intersection/y_intersection-27_jpg.rf.cc41d93aac1e858ad8e0d2b6642925c0__703.0.jpg,70,y_intersection,70,y_intersection,0.052162688225507736,"[70, 63, 48]","[0.052162688225507736, 0.04064742103219032, 0.037261925637722015]",True
/content/MargDrishti/data/processed/crops/test/right_hand_curve/right_hand_curve-59_png.rf.ce16871e6c2e601a7d21d620b9b90df7__704.0.jpg,42,right_hand_curve,23,hump_or_rough_road,0.05930253118276596,"[23, 30, 64]","[0.05930253118276596, 0.0471595898270607, 0.04423241689801216]",False
/content/MargDrishti/data/processed/crops/test/compulsary_ahead/compulsary_ahead-1_png.rf.cdd7e32eed4da10364bc7a31e4678c95__705.0.jpg,5,compulsary_ahead,5,compulsary_ahead,0.19710078835487366,"[5, 7, 36]","[0.19710078835487366, 0.13285484910011292, 0.12316348403692245]",True
/content/MargDrishti/data/processed/crops/test/speed_limit_60/speed_limit_60-39_png.rf.ce0838da260f1db02caa33098f48222a__706.0.jpg,56,speed_limit_60,56,speed_limit_60,0.24574144184589386,"[56, 51, 50]","[0.24574144184589386, 0.13130807876586914, 0.10896974056959152]",True
/content/MargDrishti/data/processed/crops/test/bullock_cart_and_hand_cart_prohibited/bullock_cart_and_hand_cart_prohibited-30_jpg.rf.cf9122c59b47bc4afa3314a60560b706__707.0.jpg,2,bullock_cart_and_hand_cart_prohibited,2,bullock_cart_and_hand_cart_prohibited,0.4906767010688782,"[2, 0, 38]","[0.4906767010688782, 0.12519536912441254, 0.11796119809150696]",True
/content/MargDrishti/data/processed/crops/test/hump_or_rough_road/hump_or_rough_road-20_jpg.rf.cfc9cd0376a9a833ae454774e2de6431__708.0.jpg,23,hump_or_rough_road,23,hump_or_rough_road,0.26621145009994507,"[23, 17, 47]","[0.26621145009994507, 0.08396746218204498, 0.06472022086381912]",True
/content/MargDrishti/data/processed/crops/test/narrow_bridge_ahead/narrow_bridge_ahead-68_jpg.rf.cf2306a083706fc86929073e15990075__709.0.jpg,30,narrow_bridge_ahead,43,right_reverse_bend,0.06933218240737915,"[43, 30, 63]","[0.06933218240737915, 0.0673343688249588, 0.05346815288066864]",False
/content/MargDrishti/data/processed/crops/test/length_limit/length_limit-11_jpeg.rf.cf77d9a1a073590721178ce3054c3b52__710.0.jpg,27,length_limit,69,width_limit,0.165268674492836,"[69, 20, 27]","[0.165268674492836, 0.15938079357147217, 0.08493495732545853]",False
/content/MargDrishti/data/processed/crops/test/slippery_road/slippery_road-61_jpg.rf.d0358734c41cedc609c712ae7854bfb0__711.0.jpg,49,slippery_road,49,slippery_road,0.2647264301776886,"[49, 40, 39]","[0.2647264301776886, 0.08799757063388824, 0.06388048827648163]",True
/content/MargDrishti/data/processed/crops/test/give_way/give_way-63_jpg.rf.d012467f78fa30626c6e02937ea4c13b__712.0.jpg,18,give_way,62,stop,0.1001695841550827,"[62, 13, 63]","[0.1001695841550827, 0.09169023483991623, 0.042783863842487335]",False
/content/MargDrishti/data/processed/crops/test/truck_prohibited/truck_prohibited-23_jpeg.rf.d251e64d4f5268476b52d7372ca11f1a__713.0.jpg,65,truck_prohibited,65,truck_prohibited,0.16142140328884125,"[65, 2, 0]","[0.16142140328884125, 0.0985400453209877, 0.08910145610570908]",True
/content/MargDrishti/data/processed/crops/test/u_turn_prohibited/u_turn_prohibited-43_jpg.rf.d0bf6c27603449208984c393fbb38240__714.0.jpg,67,u_turn_prohibited,33,no_parking,0.16676121950149536,"[33, 65, 67]","[0.16676121950149536, 0.10221979767084122, 0.09063611924648285]",False
/content/MargDrishti/data/processed/crops/test/compulsary_turn_right_ahead/compulsary_turn_right_ahead-49_png.rf.d1ee3507ac7d45e1b1dbcbae36ef48ae__715.0.jpg,12,compulsary_turn_right_ahead,7,compulsary_ahead_or_turn_right,0.10746027529239655,"[7, 12, 5]","[0.10746027529239655, 0.1005600094795227, 0.07696976512670517]",False
/content/MargDrishti/data/processed/crops/test/speed_limit_20/speed_limit_20-32_png.rf.d0640834dd72c10d944e5cda784a881b__716.0.jpg,52,speed_limit_20,52,speed_limit_20,0.4838847219944,"[52, 53, 55]","[0.4838847219944, 0.08174076676368713, 0.07527633756399155]",True
/content/MargDrishti/data/processed/crops/test/left_turn_prohibited/left_turn_prohibited-6_jpg.rf.d1f27411200b5e075c20a5bce593fef3__717.0.jpg,26,left_turn_prohibited,21,horn_prohibited,0.3299902081489563,"[21, 26, 44]","[0.3299902081489563, 0.16666769981384277, 0.1603742092847824]",False
/content/MargDrishti/data/processed/crops/test/right_turn_prohibited/right_turn_prohibited-29_jpg.rf.d2781a65320c924778508d8e00a32a16__718.0.jpg,44,right_turn_prohibited,44,right_turn_prohibited,0.4532890021800995,"[44, 21, 67]","[0.4532890021800995, 0.10428716987371445, 0.10124616324901581]",True
/content/MargDrishti/data/processed/crops/test/roundabout/roundabout-40_jpg.rf.d3d058b449b52166d388962471ccd529__719.0.jpg,45,roundabout,59,staggered_intersection,0.10099776834249496,"[59, 63, 48]","[0.10099776834249496, 0.0709746703505516, 0.06193733587861061]",False
/content/MargDrishti/data/processed/crops/test/speed_limit_40/speed_limit_40-2_jpg.rf.d2acc2a781ef5e3f04f6db3f4ac055c5__721.0.jpg,54,speed_limit_40,55,speed_limit_50,0.08861172199249268,"[55, 52, 54]","[0.08861172199249268, 0.07894062995910645, 0.062230657786130905]",False
/content/MargDrishti/data/processed/crops/test/narrow_bridge_ahead/narrow_bridge_ahead-71_jpg.rf.d3837e82c1aed4ce833bb176d70865fc__722.0.jpg,30,narrow_bridge_ahead,13,cross_road,0.12997646629810333,"[13, 63, 30]","[0.12997646629810333, 0.04944281280040741, 0.04235367104411125]",False
/content/MargDrishti/data/processed/crops/test/guarded_level_crossing/guarded_level_crossing-22_jpg.rf.d405dfa987dc4413bbe03efab87ff8b1__723.0.jpg,19,guarded_level_crossing,19,guarded_level_crossing,0.4148152470588684,"[19, 68, 17]","[0.4148152470588684, 0.12877798080444336, 0.08694871515035629]",True
/content/MargDrishti/data/processed/crops/test/stop/stop-42_png.rf.d4daeda3a35d115a4b3eac17f197d1a5__725.0.jpg,62,stop,62,stop,0.6928253173828125,"[62, 31, 25]","[0.6928253173828125, 0.030508019030094147, 0.028480151668190956]",True
/content/MargDrishti/data/processed/crops/test/cycle_crossing/cycle_crossing-62_jpg.rf.d5456467b5125f00beaacbe5ed9a3aef__726.0.jpg,14,cycle_crossing,14,cycle_crossing,0.13409198820590973,"[14, 43, 63]","[0.13409198820590973, 0.05855558440089226, 0.04808172956109047]",True
/content/MargDrishti/data/processed/crops/test/horn_prohibited/horn_prohibited-23_jpg.rf.d6c47a5dbd014608a2ec3168396d3dd3__727.0.jpg,21,horn_prohibited,21,horn_prohibited,0.36252695322036743,"[21, 67, 44]","[0.36252695322036743, 0.1140177994966507, 0.10256756097078323]",True
/content/MargDrishti/data/processed/crops/test/speed_limit_120/speed_limit_120-16_jpeg.rf.d49ed20ce181c871c9281e1f11de3db0__728.0.jpg,51,speed_limit_120,51,speed_limit_120,0.1119830384850502,"[51, 55, 62]","[0.1119830384850502, 0.06307050585746765, 0.06204210966825485]",True
/content/MargDrishti/data/processed/crops/test/traffic_signal/traffic_signal-42_png.rf.d7290e674172e8dca8854fe3fe067d12__729.0.jpg,64,traffic_signal,64,traffic_signal,0.2928624451160431,"[64, 24, 45]","[0.2928624451160431, 0.11996635794639587, 0.0674038976430893]",True
/content/MargDrishti/data/processed/crops/test/slippery_road/slippery_road-54_jpg.rf.d60e31de6edecc4ef6ddc7bb9483ec4b__730.0.jpg,49,slippery_road,49,slippery_road,0.22893907129764557,"[49, 61, 30]","[0.22893907129764557, 0.06402792036533356, 0.05240858718752861]",True
/content/MargDrishti/data/processed/crops/test/restriction_ends/restriction_ends-10_jpeg.rf.d74dc5ce7b37ff92591fc4bcf02be521__731.0.jpg,41,restriction_ends,41,restriction_ends,0.7789257168769836,"[41, 35, 17]","[0.7789257168769836, 0.01991698145866394, 0.011730393394827843]",True
/content/MargDrishti/data/processed/crops/test/axle_load_limit/axle_load_limit-32_jpg.rf.d79fc2425638c2660dcd4aa43bfa158e__732.0.jpg,1,axle_load_limit,1,axle_load_limit,0.17896538972854614,"[1, 20, 69]","[0.17896538972854614, 0.16528716683387756, 0.07542113214731216]",True
/content/MargDrishti/data/processed/crops/test/speed_limit_30/speed_limit_30-56_png.rf.d7c4e6baf403ec4c79123ec3e74dcaa9__733.0.jpg,53,speed_limit_30,55,speed_limit_50,0.25961607694625854,"[55, 53, 57]","[0.25961607694625854, 0.19676092267036438, 0.08862918615341187]",False
/content/MargDrishti/data/processed/crops/test/no_parking/no_parking-73_jpg.rf.d82cd22313b6dfefe20a0a5d6912cb98__734.0.jpg,33,no_parking,33,no_parking,0.10884255170822144,"[33, 65, 27]","[0.10884255170822144, 0.08059007674455643, 0.042999185621738434]",True
/content/MargDrishti/data/processed/crops/test/width_limit/width_limit-46_jpg.rf.d90bb134100e715c7de2809b6356eb83__736.0.jpg,69,width_limit,20,height_limit,0.19477437436580658,"[20, 69, 27]","[0.19477437436580658, 0.1621607095003128, 0.10617293417453766]",False
/content/MargDrishti/data/processed/crops/test/compulsary_turn_right_ahead/compulsary_turn_right_ahead-11_png.rf.d85063c6be8c9a1b1f0fa4da4073b323__737.0.jpg,12,compulsary_turn_right_ahead,12,compulsary_turn_right_ahead,0.20808038115501404,"[12, 7, 11]","[0.20808038115501404, 0.16783647239208221, 0.10049592703580856]",True
/content/MargDrishti/data/processed/crops/test/dangerous_dip/dangerous_dip-2_jpg.rf.d971724ccb89ded4d74455db199a43f3__738.0.jpg,15,dangerous_dip,23,hump_or_rough_road,0.09499482810497284,"[23, 63, 48]","[0.09499482810497284, 0.08921345323324203, 0.0685005709528923]",False
/content/MargDrishti/data/processed/crops/test/height_limit/height_limit-56_jpg.rf.d97fe223d30c835036a0af998f1945ce__739.0.jpg,20,height_limit,69,width_limit,0.2226560115814209,"[69, 20, 1]","[0.2226560115814209, 0.2021215707063675, 0.049500610679388046]",False
/content/MargDrishti/data/processed/crops/test/right_hand_curve/right_hand_curve-68_png.rf.d9ed9951c6900e1d6cb835c1a9cdf870__740.0.jpg,42,right_hand_curve,29,men_at_work,0.19418947398662567,"[29, 31, 25]","[0.19418947398662567, 0.18132911622524261, 0.10518019646406174]",False
/content/MargDrishti/data/processed/crops/test/steep_ascent/steep_ascent-31_jpg.rf.da49f657d0d504b6625f6433c982feca__741.0.jpg,60,steep_ascent,60,steep_ascent,0.1518285870552063,"[60, 68, 40]","[0.1518285870552063, 0.11341975629329681, 0.08541867136955261]",True
/content/MargDrishti/data/processed/crops/test/restriction_ends/restriction_ends-40_png.rf.da1a94c7f6bbec0c3f630de8dceef61e__742.0.jpg,41,restriction_ends,41,restriction_ends,0.6712357997894287,"[41, 47, 44]","[0.6712357997894287, 0.0639701560139656, 0.022298553958535194]",True
/content/MargDrishti/data/processed/crops/test/slippery_road/slippery_road-18_png.rf.dac04abbf945553c446eba93658ad072__743.0.jpg,49,slippery_road,25,left_reverse_bend,0.08820661902427673,"[25, 46, 13]","[0.08820661902427673, 0.08686068654060364, 0.0865464136004448]",False
/content/MargDrishti/data/processed/crops/test/left_turn_prohibited/left_turn_prohibited-7_jpg.rf.daa90c3843c4d59068c5a69d8ce034e1__744.0.jpg,26,left_turn_prohibited,21,horn_prohibited,0.28882086277008057,"[21, 44, 26]","[0.28882086277008057, 0.16687628626823425, 0.10053373128175735]",False
/content/MargDrishti/data/processed/crops/test/compulsary_keep_right/compulsary_keep_right-16_png.rf.dad0307165d7219dcfadeae31c499c7a__745.0.jpg,9,compulsary_keep_right,9,compulsary_keep_right,0.42765143513679504,"[9, 5, 12]","[0.42765143513679504, 0.07989932596683502, 0.058213502168655396]",True
/content/MargDrishti/data/processed/crops/test/gap_in_median/gap_in_median-33_jpg.rf.daa4e0c44bec1fc88f2d18ac88d4a9c0__746.0.jpg,17,gap_in_median,17,gap_in_median,0.7449123859405518,"[17, 13, 29]","[0.7449123859405518, 0.028304865583777428, 0.023797733709216118]",True
/content/MargDrishti/data/processed/crops/test/compulsary_ahead/compulsary_ahead-37_png.rf.dc3dc620e62efb9983e3d751ec083e2a__748.0.jpg,5,compulsary_ahead,5,compulsary_ahead,0.2645993232727051,"[5, 7, 6]","[0.2645993232727051, 0.16812840104103088, 0.10548540204763412]",True
/content/MargDrishti/data/processed/crops/test/side_road_left/side_road_left-1_jpg.rf.dc2b678ea35c813ed0d180ac318ad7df__749.0.jpg,47,side_road_left,13,cross_road,0.08160356432199478,"[13, 62, 63]","[0.08160356432199478, 0.06463313102722168, 0.06037026643753052]",False
/content/MargDrishti/data/processed/crops/test/side_road_left/side_road_left-17_jpg.rf.dc096813d82b6c972d3aa166873d2f40__750.0.jpg,47,side_road_left,59,staggered_intersection,0.1355726569890976,"[59, 48, 70]","[0.1355726569890976, 0.1157805547118187, 0.09555675089359283]",False
/content/MargDrishti/data/processed/crops/test/school_ahead/school_ahead-10_jpg.rf.dcbbed72bd516b2fd187134ec9884ebe__751.0.jpg,46,school_ahead,43,right_reverse_bend,0.09715227782726288,"[43, 48, 59]","[0.09715227782726288, 0.07239135354757309, 0.0714157298207283]",False
/content/MargDrishti/data/processed/crops/test/compulsary_turn_left_ahead/compulsary_turn_left_ahead-14_png.rf.dc87670ceb81d721bf24e98715ba4507__752.0.jpg,11,compulsary_turn_left_ahead,11,compulsary_turn_left_ahead,0.09120042622089386,"[11, 7, 12]","[0.09120042622089386, 0.09068915992975235, 0.08961458504199982]",True
/content/MargDrishti/data/processed/crops/test/narrow_bridge_ahead/narrow_bridge_ahead-5_png.rf.dd4500ee84e24e320b8ce88e52d4473f__754.0.jpg,30,narrow_bridge_ahead,70,y_intersection,0.16707515716552734,"[70, 30, 63]","[0.16707515716552734, 0.16396112740039825, 0.11815638840198517]",False
/content/MargDrishti/data/processed/crops/test/left_hand_curve/left_hand_curve-13_jpg.rf.dce47fef56f5585aaecb0befdec4cf28__755.0.jpg,24,left_hand_curve,14,cycle_crossing,0.03941664844751358,"[14, 42, 65]","[0.03941664844751358, 0.0390223003923893, 0.03884444013237953]",False
/content/MargDrishti/data/processed/crops/test/cycle_crossing/cycle_crossing-42_png.rf.ddff532bfea93d002afbcb9a7fe95003__756.0.jpg,14,cycle_crossing,29,men_at_work,0.1817314624786377,"[29, 62, 14]","[0.1817314624786377, 0.14582477509975433, 0.12702250480651855]",False
/content/MargDrishti/data/processed/crops/test/height_limit/height_limit-45_png.rf.debc1bf7df4990e58fb029306098c84d__757.0.jpg,20,height_limit,20,height_limit,0.1909523904323578,"[20, 69, 1]","[0.1909523904323578, 0.15294486284255981, 0.11814303696155548]",True
/content/MargDrishti/data/processed/crops/test/all_motor_vehicle_prohibited/all_motor_vehicle_prohibited-18_jpg.rf.dff796b9816419b6d17f1ea768720e04__758.0.jpg,0,all_motor_vehicle_prohibited,0,all_motor_vehicle_prohibited,0.2266823947429657,"[0, 2, 65]","[0.2266823947429657, 0.15559524297714233, 0.11352235823869705]",True
/content/MargDrishti/data/processed/crops/test/petrol_pump_ahead/petrol_pump_ahead-36_jpeg.rf.df4d181c03a06636f172cefbee9bad2e__759.0.jpg,39,petrol_pump_ahead,39,petrol_pump_ahead,0.8024508953094482,"[39, 22, 8]","[0.8024508953094482, 0.07368160039186478, 0.01427350752055645]",True
/content/MargDrishti/data/processed/crops/test/all_motor_vehicle_prohibited/all_motor_vehicle_prohibited-32_jpg.rf.df66d8638b772fa0eacafef69ad91354__760.0.jpg,0,all_motor_vehicle_prohibited,0,all_motor_vehicle_prohibited,0.1914643943309784,"[0, 65, 2]","[0.1914643943309784, 0.11275213956832886, 0.06598956882953644]",True
/content/MargDrishti/data/processed/crops/test/guarded_level_crossing/guarded_level_crossing-48_jpg.rf.e05baf4aef34be649d32d8e2f8011a04__761.0.jpg,19,guarded_level_crossing,19,guarded_level_crossing,0.2745053768157959,"[19, 37, 17]","[0.2745053768157959, 0.09619370847940445, 0.0659637302160263]",True
/content/MargDrishti/data/processed/crops/test/speed_limit_50/speed_limit_50-45_png.rf.e016f151c16270328d2fe81d44d8d7cc__762.0.jpg,55,speed_limit_50,55,speed_limit_50,0.16592924296855927,"[55, 50, 53]","[0.16592924296855927, 0.1395663321018219, 0.11985412240028381]",True
/content/MargDrishti/data/processed/crops/test/overtaking_prohibited/overtaking_prohibited-29_jpeg.rf.e0aa62d54dc1dc58187131d6474b00ff__763.0.jpg,35,overtaking_prohibited,38,pedestrian_prohibited,0.07214978337287903,"[38, 65, 33]","[0.07214978337287903, 0.06894398480653763, 0.06509426981210709]",False
/content/MargDrishti/data/processed/crops/test/traffic_signal/traffic_signal-14_jpg.rf.e09f1e4a8fe2ad0e84050ae4b9671d9c__764.0.jpg,64,traffic_signal,63,t_intersection,0.07693378627300262,"[63, 70, 48]","[0.07693378627300262, 0.0717565044760704, 0.05595972761511803]",False
/content/MargDrishti/data/processed/crops/test/compulsary_turn_left_ahead/compulsary_turn_left_ahead-19_jpg.rf.e08e0b2981e3e9951fdc84da7eb5dec8__765.0.jpg,11,compulsary_turn_left_ahead,12,compulsary_turn_right_ahead,0.10759176313877106,"[12, 11, 27]","[0.10759176313877106, 0.096329465508461, 0.09479581564664841]",False
/content/MargDrishti/data/processed/crops/test/horn_prohibited/horn_prohibited-58_jpg.rf.e0fe8157d294b2b53345d1afaf7ed7ea__766.0.jpg,21,horn_prohibited,21,horn_prohibited,0.08705989271402359,"[21, 0, 13]","[0.08705989271402359, 0.06590738147497177, 0.057232484221458435]",True
/content/MargDrishti/data/processed/crops/test/narrow_road_ahead/narrow_road_ahead-65_png.rf.e23898c8cd64042932746fd1980b6363__767.0.jpg,31,narrow_road_ahead,31,narrow_road_ahead,0.24222460389137268,"[31, 37, 18]","[0.24222460389137268, 0.11743433028459549, 0.09451372921466827]",True
/content/MargDrishti/data/processed/crops/test/width_limit/width_limit-23_jpeg.rf.e2050e6c99020f198d94f970f50b927a__768.0.jpg,69,width_limit,21,horn_prohibited,0.11905694752931595,"[21, 44, 57]","[0.11905694752931595, 0.07456686347723007, 0.048532936722040176]",False
/content/MargDrishti/data/processed/crops/test/gap_in_median/gap_in_median-3_jpg.rf.e1cd7dc720128a37c4969fd1c7984bfd__769.0.jpg,17,gap_in_median,17,gap_in_median,0.36360812187194824,"[17, 13, 23]","[0.36360812187194824, 0.12552344799041748, 0.04797890782356262]",True
/content/MargDrishti/data/processed/crops/test/cross_road/cross_road-5_jpg.rf.e167eaa536798ae5461efc72bb0bafa6__770.0.jpg,13,cross_road,13,cross_road,0.5451781749725342,"[13, 63, 17]","[0.5451781749725342, 0.03250059485435486, 0.027442917227745056]",True
/content/MargDrishti/data/processed/crops/test/unguarded_level_crossing/unguarded_level_crossing-17_jpeg.rf.e322f135b582efcb10e2e524268a44a8__771.0.jpg,68,unguarded_level_crossing,37,pedestrian_crossing,0.05344315245747566,"[37, 68, 66]","[0.05344315245747566, 0.05339355766773224, 0.053079862147569656]",False
/content/MargDrishti/data/processed/crops/test/side_road_right/side_road_right-24_jpg.rf.e300ff9c2dfb99ba9f7e2726b1d9b190__772.0.jpg,48,side_road_right,59,staggered_intersection,0.13707879185676575,"[59, 63, 48]","[0.13707879185676575, 0.09507180750370026, 0.09208258986473083]",False
/content/MargDrishti/data/processed/crops/test/speed_limit_80/speed_limit_80-13_png.rf.e36a1b7f8c739ba835876917e3ee951f__773.0.jpg,58,speed_limit_80,58,speed_limit_80,0.2130643129348755,"[58, 55, 56]","[0.2130643129348755, 0.13317027688026428, 0.10944008827209473]",True
/content/MargDrishti/data/processed/crops/test/quay_side_or_river_bank/quay_side_or_river_bank-25_jpg.rf.e4b5f82afaee58eae401ef9c2909bd76__774.0.jpg,40,quay_side_or_river_bank,40,quay_side_or_river_bank,0.33849671483039856,"[40, 60, 28]","[0.33849671483039856, 0.0582771822810173, 0.05530747026205063]",True
/content/MargDrishti/data/processed/crops/test/speed_limit_50/speed_limit_50-11_jpg.rf.e520f49a631a8ac51081d1d875dbe517__775.0.jpg,55,speed_limit_50,57,speed_limit_70,0.20467399060726166,"[57, 55, 53]","[0.20467399060726166, 0.10597413033246994, 0.07504264265298843]",False
/content/MargDrishti/data/processed/crops/test/stop/stop-65_png.rf.e28b138cdb0031310334b9b6e51998fe__776.0.jpg,62,stop,62,stop,0.5381343364715576,"[62, 46, 29]","[0.5381343364715576, 0.03956552594900131, 0.02960013598203659]",True
/content/MargDrishti/data/processed/crops/test/width_limit/width_limit-44_jpg.rf.e569518e6f8fe0656d7b8d9875256dfd__777.0.jpg,69,width_limit,20,height_limit,0.24214120209217072,"[20, 69, 27]","[0.24214120209217072, 0.1751779168844223, 0.0914725735783577]",False
/content/MargDrishti/data/processed/crops/test/compulsary_turn_left_ahead/compulsary_turn_left_ahead-16_png.rf.e3a6a14603133c4d22a3eb30764a98c5__778.0.jpg,11,compulsary_turn_left_ahead,8,compulsary_keep_left,0.09133477509021759,"[8, 7, 5]","[0.09133477509021759, 0.06821094453334808, 0.06815966963768005]",False
/content/MargDrishti/data/processed/crops/test/loose_gravel/loose_gravel-6_jpeg.rf.e5c6d3d0bb1f12cb14dcf68f183f7775__779.0.jpg,28,loose_gravel,16,falling_rocks,0.09996312856674194,"[16, 13, 66]","[0.09996312856674194, 0.0626455768942833, 0.06103206053376198]",False
/content/MargDrishti/data/processed/crops/test/compulsary_ahead_or_turn_left/compulsary_ahead_or_turn_left-23_png.rf.e5b98b4488355f7312c3bc89bbfc4556__780.0.jpg,6,compulsary_ahead_or_turn_left,6,compulsary_ahead_or_turn_left,0.3316096067428589,"[6, 5, 9]","[0.3316096067428589, 0.16164642572402954, 0.12295176088809967]",True
/content/MargDrishti/data/processed/crops/test/petrol_pump_ahead/petrol_pump_ahead-12_jpeg.rf.e5e3d015486358207212059c368e967f__781.0.jpg,39,petrol_pump_ahead,39,petrol_pump_ahead,0.7345517873764038,"[39, 22, 10]","[0.7345517873764038, 0.0693093091249466, 0.01556419301778078]",True
/content/MargDrishti/data/processed/crops/test/chevron_direction/chevron_direction-39_jpg.rf.e60239b1f4a2d3b06cf6fea514561dfd__782.0.jpg,4,chevron_direction,4,chevron_direction,0.07982991635799408,"[4, 13, 63]","[0.07982991635799408, 0.06525750458240509, 0.05773238465189934]",True
/content/MargDrishti/data/processed/crops/test/side_road_right/side_road_right-8_jpeg.rf.e690bdd14ae0f986177bcc627c2efd01__783.0.jpg,48,side_road_right,59,staggered_intersection,0.17394877970218658,"[59, 48, 63]","[0.17394877970218658, 0.15162307024002075, 0.11641859263181686]",False
/content/MargDrishti/data/processed/crops/test/right_reverse_bend/right_reverse_bend-34_jpg.rf.e78a91f53eecb329f0c5a1852d6ef019__784.0.jpg,43,right_reverse_bend,43,right_reverse_bend,0.17340777814388275,"[43, 62, 66]","[0.17340777814388275, 0.08375832438468933, 0.046909309923648834]",True
/content/MargDrishti/data/processed/crops/test/compulsary_ahead_or_turn_right/compulsary_ahead_or_turn_right-12_png.rf.e78dce78e4da65633d5e7b19782d003a__785.0.jpg,7,compulsary_ahead_or_turn_right,7,compulsary_ahead_or_turn_right,0.38107240200042725,"[7, 5, 6]","[0.38107240200042725, 0.09940135478973389, 0.0631139725446701]",True
/content/MargDrishti/data/processed/crops/test/right_turn_prohibited/right_turn_prohibited-69_jpg.rf.e7f7582ee2eb15c4eb8ec30dec475d6e__786.0.jpg,44,right_turn_prohibited,44,right_turn_prohibited,0.31765246391296387,"[44, 21, 67]","[0.31765246391296387, 0.11388760060071945, 0.11020012944936752]",True
/content/MargDrishti/data/processed/crops/test/right_turn_prohibited/right_turn_prohibited-18_jpg.rf.e8fec90bbb3b0b1e726162263430e840__787.0.jpg,44,right_turn_prohibited,44,right_turn_prohibited,0.36906686425209045,"[44, 2, 26]","[0.36906686425209045, 0.12005668878555298, 0.06759502738714218]",True
/content/MargDrishti/data/processed/crops/test/speed_limit_30/speed_limit_30-19_png.rf.e868fdf3f41634f5941d511369a6cf5e__788.0.jpg,53,speed_limit_30,55,speed_limit_50,0.270215779542923,"[55, 53, 52]","[0.270215779542923, 0.25543758273124695, 0.09138071537017822]",False
/content/MargDrishti/data/processed/crops/test/compulsary_turn_left_ahead/compulsary_turn_left_ahead-52_jpeg.rf.e90531e97ab259da2c9c0abad06e7a77__789.0.jpg,11,compulsary_turn_left_ahead,36,pass_either_side,0.1551661640405655,"[36, 11, 12]","[0.1551661640405655, 0.11370071768760681, 0.08093790709972382]",False
/content/MargDrishti/data/processed/crops/test/left_turn_prohibited/left_turn_prohibited-4_jpg.rf.e9937573eb55a9f4019f399144a4c53c__790.0.jpg,26,left_turn_prohibited,21,horn_prohibited,0.11721543222665787,"[21, 0, 33]","[0.11721543222665787, 0.08294423669576645, 0.052569739520549774]",False
/content/MargDrishti/data/processed/crops/test/roundabout/roundabout-49_png.rf.e959b881865a5cf415128a898093b9fe__791.0.jpg,45,roundabout,7,compulsary_ahead_or_turn_right,0.11625124514102936,"[7, 52, 45]","[0.11625124514102936, 0.10026630759239197, 0.08938857913017273]",False
/content/MargDrishti/data/processed/crops/test/bullock_cart_and_hand_cart_prohibited/bullock_cart_and_hand_cart_prohibited-57_png.rf.e98979977267fd91aa1eebfc78a23edc__792.0.jpg,2,bullock_cart_and_hand_cart_prohibited,38,pedestrian_prohibited,0.12905819714069366,"[38, 2, 65]","[0.12905819714069366, 0.122551828622818, 0.0910540521144867]",False
/content/MargDrishti/data/processed/crops/test/pedestrian_prohibited/pedestrian_prohibited-4_png.rf.e96b174b39a973881a61cfd81fc0ebcf__793.0.jpg,38,pedestrian_prohibited,38,pedestrian_prohibited,0.13691940903663635,"[38, 33, 65]","[0.13691940903663635, 0.08105334639549255, 0.07355586439371109]",True
/content/MargDrishti/data/processed/crops/test/pedestrian_crossing/pedestrian_crossing-20_jpg.rf.ea0835f706a3df0ae316e6ce2aa4c6b0__794.0.jpg,37,pedestrian_crossing,22,hospital_ahead,0.14641201496124268,"[22, 47, 37]","[0.14641201496124268, 0.13530093431472778, 0.10994070768356323]",False
/content/MargDrishti/data/processed/crops/test/compulsary_keep_left/compulsary_keep_left-49_jpg.rf.ea981cc1549021242093abff82bd690d__796.0.jpg,8,compulsary_keep_left,9,compulsary_keep_right,0.10503073036670685,"[9, 5, 7]","[0.10503073036670685, 0.08345428854227066, 0.06721191108226776]",False
/content/MargDrishti/data/processed/crops/test/speed_limit_60/speed_limit_60-26_png.rf.ead99064d3f1ab6f89d2f6886205ca4c__797.0.jpg,56,speed_limit_60,56,speed_limit_60,0.18167610466480255,"[56, 58, 51]","[0.18167610466480255, 0.13568980991840363, 0.133769229054451]",True
/content/MargDrishti/data/processed/crops/test/speed_limit_100/speed_limit_100-45_png.rf.ebf86033004396e3555957726c71939a__798.0.jpg,50,speed_limit_100,50,speed_limit_100,0.28479117155075073,"[50, 51, 53]","[0.28479117155075073, 0.2487899661064148, 0.0882449522614479]",True
/content/MargDrishti/data/processed/crops/test/left_reverse_bend/left_reverse_bend-37_png.rf.ead2bc4952d363d137538db085a4f271__799.0.jpg,25,left_reverse_bend,25,left_reverse_bend,0.12118668109178543,"[25, 13, 62]","[0.12118668109178543, 0.11963427066802979, 0.08950681239366531]",True
/content/MargDrishti/data/processed/crops/test/narrow_road_ahead/narrow_road_ahead-46_png.rf.eb970e5bd509c4578b0d92cd35d16364__800.0.jpg,31,narrow_road_ahead,13,cross_road,0.1297513246536255,"[13, 25, 46]","[0.1297513246536255, 0.10332086682319641, 0.066646046936512]",False
/content/MargDrishti/data/processed/crops/test/traffic_signal/traffic_signal-1_jpg.rf.ebee733768fb73a36348d3051a52f54e__801.0.jpg,64,traffic_signal,47,side_road_left,0.10108081996440887,"[47, 17, 59]","[0.10108081996440887, 0.09036079794168472, 0.04782363772392273]",False
/content/MargDrishti/data/processed/crops/test/no_stopping_or_standing/no_stopping_or_standing-40_jpg.rf.ed022e2a18d60ec2f97d3c69d97841ba__802.0.jpg,34,no_stopping_or_standing,34,no_stopping_or_standing,0.7998461723327637,"[34, 21, 67]","[0.7998461723327637, 0.01704733818769455, 0.016535714268684387]",True
/content/MargDrishti/data/processed/crops/test/left_reverse_bend/left_reverse_bend-24_png.rf.eeab5fd1940d3bb39fe443323de0dee0__803.0.jpg,25,left_reverse_bend,25,left_reverse_bend,0.3964771628379822,"[25, 31, 62]","[0.3964771628379822, 0.1266956627368927, 0.06378786265850067]",True
/content/MargDrishti/data/processed/crops/test/left_turn_prohibited/left_turn_prohibited-9_jpg.rf.ee4ff7b0608c7280911ad865db74c403__804.0.jpg,26,left_turn_prohibited,21,horn_prohibited,0.22850458323955536,"[21, 44, 2]","[0.22850458323955536, 0.17860089242458344, 0.09188190847635269]",False
/content/MargDrishti/data/processed/crops/test/cross_road/cross_road-16_jpg.rf.edd83a70fbf48cadb8c8ed18665e73ca__805.0.jpg,13,cross_road,13,cross_road,0.4124041199684143,"[13, 62, 23]","[0.4124041199684143, 0.0427401065826416, 0.03384160250425339]",True
/content/MargDrishti/data/processed/crops/test/hump_or_rough_road/hump_or_rough_road-2_jpg.rf.ed1f680656812dc61b9d0fb632e259ee__806.0.jpg,23,hump_or_rough_road,15,dangerous_dip,0.20265169441699982,"[15, 23, 59]","[0.20265169441699982, 0.07164399325847626, 0.05025455728173256]",False
/content/MargDrishti/data/processed/crops/test/narrow_road_ahead/narrow_road_ahead-21_jpg.rf.efc377bf84ac561173e7cc79c4136ec9__808.0.jpg,31,narrow_road_ahead,31,narrow_road_ahead,0.17506401240825653,"[31, 30, 59]","[0.17506401240825653, 0.15465043485164642, 0.0787854790687561]",True
/content/MargDrishti/data/processed/crops/test/cattle_ahead/cattle_ahead-20_jpg.rf.f0c20a21cc780ec88e921448b80df993__809.0.jpg,3,cattle_ahead,3,cattle_ahead,0.672036349773407,"[3, 68, 40]","[0.672036349773407, 0.033836934715509415, 0.02323373779654503]",True
/content/MargDrishti/data/processed/crops/test/right_turn_prohibited/right_turn_prohibited-24_jpg.rf.efe9a4c34d598ac8f07b1571fe640b73__810.0.jpg,44,right_turn_prohibited,44,right_turn_prohibited,0.43017446994781494,"[44, 67, 21]","[0.43017446994781494, 0.06701476126909256, 0.041567686945199966]",True
/content/MargDrishti/data/processed/crops/test/petrol_pump_ahead/petrol_pump_ahead-46_jpg.rf.f0fc76b33267e1fc483e9787f10c31f6__811.0.jpg,39,petrol_pump_ahead,39,petrol_pump_ahead,0.7417384386062622,"[39, 22, 11]","[0.7417384386062622, 0.09843108803033829, 0.011419441550970078]",True
/content/MargDrishti/data/processed/crops/test/u_turn_prohibited/u_turn_prohibited-1_jpg.rf.f1e94406cece9934023922da2f37a559__812.0.jpg,67,u_turn_prohibited,33,no_parking,0.10709503293037415,"[33, 67, 44]","[0.10709503293037415, 0.09444834291934967, 0.055643051862716675]",False
/content/MargDrishti/data/processed/crops/test/compulsary_ahead_or_turn_left/compulsary_ahead_or_turn_left-13_png.rf.f16703d0114261c8ac259bf172d9ff52__813.0.jpg,6,compulsary_ahead_or_turn_left,7,compulsary_ahead_or_turn_right,0.17773760855197906,"[7, 6, 5]","[0.17773760855197906, 0.1601635366678238, 0.07191088050603867]",False
/content/MargDrishti/data/processed/crops/test/guarded_level_crossing/guarded_level_crossing-16_jpg.rf.f12cf17341ed8cc5a42f6f5948b47951__814.0.jpg,19,guarded_level_crossing,19,guarded_level_crossing,0.047263383865356445,"[19, 39, 62]","[0.047263383865356445, 0.04155431687831879, 0.03948420658707619]",True
/content/MargDrishti/data/processed/crops/test/all_motor_vehicle_prohibited/all_motor_vehicle_prohibited-27_png.rf.f2204348bf7481d91c206ed1d4acc6eb__815.0.jpg,0,all_motor_vehicle_prohibited,0,all_motor_vehicle_prohibited,0.3407040238380432,"[0, 2, 38]","[0.3407040238380432, 0.09113430976867676, 0.057549264281988144]",True
/content/MargDrishti/data/processed/crops/test/guarded_level_crossing/guarded_level_crossing-55_png.rf.f24287b52edbae8baff20923ebfce61a__816.0.jpg,19,guarded_level_crossing,19,guarded_level_crossing,0.12238187342882156,"[19, 59, 48]","[0.12238187342882156, 0.10993846505880356, 0.08359202742576599]",True
/content/MargDrishti/data/processed/crops/test/roundabout/roundabout-31_jpg.rf.f2648005403ca01cbaf14165d5bc256e__817.0.jpg,45,roundabout,59,staggered_intersection,0.08781256526708603,"[59, 63, 48]","[0.08781256526708603, 0.0610220693051815, 0.05450485646724701]",False
/content/MargDrishti/data/processed/crops/test/truck_prohibited/truck_prohibited-26_jpg.rf.f269a2598455fa85e29ea4e338e539d4__818.0.jpg,65,truck_prohibited,33,no_parking,0.1561005860567093,"[33, 65, 0]","[0.1561005860567093, 0.06885351985692978, 0.0501263327896595]",False
/content/MargDrishti/data/processed/crops/test/pass_either_side/pass_either_side-7_jpeg.rf.f2987d2b430a357a12a02777c4233882__819.0.jpg,36,pass_either_side,1,axle_load_limit,0.11520285159349442,"[1, 20, 69]","[0.11520285159349442, 0.0989508107304573, 0.05248618498444557]",False
/content/MargDrishti/data/processed/crops/test/compulsary_keep_left/compulsary_keep_left-5_jpg.rf.f332b48243f607dbc0d49fa2b1db6b24__820.0.jpg,8,compulsary_keep_left,36,pass_either_side,0.14226996898651123,"[36, 7, 12]","[0.14226996898651123, 0.09839457273483276, 0.06182398274540901]",False
/content/MargDrishti/data/processed/crops/test/steep_ascent/steep_ascent-42_jpg.rf.f41e932fab735608bd26adbabe6ae110__821.0.jpg,60,steep_ascent,60,steep_ascent,0.1847723424434662,"[60, 61, 15]","[0.1847723424434662, 0.11602941900491714, 0.07367821037769318]",True
/content/MargDrishti/data/processed/crops/test/narrow_road_ahead/narrow_road_ahead-37_jpg.rf.f305326c6e6e5c2f5e34c583d1994590__822.0.jpg,31,narrow_road_ahead,30,narrow_bridge_ahead,0.18729092180728912,"[30, 31, 59]","[0.18729092180728912, 0.17521777749061584, 0.09100768715143204]",False
/content/MargDrishti/data/processed/crops/test/overtaking_prohibited/overtaking_prohibited-48_jpg.rf.f42ce0bd2e7a9e26ee28e93bae0148ee__823.0.jpg,35,overtaking_prohibited,35,overtaking_prohibited,0.14426711201667786,"[35, 67, 54]","[0.14426711201667786, 0.08244693279266357, 0.067699134349823]",True
/content/MargDrishti/data/processed/crops/test/compulsary_keep_right/compulsary_keep_right-61_png.rf.f43b83852635d8c49aaae599a8b4fad1__824.0.jpg,9,compulsary_keep_right,36,pass_either_side,0.08528194576501846,"[36, 22, 12]","[0.08528194576501846, 0.07947144657373428, 0.07390960305929184]",False
/content/MargDrishti/data/processed/crops/test/dangerous_dip/dangerous_dip-12_jpg.rf.f48dc5847b708281e6473f1b9cfd770a__825.0.jpg,15,dangerous_dip,15,dangerous_dip,0.1917879432439804,"[15, 59, 48]","[0.1917879432439804, 0.06818266957998276, 0.06657837331295013]",True
/content/MargDrishti/data/processed/crops/test/speed_limit_30/speed_limit_30-66_png.rf.f4a1077851398f0e298eddf454e8b568__826.0.jpg,53,speed_limit_30,55,speed_limit_50,0.10229183733463287,"[55, 53, 51]","[0.10229183733463287, 0.10222034901380539, 0.09412001818418503]",False
/content/MargDrishti/data/processed/crops/test/speed_limit_120/speed_limit_120-0_png.rf.f53c1698e7b22f821ff638618d356371__827.0.jpg,51,speed_limit_120,69,width_limit,0.15499922633171082,"[69, 20, 27]","[0.15499922633171082, 0.12205975502729416, 0.06933320313692093]",False
/content/MargDrishti/data/processed/crops/test/no_parking/no_parking-46_jpg.rf.f52e248db939dd0172b9f1d7b5a578a9__828.0.jpg,33,no_parking,33,no_parking,0.07437461614608765,"[33, 0, 2]","[0.07437461614608765, 0.054118212312459946, 0.052341584116220474]",True
/content/MargDrishti/data/processed/crops/test/u_turn/u_turn-55_jpg.rf.f4c357a39a53b542317fd00397e05b0f__829.0.jpg,66,u_turn,66,u_turn,0.39735010266304016,"[66, 13, 37]","[0.39735010266304016, 0.07672367244958878, 0.06748232990503311]",True
/content/MargDrishti/data/processed/crops/test/u_turn/u_turn-42_jpg.rf.f5b2ae919e32736e211312a03dc67664__831.0.jpg,66,u_turn,13,cross_road,0.09836817532777786,"[13, 66, 30]","[0.09836817532777786, 0.06147263944149017, 0.04901009425520897]",False
/content/MargDrishti/data/processed/crops/test/compulsary_turn_left_ahead/compulsary_turn_left_ahead-29_jpg.rf.f610eefc2fe591fa2f46c66b327ba44a__832.0.jpg,11,compulsary_turn_left_ahead,11,compulsary_turn_left_ahead,0.1678996980190277,"[11, 12, 36]","[0.1678996980190277, 0.1290684938430786, 0.08939541131258011]",True
/content/MargDrishti/data/processed/crops/test/compulsary_ahead_or_turn_right/compulsary_ahead_or_turn_right-57_png.rf.f5d46542a4e45f86530e2f9892a1209b__833.0.jpg,7,compulsary_ahead_or_turn_right,7,compulsary_ahead_or_turn_right,0.32725659012794495,"[7, 36, 6]","[0.32725659012794495, 0.11601653695106506, 0.08857367932796478]",True
/content/MargDrishti/data/processed/crops/test/school_ahead/school_ahead-34_jpg.rf.f73f545b50536ae75a529f184cdb67b3__834.0.jpg,46,school_ahead,46,school_ahead,0.07095682621002197,"[46, 63, 30]","[0.07095682621002197, 0.04994814097881317, 0.04815627634525299]",True
/content/MargDrishti/data/processed/crops/test/cycle_crossing/cycle_crossing-46_png.rf.f7ec623aa02293255723300f723d335c__835.0.jpg,14,cycle_crossing,31,narrow_road_ahead,0.08685105293989182,"[31, 14, 25]","[0.08685105293989182, 0.07988843321800232, 0.06934525817632675]",False
/content/MargDrishti/data/processed/crops/test/school_ahead/school_ahead-14_jpg.rf.f767dc9655f3991f62efe76cfbd374ea__836.0.jpg,46,school_ahead,68,unguarded_level_crossing,0.06961694359779358,"[68, 30, 14]","[0.06961694359779358, 0.06873799115419388, 0.05751835182309151]",False
/content/MargDrishti/data/processed/crops/test/narrow_road_ahead/narrow_road_ahead-39_png.rf.f76220d234d327adda22e51fc659456a__837.0.jpg,31,narrow_road_ahead,25,left_reverse_bend,0.1479852944612503,"[25, 31, 62]","[0.1479852944612503, 0.13424058258533478, 0.05386728420853615]",False
/content/MargDrishti/data/processed/crops/test/traffic_signal/traffic_signal-34_png.rf.f78e2c97d8f1842f8017bebf3d61f312__838.0.jpg,64,traffic_signal,64,traffic_signal,0.6533995866775513,"[64, 37, 31]","[0.6533995866775513, 0.0501522570848465, 0.03334785997867584]",True
/content/MargDrishti/data/processed/crops/test/falling_rocks/falling_rocks-63_jpg.rf.f8893b101e2a501746c97fa2937a5efd__839.0.jpg,16,falling_rocks,16,falling_rocks,0.13729619979858398,"[16, 68, 61]","[0.13729619979858398, 0.1330157071352005, 0.05386221036314964]",True
/content/MargDrishti/data/processed/crops/test/school_ahead/school_ahead-8_jpg.rf.f8c76c3705f3a0fe4b426fe4a3b79bf5__840.0.jpg,46,school_ahead,13,cross_road,0.05531446635723114,"[13, 3, 46]","[0.05531446635723114, 0.05014318600296974, 0.04638025537133217]",False
/content/MargDrishti/data/processed/crops/test/steep_descent/steep_descent-12_png.rf.f8db282a707884f70d7f0b632c57e6b1__841.0.jpg,61,steep_descent,60,steep_ascent,0.1531706303358078,"[60, 61, 40]","[0.1531706303358078, 0.09134698659181595, 0.05715103819966316]",False
/content/MargDrishti/data/processed/crops/test/speed_limit_70/speed_limit_70-59_png.rf.f8df6d2d1954bc1c57fe1f85c710f42d__842.0.jpg,57,speed_limit_70,55,speed_limit_50,0.26457035541534424,"[55, 57, 52]","[0.26457035541534424, 0.09670092165470123, 0.052860744297504425]",False
/content/MargDrishti/data/processed/crops/test/roundabout/roundabout-39_jpg.rf.f96adca9252f433c148cc42f62b0b535__843.0.jpg,45,roundabout,13,cross_road,0.09559158980846405,"[13, 62, 48]","[0.09559158980846405, 0.057602688670158386, 0.03928343206644058]",False
/content/MargDrishti/data/processed/crops/test/petrol_pump_ahead/petrol_pump_ahead-34_png.rf.f977400c61e442fa6fa7504351e61291__844.0.jpg,39,petrol_pump_ahead,39,petrol_pump_ahead,0.5818201303482056,"[39, 40, 22]","[0.5818201303482056, 0.047456368803977966, 0.04634413868188858]",True
/content/MargDrishti/data/processed/crops/test/compulsary_turn_right_ahead/compulsary_turn_right_ahead-19_png.rf.f9ab5a105cf87383e86bb91278b55eeb__845.0.jpg,12,compulsary_turn_right_ahead,7,compulsary_ahead_or_turn_right,0.13117650151252747,"[7, 12, 6]","[0.13117650151252747, 0.12639907002449036, 0.08721858263015747]",False
/content/MargDrishti/data/processed/crops/test/quay_side_or_river_bank/quay_side_or_river_bank-65_jpeg.rf.f929bbf348fe9bb5808274d92bdaadb8__846.0.jpg,40,quay_side_or_river_bank,40,quay_side_or_river_bank,0.11675775796175003,"[40, 68, 17]","[0.11675775796175003, 0.08845797181129456, 0.07199635356664658]",True
/content/MargDrishti/data/processed/crops/test/horn_prohibited/horn_prohibited-0_jpg.rf.f9f75c00a9cc0e0b3b8479ecd02e6cf6__847.0.jpg,21,horn_prohibited,21,horn_prohibited,0.1221938505768776,"[21, 67, 54]","[0.1221938505768776, 0.1035783663392067, 0.07520389556884766]",True
/content/MargDrishti/data/processed/crops/test/compulsary_turn_right_ahead/compulsary_turn_right_ahead-36_png.rf.fa33831033e44e184eb2128d97284802__848.0.jpg,12,compulsary_turn_right_ahead,6,compulsary_ahead_or_turn_left,0.2630920112133026,"[6, 12, 7]","[0.2630920112133026, 0.259905606508255, 0.21816594898700714]",False
/content/MargDrishti/data/processed/crops/test/right_turn_prohibited/right_turn_prohibited-19_jpg.rf.f9da789c323011d5812a563d64437a8e__849.0.jpg,44,right_turn_prohibited,44,right_turn_prohibited,0.47016283869743347,"[44, 67, 33]","[0.47016283869743347, 0.1191098690032959, 0.0671529546380043]",True
/content/MargDrishti/data/processed/crops/test/compulsary_sound_horn/compulsary_sound_horn-14_jpg.rf.fa64a36673f16094ad8e54e6d4c7daa6__850.0.jpg,10,compulsary_sound_horn,10,compulsary_sound_horn,0.354170024394989,"[10, 12, 11]","[0.354170024394989, 0.09082501381635666, 0.08938810974359512]",True
/content/MargDrishti/data/processed/crops/test/speed_limit_20/speed_limit_20-1_jpg.rf.fa818d6a7dda1e9af78578a165b1f7c9__851.0.jpg,52,speed_limit_20,52,speed_limit_20,0.1078052744269371,"[52, 62, 51]","[0.1078052744269371, 0.08577819168567657, 0.053646329790353775]",True
/content/MargDrishti/data/processed/crops/test/compulsary_ahead_or_turn_right/compulsary_ahead_or_turn_right-2_png.rf.fa6b9033f3047f684f9b7b700d2faf5c__852.0.jpg,7,compulsary_ahead_or_turn_right,7,compulsary_ahead_or_turn_right,0.41198980808258057,"[7, 6, 9]","[0.41198980808258057, 0.1951756328344345, 0.04723440110683441]",True
/content/MargDrishti/data/processed/crops/test/right_turn_prohibited/right_turn_prohibited-28_jpg.rf.faa39dd1372a55521fec877180a73313__853.0.jpg,44,right_turn_prohibited,44,right_turn_prohibited,0.4725322425365448,"[44, 21, 67]","[0.4725322425365448, 0.1321338713169098, 0.10659753531217575]",True
/content/MargDrishti/data/processed/crops/test/speed_limit_50/speed_limit_50-39_png.rf.fb09651ec85b90938a07a34371f82337__854.0.jpg,55,speed_limit_50,55,speed_limit_50,0.1845504194498062,"[55, 53, 51]","[0.1845504194498062, 0.1829012632369995, 0.11490467190742493]",True
/content/MargDrishti/data/processed/crops/test/all_motor_vehicle_prohibited/all_motor_vehicle_prohibited-17_jpg.rf.fba39c800886c37b72472695ed342657__855.0.jpg,0,all_motor_vehicle_prohibited,2,bullock_cart_and_hand_cart_prohibited,0.1952803134918213,"[2, 0, 35]","[0.1952803134918213, 0.1919834166765213, 0.11236851662397385]",False
/content/MargDrishti/data/processed/crops/test/slippery_road/slippery_road-13_jpg.rf.fbbdee971a25a3ae3d8f248abba9f9a9__856.0.jpg,49,slippery_road,49,slippery_road,0.29100242257118225,"[49, 60, 40]","[0.29100242257118225, 0.06851211190223694, 0.04131091386079788]",True
/content/MargDrishti/data/processed/crops/test/right_reverse_bend/right_reverse_bend-21_jpg.rf.fbd1f6c9dec22cb80053e6845fc62240__857.0.jpg,43,right_reverse_bend,43,right_reverse_bend,0.16116613149642944,"[43, 42, 24]","[0.16116613149642944, 0.06471051275730133, 0.06079354137182236]",True
/content/MargDrishti/data/processed/crops/test/all_motor_vehicle_prohibited/all_motor_vehicle_prohibited-33_JPG.rf.fb5d57a1ffc95dde5dac38bf43f72eae__858.0.jpg,0,all_motor_vehicle_prohibited,0,all_motor_vehicle_prohibited,0.06015261262655258,"[0, 13, 21]","[0.06015261262655258, 0.04558170586824417, 0.03807496652007103]",True
/content/MargDrishti/data/processed/crops/test/compulsary_keep_left/compulsary_keep_left-45_png.rf.fc6e63860f567af8c2e167a89d19542b__859.0.jpg,8,compulsary_keep_left,9,compulsary_keep_right,0.3908088207244873,"[9, 5, 7]","[0.3908088207244873, 0.11574552953243256, 0.08704430609941483]",False
/content/MargDrishti/data/processed/crops/test/u_turn_prohibited/u_turn_prohibited-36_jpg.rf.fccee9520b66b0e762cfe9c13f95ef82__860.0.jpg,67,u_turn_prohibited,44,right_turn_prohibited,0.2541652023792267,"[44, 26, 67]","[0.2541652023792267, 0.20302045345306396, 0.11707978695631027]",False
/content/MargDrishti/data/processed/crops/test/compulsary_keep_left/compulsary_keep_left-32_jpg.rf.fc6879a87039d6ba73c3d820aa93077a__861.0.jpg,8,compulsary_keep_left,8,compulsary_keep_left,0.520501971244812,"[8, 17, 21]","[0.520501971244812, 0.02964111976325512, 0.02490868791937828]",True
/content/MargDrishti/data/processed/crops/test/speed_limit_120/speed_limit_120-13_jpeg.rf.fcd27e9053b9a3555e1b42386983c0a8__862.0.jpg,51,speed_limit_120,20,height_limit,0.1483268439769745,"[20, 69, 27]","[0.1483268439769745, 0.14025914669036865, 0.08307715505361557]",False
/content/MargDrishti/data/processed/crops/test/side_road_right/side_road_right-43_jpg.rf.fd6eaa8edcd12c9703cd34f38b9b3d05__863.0.jpg,48,side_road_right,59,staggered_intersection,0.24154695868492126,"[59, 48, 70]","[0.24154695868492126, 0.1520450860261917, 0.09457816928625107]",False
/content/MargDrishti/data/processed/crops/test/speed_limit_100/speed_limit_100-30_png.rf.fdb69478a421d28a72df6bf247861d12__864.0.jpg,50,speed_limit_100,50,speed_limit_100,0.27860337495803833,"[50, 51, 44]","[0.27860337495803833, 0.12268607318401337, 0.06511025130748749]",True
/content/MargDrishti/data/processed/crops/test/compulsary_ahead_or_turn_left/compulsary_ahead_or_turn_left-4_jpg.rf.fd9e724b8004b7eeb2579dc1f9e0fbb2__865.0.jpg,6,compulsary_ahead_or_turn_left,36,pass_either_side,0.13500159978866577,"[36, 7, 5]","[0.13500159978866577, 0.12600775063037872, 0.1188870370388031]",False
/content/MargDrishti/data/processed/crops/test/no_parking/no_parking-23_jpg.rf.fdd441a3c2ed22f3a403ea8374d1fd14__866.0.jpg,33,no_parking,33,no_parking,0.22061750292778015,"[33, 65, 38]","[0.22061750292778015, 0.17856180667877197, 0.11431636661291122]",True
/content/MargDrishti/data/processed/crops/test/speed_limit_120/speed_limit_120-63_png.rf.ff289fa973e5d72e340566eadb68097c__867.0.jpg,51,speed_limit_120,50,speed_limit_100,0.23818795382976532,"[50, 51, 58]","[0.23818795382976532, 0.18931162357330322, 0.10200337320566177]",False
/content/MargDrishti/data/processed/crops/test/axle_load_limit/axle_load_limit-29_jpg.rf.ff5bfe5ec824e59fc531775539d8555c__868.0.jpg,1,axle_load_limit,1,axle_load_limit,0.2598618268966675,"[1, 7, 20]","[0.2598618268966675, 0.044639285653829575, 0.041901372373104095]",True
/content/MargDrishti/data/processed/crops/test/left_reverse_bend/left_reverse_bend-20_jpg.rf.ffe831fe4c033e94e8f1ea6970b8770a__869.0.jpg,25,left_reverse_bend,59,staggered_intersection,0.099674753844738,"[59, 70, 48]","[0.099674753844738, 0.08619167655706406, 0.08498303592205048]",False
/content/MargDrishti/data/processed/crops/test/narrow_road_ahead/narrow_road_ahead-43_png.rf.ff3ce8cc97b8dafcf7ca98501e8eb6bc__870.0.jpg,31,narrow_road_ahead,25,left_reverse_bend,0.11581678688526154,"[25, 31, 13]","[0.11581678688526154, 0.08820614963769913, 0.07983779907226562]",False
