path,true_idx,true_name,pred_idx,pred_name,confidence,top3_indices,top3_probs,correct
/content/MargDrishti/data/processed/crops/test/no_stopping_or_standing/no_stopping_or_standing-57_jpg.rf.0418ee94c194e36efeed2bac26406363__0.0.jpg,34,no_stopping_or_standing,34,no_stopping_or_standing,0.9873465895652771,"[34, 56, 32]","[0.9873465895652771, 0.001558556454256177, 0.0013359917793422937]",True
/content/MargDrishti/data/processed/crops/test/slippery_road/slippery_road-47_png.rf.049f06bd08af457d75dd31aa2b1d8914__1.0.jpg,49,slippery_road,49,slippery_road,0.8590440154075623,"[49, 39, 3]","[0.8590440154075623, 0.0073346933349967, 0.007000696379691362]",True
/content/MargDrishti/data/processed/crops/test/overtaking_prohibited/overtaking_prohibited-12_jpg.rf.01da5d854e92036a005dc09147817f47__2.0.jpg,35,overtaking_prohibited,35,overtaking_prohibited,0.9536838531494141,"[35, 27, 69]","[0.9536838531494141, 0.00838418584316969, 0.005695999134331942]",True
/content/MargDrishti/data/processed/crops/test/cattle_ahead/cattle_ahead-25_jpg.rf.0746d45fbf46c067f63e3d12a88c0120__3.0.jpg,3,cattle_ahead,3,cattle_ahead,0.9166994690895081,"[3, 2, 59]","[0.9166994690895081, 0.005785053130239248, 0.0030734764877706766]",True
/content/MargDrishti/data/processed/crops/test/all_motor_vehicle_prohibited/all_motor_vehicle_prohibited-13_jpg.rf.0889f592fa6098d98bfee5b3b16939c0__4.0.jpg,0,all_motor_vehicle_prohibited,0,all_motor_vehicle_prohibited,0.8171919584274292,"[0, 68, 19]","[0.8171919584274292, 0.02009323053061962, 0.016322163864970207]",True
/content/MargDrishti/data/processed/crops/test/pass_either_side/pass_either_side-27_jpg.rf.0400651216882f78f36d6112ecbfb28e__5.0.jpg,36,pass_either_side,36,pass_either_side,0.9426571726799011,"[36, 20, 70]","[0.9426571726799011, 0.005337361712008715, 0.002781601157039404]",True
/content/MargDrishti/data/processed/crops/test/traffic_signal/traffic_signal-52_png.rf.0907c89e65c3767abf4b2cb72098de91__6.0.jpg,64,traffic_signal,64,traffic_signal,0.9379346370697021,"[64, 24, 34]","[0.9379346370697021, 0.003580607706680894, 0.0031608850695192814]",True
/content/MargDrishti/data/processed/crops/test/narrow_bridge_ahead/narrow_bridge_ahead-31_jpeg.rf.007a6e53fe0e1ec0fcde65e5c662e19f__7.0.jpg,30,narrow_bridge_ahead,30,narrow_bridge_ahead,0.9281420111656189,"[30, 31, 25]","[0.9281420111656189, 0.0031953586731106043, 0.002656634198501706]",True
/content/MargDrishti/data/processed/crops/test/pass_either_side/pass_either_side-55_jpg.rf.0199606abae971cd3a9f85eda75c98c2__8.0.jpg,36,pass_either_side,36,pass_either_side,0.8585979342460632,"[36, 8, 10]","[0.8585979342460632, 0.0332256518304348, 0.023897023871541023]",True
/content/MargDrishti/data/processed/crops/test/stop/stop-43_png.rf.06f95c1d1747191af9626cc43ab8a209__9.0.jpg,62,stop,62,stop,0.8801763653755188,"[62, 64, 55]","[0.8801763653755188, 0.009132306091487408, 0.007563019637018442]",True
/content/MargDrishti/data/processed/crops/test/quay_side_or_river_bank/quay_side_or_river_bank-56_jpg.rf.018c2f9ad535e652b18eb93da42e6dc5__10.0.jpg,40,quay_side_or_river_bank,40,quay_side_or_river_bank,0.9421061277389526,"[40, 16, 3]","[0.9421061277389526, 0.0028302562423050404, 0.0022760634310543537]",True
/content/MargDrishti/data/processed/crops/test/compulsary_ahead_or_turn_left/compulsary_ahead_or_turn_left-40_png.rf.01cf56bd84a0f2a8c299b69202273f1b__11.0.jpg,6,compulsary_ahead_or_turn_left,6,compulsary_ahead_or_turn_left,0.9118319749832153,"[6, 36, 7]","[0.9118319749832153, 0.0074309781193733215, 0.006207799538969994]",True
/content/MargDrishti/data/processed/crops/test/loose_gravel/loose_gravel-25_jpeg.rf.0316048851cc995789d1396baeba2651__12.0.jpg,28,loose_gravel,28,loose_gravel,0.8471869826316833,"[28, 36, 10]","[0.8471869826316833, 0.0076806629076600075, 0.006932338699698448]",True
/content/MargDrishti/data/processed/crops/test/left_reverse_bend/left_reverse_bend-56_jpg.rf.00595c45897ab9380b024a578bca58fa__13.0.jpg,25,left_reverse_bend,25,left_reverse_bend,0.6059873104095459,"[25, 43, 17]","[0.6059873104095459, 0.16216669976711273, 0.023941922932863235]",True
/content/MargDrishti/data/processed/crops/test/unguarded_level_crossing/unguarded_level_crossing-1_jpg.rf.03dc44ae0c8b55a99e17ba31a698f5af__14.0.jpg,68,unguarded_level_crossing,68,unguarded_level_crossing,0.9140342473983765,"[68, 27, 10]","[0.9140342473983765, 0.00921554584056139, 0.006302515976130962]",True
/content/MargDrishti/data/processed/crops/test/speed_limit_100/speed_limit_100-8_jpg.rf.00c887b207dd2e4ca4800a0ec1c84491__15.0.jpg,50,speed_limit_100,50,speed_limit_100,0.8926199078559875,"[50, 51, 27]","[0.8926199078559875, 0.060742687433958054, 0.008624844253063202]",True
/content/MargDrishti/data/processed/crops/test/bullock_cart_and_hand_cart_prohibited/bullock_cart_and_hand_cart_prohibited-7_jpeg.rf.00713880fce71f8310e055bf5b47cc65__16.0.jpg,2,bullock_cart_and_hand_cart_prohibited,2,bullock_cart_and_hand_cart_prohibited,0.9030619263648987,"[2, 65, 3]","[0.9030619263648987, 0.017598798498511314, 0.00779641093686223]",True
/content/MargDrishti/data/processed/crops/test/slippery_road/slippery_road-43_png.rf.08dadc118192c2c315c8895840a28852__17.0.jpg,49,slippery_road,49,slippery_road,0.9172186255455017,"[49, 27, 68]","[0.9172186255455017, 0.010611983016133308, 0.006443915423005819]",True
/content/MargDrishti/data/processed/crops/test/school_ahead/school_ahead-41_jpg.rf.0380a3ac9531c1ec1116a260593bcba8__18.0.jpg,46,school_ahead,46,school_ahead,0.7550260424613953,"[46, 37, 38]","[0.7550260424613953, 0.10078052431344986, 0.02207920141518116]",True
/content/MargDrishti/data/processed/crops/test/all_motor_vehicle_prohibited/all_motor_vehicle_prohibited-57_jpg.rf.05a4f0ec8cba6c82442d358b452af29b__19.0.jpg,0,all_motor_vehicle_prohibited,0,all_motor_vehicle_prohibited,0.8462499380111694,"[0, 35, 27]","[0.8462499380111694, 0.044673409312963486, 0.008755041286349297]",True
/content/MargDrishti/data/processed/crops/test/speed_limit_100/speed_limit_100-12_png.rf.011f68db4be6ebd4e60b1bc7df1cb8cc__20.0.jpg,50,speed_limit_100,50,speed_limit_100,0.9612593054771423,"[50, 51, 58]","[0.9612593054771423, 0.003070939565077424, 0.0019208159064874053]",True
/content/MargDrishti/data/processed/crops/test/u_turn/u_turn-59_jpg.rf.071848948699187281cdce117b6a8d8b__21.0.jpg,66,u_turn,66,u_turn,0.947088360786438,"[66, 67, 47]","[0.947088360786438, 0.01862453483045101, 0.0018495905678719282]",True
/content/MargDrishti/data/processed/crops/test/compulsary_keep_right/compulsary_keep_right-55_jpeg.rf.004275d2b041bf903452e88a48ae4427__22.0.jpg,9,compulsary_keep_right,9,compulsary_keep_right,0.8052055239677429,"[9, 8, 36]","[0.8052055239677429, 0.0639444887638092, 0.018874241039156914]",True
/content/MargDrishti/data/processed/crops/test/right_hand_curve/right_hand_curve-31_jpg.rf.09173d73428cb9d3755bf73d1dd0b50d__23.0.jpg,42,right_hand_curve,42,right_hand_curve,0.6068356037139893,"[42, 63, 12]","[0.6068356037139893, 0.07917757332324982, 0.05651257559657097]",True
/content/MargDrishti/data/processed/crops/test/compulsary_turn_right_ahead/compulsary_turn_right_ahead-40_png.rf.009fe9aa525e4c953667d31181261873__24.0.jpg,12,compulsary_turn_right_ahead,12,compulsary_turn_right_ahead,0.9429301023483276,"[12, 7, 26]","[0.9429301023483276, 0.005572221241891384, 0.0031437024008482695]",True
/content/MargDrishti/data/processed/crops/test/stop/stop-49_png.rf.00191c18675c69b2e9a6c42e1d23f42c__25.0.jpg,62,stop,62,stop,0.960205614566803,"[62, 53, 4]","[0.960205614566803, 0.002310855546966195, 0.0021791793406009674]",True
/content/MargDrishti/data/processed/crops/test/right_hand_curve/right_hand_curve-29_jpg.rf.099bd1485a38dc18043e33f22c30ceb7__26.0.jpg,42,right_hand_curve,42,right_hand_curve,0.8669804334640503,"[42, 24, 59]","[0.8669804334640503, 0.026056237518787384, 0.005652567371726036]",True
/content/MargDrishti/data/processed/crops/test/speed_limit_30/speed_limit_30-30_png.rf.0953b6a01b8814577d3be9ca4706f603__27.0.jpg,53,speed_limit_30,53,speed_limit_30,0.9404907822608948,"[53, 52, 2]","[0.9404907822608948, 0.004701106809079647, 0.003087322460487485]",True
/content/MargDrishti/data/processed/crops/test/steep_ascent/steep_ascent-32_jpg.rf.097a122f5aba86d2fc3891250be17858__28.0.jpg,60,steep_ascent,60,steep_ascent,0.9601777195930481,"[60, 61, 68]","[0.9601777195930481, 0.014283538796007633, 0.0026661453302949667]",True
/content/MargDrishti/data/processed/crops/test/speed_limit_120/speed_limit_120-31_png.rf.09a5f6e2a9ada83f591de2ae553153b4__29.0.jpg,51,speed_limit_120,51,speed_limit_120,0.9096240997314453,"[51, 50, 52]","[0.9096240997314453, 0.010157175362110138, 0.009201752953231335]",True
/content/MargDrishti/data/processed/crops/test/slippery_road/slippery_road-57_jpg.rf.09c09f3fc2a7c4623e02869471824530__30.0.jpg,49,slippery_road,49,slippery_road,0.9183103442192078,"[49, 40, 64]","[0.9183103442192078, 0.004843777511268854, 0.003226043190807104]",True
/content/MargDrishti/data/processed/crops/test/no_stopping_or_standing/no_stopping_or_standing-0_jpeg.rf.0c6026c2a0bffcfbd86192871e58b3d4__31.0.jpg,34,no_stopping_or_standing,34,no_stopping_or_standing,0.9397709369659424,"[34, 33, 36]","[0.9397709369659424, 0.005642581731081009, 0.004581984598189592]",True
/content/MargDrishti/data/processed/crops/test/all_motor_vehicle_prohibited/all_motor_vehicle_prohibited-55_jpg.rf.0a89d9d26e02ab286399b0a2dfbeb4ef__32.0.jpg,0,all_motor_vehicle_prohibited,0,all_motor_vehicle_prohibited,0.9048112034797668,"[0, 19, 10]","[0.9048112034797668, 0.009043289348483086, 0.0061854468658566475]",True
/content/MargDrishti/data/processed/crops/test/left_reverse_bend/left_reverse_bend-19_png.rf.0c5e4a4326cab84351eef6e7478098e8__34.0.jpg,25,left_reverse_bend,25,left_reverse_bend,0.9175831079483032,"[25, 17, 26]","[0.9175831079483032, 0.0059240395203232765, 0.005874018184840679]",True
/content/MargDrishti/data/processed/crops/test/axle_load_limit/axle_load_limit-40_jpg.rf.0c33bee526eb8d518f018a68a1e6301f__35.0.jpg,1,axle_load_limit,1,axle_load_limit,0.7257406115531921,"[1, 27, 69]","[0.7257406115531921, 0.07603766769170761, 0.025763338431715965]",True
/content/MargDrishti/data/processed/crops/test/truck_prohibited/truck_prohibited-5_png.rf.0ccdf4c16c2554d61a127ee6760adfce__36.0.jpg,65,truck_prohibited,65,truck_prohibited,0.9012446999549866,"[65, 59, 27]","[0.9012446999549866, 0.008708354085683823, 0.008525040931999683]",True
/content/MargDrishti/data/processed/crops/test/u_turn_prohibited/u_turn_prohibited-40_jpg.rf.0c8dfe51efc3a7b1e7961e1438c504d6__37.0.jpg,67,u_turn_prohibited,67,u_turn_prohibited,0.992854654788971,"[67, 26, 66]","[0.992854654788971, 0.0014665680937469006, 0.0010003205388784409]",True
/content/MargDrishti/data/processed/crops/test/t_intersection/t_intersection-17_jpeg.rf.0ced7ae03d25f9175038ee045b1fb36d__38.0.jpg,63,t_intersection,63,t_intersection,0.9824413657188416,"[63, 17, 3]","[0.9824413657188416, 0.0010232491185888648, 0.0009571060654707253]",True
/content/MargDrishti/data/processed/crops/test/speed_limit_20/speed_limit_20-44_png.rf.0d262841165fa20c08be0ad755c90af2__39.0.jpg,52,speed_limit_20,52,speed_limit_20,0.926193118095398,"[52, 67, 51]","[0.926193118095398, 0.007894892245531082, 0.006428364664316177]",True
/content/MargDrishti/data/processed/crops/test/narrow_bridge_ahead/narrow_bridge_ahead-72_jpg.rf.0d5d9560d1ec8f4ca5c406c69d191301__40.0.jpg,30,narrow_bridge_ahead,30,narrow_bridge_ahead,0.9703218340873718,"[30, 31, 37]","[0.9703218340873718, 0.0020225585903972387, 0.0018559881718829274]",True
/content/MargDrishti/data/processed/crops/test/hospital_ahead/hospital_ahead-7_jpg.rf.0d8defd98b507d76306e90f961bb327f__42.0.jpg,22,hospital_ahead,22,hospital_ahead,0.9417362809181213,"[22, 39, 16]","[0.9417362809181213, 0.015216502360999584, 0.0032016935292631388]",True
/content/MargDrishti/data/processed/crops/test/chevron_direction/chevron_direction-52_jpg.rf.0e2e93275ef7bb5c90bd87284bc3336e__43.0.jpg,4,chevron_direction,4,chevron_direction,0.949582040309906,"[4, 8, 47]","[0.949582040309906, 0.005299091804772615, 0.004297640640288591]",True
/content/MargDrishti/data/processed/crops/test/left_hand_curve/left_hand_curve-64_jpg.rf.0da4ceb3ffba657a6a8a82c3c9ee5bae__44.0.jpg,24,left_hand_curve,24,left_hand_curve,0.6705742478370667,"[24, 42, 64]","[0.6705742478370667, 0.015102402307093143, 0.014891824685037136]",True
/content/MargDrishti/data/processed/crops/test/length_limit/length_limit-38_jpg.rf.0e9f2e8a4c48e1c2db427acf5d8c3683__45.0.jpg,27,length_limit,27,length_limit,0.9266748428344727,"[27, 69, 65]","[0.9266748428344727, 0.004872036166489124, 0.004012178163975477]",True
/content/MargDrishti/data/processed/crops/test/quay_side_or_river_bank/quay_side_or_river_bank-34_jpg.rf.0f772bd5e3ec389f6aff17e52a8606a0__46.0.jpg,40,quay_side_or_river_bank,40,quay_side_or_river_bank,0.8563482165336609,"[40, 0, 28]","[0.8563482165336609, 0.0073668500408530235, 0.006959070451557636]",True
/content/MargDrishti/data/processed/crops/test/left_reverse_bend/left_reverse_bend-18_jpg.rf.0f7127338dfb43b152a98a1f44ed2769__47.0.jpg,25,left_reverse_bend,25,left_reverse_bend,0.7634935975074768,"[25, 43, 70]","[0.7634935975074768, 0.13410212099552155, 0.023905444890260696]",True
/content/MargDrishti/data/processed/crops/test/dangerous_dip/dangerous_dip-5_jpg.rf.0ea520e269e55350d50b0b186d24644c__48.0.jpg,15,dangerous_dip,15,dangerous_dip,0.9829141497612,"[15, 69, 45]","[0.9829141497612, 0.0009618123876862228, 0.0009087154176086187]",True
/content/MargDrishti/data/processed/crops/test/speed_limit_120/speed_limit_120-29_png.rf.10e6cff5f3a1adb4c07a0ca7cde9d2a9__49.0.jpg,51,speed_limit_120,51,speed_limit_120,0.6086940765380859,"[51, 20, 9]","[0.6086940765380859, 0.025318292900919914, 0.02223130501806736]",True
/content/MargDrishti/data/processed/crops/test/slippery_road/slippery_road-30_png.rf.10d9f8d1a3c6f42849dcdc93415c2565__50.0.jpg,49,slippery_road,49,slippery_road,0.672652542591095,"[49, 39, 14]","[0.672652542591095, 0.031106095761060715, 0.022758344188332558]",True
/content/MargDrishti/data/processed/crops/test/cross_road/cross_road-31_jpg.rf.111598742d2f4af5fdbe9d035a9a0bd1__51.0.jpg,13,cross_road,13,cross_road,0.8603507280349731,"[13, 34, 22]","[0.8603507280349731, 0.007992413826286793, 0.0047788191586732864]",True
/content/MargDrishti/data/processed/crops/test/speed_limit_70/speed_limit_70-35_png.rf.11b4173effbd7cc1115e9881f7230b28__52.0.jpg,57,speed_limit_70,57,speed_limit_70,0.8020476698875427,"[57, 51, 52]","[0.8020476698875427, 0.045891791582107544, 0.009174201637506485]",True
/content/MargDrishti/data/processed/crops/test/speed_limit_30/speed_limit_30-16_png.rf.113128bb577c3d6ca268da28fb497ef1__53.0.jpg,53,speed_limit_30,53,speed_limit_30,0.9383264183998108,"[53, 55, 69]","[0.9383264183998108, 0.017171628773212433, 0.004967923276126385]",True
/content/MargDrishti/data/processed/crops/test/speed_limit_20/speed_limit_20-11_png.rf.120697f7cabd234e7ff701ed563b6696__54.0.jpg,52,speed_limit_20,52,speed_limit_20,0.9281373023986816,"[52, 67, 53]","[0.9281373023986816, 0.008091007359325886, 0.006014191545546055]",True
/content/MargDrishti/data/processed/crops/test/unguarded_level_crossing/unguarded_level_crossing-23_jpeg.rf.11c36ce60f410acb9b191a8e00f21a7d__55.0.jpg,68,unguarded_level_crossing,68,unguarded_level_crossing,0.8950911164283752,"[68, 23, 39]","[0.8950911164283752, 0.01591694913804531, 0.007456799037754536]",True
/content/MargDrishti/data/processed/crops/test/cross_road/cross_road-38_jpg.rf.129497bc79136587e7f109ea99fe5fc3__56.0.jpg,13,cross_road,13,cross_road,0.8589679598808289,"[13, 54, 22]","[0.8589679598808289, 0.006395372096449137, 0.006206595804542303]",True
/content/MargDrishti/data/processed/crops/test/right_hand_curve/right_hand_curve-58_png.rf.135f98ba974c85b3087d4b45c5d8e2e5__57.0.jpg,42,right_hand_curve,42,right_hand_curve,0.8986105918884277,"[42, 24, 59]","[0.8986105918884277, 0.009213647805154324, 0.006386216729879379]",True
/content/MargDrishti/data/processed/crops/test/speed_limit_30/speed_limit_30-3_jpg.rf.13fee685996264d5ff7a65cce58b15a9__58.0.jpg,53,speed_limit_30,51,speed_limit_120,0.40076225996017456,"[51, 69, 50]","[0.40076225996017456, 0.14059323072433472, 0.08612429350614548]",False
/content/MargDrishti/data/processed/crops/test/cattle_ahead/cattle_ahead-35_jpg.rf.145de6d6a037591ef6c0f3f103a0963e__59.0.jpg,3,cattle_ahead,3,cattle_ahead,0.9538901448249817,"[3, 63, 2]","[0.9538901448249817, 0.003463420085608959, 0.002084417501464486]",True
/content/MargDrishti/data/processed/crops/test/falling_rocks/falling_rocks-18_jpg.rf.14526a46c26e11ff55ee3271f3d3b265__60.0.jpg,16,falling_rocks,16,falling_rocks,0.949138343334198,"[16, 28, 38]","[0.949138343334198, 0.002859099069610238, 0.0025713788345456123]",True
/content/MargDrishti/data/processed/crops/test/speed_limit_100/speed_limit_100-15_png.rf.14b6b27cf9db470ce7efad34dafbc9f2__62.0.jpg,50,speed_limit_100,50,speed_limit_100,0.9783787727355957,"[50, 51, 41]","[0.9783787727355957, 0.0016079599736258388, 0.001525577623397112]",True
/content/MargDrishti/data/processed/crops/test/speed_limit_20/speed_limit_20-36_png.rf.147f6e9fb87978bb60d45184d5c04a9e__63.0.jpg,52,speed_limit_20,52,speed_limit_20,0.9560543298721313,"[52, 67, 66]","[0.9560543298721313, 0.004858461208641529, 0.0038819159381091595]",True
/content/MargDrishti/data/processed/crops/test/t_intersection/t_intersection-21_jpeg.rf.15a66e32c30960a32d98cd4e00cc5ad0__65.0.jpg,63,t_intersection,63,t_intersection,0.9593421816825867,"[63, 59, 15]","[0.9593421816825867, 0.0034600519575178623, 0.0019362670136615634]",True
/content/MargDrishti/data/processed/crops/test/speed_limit_30/speed_limit_30-39_png.rf.15e2efc40528e14647ce2065039c58cf__66.0.jpg,53,speed_limit_30,53,speed_limit_30,0.95624178647995,"[53, 52, 69]","[0.95624178647995, 0.00309778586961329, 0.002857929328456521]",True
/content/MargDrishti/data/processed/crops/test/restriction_ends/restriction_ends-65_png.rf.15ff1390c7cd3300de7c4a18034dcafe__67.0.jpg,41,restriction_ends,41,restriction_ends,0.9290730357170105,"[41, 2, 42]","[0.9290730357170105, 0.00762228574603796, 0.004968148656189442]",True
/content/MargDrishti/data/processed/crops/test/hospital_ahead/hospital_ahead-9_jpg.rf.16104afde087c0405b98dbc78ec837fa__68.0.jpg,22,hospital_ahead,22,hospital_ahead,0.959850549697876,"[22, 27, 39]","[0.959850549697876, 0.0077506848610937595, 0.004231455735862255]",True
/content/MargDrishti/data/processed/crops/test/falling_rocks/falling_rocks-20_jpg.rf.1685f816b3c006d7bf40a58c0573f10e__69.0.jpg,16,falling_rocks,16,falling_rocks,0.781975507736206,"[16, 30, 68]","[0.781975507736206, 0.009691465646028519, 0.008792378008365631]",True
/content/MargDrishti/data/processed/crops/test/cattle_ahead/cattle_ahead-8_jpg.rf.1730b0a5248516862f02f87ea1ac1a01__70.0.jpg,3,cattle_ahead,3,cattle_ahead,0.9410290718078613,"[3, 49, 25]","[0.9410290718078613, 0.0033053425140678883, 0.003000907599925995]",True
/content/MargDrishti/data/processed/crops/test/give_way/give_way-17_png.rf.17212ac50a117b47b263f7d8edf2c511__71.0.jpg,18,give_way,18,give_way,0.8568688631057739,"[18, 17, 63]","[0.8568688631057739, 0.011906024068593979, 0.011140352115035057]",True
/content/MargDrishti/data/processed/crops/test/compulsary_ahead_or_turn_left/compulsary_ahead_or_turn_left-48_png.rf.17c699c5620d543fe264643a429cad99__72.0.jpg,6,compulsary_ahead_or_turn_left,6,compulsary_ahead_or_turn_left,0.9145995378494263,"[6, 7, 36]","[0.9145995378494263, 0.005828802939504385, 0.0030851191841065884]",True
/content/MargDrishti/data/processed/crops/test/stop/stop-62_png.rf.164e4bca42188c79e723048ecc3a0d71__73.0.jpg,62,stop,62,stop,0.9668354988098145,"[62, 51, 53]","[0.9668354988098145, 0.0019984301179647446, 0.0015643544029444456]",True
/content/MargDrishti/data/processed/crops/test/right_turn_prohibited/right_turn_prohibited-45_jpg.rf.17ac2483d50af18b4d05b04ad83cae79__74.0.jpg,44,right_turn_prohibited,44,right_turn_prohibited,0.830190122127533,"[44, 33, 63]","[0.830190122127533, 0.020465757697820663, 0.015431387349963188]",True
/content/MargDrishti/data/processed/crops/test/no_parking/no_parking-70_jpg.rf.17460c17d5639903161767b561963c08__76.0.jpg,33,no_parking,33,no_parking,0.7774916887283325,"[33, 67, 26]","[0.7774916887283325, 0.04554874822497368, 0.019246503710746765]",True
/content/MargDrishti/data/processed/crops/test/petrol_pump_ahead/petrol_pump_ahead-19_jpeg.rf.191a2b95b02e6b4ad735f5116865a0dc__77.0.jpg,39,petrol_pump_ahead,39,petrol_pump_ahead,0.9051741361618042,"[39, 22, 61]","[0.9051741361618042, 0.015345900319516659, 0.006089420057833195]",True
/content/MargDrishti/data/processed/crops/test/no_stopping_or_standing/no_stopping_or_standing-4_jpg.rf.18bdb249f2356c0ddbedc2d20bb14797__78.0.jpg,34,no_stopping_or_standing,34,no_stopping_or_standing,0.9540411233901978,"[34, 36, 58]","[0.9540411233901978, 0.00588151765987277, 0.004518160130828619]",True
/content/MargDrishti/data/processed/crops/test/unguarded_level_crossing/unguarded_level_crossing-9_png.rf.19ba1c73a494962dc8016a952bca356a__79.0.jpg,68,unguarded_level_crossing,68,unguarded_level_crossing,0.9022349715232849,"[68, 27, 40]","[0.9022349715232849, 0.010898329317569733, 0.010588226839900017]",True
/content/MargDrishti/data/processed/crops/test/steep_descent/steep_descent-5_jpeg.rf.18feb3947fd5e50066467cb9d0143990__80.0.jpg,61,steep_descent,68,unguarded_level_crossing,0.5121821165084839,"[68, 40, 61]","[0.5121821165084839, 0.05180848762392998, 0.045183323323726654]",False
/content/MargDrishti/data/processed/crops/test/pedestrian_prohibited/pedestrian_prohibited-36_jpg.rf.19d0e1f800e04aa790f4d3a56c747c99__81.0.jpg,38,pedestrian_prohibited,38,pedestrian_prohibited,0.8802143335342407,"[38, 33, 67]","[0.8802143335342407, 0.010389937087893486, 0.008065357804298401]",True
/content/MargDrishti/data/processed/crops/test/axle_load_limit/axle_load_limit-42_jpg.rf.19e88013b0fd10383de2990310bd5ce8__82.0.jpg,1,axle_load_limit,1,axle_load_limit,0.8678023815155029,"[1, 19, 7]","[0.8678023815155029, 0.015499621629714966, 0.006849529687315226]",True
/content/MargDrishti/data/processed/crops/test/speed_limit_30/speed_limit_30-62_png.rf.19e9dc38b3305e2ba677f6ee563344c1__83.0.jpg,53,speed_limit_30,53,speed_limit_30,0.9053353071212769,"[53, 52, 14]","[0.9053353071212769, 0.004142196383327246, 0.003668970661237836]",True
/content/MargDrishti/data/processed/crops/test/compulsary_turn_right_ahead/compulsary_turn_right_ahead-6_jpg.rf.19fbe907451ad35a3916ffdc8036bec5__84.0.jpg,12,compulsary_turn_right_ahead,12,compulsary_turn_right_ahead,0.8856669068336487,"[12, 7, 11]","[0.8856669068336487, 0.020980877801775932, 0.0112156318500638]",True
/content/MargDrishti/data/processed/crops/test/cross_road/cross_road-12_jpg.rf.1c360a3cbee307b59ff99b9e3281d60f__85.0.jpg,13,cross_road,13,cross_road,0.8881526589393616,"[13, 17, 63]","[0.8881526589393616, 0.004414774943143129, 0.004125677049160004]",True
/content/MargDrishti/data/processed/crops/test/staggered_intersection/staggered_intersection-48_jpg.rf.1b8a7b4993db0e368a45223b00839abd__86.0.jpg,59,staggered_intersection,59,staggered_intersection,0.929497480392456,"[59, 47, 7]","[0.929497480392456, 0.025900116190314293, 0.00393868749961257]",True
/content/MargDrishti/data/processed/crops/test/speed_limit_70/speed_limit_70-8_jpg.rf.1b801ba93fe5880856dccec072b2cc8e__87.0.jpg,57,speed_limit_70,57,speed_limit_70,0.8265793323516846,"[57, 36, 41]","[0.8265793323516846, 0.010992050170898438, 0.008395896293222904]",True
/content/MargDrishti/data/processed/crops/test/hospital_ahead/hospital_ahead-1_jpeg.rf.1c7413f805e663ccde6d1eac9e155e63__88.0.jpg,22,hospital_ahead,22,hospital_ahead,0.9785754680633545,"[22, 39, 12]","[0.9785754680633545, 0.006649202201515436, 0.0008504779543727636]",True
/content/MargDrishti/data/processed/crops/test/right_reverse_bend/right_reverse_bend-27_jpg.rf.1c8ce6eb8d6552d11cd0bd0b5ace184a__89.0.jpg,43,right_reverse_bend,43,right_reverse_bend,0.8494306206703186,"[43, 25, 9]","[0.8494306206703186, 0.01896534115076065, 0.01310521550476551]",True
/content/MargDrishti/data/processed/crops/test/hump_or_rough_road/hump_or_rough_road-66_jpg.rf.1c8a96b993f0ee2bcbf95589638b8620__90.0.jpg,23,hump_or_rough_road,23,hump_or_rough_road,0.8347941637039185,"[23, 15, 63]","[0.8347941637039185, 0.014845243655145168, 0.010763929225504398]",True
/content/MargDrishti/data/processed/crops/test/staggered_intersection/staggered_intersection-10_png.rf.1d7f4dd071c540b3f33f75e99549afce__91.0.jpg,59,staggered_intersection,59,staggered_intersection,0.9593937397003174,"[59, 47, 7]","[0.9593937397003174, 0.011968777514994144, 0.002759814728051424]",True
/content/MargDrishti/data/processed/crops/test/restriction_ends/restriction_ends-3_jpeg.rf.1d56c62283723c63a2a621da8a668dca__92.0.jpg,41,restriction_ends,41,restriction_ends,0.9786311388015747,"[41, 69, 32]","[0.9786311388015747, 0.0021183108910918236, 0.0019477619789540768]",True
/content/MargDrishti/data/processed/crops/test/stop/stop-26_jpg.rf.1dcb399e74a7c2586ad3ab6d9331d1cd__93.0.jpg,62,stop,62,stop,0.8113404512405396,"[62, 52, 22]","[0.8113404512405396, 0.018307017162442207, 0.01183288637548685]",True
/content/MargDrishti/data/processed/crops/test/cycle_crossing/cycle_crossing-68_png.rf.1dca711482a38ba64397b03e75e7d915__94.0.jpg,14,cycle_crossing,14,cycle_crossing,0.9222384691238403,"[14, 2, 0]","[0.9222384691238403, 0.007457004860043526, 0.003806675784289837]",True
/content/MargDrishti/data/processed/crops/test/compulsary_ahead_or_turn_left/compulsary_ahead_or_turn_left-22_png.rf.1f39dfc926b2628e9ac6ab32ae1eb2e2__95.0.jpg,6,compulsary_ahead_or_turn_left,6,compulsary_ahead_or_turn_left,0.8425634503364563,"[6, 45, 20]","[0.8425634503364563, 0.02357756718993187, 0.012235729955136776]",True
/content/MargDrishti/data/processed/crops/test/give_way/give_way-4_png.rf.201b0dee177a026be6923045a62ab6a4__97.0.jpg,18,give_way,18,give_way,0.9092872738838196,"[18, 15, 33]","[0.9092872738838196, 0.007586601190268993, 0.0061873081140220165]",True
/content/MargDrishti/data/processed/crops/test/loose_gravel/loose_gravel-10_jpeg.rf.201fa8b332fb74fa78676e6b850dbd85__98.0.jpg,28,loose_gravel,28,loose_gravel,0.9256404042243958,"[28, 30, 68]","[0.9256404042243958, 0.007608125451952219, 0.00392503198236227]",True
/content/MargDrishti/data/processed/crops/test/narrow_road_ahead/narrow_road_ahead-27_png.rf.201f991aa4a825211819e5c4a77b1de9__99.0.jpg,31,narrow_road_ahead,31,narrow_road_ahead,0.9634242057800293,"[31, 39, 5]","[0.9634242057800293, 0.003958427347242832, 0.002601679414510727]",True
/content/MargDrishti/data/processed/crops/test/axle_load_limit/axle_load_limit-66_jpg.rf.1ff7a5333f6ba1fba7777cb3a1e2f867__100.0.jpg,1,axle_load_limit,1,axle_load_limit,0.8026290535926819,"[1, 19, 27]","[0.8026290535926819, 0.045759167522192, 0.016379300504922867]",True
/content/MargDrishti/data/processed/crops/test/left_turn_prohibited/left_turn_prohibited-20_jpg.rf.202e0e414c533fb8f0648d185e73313c__101.0.jpg,26,left_turn_prohibited,26,left_turn_prohibited,0.9608378410339355,"[26, 67, 25]","[0.9608378410339355, 0.005047323182225227, 0.003385178977623582]",True
/content/MargDrishti/data/processed/crops/test/school_ahead/school_ahead-63_png.rf.20c86d7df0dfc0db6905fa0b49783e24__102.0.jpg,46,school_ahead,46,school_ahead,0.6191579699516296,"[46, 37, 29]","[0.6191579699516296, 0.022717289626598358, 0.015049481764435768]",True
/content/MargDrishti/data/processed/crops/test/dangerous_dip/dangerous_dip-15_jpg.rf.204c670b88c989426e915f8cdf07bf90__103.0.jpg,15,dangerous_dip,15,dangerous_dip,0.9808077216148376,"[15, 70, 23]","[0.9808077216148376, 0.0014055323554202914, 0.0013315958203747869]",True
/content/MargDrishti/data/processed/crops/test/right_hand_curve/right_hand_curve-8_jpg.rf.21a03686facf94905fc52038078f630a__104.0.jpg,42,right_hand_curve,42,right_hand_curve,0.8713346719741821,"[42, 24, 4]","[0.8713346719741821, 0.027822257950901985, 0.005702992435544729]",True
/content/MargDrishti/data/processed/crops/test/speed_limit_60/speed_limit_60-27_png.rf.2109ef60759c7665924b79d48100b918__105.0.jpg,56,speed_limit_60,56,speed_limit_60,0.9695806503295898,"[56, 58, 45]","[0.9695806503295898, 0.003371353028342128, 0.0016414655838161707]",True
/content/MargDrishti/data/processed/crops/test/truck_prohibited/truck_prohibited-45_jpg.rf.2161aab7f688d8b3cb234c003632d7a6__106.0.jpg,65,truck_prohibited,65,truck_prohibited,0.8903517127037048,"[65, 21, 26]","[0.8903517127037048, 0.010252640582621098, 0.0085716238245368]",True
/content/MargDrishti/data/processed/crops/test/speed_limit_20/speed_limit_20-9_jpg.rf.21f841fe7c3d7842f2e9ee88e444f405__107.0.jpg,52,speed_limit_20,52,speed_limit_20,0.5403699278831482,"[52, 51, 57]","[0.5403699278831482, 0.1484055072069168, 0.08750295639038086]",True
/content/MargDrishti/data/processed/crops/test/narrow_road_ahead/narrow_road_ahead-38_jpg.rf.22881ff490ce515f5990bb0dec74393e__108.0.jpg,31,narrow_road_ahead,31,narrow_road_ahead,0.898319661617279,"[31, 30, 47]","[0.898319661617279, 0.009830229915678501, 0.005398045759648085]",True
/content/MargDrishti/data/processed/crops/test/compulsary_turn_left_ahead/compulsary_turn_left_ahead-4_png.rf.22c53d61c341464d890978ec6668bd07__109.0.jpg,11,compulsary_turn_left_ahead,11,compulsary_turn_left_ahead,0.8820595145225525,"[11, 26, 25]","[0.8820595145225525, 0.01009081955999136, 0.009352189488708973]",True
/content/MargDrishti/data/processed/crops/test/compulsary_keep_left/compulsary_keep_left-59_jpg.rf.228bfd9f2dbf108d0c485836f4979ef2__110.0.jpg,8,compulsary_keep_left,8,compulsary_keep_left,0.8776903748512268,"[8, 60, 65]","[0.8776903748512268, 0.012130020186305046, 0.01066605281084776]",True
/content/MargDrishti/data/processed/crops/test/falling_rocks/falling_rocks-49_jpg.rf.22c6a9ef840f8a8c4848ca1ee3a67817__111.0.jpg,16,falling_rocks,16,falling_rocks,0.9170315265655518,"[16, 68, 28]","[0.9170315265655518, 0.008277620188891888, 0.00638107443228364]",True
/content/MargDrishti/data/processed/crops/test/u_turn_prohibited/u_turn_prohibited-27_jpeg.rf.2350f66c4b031a9c46fa57c7e513339c__112.0.jpg,67,u_turn_prohibited,67,u_turn_prohibited,0.9448867440223694,"[67, 33, 26]","[0.9448867440223694, 0.009135023690760136, 0.0034417721908539534]",True
/content/MargDrishti/data/processed/crops/test/height_limit/height_limit-24_jpg.rf.2623f69c23592c7251f99a82e3c74d8a__113.0.jpg,20,height_limit,20,height_limit,0.9200577139854431,"[20, 51, 27]","[0.9200577139854431, 0.005145255941897631, 0.004969320725649595]",True
/content/MargDrishti/data/processed/crops/test/slippery_road/slippery_road-40_jpg.rf.23c114c8c130fec560d42ac8dbad5696__114.0.jpg,49,slippery_road,49,slippery_road,0.8822704553604126,"[49, 40, 63]","[0.8822704553604126, 0.007716544438153505, 0.006183417048305273]",True
/content/MargDrishti/data/processed/crops/test/no_stopping_or_standing/no_stopping_or_standing-8_jpg.rf.24ca367cc86a6a34f96a62fbc1909f9e__115.0.jpg,34,no_stopping_or_standing,34,no_stopping_or_standing,0.9425604343414307,"[34, 36, 22]","[0.9425604343414307, 0.01814201846718788, 0.0024588427040725946]",True
/content/MargDrishti/data/processed/crops/test/petrol_pump_ahead/petrol_pump_ahead-22_jpeg.rf.23da4c656b29e0a259301c8d40701940__116.0.jpg,39,petrol_pump_ahead,39,petrol_pump_ahead,0.8751300573348999,"[39, 22, 58]","[0.8751300573348999, 0.037892650812864304, 0.004984100814908743]",True
/content/MargDrishti/data/processed/crops/test/guarded_level_crossing/guarded_level_crossing-36_jpeg.rf.268689687fea22fbf0ddb0522a6102c4__117.0.jpg,19,guarded_level_crossing,19,guarded_level_crossing,0.9831312894821167,"[19, 68, 25]","[0.9831312894821167, 0.0014611458173021674, 0.0006936874706298113]",True
/content/MargDrishti/data/processed/crops/test/compulsary_sound_horn/compulsary_sound_horn-19_jpg.rf.26372b8cdadb822ae16ff7f511e10bb3__118.0.jpg,10,compulsary_sound_horn,10,compulsary_sound_horn,0.9256002902984619,"[10, 21, 39]","[0.9256002902984619, 0.00878638681024313, 0.0034294240176677704]",True
/content/MargDrishti/data/processed/crops/test/y_intersection/y_intersection-10_png.rf.26bd88f7ef61ef83f7c0025d1b0f6dfe__119.0.jpg,70,y_intersection,70,y_intersection,0.7462767958641052,"[70, 63, 30]","[0.7462767958641052, 0.06878288835287094, 0.019191250205039978]",True
/content/MargDrishti/data/processed/crops/test/narrow_road_ahead/narrow_road_ahead-45_png.rf.267aaec49d6d0371a95628bbe1d5dab4__120.0.jpg,31,narrow_road_ahead,31,narrow_road_ahead,0.7733603715896606,"[31, 66, 5]","[0.7733603715896606, 0.010607452131807804, 0.009916411712765694]",True
/content/MargDrishti/data/processed/crops/test/axle_load_limit/axle_load_limit-54_jpg.rf.26d3c49fe61b51807d85aedf19f9e93d__121.0.jpg,1,axle_load_limit,1,axle_load_limit,0.8964341878890991,"[1, 19, 20]","[0.8964341878890991, 0.013734041713178158, 0.011829134076833725]",True
/content/MargDrishti/data/processed/crops/test/speed_limit_50/speed_limit_50-18_png.rf.26e60178196afb5695673508c00d2adf__122.0.jpg,55,speed_limit_50,55,speed_limit_50,0.9275420904159546,"[55, 51, 56]","[0.9275420904159546, 0.005779914557933807, 0.0034960047341883183]",True
/content/MargDrishti/data/processed/crops/test/height_limit/height_limit-18_jpeg.rf.26f3175d7c5aea09c74772fdd73c5d26__123.0.jpg,20,height_limit,20,height_limit,0.9344287514686584,"[20, 15, 60]","[0.9344287514686584, 0.005234207026660442, 0.004969968926161528]",True
/content/MargDrishti/data/processed/crops/test/speed_limit_80/speed_limit_80-24_png.rf.27a003f35989c637d74399e3ea04234e__124.0.jpg,58,speed_limit_80,58,speed_limit_80,0.9129337072372437,"[58, 19, 39]","[0.9129337072372437, 0.005705541465431452, 0.0035275963600724936]",True
/content/MargDrishti/data/processed/crops/test/speed_limit_70/speed_limit_70-49_png.rf.280a9957a06a82d1ca03274fdc52957d__125.0.jpg,57,speed_limit_70,57,speed_limit_70,0.9637735486030579,"[57, 36, 5]","[0.9637735486030579, 0.0029594346415251493, 0.002785569289699197]",True
/content/MargDrishti/data/processed/crops/test/right_turn_prohibited/right_turn_prohibited-32_jpg.rf.28282fb6b06f79fca1dbfadca6b84127__126.0.jpg,44,right_turn_prohibited,44,right_turn_prohibited,0.8120521903038025,"[44, 35, 33]","[0.8120521903038025, 0.01990189217031002, 0.01887812279164791]",True
/content/MargDrishti/data/processed/crops/test/dangerous_dip/dangerous_dip-6_png.rf.284aa86ecc7b6573e370795bbf0bbe39__127.0.jpg,15,dangerous_dip,15,dangerous_dip,0.18972735106945038,"[15, 19, 40]","[0.18972735106945038, 0.14210213720798492, 0.09811852127313614]",True
/content/MargDrishti/data/processed/crops/test/hump_or_rough_road/hump_or_rough_road-52_jpg.rf.27843b139b296e618f1a3f588beab1e2__128.0.jpg,23,hump_or_rough_road,23,hump_or_rough_road,0.9395083785057068,"[23, 15, 63]","[0.9395083785057068, 0.00668700598180294, 0.004539488349109888]",True
/content/MargDrishti/data/processed/crops/test/school_ahead/school_ahead-43_jpg.rf.290dacc8f8624578839ff47a8b076d5d__129.0.jpg,46,school_ahead,46,school_ahead,0.8519055843353271,"[46, 29, 37]","[0.8519055843353271, 0.016387371346354485, 0.007703992538154125]",True
/content/MargDrishti/data/processed/crops/test/steep_descent/steep_descent-19_jpg.rf.28fe10f2b2d1eff22a48f8e6b170aa28__130.0.jpg,61,steep_descent,29,men_at_work,0.10484650731086731,"[29, 61, 23]","[0.10484650731086731, 0.10090190172195435, 0.09563113749027252]",False
/content/MargDrishti/data/processed/crops/test/bullock_cart_and_hand_cart_prohibited/bullock_cart_and_hand_cart_prohibited-8_jpg.rf.29f2bcf92775a941d9b139fbe6666427__131.0.jpg,2,bullock_cart_and_hand_cart_prohibited,2,bullock_cart_and_hand_cart_prohibited,0.9496874213218689,"[2, 0, 14]","[0.9496874213218689, 0.009712276048958302, 0.004087243229150772]",True
/content/MargDrishti/data/processed/crops/test/compulsary_keep_right/compulsary_keep_right-37_png.rf.2a596bd65a7323694360d30ba9ad5178__132.0.jpg,9,compulsary_keep_right,9,compulsary_keep_right,0.9697136878967285,"[9, 44, 33]","[0.9697136878967285, 0.002386145992204547, 0.0015975809656083584]",True
/content/MargDrishti/data/processed/crops/test/u_turn_prohibited/u_turn_prohibited-24_jpg.rf.2a42317c9a2a49cc453851525a03d2fa__133.0.jpg,67,u_turn_prohibited,67,u_turn_prohibited,0.924719512462616,"[67, 33, 66]","[0.924719512462616, 0.011302703991532326, 0.004377803299576044]",True
/content/MargDrishti/data/processed/crops/test/right_hand_curve/right_hand_curve-30_jpg.rf.2b4fdb0a5b9e06bf6d74eb6f3aea4df2__134.0.jpg,42,right_hand_curve,42,right_hand_curve,0.902827262878418,"[42, 63, 24]","[0.902827262878418, 0.00836772657930851, 0.007666993886232376]",True
/content/MargDrishti/data/processed/crops/test/cattle_ahead/cattle_ahead-21_jpg.rf.29e348f62c99662094de833899bef472__135.0.jpg,3,cattle_ahead,3,cattle_ahead,0.9424330592155457,"[3, 39, 2]","[0.9424330592155457, 0.003467101603746414, 0.0028791194781661034]",True
/content/MargDrishti/data/processed/crops/test/school_ahead/school_ahead-19_jpg.rf.2b6bc408c6a4caec9a701e6fa7f2a27d__136.0.jpg,46,school_ahead,46,school_ahead,0.8092443943023682,"[46, 37, 29]","[0.8092443943023682, 0.04777819663286209, 0.03546665608882904]",True
/content/MargDrishti/data/processed/crops/test/height_limit/height_limit-10_png.rf.2b7834e87a56de094c9d90936bf87b6a__137.0.jpg,20,height_limit,20,height_limit,0.9501426219940186,"[20, 27, 69]","[0.9501426219940186, 0.004147605039179325, 0.0030684713274240494]",True
/content/MargDrishti/data/processed/crops/test/cattle_ahead/cattle_ahead-5_jpg.rf.2bf9c249ab21abb906f3f57b4b9923fa__138.0.jpg,3,cattle_ahead,3,cattle_ahead,0.9345910549163818,"[3, 63, 6]","[0.9345910549163818, 0.004170424770563841, 0.0023273394908756018]",True
/content/MargDrishti/data/processed/crops/test/compulsary_ahead_or_turn_left/compulsary_ahead_or_turn_left-6_png.rf.2c556b547e694e8f3bddf7e7fd6f2277__139.0.jpg,6,compulsary_ahead_or_turn_left,6,compulsary_ahead_or_turn_left,0.9216884970664978,"[6, 7, 45]","[0.9216884970664978, 0.008311857469379902, 0.006871157791465521]",True
/content/MargDrishti/data/processed/crops/test/side_road_left/side_road_left-58_jpeg.rf.2b86405df659181d8f301ab512ab72ef__140.0.jpg,47,side_road_left,47,side_road_left,0.960666835308075,"[47, 13, 17]","[0.960666835308075, 0.005057653412222862, 0.003578932024538517]",True
/content/MargDrishti/data/processed/crops/test/compulsary_ahead/compulsary_ahead-12_png.rf.2c5dc810cf0e70b16e51696af4269888__141.0.jpg,5,compulsary_ahead,5,compulsary_ahead,0.917679488658905,"[5, 7, 63]","[0.917679488658905, 0.009937760420143604, 0.005348571576178074]",True
/content/MargDrishti/data/processed/crops/test/falling_rocks/falling_rocks-10_jpeg.rf.2cbcf1993d3f5ebc664f8eb4f51ee022__142.0.jpg,16,falling_rocks,16,falling_rocks,0.9537646174430847,"[16, 38, 28]","[0.9537646174430847, 0.0036460869014263153, 0.0017843162640929222]",True
/content/MargDrishti/data/processed/crops/test/quay_side_or_river_bank/quay_side_or_river_bank-39_jpg.rf.2cf677c38bdaf6adb10653782adac9ab__143.0.jpg,40,quay_side_or_river_bank,40,quay_side_or_river_bank,0.4533640742301941,"[40, 61, 68]","[0.4533640742301941, 0.2262733280658722, 0.05405421182513237]",True
/content/MargDrishti/data/processed/crops/test/speed_limit_60/speed_limit_60-11_jpg.rf.2cfa2841ebbc36c49d6d088bc63c2889__144.0.jpg,56,speed_limit_60,56,speed_limit_60,0.9425275325775146,"[56, 51, 55]","[0.9425275325775146, 0.004236644133925438, 0.0037080596666783094]",True
/content/MargDrishti/data/processed/crops/test/compulsary_turn_left_ahead/compulsary_turn_left_ahead-54_png.rf.2d53d2679c689ad8d3921bfb8a0496ae__146.0.jpg,11,compulsary_turn_left_ahead,11,compulsary_turn_left_ahead,0.8545263409614563,"[11, 12, 25]","[0.8545263409614563, 0.008465993218123913, 0.007872967049479485]",True
/content/MargDrishti/data/processed/crops/test/falling_rocks/falling_rocks-58_jpg.rf.2e723fc9892e51beeea8c30c24da2003__147.0.jpg,16,falling_rocks,16,falling_rocks,0.9825564622879028,"[16, 28, 53]","[0.9825564622879028, 0.0014139774721115828, 0.0008524366421625018]",True
/content/MargDrishti/data/processed/crops/test/compulsary_sound_horn/compulsary_sound_horn-16_jpg.rf.2dec229531d5c1aa185a4b59e04725b7__148.0.jpg,10,compulsary_sound_horn,10,compulsary_sound_horn,0.9153735637664795,"[10, 7, 21]","[0.9153735637664795, 0.01844754070043564, 0.010755214840173721]",True
/content/MargDrishti/data/processed/crops/test/pedestrian_crossing/pedestrian_crossing-26_jpg.rf.2ea8e5483d3ade080d841bf84be91ca4__149.0.jpg,37,pedestrian_crossing,37,pedestrian_crossing,0.8493562340736389,"[37, 46, 29]","[0.8493562340736389, 0.021797992289066315, 0.015542088076472282]",True
/content/MargDrishti/data/processed/crops/test/staggered_intersection/staggered_intersection-26_png.rf.2ea093cafda71a8da8f2c59c57359f2a__150.0.jpg,59,staggered_intersection,59,staggered_intersection,0.6621567010879517,"[59, 48, 63]","[0.6621567010879517, 0.10872603952884674, 0.042016059160232544]",True
/content/MargDrishti/data/processed/crops/test/t_intersection/t_intersection-36_jpg.rf.2eceedd840d99eed0eb5c7af3e52c0c3__151.0.jpg,63,t_intersection,63,t_intersection,0.9776887893676758,"[63, 3, 59]","[0.9776887893676758, 0.00220019300468266, 0.0011330625275149941]",True
/content/MargDrishti/data/processed/crops/test/no_entry/no_entry-18_jpg.rf.2ec15ed7db3b3d51c91b3291155ee97d__152.0.jpg,32,no_entry,32,no_entry,0.9492666721343994,"[32, 62, 44]","[0.9492666721343994, 0.0039458549581468105, 0.0032523826230317354]",True
/content/MargDrishti/data/processed/crops/test/pass_either_side/pass_either_side-42_jpg.rf.2ee1d7b0594e1b2193dbe6766acd5ff0__153.0.jpg,36,pass_either_side,36,pass_either_side,0.8736774325370789,"[36, 5, 6]","[0.8736774325370789, 0.010166916996240616, 0.006375471130013466]",True
/content/MargDrishti/data/processed/crops/test/side_road_left/side_road_left-12_jpg.rf.2f39705fc2f51a9002ad8b817c6e278c__154.0.jpg,47,side_road_left,47,side_road_left,0.952090859413147,"[47, 59, 13]","[0.952090859413147, 0.014940519817173481, 0.002411294961348176]",True
/content/MargDrishti/data/processed/crops/test/cycle_crossing/cycle_crossing-41_jpg.rf.2f483bad1b88a388b7d976f497b6e7de__155.0.jpg,14,cycle_crossing,14,cycle_crossing,0.950738787651062,"[14, 2, 0]","[0.950738787651062, 0.0031546445097774267, 0.002097994089126587]",True
/content/MargDrishti/data/processed/crops/test/narrow_road_ahead/narrow_road_ahead-68_jpg.rf.2f7a925a7f4fecf5df88db2a82223125__156.0.jpg,31,narrow_road_ahead,31,narrow_road_ahead,0.8549309372901917,"[31, 5, 39]","[0.8549309372901917, 0.006766039878129959, 0.006180546246469021]",True
/content/MargDrishti/data/processed/crops/test/traffic_signal/traffic_signal-4_jpg.rf.2ffde25e96684338c1023d80fcfb7cde__157.0.jpg,64,traffic_signal,64,traffic_signal,0.8772097826004028,"[64, 4, 47]","[0.8772097826004028, 0.009828519076108932, 0.008870622143149376]",True
/content/MargDrishti/data/processed/crops/test/speed_limit_60/speed_limit_60-10_jpg.rf.313bc6fe35234eff2ae6370ec5eb9b20__158.0.jpg,56,speed_limit_60,56,speed_limit_60,0.8938360810279846,"[56, 66, 58]","[0.8938360810279846, 0.009398788213729858, 0.009265170432627201]",True
/content/MargDrishti/data/processed/crops/test/pass_either_side/pass_either_side-12_jpeg.rf.312c721f979bf56e225c246e093d40c5__159.0.jpg,36,pass_either_side,36,pass_either_side,0.8098575472831726,"[36, 68, 19]","[0.8098575472831726, 0.010008267126977444, 0.009441377595067024]",True
/content/MargDrishti/data/processed/crops/test/speed_limit_50/speed_limit_50-30_png.rf.30e758eb915fe8e818dc2230c743b3a6__160.0.jpg,55,speed_limit_50,55,speed_limit_50,0.9565675854682922,"[55, 25, 6]","[0.9565675854682922, 0.0027521599549800158, 0.002459688112139702]",True
/content/MargDrishti/data/processed/crops/test/no_parking/no_parking-42_jpg.rf.32d58dfc524fba4475d4dff3a8c4f5d1__161.0.jpg,33,no_parking,33,no_parking,0.8838380575180054,"[33, 12, 67]","[0.8838380575180054, 0.0073314933106303215, 0.006636457983404398]",True
/content/MargDrishti/data/processed/crops/test/falling_rocks/falling_rocks-29_jpg.rf.31ea52d4a56a329a5262f075c93baafe__162.0.jpg,16,falling_rocks,16,falling_rocks,0.9607109427452087,"[16, 39, 28]","[0.9607109427452087, 0.0034683493431657553, 0.0029416722245514393]",True
/content/MargDrishti/data/processed/crops/test/width_limit/width_limit-28_jpg.rf.31d1b951d5155c6b8f35b644e343e924__164.0.jpg,69,width_limit,69,width_limit,0.8529062867164612,"[69, 27, 50]","[0.8529062867164612, 0.05501450598239899, 0.017529146745800972]",True
/content/MargDrishti/data/processed/crops/test/cross_road/cross_road-34_jpg.rf.32e6be62e0882c924a2a01674871b219__165.0.jpg,13,cross_road,13,cross_road,0.848859429359436,"[13, 63, 54]","[0.848859429359436, 0.007907268591225147, 0.00672181136906147]",True
/content/MargDrishti/data/processed/crops/test/school_ahead/school_ahead-2_jpg.rf.331c1a5ea7eb7beab80eb1f8867e3a31__166.0.jpg,46,school_ahead,46,school_ahead,0.9143480062484741,"[46, 37, 29]","[0.9143480062484741, 0.02389310486614704, 0.0035532256588339806]",True
/content/MargDrishti/data/processed/crops/test/hump_or_rough_road/hump_or_rough_road-53_jpg.rf.33715adf92a6e3e8a28ab27a534a64ae__167.0.jpg,23,hump_or_rough_road,23,hump_or_rough_road,0.9040271639823914,"[23, 13, 17]","[0.9040271639823914, 0.006653629243373871, 0.0052090855315327644]",True
/content/MargDrishti/data/processed/crops/test/compulsary_keep_right/compulsary_keep_right-7_png.rf.34136bca2758b218a4aa6a28582250e7__168.0.jpg,9,compulsary_keep_right,9,compulsary_keep_right,0.9729909300804138,"[9, 6, 44]","[0.9729909300804138, 0.0014929811004549265, 0.0014215181581676006]",True
/content/MargDrishti/data/processed/crops/test/side_road_right/side_road_right-28_jpg.rf.34195ce18ba06a6c11a0f9d00d4668df__169.0.jpg,48,side_road_right,48,side_road_right,0.8011452555656433,"[48, 59, 63]","[0.8011452555656433, 0.03561851382255554, 0.024677151814103127]",True
/content/MargDrishti/data/processed/crops/test/guarded_level_crossing/guarded_level_crossing-20_jpg.rf.34584a4f12bda8be230b5e8007f14aa4__170.0.jpg,19,guarded_level_crossing,19,guarded_level_crossing,0.9816940426826477,"[19, 68, 58]","[0.9816940426826477, 0.0029249542858451605, 0.0008194584515877068]",True
/content/MargDrishti/data/processed/crops/test/speed_limit_40/speed_limit_40-30_jpg.rf.346963ec85ac91b92e4a4a3da790b2d0__171.0.jpg,54,speed_limit_40,54,speed_limit_40,0.9112635254859924,"[54, 22, 13]","[0.9112635254859924, 0.019532395526766777, 0.013299938291311264]",True
/content/MargDrishti/data/processed/crops/test/compulsary_keep_left/compulsary_keep_left-58_jpg.rf.35932bcf415d52f41e27cbff7c5083fe__172.0.jpg,8,compulsary_keep_left,8,compulsary_keep_left,0.860275387763977,"[8, 36, 10]","[0.860275387763977, 0.014029480516910553, 0.007948048412799835]",True
/content/MargDrishti/data/processed/crops/test/speed_limit_120/speed_limit_120-64_png.rf.35c96b3a328e7ed001608b752e9dbea4__173.0.jpg,51,speed_limit_120,51,speed_limit_120,0.8194579482078552,"[51, 18, 50]","[0.8194579482078552, 0.01157226599752903, 0.010061088018119335]",True
/content/MargDrishti/data/processed/crops/test/chevron_direction/chevron_direction-38_jpg.rf.369098b05dfcbcaff7633ec7284684fd__174.0.jpg,4,chevron_direction,4,chevron_direction,0.8639228343963623,"[4, 61, 60]","[0.8639228343963623, 0.028979698196053505, 0.025835169479250908]",True
/content/MargDrishti/data/processed/crops/test/compulsary_ahead_or_turn_right/compulsary_ahead_or_turn_right-41_png.rf.36310a1d48c30c4c350a6066bab400c3__175.0.jpg,7,compulsary_ahead_or_turn_right,7,compulsary_ahead_or_turn_right,0.9143384099006653,"[7, 48, 19]","[0.9143384099006653, 0.005548657383769751, 0.005124302115291357]",True
/content/MargDrishti/data/processed/crops/test/speed_limit_80/speed_limit_80-22_png.rf.36d045ee95cb288ceba8b6a010137125__176.0.jpg,58,speed_limit_80,58,speed_limit_80,0.9421550035476685,"[58, 19, 64]","[0.9421550035476685, 0.0038737838622182608, 0.0027212451677769423]",True
/content/MargDrishti/data/processed/crops/test/all_motor_vehicle_prohibited/all_motor_vehicle_prohibited-66_jpg.rf.36422ab481eff51a7abb4b7f3426e1ce__177.0.jpg,0,all_motor_vehicle_prohibited,0,all_motor_vehicle_prohibited,0.748259961605072,"[0, 14, 2]","[0.748259961605072, 0.03904154896736145, 0.03215453401207924]",True
/content/MargDrishti/data/processed/crops/test/no_parking/no_parking-28_jpeg.rf.36fa078b058bd0a4e4f9090f8474d57b__178.0.jpg,33,no_parking,21,horn_prohibited,0.19996914267539978,"[21, 35, 44]","[0.19996914267539978, 0.06952503323554993, 0.05779576301574707]",False
/content/MargDrishti/data/processed/crops/test/u_turn/u_turn-47_jpg.rf.375c73fb879884220c758d12dfe1aa37__179.0.jpg,66,u_turn,66,u_turn,0.9148569703102112,"[66, 67, 37]","[0.9148569703102112, 0.015416559763252735, 0.008363150991499424]",True
/content/MargDrishti/data/processed/crops/test/pedestrian_crossing/pedestrian_crossing-36_png.rf.38af51545c268223e7b257d481c77866__180.0.jpg,37,pedestrian_crossing,37,pedestrian_crossing,0.920877993106842,"[37, 47, 63]","[0.920877993106842, 0.004955675918608904, 0.0039744325913488865]",True
/content/MargDrishti/data/processed/crops/test/dangerous_dip/dangerous_dip-26_jpeg.rf.37f0b8476a147b5aba773ce7768abafb__181.0.jpg,15,dangerous_dip,15,dangerous_dip,0.9522523283958435,"[15, 45, 23]","[0.9522523283958435, 0.005320699419826269, 0.003941213246434927]",True
/content/MargDrishti/data/processed/crops/test/y_intersection/y_intersection-42_jpeg.rf.37dd0b534f3589a7dd29fe18e1387061__182.0.jpg,70,y_intersection,70,y_intersection,0.9042836427688599,"[70, 63, 36]","[0.9042836427688599, 0.005251225084066391, 0.004478492774069309]",True
/content/MargDrishti/data/processed/crops/test/left_turn_prohibited/left_turn_prohibited-68_jpg.rf.374330b63f8b71bae7f7ea3009e0d312__183.0.jpg,26,left_turn_prohibited,26,left_turn_prohibited,0.7114478945732117,"[26, 67, 35]","[0.7114478945732117, 0.0447770319879055, 0.035994578152894974]",True
/content/MargDrishti/data/processed/crops/test/roundabout/roundabout-1_jpg.rf.3800b10955788a00dee4ca928cc9e556__184.0.jpg,45,roundabout,45,roundabout,0.6708882451057434,"[45, 54, 26]","[0.6708882451057434, 0.03151506185531616, 0.01593131385743618]",True
/content/MargDrishti/data/processed/crops/test/no_entry/no_entry-68_jpg.rf.393a0f199b7e9317efd42be83e04760f__185.0.jpg,32,no_entry,32,no_entry,0.9427739977836609,"[32, 34, 3]","[0.9427739977836609, 0.004151144064962864, 0.002981067867949605]",True
/content/MargDrishti/data/processed/crops/test/speed_limit_100/speed_limit_100-43_png.rf.393683706e6c6ec9e8915558c668b94a__186.0.jpg,50,speed_limit_100,50,speed_limit_100,0.9819557070732117,"[50, 51, 56]","[0.9819557070732117, 0.001528070424683392, 0.000748819496948272]",True
/content/MargDrishti/data/processed/crops/test/compulsary_ahead/compulsary_ahead-36_png.rf.3953cfe6dce88dd02b7dce5fa534a136__187.0.jpg,5,compulsary_ahead,5,compulsary_ahead,0.9166204929351807,"[5, 7, 17]","[0.9166204929351807, 0.008499250747263432, 0.004692596849054098]",True
/content/MargDrishti/data/processed/crops/test/roundabout/roundabout-11_jpg.rf.38e5ddf38994c404646fc95d6b1a1e41__188.0.jpg,45,roundabout,45,roundabout,0.8679987192153931,"[45, 36, 15]","[0.8679987192153931, 0.01067796628922224, 0.008148939348757267]",True
/content/MargDrishti/data/processed/crops/test/right_reverse_bend/right_reverse_bend-55_jpg.rf.39d03c86a760c91fda13d9c8d7744df8__189.0.jpg,43,right_reverse_bend,43,right_reverse_bend,0.9029813408851624,"[43, 25, 59]","[0.9029813408851624, 0.019372008740901947, 0.004997812211513519]",True
/content/MargDrishti/data/processed/crops/test/side_road_right/side_road_right-37_jpeg.rf.39927431192029573da5fbc9833621f9__190.0.jpg,48,side_road_right,48,side_road_right,0.8792636394500732,"[48, 59, 63]","[0.8792636394500732, 0.03308422118425369, 0.01908809505403042]",True
/content/MargDrishti/data/processed/crops/test/y_intersection/y_intersection-36_jpg.rf.39e94a69974864e6f43b6b63c928df13__191.0.jpg,70,y_intersection,70,y_intersection,0.6879825592041016,"[70, 22, 15]","[0.6879825592041016, 0.015457263216376305, 0.014222491532564163]",True
/content/MargDrishti/data/processed/crops/test/men_at_work/men_at_work-37_png.rf.3a1e56312ddb1dcf243fb60f32247d30__192.0.jpg,29,men_at_work,29,men_at_work,0.961035966873169,"[29, 40, 23]","[0.961035966873169, 0.0022750983480364084, 0.002155408961698413]",True
/content/MargDrishti/data/processed/crops/test/speed_limit_20/speed_limit_20-50_png.rf.3a615ecc89a5afb2fac6500bfa996793__193.0.jpg,52,speed_limit_20,52,speed_limit_20,0.9343969225883484,"[52, 67, 66]","[0.9343969225883484, 0.008537535555660725, 0.006193164270371199]",True
/content/MargDrishti/data/processed/crops/test/u_turn_prohibited/u_turn_prohibited-28_jpg.rf.3ab81db1dadd32dcef89dfb70ca8d1d9__194.0.jpg,67,u_turn_prohibited,67,u_turn_prohibited,0.9905381202697754,"[67, 26, 47]","[0.9905381202697754, 0.0027730008587241173, 0.0012331408215686679]",True
/content/MargDrishti/data/processed/crops/test/cattle_ahead/cattle_ahead-42_jpg.rf.3a4d7c57b6489412d37706641ab36c93__195.0.jpg,3,cattle_ahead,3,cattle_ahead,0.9295137524604797,"[3, 2, 27]","[0.9295137524604797, 0.0064005195163190365, 0.002116190968081355]",True
/content/MargDrishti/data/processed/crops/test/speed_limit_30/speed_limit_30-20_png.rf.3a2b8fae59c573b602d22f1570533cb2__196.0.jpg,53,speed_limit_30,53,speed_limit_30,0.8445299863815308,"[53, 14, 52]","[0.8445299863815308, 0.0143527090549469, 0.00711892219260335]",True
/content/MargDrishti/data/processed/crops/test/all_motor_vehicle_prohibited/all_motor_vehicle_prohibited-4_jpg.rf.3b42c78e673298e360fc845c8e9a2a44__197.0.jpg,0,all_motor_vehicle_prohibited,65,truck_prohibited,0.5367360711097717,"[65, 35, 0]","[0.5367360711097717, 0.16930513083934784, 0.10234304517507553]",False
/content/MargDrishti/data/processed/crops/test/school_ahead/school_ahead-12_jpg.rf.3b37dc37586cd2a04f495457f75caa7b__198.0.jpg,46,school_ahead,46,school_ahead,0.8663565516471863,"[46, 37, 10]","[0.8663565516471863, 0.011670514941215515, 0.00850606057792902]",True
/content/MargDrishti/data/processed/crops/test/all_motor_vehicle_prohibited/all_motor_vehicle_prohibited-45_jpg.rf.3c7a0e8de3f5d617208ff1c84f383e3f__199.0.jpg,0,all_motor_vehicle_prohibited,0,all_motor_vehicle_prohibited,0.2971487045288086,"[0, 65, 2]","[0.2971487045288086, 0.09782755374908447, 0.04774412885308266]",True
/content/MargDrishti/data/processed/crops/test/speed_limit_30/speed_limit_30-17_png.rf.3d47f8ce18f2439e6b973eff3c25c340__200.0.jpg,53,speed_limit_30,53,speed_limit_30,0.9621211290359497,"[53, 55, 52]","[0.9621211290359497, 0.002885814057663083, 0.0021655303426086903]",True
/content/MargDrishti/data/processed/crops/test/right_hand_curve/right_hand_curve-23_jpg.rf.3bd3198a43f5686576ac8a63ab2e0970__201.0.jpg,42,right_hand_curve,42,right_hand_curve,0.9006611704826355,"[42, 12, 24]","[0.9006611704826355, 0.008542582392692566, 0.007802027277648449]",True
/content/MargDrishti/data/processed/crops/test/left_turn_prohibited/left_turn_prohibited-21_jpg.rf.3b9332546b7e7689b8032dc01f1514df__202.0.jpg,26,left_turn_prohibited,26,left_turn_prohibited,0.9768263697624207,"[26, 67, 44]","[0.9768263697624207, 0.002285919850692153, 0.002054981654509902]",True
/content/MargDrishti/data/processed/crops/test/speed_limit_30/speed_limit_30-24_png.rf.3cc2be026ff33e16491e6fb2c0831ccb__203.0.jpg,53,speed_limit_30,53,speed_limit_30,0.909090518951416,"[53, 52, 69]","[0.909090518951416, 0.004860336426645517, 0.004359979648143053]",True
/content/MargDrishti/data/processed/crops/test/school_ahead/school_ahead-53_png.rf.3c8c5b37fe98402a4db0c5887e1e6bf7__204.0.jpg,46,school_ahead,46,school_ahead,0.6251645088195801,"[46, 37, 29]","[0.6251645088195801, 0.07465600967407227, 0.029494399204850197]",True
/content/MargDrishti/data/processed/crops/test/school_ahead/school_ahead-32_jpg.rf.3dc439e9d1a8e29b3c46b10eb8f660bc__205.0.jpg,46,school_ahead,46,school_ahead,0.9325539469718933,"[46, 29, 28]","[0.9325539469718933, 0.01064920611679554, 0.006133939139544964]",True
/content/MargDrishti/data/processed/crops/test/narrow_bridge_ahead/narrow_bridge_ahead-69_jpg.rf.3db8018aa11671a7eb218d2f9f136373__206.0.jpg,30,narrow_bridge_ahead,30,narrow_bridge_ahead,0.9336491823196411,"[30, 37, 25]","[0.9336491823196411, 0.011895554140210152, 0.0035827276296913624]",True
/content/MargDrishti/data/processed/crops/test/compulsary_ahead/compulsary_ahead-32_png.rf.3dd6ad19171aec9acbbd8817b89e6c8b__207.0.jpg,5,compulsary_ahead,5,compulsary_ahead,0.9594222903251648,"[5, 7, 17]","[0.9594222903251648, 0.010727440007030964, 0.0019540106877684593]",True
/content/MargDrishti/data/processed/crops/test/compulsary_sound_horn/compulsary_sound_horn-17_jpg.rf.3df945924cec503a1f9ead546bd664a7__208.0.jpg,10,compulsary_sound_horn,10,compulsary_sound_horn,0.8305140733718872,"[10, 12, 7]","[0.8305140733718872, 0.035140782594680786, 0.02025461010634899]",True
/content/MargDrishti/data/processed/crops/test/speed_limit_70/speed_limit_70-53_png.rf.3f951e235defcb7b9acd881388bc43d0__209.0.jpg,57,speed_limit_70,57,speed_limit_70,0.9371067881584167,"[57, 5, 36]","[0.9371067881584167, 0.003411225974559784, 0.0033051103819161654]",True
/content/MargDrishti/data/processed/crops/test/no_stopping_or_standing/no_stopping_or_standing-44_jpg.rf.40bfe4e86cd7d11fea237dc75da80fbc__210.0.jpg,34,no_stopping_or_standing,34,no_stopping_or_standing,0.8983803987503052,"[34, 67, 32]","[0.8983803987503052, 0.013431813567876816, 0.00758037343621254]",True
/content/MargDrishti/data/processed/crops/test/width_limit/width_limit-43_jpg.rf.40884d97bea362df7f2eac48fd9d047d__211.0.jpg,69,width_limit,69,width_limit,0.9368261098861694,"[69, 36, 20]","[0.9368261098861694, 0.014534227550029755, 0.008091758005321026]",True
/content/MargDrishti/data/processed/crops/test/horn_prohibited/horn_prohibited-54_jpg.rf.3eb006c3154c46c91784d687cc6b64b9__212.0.jpg,21,horn_prohibited,21,horn_prohibited,0.8574489951133728,"[21, 10, 1]","[0.8574489951133728, 0.007158056367188692, 0.006767633371055126]",True
/content/MargDrishti/data/processed/crops/test/hump_or_rough_road/hump_or_rough_road-16_jpg.rf.41141101164a05eeaf33fa14e80a5752__213.0.jpg,23,hump_or_rough_road,23,hump_or_rough_road,0.8183223009109497,"[23, 15, 14]","[0.8183223009109497, 0.0315924733877182, 0.008108355104923248]",True
/content/MargDrishti/data/processed/crops/test/length_limit/length_limit-7_jpeg.rf.412c087ed369b6fc66533a0bbd3c7fca__214.0.jpg,27,length_limit,27,length_limit,0.9821752905845642,"[27, 68, 39]","[0.9821752905845642, 0.002261721296235919, 0.0016322460724040866]",True
/content/MargDrishti/data/processed/crops/test/no_parking/no_parking-0_jpg.rf.41548ce4d74629af8b92dc7dfe77755f__215.0.jpg,33,no_parking,33,no_parking,0.7328075170516968,"[33, 67, 26]","[0.7328075170516968, 0.04343597963452339, 0.033981189131736755]",True
/content/MargDrishti/data/processed/crops/test/unguarded_level_crossing/unguarded_level_crossing-22_png.rf.416c89d3c8314bd2f0c089c18e9c1dab__216.0.jpg,68,unguarded_level_crossing,68,unguarded_level_crossing,0.6217898726463318,"[68, 3, 27]","[0.6217898726463318, 0.20517542958259583, 0.018925582990050316]",True
/content/MargDrishti/data/processed/crops/test/u_turn_prohibited/u_turn_prohibited-64_jpeg.rf.42050fe0b988abe7905ef6e4006c1e50__217.0.jpg,67,u_turn_prohibited,67,u_turn_prohibited,0.4887792766094208,"[67, 26, 35]","[0.4887792766094208, 0.1254957616329193, 0.07678090035915375]",True
/content/MargDrishti/data/processed/crops/test/compulsary_keep_left/compulsary_keep_left-11_jpg.rf.41dd7a876b3a8d28934b2abdc4d8462b__218.0.jpg,8,compulsary_keep_left,8,compulsary_keep_left,0.8955450654029846,"[8, 36, 10]","[0.8955450654029846, 0.0070702205412089825, 0.00480281189084053]",True
/content/MargDrishti/data/processed/crops/test/u_turn/u_turn-15_jpg.rf.41ed6c081096fc9db3c8f3f2bbce5031__219.0.jpg,66,u_turn,66,u_turn,0.8861663341522217,"[66, 67, 39]","[0.8861663341522217, 0.016015201807022095, 0.011173814535140991]",True
/content/MargDrishti/data/processed/crops/test/gap_in_median/gap_in_median-39_jpg.rf.4173281c37601a741eb9346f79709b6f__220.0.jpg,17,gap_in_median,17,gap_in_median,0.9262537956237793,"[17, 66, 36]","[0.9262537956237793, 0.002734329318627715, 0.0022202525287866592]",True
/content/MargDrishti/data/processed/crops/test/speed_limit_70/speed_limit_70-45_jpg.rf.42d93a17c3bac949486de87f6771c67f__221.0.jpg,57,speed_limit_70,57,speed_limit_70,0.9375432133674622,"[57, 30, 67]","[0.9375432133674622, 0.008846191689372063, 0.0043494137935340405]",True
/content/MargDrishti/data/processed/crops/test/quay_side_or_river_bank/quay_side_or_river_bank-35_jpeg.rf.426d10c78f49388d41930e835181c474__222.0.jpg,40,quay_side_or_river_bank,40,quay_side_or_river_bank,0.8744869828224182,"[40, 3, 24]","[0.8744869828224182, 0.007130867335945368, 0.005688704550266266]",True
/content/MargDrishti/data/processed/crops/test/hospital_ahead/hospital_ahead-47_jpeg.rf.42f2e225253c747e7809b6b0b1adff4a__223.0.jpg,22,hospital_ahead,22,hospital_ahead,0.9826960563659668,"[22, 39, 12]","[0.9826960563659668, 0.002972122747451067, 0.002267587697133422]",True
/content/MargDrishti/data/processed/crops/test/left_hand_curve/left_hand_curve-25_jpg.rf.4261507637a1fbd911928cba13539d1b__224.0.jpg,24,left_hand_curve,24,left_hand_curve,0.7720817923545837,"[24, 42, 45]","[0.7720817923545837, 0.014458252117037773, 0.012763343751430511]",True
/content/MargDrishti/data/processed/crops/test/compulsary_sound_horn/compulsary_sound_horn-40_jpg.rf.43f9a3ca920ee26e621e58d05e11f8a4__225.0.jpg,10,compulsary_sound_horn,10,compulsary_sound_horn,0.9514369964599609,"[10, 21, 8]","[0.9514369964599609, 0.004750436637550592, 0.003991108387708664]",True
/content/MargDrishti/data/processed/crops/test/side_road_left/side_road_left-49_jpg.rf.43f55fb11074fd160cffa74c95b90df1__226.0.jpg,47,side_road_left,47,side_road_left,0.7411377429962158,"[47, 59, 48]","[0.7411377429962158, 0.2191399484872818, 0.003199646482244134]",True
/content/MargDrishti/data/processed/crops/test/give_way/give_way-10_png.rf.443e4177c3512bf0a00913ce45ae8264__227.0.jpg,18,give_way,18,give_way,0.8802542090415955,"[18, 24, 62]","[0.8802542090415955, 0.008663435466587543, 0.008578706532716751]",True
/content/MargDrishti/data/processed/crops/test/speed_limit_70/speed_limit_70-62_png.rf.441bd0c0748b5dc8266b9ac74b14e8ba__228.0.jpg,57,speed_limit_70,57,speed_limit_70,0.867075502872467,"[57, 9, 37]","[0.867075502872467, 0.009667899459600449, 0.008043202571570873]",True
/content/MargDrishti/data/processed/crops/test/left_reverse_bend/left_reverse_bend-12_png.rf.44b098983484c72c86c5b5ab41cf39d3__229.0.jpg,25,left_reverse_bend,25,left_reverse_bend,0.8989676833152771,"[25, 19, 31]","[0.8989676833152771, 0.013794842176139355, 0.008216429501771927]",True
/content/MargDrishti/data/processed/crops/test/restriction_ends/restriction_ends-21_png.rf.44b727ca2681dff72294380685f82df5__230.0.jpg,41,restriction_ends,41,restriction_ends,0.9428482055664062,"[41, 8, 12]","[0.9428482055664062, 0.007636064197868109, 0.006084145046770573]",True
/content/MargDrishti/data/processed/crops/test/speed_limit_70/speed_limit_70-2_jpg.rf.44ea652eb79cfa0d1f440682e1def674__231.0.jpg,57,speed_limit_70,57,speed_limit_70,0.9430376887321472,"[57, 36, 41]","[0.9430376887321472, 0.007561760954558849, 0.0025590076111257076]",True
/content/MargDrishti/data/processed/crops/test/width_limit/width_limit-40_jpg.rf.448bd076a3be84f886d0c1f529c0134b__232.0.jpg,69,width_limit,69,width_limit,0.9215390682220459,"[69, 27, 20]","[0.9215390682220459, 0.036206573247909546, 0.0056838300079107285]",True
/content/MargDrishti/data/processed/crops/test/restriction_ends/restriction_ends-46_png.rf.451cdc566a0db5246da56afb187129ea__233.0.jpg,41,restriction_ends,41,restriction_ends,0.947171151638031,"[41, 32, 69]","[0.947171151638031, 0.004681308288127184, 0.004061950370669365]",True
/content/MargDrishti/data/processed/crops/test/speed_limit_30/speed_limit_30-7_jpg.rf.45030d30846c4d80af334693b5827f5e__234.0.jpg,53,speed_limit_30,53,speed_limit_30,0.8750715851783752,"[53, 52, 55]","[0.8750715851783752, 0.01246648095548153, 0.007689574267715216]",True
/content/MargDrishti/data/processed/crops/test/cycle_crossing/cycle_crossing-51_png.rf.44ee0beb7e8f4621488d269c89157e80__235.0.jpg,14,cycle_crossing,14,cycle_crossing,0.869880735874176,"[14, 23, 53]","[0.869880735874176, 0.008713885210454464, 0.00569941708818078]",True
/content/MargDrishti/data/processed/crops/test/left_turn_prohibited/left_turn_prohibited-26_jpg.rf.455fb4cec37f6031d2ccaf72e60febb0__236.0.jpg,26,left_turn_prohibited,26,left_turn_prohibited,0.9662320017814636,"[26, 67, 33]","[0.9662320017814636, 0.005349740851670504, 0.005327505059540272]",True
/content/MargDrishti/data/processed/crops/test/cycle_crossing/cycle_crossing-14_jpg.rf.468761e9a6b353a45137b6856bcf63ce__237.0.jpg,14,cycle_crossing,14,cycle_crossing,0.9080329537391663,"[14, 2, 20]","[0.9080329537391663, 0.007012279238551855, 0.003979620523750782]",True
/content/MargDrishti/data/processed/crops/test/speed_limit_80/speed_limit_80-40_png.rf.46eeea787850a154758c7081ad4eb2d9__238.0.jpg,58,speed_limit_80,58,speed_limit_80,0.8956668376922607,"[58, 19, 56]","[0.8956668376922607, 0.005299240816384554, 0.004676965530961752]",True
/content/MargDrishti/data/processed/crops/test/falling_rocks/falling_rocks-23_jpeg.rf.478432c2a1d2bb1bcf93740af0f48e17__239.0.jpg,16,falling_rocks,16,falling_rocks,0.7714910507202148,"[16, 69, 18]","[0.7714910507202148, 0.037873607128858566, 0.020265381783246994]",True
/content/MargDrishti/data/processed/crops/test/guarded_level_crossing/guarded_level_crossing-30_jpg.rf.46d69e20c36c7babae6a33faae4cc59a__240.0.jpg,19,guarded_level_crossing,19,guarded_level_crossing,0.933025062084198,"[19, 68, 25]","[0.933025062084198, 0.00477390643209219, 0.00289725954644382]",True
/content/MargDrishti/data/processed/crops/test/compulsary_keep_left/compulsary_keep_left-55_jpg.rf.47b6187090775389744ad769a5945c9c__241.0.jpg,8,compulsary_keep_left,8,compulsary_keep_left,0.8412775993347168,"[8, 36, 9]","[0.8412775993347168, 0.017586885020136833, 0.010825510136783123]",True
/content/MargDrishti/data/processed/crops/test/all_motor_vehicle_prohibited/all_motor_vehicle_prohibited-38_png.rf.47eceecebdbaee53f72c362e9ce19bdd__242.0.jpg,0,all_motor_vehicle_prohibited,0,all_motor_vehicle_prohibited,0.8167374134063721,"[0, 10, 52]","[0.8167374134063721, 0.008988468907773495, 0.008543040603399277]",True
/content/MargDrishti/data/processed/crops/test/roundabout/roundabout-16_jpg.rf.485510f8281630b58b16b05daeebf08c__243.0.jpg,45,roundabout,45,roundabout,0.9180535674095154,"[45, 15, 12]","[0.9180535674095154, 0.00801822915673256, 0.004583478439599276]",True
/content/MargDrishti/data/processed/crops/test/petrol_pump_ahead/petrol_pump_ahead-56_png.rf.47a8c2436368ef9766feec50d07111e7__244.0.jpg,39,petrol_pump_ahead,39,petrol_pump_ahead,0.8797305226325989,"[39, 12, 22]","[0.8797305226325989, 0.027529044076800346, 0.013177075423300266]",True
/content/MargDrishti/data/processed/crops/test/traffic_signal/traffic_signal-8_jpg.rf.48a499a3d7de330095b305f415f56d73__245.0.jpg,64,traffic_signal,64,traffic_signal,0.8464550375938416,"[64, 4, 47]","[0.8464550375938416, 0.010727587155997753, 0.010723413899540901]",True
/content/MargDrishti/data/processed/crops/test/speed_limit_40/speed_limit_40-36_jpg.rf.49a325b54e118f2518fcb87d45aec6b1__246.0.jpg,54,speed_limit_40,54,speed_limit_40,0.9641844034194946,"[54, 22, 58]","[0.9641844034194946, 0.006307579576969147, 0.0028078239411115646]",True
/content/MargDrishti/data/processed/crops/test/right_turn_prohibited/right_turn_prohibited-31_jpg.rf.48ee1e8210dad2f0c8bd2e6c7d73e5f0__247.0.jpg,44,right_turn_prohibited,44,right_turn_prohibited,0.7724130153656006,"[44, 33, 63]","[0.7724130153656006, 0.015168123878538609, 0.012340064160525799]",True
/content/MargDrishti/data/processed/crops/test/restriction_ends/restriction_ends-45_png.rf.494f36a69808cadb9eb9bad88dcd13e8__248.0.jpg,41,restriction_ends,41,restriction_ends,0.8966501951217651,"[41, 44, 47]","[0.8966501951217651, 0.01847395859658718, 0.014669887721538544]",True
/content/MargDrishti/data/processed/crops/test/left_reverse_bend/left_reverse_bend-27_png.rf.49e0c29f536086ee97a573d2ccfda3c0__250.0.jpg,25,left_reverse_bend,25,left_reverse_bend,0.9588954448699951,"[25, 26, 17]","[0.9588954448699951, 0.0031866920180618763, 0.002754524815827608]",True
/content/MargDrishti/data/processed/crops/test/roundabout/roundabout-23_jpg.rf.4a38ceeb8660b2df88a9bd7c433b8f56__251.0.jpg,45,roundabout,45,roundabout,0.8375627398490906,"[45, 52, 15]","[0.8375627398490906, 0.015162895433604717, 0.013166912831366062]",True
/content/MargDrishti/data/processed/crops/test/speed_limit_20/speed_limit_20-17_png.rf.49db9c9fcea0894698b8a334ba947e51__252.0.jpg,52,speed_limit_20,52,speed_limit_20,0.9133287072181702,"[52, 67, 66]","[0.9133287072181702, 0.013570506125688553, 0.006609909236431122]",True
/content/MargDrishti/data/processed/crops/test/narrow_bridge_ahead/narrow_bridge_ahead-70_jpg.rf.4a84b85ad36698580998ef7a4e2bb189__253.0.jpg,30,narrow_bridge_ahead,30,narrow_bridge_ahead,0.9370126128196716,"[30, 37, 54]","[0.9370126128196716, 0.005192896816879511, 0.0030901499558240175]",True
/content/MargDrishti/data/processed/crops/test/no_entry/no_entry-49_jpg.rf.4ad07b8cabae18a4590e1b8abb151ac5__254.0.jpg,32,no_entry,32,no_entry,0.9248583912849426,"[32, 34, 62]","[0.9248583912849426, 0.005667394492775202, 0.0048210700042545795]",True
/content/MargDrishti/data/processed/crops/test/school_ahead/school_ahead-52_jpg.rf.4b1008a1b105d4fad4a80cacc5420d1c__255.0.jpg,46,school_ahead,46,school_ahead,0.2935296297073364,"[46, 37, 30]","[0.2935296297073364, 0.12705731391906738, 0.07977090775966644]",True
/content/MargDrishti/data/processed/crops/test/cross_road/cross_road-47_jpg.rf.4a70ec97f8a693f433bfc905b326c793__256.0.jpg,13,cross_road,13,cross_road,0.8273844122886658,"[13, 34, 70]","[0.8273844122886658, 0.011160964146256447, 0.006997315678745508]",True
/content/MargDrishti/data/processed/crops/test/right_hand_curve/right_hand_curve-12_jpg.rf.4b946169572114c1ea2d29db54cd45c2__257.0.jpg,42,right_hand_curve,42,right_hand_curve,0.894964337348938,"[42, 24, 4]","[0.894964337348938, 0.0101145775988698, 0.003980481997132301]",True
/content/MargDrishti/data/processed/crops/test/speed_limit_100/speed_limit_100-47_png.rf.4b9249c6a87e860854d25e808cc3060f__258.0.jpg,50,speed_limit_100,50,speed_limit_100,0.9454634189605713,"[50, 58, 56]","[0.9454634189605713, 0.005262225866317749, 0.003995461855083704]",True
/content/MargDrishti/data/processed/crops/test/chevron_direction/chevron_direction-45_jpg.rf.4b4e3a7d4e572964000e4a8c5f8578c4__259.0.jpg,4,chevron_direction,4,chevron_direction,0.8579047322273254,"[4, 61, 63]","[0.8579047322273254, 0.01258577685803175, 0.008110368624329567]",True
/content/MargDrishti/data/processed/crops/test/speed_limit_20/speed_limit_20-16_jpg.rf.4b5a5631c1dc7a125e77440f624d745f__260.0.jpg,52,speed_limit_20,52,speed_limit_20,0.8939256072044373,"[52, 51, 69]","[0.8939256072044373, 0.026738103479146957, 0.008477048017084599]",True
/content/MargDrishti/data/processed/crops/test/compulsary_sound_horn/compulsary_sound_horn-29_jpg.rf.4bb4c3cd72b1db9a2a7ae17493bcea65__261.0.jpg,10,compulsary_sound_horn,10,compulsary_sound_horn,0.9488312005996704,"[10, 8, 21]","[0.9488312005996704, 0.007243717554956675, 0.002472885185852647]",True
/content/MargDrishti/data/processed/crops/test/t_intersection/t_intersection-40_jpg.rf.4bc78a874b5ef5e3c9450497dbb9a6c0__262.0.jpg,63,t_intersection,63,t_intersection,0.9701592326164246,"[63, 42, 3]","[0.9701592326164246, 0.0016257764073088765, 0.0016141509404405951]",True
/content/MargDrishti/data/processed/crops/test/right_turn_prohibited/right_turn_prohibited-5_jpg.rf.4c39ed442995fc760e90ee50d6fe8712__264.0.jpg,44,right_turn_prohibited,44,right_turn_prohibited,0.4401400089263916,"[44, 26, 35]","[0.4401400089263916, 0.08514947444200516, 0.06673799455165863]",True
/content/MargDrishti/data/processed/crops/test/traffic_signal/traffic_signal-16_jpg.rf.4e2787361fc6c1e06f498ebf8c44cfca__265.0.jpg,64,traffic_signal,64,traffic_signal,0.8963025808334351,"[64, 47, 59]","[0.8963025808334351, 0.006829630117863417, 0.005887018050998449]",True
/content/MargDrishti/data/processed/crops/test/height_limit/height_limit-6_png.rf.4d07237aaaa8917cd239c4c13a4cfce2__267.0.jpg,20,height_limit,20,height_limit,0.9194298982620239,"[20, 19, 54]","[0.9194298982620239, 0.006580946501344442, 0.004571222234517336]",True
/content/MargDrishti/data/processed/crops/test/give_way/give_way-2_png.rf.4bf87c10179f9e33e8f50fdc0b530233__268.0.jpg,18,give_way,18,give_way,0.8782239556312561,"[18, 4, 61]","[0.8782239556312561, 0.01174673531204462, 0.010187395848333836]",True
/content/MargDrishti/data/processed/crops/test/loose_gravel/loose_gravel-11_png.rf.4e3fff4ef4e3818e6a4829e636c163cd__269.0.jpg,28,loose_gravel,28,loose_gravel,0.9736384749412537,"[28, 49, 68]","[0.9736384749412537, 0.0018580157775431871, 0.001841114484705031]",True
/content/MargDrishti/data/processed/crops/test/u_turn_prohibited/u_turn_prohibited-45_jpg.rf.4e5d246ce1c6f01a653f07e5d7eaa585__270.0.jpg,67,u_turn_prohibited,67,u_turn_prohibited,0.9300348162651062,"[67, 66, 25]","[0.9300348162651062, 0.003893026616424322, 0.003249692963436246]",True
/content/MargDrishti/data/processed/crops/test/left_turn_prohibited/left_turn_prohibited-22_jpg.rf.4ee5c9a80992a1d0b584c5efefcd3bcf__271.0.jpg,26,left_turn_prohibited,26,left_turn_prohibited,0.9813836216926575,"[26, 67, 33]","[0.9813836216926575, 0.0029021278023719788, 0.0015254488680511713]",True
/content/MargDrishti/data/processed/crops/test/all_motor_vehicle_prohibited/all_motor_vehicle_prohibited-37_png.rf.4f5e59e4f744ec3fe0918e39230bdd78__272.0.jpg,0,all_motor_vehicle_prohibited,0,all_motor_vehicle_prohibited,0.8966034054756165,"[0, 2, 14]","[0.8966034054756165, 0.0067648193798959255, 0.006402512546628714]",True
/content/MargDrishti/data/processed/crops/test/compulsary_ahead_or_turn_right/compulsary_ahead_or_turn_right-23_jpg.rf.4f0a79201d838613c16ea3d0e64814c9__273.0.jpg,7,compulsary_ahead_or_turn_right,7,compulsary_ahead_or_turn_right,0.4923137128353119,"[7, 6, 36]","[0.4923137128353119, 0.10898886620998383, 0.07019433379173279]",True
/content/MargDrishti/data/processed/crops/test/hospital_ahead/hospital_ahead-56_jpg.rf.4f286bd8a9f63dda8406ffb12efbba87__274.0.jpg,22,hospital_ahead,22,hospital_ahead,0.8402690291404724,"[22, 39, 36]","[0.8402690291404724, 0.025419358164072037, 0.008470426313579082]",True
/content/MargDrishti/data/processed/crops/test/speed_limit_70/speed_limit_70-27_jpg.rf.4f0f5e99f9478515344d24d8cd7bc04c__275.0.jpg,57,speed_limit_70,57,speed_limit_70,0.9493790864944458,"[57, 70, 36]","[0.9493790864944458, 0.006111172027885914, 0.006033290643244982]",True
/content/MargDrishti/data/processed/crops/test/dangerous_dip/dangerous_dip-3_jpg.rf.5000406c61e49c30870273fd103f62ea__276.0.jpg,15,dangerous_dip,15,dangerous_dip,0.9855315685272217,"[15, 63, 20]","[0.9855315685272217, 0.0011111124185845256, 0.0010540734510868788]",True
/content/MargDrishti/data/processed/crops/test/truck_prohibited/truck_prohibited-36_jpg.rf.50d0c55bf403b82879b18d572e3f0080__277.0.jpg,65,truck_prohibited,65,truck_prohibited,0.9547231197357178,"[65, 27, 35]","[0.9547231197357178, 0.007299372926354408, 0.007155654951930046]",True
/content/MargDrishti/data/processed/crops/test/t_intersection/t_intersection-22_jpeg.rf.503f63907e0573581eda277b992499d9__278.0.jpg,63,t_intersection,63,t_intersection,0.9802238941192627,"[63, 70, 3]","[0.9802238941192627, 0.002480976516380906, 0.0015341053949669003]",True
/content/MargDrishti/data/processed/crops/test/pass_either_side/pass_either_side-44_jpeg.rf.511d3a33822d1919a840b46778af88e0__279.0.jpg,36,pass_either_side,36,pass_either_side,0.7913042306900024,"[36, 6, 45]","[0.7913042306900024, 0.0641016960144043, 0.013339333236217499]",True
/content/MargDrishti/data/processed/crops/test/height_limit/height_limit-49_jpeg.rf.516ca16b0a9a917d88b8e28b0887002c__280.0.jpg,20,height_limit,20,height_limit,0.9485164284706116,"[20, 36, 6]","[0.9485164284706116, 0.005985647439956665, 0.002307907911017537]",True
/content/MargDrishti/data/processed/crops/test/truck_prohibited/truck_prohibited-29_jpeg.rf.52ee3838d903637ce1daa100184c82f3__281.0.jpg,65,truck_prohibited,65,truck_prohibited,0.921263575553894,"[65, 2, 70]","[0.921263575553894, 0.006418533157557249, 0.0039517441764473915]",True
/content/MargDrishti/data/processed/crops/test/narrow_bridge_ahead/narrow_bridge_ahead-28_jpg.rf.52d1b716df7b0383420a91f92d841560__282.0.jpg,30,narrow_bridge_ahead,30,narrow_bridge_ahead,0.9413281083106995,"[30, 36, 31]","[0.9413281083106995, 0.0032318446319550276, 0.0023826616816222668]",True
/content/MargDrishti/data/processed/crops/test/loose_gravel/loose_gravel-31_png.rf.5222ff00fd0bf94b99265377c3ad99cb__283.0.jpg,28,loose_gravel,28,loose_gravel,0.9657552242279053,"[28, 16, 36]","[0.9657552242279053, 0.003671698272228241, 0.0016150352312251925]",True
/content/MargDrishti/data/processed/crops/test/side_road_right/side_road_right-17_jpeg.rf.5255c65ece117c133fbd82286f534fe9__284.0.jpg,48,side_road_right,59,staggered_intersection,0.5027605295181274,"[59, 48, 63]","[0.5027605295181274, 0.30550453066825867, 0.03107498027384281]",False
/content/MargDrishti/data/processed/crops/test/side_road_right/side_road_right-0_jpg.rf.5383394f1cf0b9946bf3e5fdc08ca025__285.0.jpg,48,side_road_right,48,side_road_right,0.9263993501663208,"[48, 59, 63]","[0.9263993501663208, 0.02272947132587433, 0.015544228255748749]",True
/content/MargDrishti/data/processed/crops/test/compulsary_turn_right_ahead/compulsary_turn_right_ahead-48_png.rf.534b29bb2d156af946d72f9826ac17df__286.0.jpg,12,compulsary_turn_right_ahead,12,compulsary_turn_right_ahead,0.9417943954467773,"[12, 39, 7]","[0.9417943954467773, 0.004485980607569218, 0.004308278672397137]",True
/content/MargDrishti/data/processed/crops/test/overtaking_prohibited/overtaking_prohibited-17_jpeg.rf.546c19e76ec7e2445818b8e469721647__287.0.jpg,35,overtaking_prohibited,35,overtaking_prohibited,0.8646029829978943,"[35, 0, 20]","[0.8646029829978943, 0.0153458621352911, 0.015123342163860798]",True
/content/MargDrishti/data/processed/crops/test/left_turn_prohibited/left_turn_prohibited-15_jpg.rf.537ac61928f77257b26d2adf68d047f8__288.0.jpg,26,left_turn_prohibited,26,left_turn_prohibited,0.9727665781974792,"[26, 67, 33]","[0.9727665781974792, 0.008034571073949337, 0.0031381440348923206]",True
/content/MargDrishti/data/processed/crops/test/compulsary_turn_left_ahead/compulsary_turn_left_ahead-28_jpg.rf.558713ed0ef98f6a41f5fa9013836510__289.0.jpg,11,compulsary_turn_left_ahead,11,compulsary_turn_left_ahead,0.7590484619140625,"[11, 25, 22]","[0.7590484619140625, 0.024578122422099113, 0.022135544568300247]",True
/content/MargDrishti/data/processed/crops/test/give_way/give_way-27_png.rf.54bebe99f6ba19993c6080c0380f8bfc__290.0.jpg,18,give_way,18,give_way,0.8845093846321106,"[18, 14, 46]","[0.8845093846321106, 0.022425135597586632, 0.0064033931121230125]",True
/content/MargDrishti/data/processed/crops/test/roundabout/roundabout-26_png.rf.56a54d67a55ec8b7b3b21a82c470fffd__291.0.jpg,45,roundabout,45,roundabout,0.4256909191608429,"[45, 6, 36]","[0.4256909191608429, 0.09931223094463348, 0.07382849603891373]",True
/content/MargDrishti/data/processed/crops/test/height_limit/height_limit-11_jpeg.rf.55bb95ea8955453be45881f175b1a7f0__292.0.jpg,20,height_limit,20,height_limit,0.9523712396621704,"[20, 36, 6]","[0.9523712396621704, 0.003078305395320058, 0.002014307538047433]",True
/content/MargDrishti/data/processed/crops/test/cycle_crossing/cycle_crossing-29_png.rf.56c474fbd9611ab2d36b212b38ecf062__293.0.jpg,14,cycle_crossing,14,cycle_crossing,0.8743154406547546,"[14, 53, 64]","[0.8743154406547546, 0.007720406167209148, 0.005916585214436054]",True
/content/MargDrishti/data/processed/crops/test/overtaking_prohibited/overtaking_prohibited-49_jpg.rf.56ed2b0f3e3a243ac7b0750f060dae7c__294.0.jpg,35,overtaking_prohibited,35,overtaking_prohibited,0.9015552997589111,"[35, 20, 67]","[0.9015552997589111, 0.010869543999433517, 0.010082314722239971]",True
/content/MargDrishti/data/processed/crops/test/u_turn/u_turn-50_jpg.rf.56e36c4252d4379907b528ea7e489a28__295.0.jpg,66,u_turn,66,u_turn,0.9719459414482117,"[66, 67, 42]","[0.9719459414482117, 0.010246267542243004, 0.0015697500202804804]",True
/content/MargDrishti/data/processed/crops/test/right_hand_curve/right_hand_curve-6_jpg.rf.572640d75520f7236ebdb0bf6fa04aa1__296.0.jpg,42,right_hand_curve,42,right_hand_curve,0.9358684420585632,"[42, 24, 66]","[0.9358684420585632, 0.008665819652378559, 0.002337196609005332]",True
/content/MargDrishti/data/processed/crops/test/compulsary_keep_left/compulsary_keep_left-1_png.rf.57d1741583c2c1f4f2f79a13ebf16ad7__297.0.jpg,8,compulsary_keep_left,8,compulsary_keep_left,0.9677597284317017,"[8, 27, 12]","[0.9677597284317017, 0.004033537581562996, 0.0032691946253180504]",True
/content/MargDrishti/data/processed/crops/test/men_at_work/men_at_work-45_png.rf.577ba1d4aa5020dfced679f0ea54f812__298.0.jpg,29,men_at_work,29,men_at_work,0.9223559498786926,"[29, 44, 46]","[0.9223559498786926, 0.006175098940730095, 0.005247680004686117]",True
/content/MargDrishti/data/processed/crops/test/axle_load_limit/axle_load_limit-11_jpeg.rf.5740b565cdb5238c519a30719034fe43__300.0.jpg,1,axle_load_limit,1,axle_load_limit,0.7345776557922363,"[1, 19, 68]","[0.7345776557922363, 0.043517470359802246, 0.030739227309823036]",True
/content/MargDrishti/data/processed/crops/test/unguarded_level_crossing/unguarded_level_crossing-3_jpg.rf.584c6f695dde5345c3cdc7f572ec6090__301.0.jpg,68,unguarded_level_crossing,68,unguarded_level_crossing,0.7842747569084167,"[68, 29, 9]","[0.7842747569084167, 0.011716709472239017, 0.01133718341588974]",True
/content/MargDrishti/data/processed/crops/test/stop/stop-55_png.rf.58674348948c04d308ad969080c10ab0__302.0.jpg,62,stop,62,stop,0.8771281242370605,"[62, 51, 6]","[0.8771281242370605, 0.010682463645935059, 0.008648506365716457]",True
/content/MargDrishti/data/processed/crops/test/right_reverse_bend/right_reverse_bend-45_jpg.rf.589625f0e8d86791f23c747ea20a67f6__303.0.jpg,43,right_reverse_bend,43,right_reverse_bend,0.8531901240348816,"[43, 25, 70]","[0.8531901240348816, 0.03136833384633064, 0.013989020138978958]",True
/content/MargDrishti/data/processed/crops/test/compulsary_sound_horn/compulsary_sound_horn-1_jpg.rf.5855545cbaf0b92d0b817d5bea96504d__304.0.jpg,10,compulsary_sound_horn,10,compulsary_sound_horn,0.9837815761566162,"[10, 21, 8]","[0.9837815761566162, 0.0020891812164336443, 0.0010104691609740257]",True
/content/MargDrishti/data/processed/crops/test/speed_limit_120/speed_limit_120-27_png.rf.58b091718bc10867f1f7fcaa82500494__305.0.jpg,51,speed_limit_120,51,speed_limit_120,0.8452112078666687,"[51, 50, 15]","[0.8452112078666687, 0.010325822979211807, 0.00636290805414319]",True
/content/MargDrishti/data/processed/crops/test/compulsary_turn_left_ahead/compulsary_turn_left_ahead-42_png.rf.58cab74cd8140f3150cf149f44c049fe__306.0.jpg,11,compulsary_turn_left_ahead,11,compulsary_turn_left_ahead,0.8969938158988953,"[11, 26, 25]","[0.8969938158988953, 0.007719251327216625, 0.005490260664373636]",True
/content/MargDrishti/data/processed/crops/test/pedestrian_crossing/pedestrian_crossing-60_jpg.rf.58fb8887544e4d28ca157673f74ca518__307.0.jpg,37,pedestrian_crossing,37,pedestrian_crossing,0.9041103720664978,"[37, 29, 30]","[0.9041103720664978, 0.012183079496026039, 0.008747666142880917]",True
/content/MargDrishti/data/processed/crops/test/pedestrian_crossing/pedestrian_crossing-32_png.rf.5a7ad990d60dc46c4b8f03427f281ab0__308.0.jpg,37,pedestrian_crossing,37,pedestrian_crossing,0.9143075346946716,"[37, 29, 63]","[0.9143075346946716, 0.005265722516924143, 0.004498626105487347]",True
/content/MargDrishti/data/processed/crops/test/no_entry/no_entry-44_jpg.rf.5aac8adcee814fd256c3038fdfaa55d4__309.0.jpg,32,no_entry,32,no_entry,0.9316062927246094,"[32, 62, 34]","[0.9316062927246094, 0.006020041182637215, 0.0026302081532776356]",True
/content/MargDrishti/data/processed/crops/test/left_reverse_bend/left_reverse_bend-14_png.rf.590a6f2b57b009e3eb1da160a069cdeb__310.0.jpg,25,left_reverse_bend,25,left_reverse_bend,0.40039879083633423,"[25, 24, 47]","[0.40039879083633423, 0.2903693914413452, 0.06187523528933525]",True
/content/MargDrishti/data/processed/crops/test/bullock_cart_and_hand_cart_prohibited/bullock_cart_and_hand_cart_prohibited-40_jpg.rf.5abe78a5257ec05b1792f98044998349__311.0.jpg,2,bullock_cart_and_hand_cart_prohibited,2,bullock_cart_and_hand_cart_prohibited,0.9155464172363281,"[2, 0, 17]","[0.9155464172363281, 0.013948704116046429, 0.010032550431787968]",True
/content/MargDrishti/data/processed/crops/test/compulsary_turn_right_ahead/compulsary_turn_right_ahead-33_png.rf.5b73099de8ab360f9208486261f67739__312.0.jpg,12,compulsary_turn_right_ahead,12,compulsary_turn_right_ahead,0.941917896270752,"[12, 10, 7]","[0.941917896270752, 0.0033780771773308516, 0.003008064813911915]",True
/content/MargDrishti/data/processed/crops/test/speed_limit_60/speed_limit_60-31_jpg.rf.5b768644a9f34c0e4e30e4b67febc14d__313.0.jpg,56,speed_limit_60,56,speed_limit_60,0.9466120600700378,"[56, 34, 55]","[0.9466120600700378, 0.004445452708750963, 0.0037105244118720293]",True
/content/MargDrishti/data/processed/crops/test/give_way/give_way-9_png.rf.5bb980541b000f1d9fabd8b4ffbeb8cd__314.0.jpg,18,give_way,18,give_way,0.7682887315750122,"[18, 47, 23]","[0.7682887315750122, 0.02210433967411518, 0.01819458231329918]",True
/content/MargDrishti/data/processed/crops/test/cycle_crossing/cycle_crossing-20_jpg.rf.5d0d3b2c00b1e1fa7b3732f4878d1c75__315.0.jpg,14,cycle_crossing,14,cycle_crossing,0.6108611226081848,"[14, 40, 22]","[0.6108611226081848, 0.04389320686459541, 0.038401104509830475]",True
/content/MargDrishti/data/processed/crops/test/speed_limit_40/speed_limit_40-45_jpg.rf.5bdd168b63d460430e72dcfabf7331a7__316.0.jpg,54,speed_limit_40,54,speed_limit_40,0.9651429057121277,"[54, 36, 27]","[0.9651429057121277, 0.0038374532014131546, 0.0034846332855522633]",True
/content/MargDrishti/data/processed/crops/test/length_limit/length_limit-25_png.rf.5eae83bfb64e787a231526af9136325a__317.0.jpg,27,length_limit,27,length_limit,0.9959467053413391,"[27, 69, 10]","[0.9959467053413391, 0.0008221917087212205, 0.0003372387436684221]",True
/content/MargDrishti/data/processed/crops/test/right_turn_prohibited/right_turn_prohibited-3_jpg.rf.5d72ab144723f0004de9b60865ce898c__318.0.jpg,44,right_turn_prohibited,44,right_turn_prohibited,0.6091560125350952,"[44, 26, 35]","[0.6091560125350952, 0.06691934168338776, 0.044421251863241196]",True
/content/MargDrishti/data/processed/crops/test/left_hand_curve/left_hand_curve-23_jpg.rf.5d1a8896acb8737673b9deb583392f0c__319.0.jpg,24,left_hand_curve,24,left_hand_curve,0.8849136829376221,"[24, 42, 26]","[0.8849136829376221, 0.010300152003765106, 0.01023006346076727]",True
/content/MargDrishti/data/processed/crops/test/truck_prohibited/truck_prohibited-22_png.rf.5e8825b78da47f5e77fa31297527aaa1__320.0.jpg,65,truck_prohibited,65,truck_prohibited,0.8747584223747253,"[65, 35, 21]","[0.8747584223747253, 0.017142485827207565, 0.014076570980250835]",True
/content/MargDrishti/data/processed/crops/test/guarded_level_crossing/guarded_level_crossing-34_jpg.rf.5ee3a6dbcf3034a228baaa06904dbdc4__321.0.jpg,19,guarded_level_crossing,19,guarded_level_crossing,0.9812674522399902,"[19, 68, 30]","[0.9812674522399902, 0.0011461455142125487, 0.00087199971312657]",True
/content/MargDrishti/data/processed/crops/test/horn_prohibited/horn_prohibited-44_jpg.rf.5ecee40817d104c69ec4d1b33e46db42__322.0.jpg,21,horn_prohibited,21,horn_prohibited,0.6447576880455017,"[21, 17, 10]","[0.6447576880455017, 0.015751171857118607, 0.014620444737374783]",True
/content/MargDrishti/data/processed/crops/test/speed_limit_40/speed_limit_40-12_jpg.rf.5f1737c29cbe6858533ea5752d6ef0ae__323.0.jpg,54,speed_limit_40,54,speed_limit_40,0.9533947706222534,"[54, 56, 35]","[0.9533947706222534, 0.014110235497355461, 0.006614192854613066]",True
/content/MargDrishti/data/processed/crops/test/length_limit/length_limit-37_jpg.rf.5f90a138ba3d1b8e484cc4f7cfe0bcfe__324.0.jpg,27,length_limit,27,length_limit,0.9816805124282837,"[27, 61, 65]","[0.9816805124282837, 0.0033978549763560295, 0.0030939062125980854]",True
/content/MargDrishti/data/processed/crops/test/compulsary_sound_horn/compulsary_sound_horn-21_jpg.rf.60955941b4776cadcb132e866470ac27__325.0.jpg,10,compulsary_sound_horn,10,compulsary_sound_horn,0.9705331325531006,"[10, 54, 8]","[0.9705331325531006, 0.0027027276810258627, 0.002659165533259511]",True
/content/MargDrishti/data/processed/crops/test/pedestrian_prohibited/pedestrian_prohibited-19_jpeg.rf.606391e73c5d1afeec784eb597d3e760__326.0.jpg,38,pedestrian_prohibited,38,pedestrian_prohibited,0.34201860427856445,"[38, 37, 44]","[0.34201860427856445, 0.18309931457042694, 0.03837358579039574]",True
/content/MargDrishti/data/processed/crops/test/height_limit/height_limit-55_png.rf.5f98c5ad6858fbb239738a9fafd5d662__327.0.jpg,20,height_limit,20,height_limit,0.9189611077308655,"[20, 36, 35]","[0.9189611077308655, 0.006184153724461794, 0.003424840746447444]",True
/content/MargDrishti/data/processed/crops/test/falling_rocks/falling_rocks-41_jpeg.rf.60af2c1b4838a9d78c785c45ed555e61__328.0.jpg,16,falling_rocks,16,falling_rocks,0.9302093982696533,"[16, 67, 26]","[0.9302093982696533, 0.0024682236835360527, 0.002460925839841366]",True
/content/MargDrishti/data/processed/crops/test/roundabout/roundabout-4_jpg.rf.61adfea0f3b77e364d609c8d37ba99df__329.0.jpg,45,roundabout,45,roundabout,0.8670886754989624,"[45, 26, 54]","[0.8670886754989624, 0.012573515065014362, 0.007967537268996239]",True
/content/MargDrishti/data/processed/crops/test/cycle_crossing/cycle_crossing-19_jpg.rf.60c2c81248aea2b516b2b2b7b6e11087__330.0.jpg,14,cycle_crossing,14,cycle_crossing,0.6329817175865173,"[14, 2, 10]","[0.6329817175865173, 0.022242730483412743, 0.020212851464748383]",True
/content/MargDrishti/data/processed/crops/test/left_turn_prohibited/left_turn_prohibited-8_jpg.rf.61cb87d59bdba912d7dec6d9ebc636e7__331.0.jpg,26,left_turn_prohibited,26,left_turn_prohibited,0.9818540811538696,"[26, 33, 67]","[0.9818540811538696, 0.0044530644081532955, 0.004130581393837929]",True
/content/MargDrishti/data/processed/crops/test/u_turn_prohibited/u_turn_prohibited-66_jpeg.rf.61f0ede12c07c2e33fb3f0224468c609__332.0.jpg,67,u_turn_prohibited,67,u_turn_prohibited,0.9273719787597656,"[67, 66, 26]","[0.9273719787597656, 0.005674016661942005, 0.004693448543548584]",True
/content/MargDrishti/data/processed/crops/test/roundabout/roundabout-12_jpg.rf.626604862838121b87c6ccd4b8219fd0__335.0.jpg,45,roundabout,45,roundabout,0.9112786650657654,"[45, 15, 28]","[0.9112786650657654, 0.0059909760020673275, 0.004378345794975758]",True
/content/MargDrishti/data/processed/crops/test/guarded_level_crossing/guarded_level_crossing-45_jpg.rf.62577c11513ccb91ebe43e89a1bf04ce__336.0.jpg,19,guarded_level_crossing,19,guarded_level_crossing,0.9364105463027954,"[19, 68, 60]","[0.9364105463027954, 0.010408525355160236, 0.0027895024977624416]",True
/content/MargDrishti/data/processed/crops/test/dangerous_dip/dangerous_dip-47_jpg.rf.62b6443d531bdd7a0852cb49dda42a6b__337.0.jpg,15,dangerous_dip,15,dangerous_dip,0.9846506118774414,"[15, 23, 18]","[0.9846506118774414, 0.0032696016132831573, 0.0007678455440327525]",True
/content/MargDrishti/data/processed/crops/test/compulsary_sound_horn/compulsary_sound_horn-9_jpg.rf.62ffc2530430593227ddb15e0d79629d__338.0.jpg,10,compulsary_sound_horn,10,compulsary_sound_horn,0.8739091753959656,"[10, 21, 12]","[0.8739091753959656, 0.010299591347575188, 0.008305676281452179]",True
/content/MargDrishti/data/processed/crops/test/compulsary_ahead_or_turn_left/compulsary_ahead_or_turn_left-51_png.rf.62665219b18ecb83b068244360662467__339.0.jpg,6,compulsary_ahead_or_turn_left,6,compulsary_ahead_or_turn_left,0.9555884003639221,"[6, 7, 36]","[0.9555884003639221, 0.018168995156884193, 0.011011643335223198]",True
/content/MargDrishti/data/processed/crops/test/quay_side_or_river_bank/quay_side_or_river_bank-53_jpg.rf.62c5293756e55394a8717417db4b216a__340.0.jpg,40,quay_side_or_river_bank,40,quay_side_or_river_bank,0.8166071772575378,"[40, 3, 0]","[0.8166071772575378, 0.011336208321154118, 0.010332095436751842]",True
/content/MargDrishti/data/processed/crops/test/axle_load_limit/axle_load_limit-38_jpg.rf.6379ce3544f5bee1fbe2e29030cff54f__341.0.jpg,1,axle_load_limit,1,axle_load_limit,0.5871511697769165,"[1, 67, 19]","[0.5871511697769165, 0.018714483827352524, 0.017443668097257614]",True
/content/MargDrishti/data/processed/crops/test/compulsary_ahead/compulsary_ahead-26_png.rf.632412a0c96ff289524ccad4f128f4b1__342.0.jpg,5,compulsary_ahead,5,compulsary_ahead,0.9351244568824768,"[5, 63, 7]","[0.9351244568824768, 0.0065501597709953785, 0.004209338221698999]",True
/content/MargDrishti/data/processed/crops/test/compulsary_keep_left/compulsary_keep_left-33_jpg.rf.6345cfa87e5d28d2286537d8ce79f8fc__343.0.jpg,8,compulsary_keep_left,8,compulsary_keep_left,0.9514322876930237,"[8, 36, 33]","[0.9514322876930237, 0.004426029045134783, 0.0024889670312404633]",True
/content/MargDrishti/data/processed/crops/test/left_turn_prohibited/left_turn_prohibited-34_jpg.rf.640a8049e6774cbb96330a85d1e3a6c7__344.0.jpg,26,left_turn_prohibited,26,left_turn_prohibited,0.9724202752113342,"[26, 45, 4]","[0.9724202752113342, 0.0016304997261613607, 0.0015953105175867677]",True
/content/MargDrishti/data/processed/crops/test/side_road_left/side_road_left-31_jpg.rf.65ffb407592411e0bedfa40365e1cda2__345.0.jpg,47,side_road_left,47,side_road_left,0.9838805794715881,"[47, 14, 59]","[0.9838805794715881, 0.0024522882886230946, 0.0013491507852450013]",True
/content/MargDrishti/data/processed/crops/test/axle_load_limit/axle_load_limit-0_jpg.rf.65363090eb9927d19d416a83e99a14a1__346.0.jpg,1,axle_load_limit,1,axle_load_limit,0.8715996742248535,"[1, 19, 59]","[0.8715996742248535, 0.010393697768449783, 0.005691190715879202]",True
/content/MargDrishti/data/processed/crops/test/traffic_signal/traffic_signal-26_png.rf.64afd0f7433bd793e8c51a8f90397fc5__347.0.jpg,64,traffic_signal,64,traffic_signal,0.8874543309211731,"[64, 55, 58]","[0.8874543309211731, 0.006178731564432383, 0.005057179369032383]",True
/content/MargDrishti/data/processed/crops/test/truck_prohibited/truck_prohibited-41_jpg.rf.663c34a9fc0ad369bdd2f5183da1c8da__348.0.jpg,65,truck_prohibited,65,truck_prohibited,0.9380807280540466,"[65, 27, 70]","[0.9380807280540466, 0.005016249138861895, 0.00467535387724638]",True
/content/MargDrishti/data/processed/crops/test/restriction_ends/restriction_ends-42_png.rf.64c8e648ebce14e9375b756c61e1009d__349.0.jpg,41,restriction_ends,41,restriction_ends,0.8805561661720276,"[41, 44, 26]","[0.8805561661720276, 0.018480317667126656, 0.01554928533732891]",True
/content/MargDrishti/data/processed/crops/test/no_parking/no_parking-26_jpeg.rf.669e6ce8998dbde4eff964af8a72d8cb__350.0.jpg,33,no_parking,33,no_parking,0.920859694480896,"[33, 67, 53]","[0.920859694480896, 0.004313180223107338, 0.003387389937415719]",True
/content/MargDrishti/data/processed/crops/test/compulsary_turn_left_ahead/compulsary_turn_left_ahead-34_png.rf.67e056ee822782145a83a8cfc9b05340__351.0.jpg,11,compulsary_turn_left_ahead,11,compulsary_turn_left_ahead,0.748507022857666,"[11, 25, 26]","[0.748507022857666, 0.0254552960395813, 0.013224488124251366]",True
/content/MargDrishti/data/processed/crops/test/height_limit/height_limit-22_jpeg.rf.6740c2a50b90df5e16889af9353b4882__352.0.jpg,20,height_limit,20,height_limit,0.7661808729171753,"[20, 16, 69]","[0.7661808729171753, 0.013968155719339848, 0.013698861934244633]",True
/content/MargDrishti/data/processed/crops/test/compulsary_turn_left_ahead/compulsary_turn_left_ahead-3_png.rf.679680e810028643493332c3dd0da015__354.0.jpg,11,compulsary_turn_left_ahead,11,compulsary_turn_left_ahead,0.8903007507324219,"[11, 26, 25]","[0.8903007507324219, 0.014069223776459694, 0.005740054417401552]",True
/content/MargDrishti/data/processed/crops/test/speed_limit_20/speed_limit_20-2_jpg.rf.68704574ddc8e3b0920a9091ed16afe8__355.0.jpg,52,speed_limit_20,52,speed_limit_20,0.852453887462616,"[52, 51, 53]","[0.852453887462616, 0.03787912055850029, 0.007728935685008764]",True
/content/MargDrishti/data/processed/crops/test/u_turn/u_turn-20_jpg.rf.671dff63eab6e51cefa06913f4fb8a80__356.0.jpg,66,u_turn,66,u_turn,0.9259033203125,"[66, 67, 10]","[0.9259033203125, 0.006475325208157301, 0.0029422773513942957]",True
/content/MargDrishti/data/processed/crops/test/stop/stop-56_png.rf.6963817635be6bde259727f3cfa42333__357.0.jpg,62,stop,62,stop,0.9109638333320618,"[62, 51, 52]","[0.9109638333320618, 0.006955732591450214, 0.005870212335139513]",True
/content/MargDrishti/data/processed/crops/test/chevron_direction/chevron_direction-21_jpg.rf.69f3a71d0d36e53cb543f818fdcba11e__358.0.jpg,4,chevron_direction,4,chevron_direction,0.977668285369873,"[4, 61, 28]","[0.977668285369873, 0.001339685870334506, 0.0010299024870619178]",True
/content/MargDrishti/data/processed/crops/test/quay_side_or_river_bank/quay_side_or_river_bank-6_jpg.rf.68e6a5926c7a3d4199a64d117d09704a__359.0.jpg,40,quay_side_or_river_bank,40,quay_side_or_river_bank,0.9338502883911133,"[40, 16, 62]","[0.9338502883911133, 0.005718591623008251, 0.0032628148328512907]",True
/content/MargDrishti/data/processed/crops/test/right_reverse_bend/right_reverse_bend-42_jpg.rf.6a484fcc835ad81130eb5ec27f70c426__361.0.jpg,43,right_reverse_bend,43,right_reverse_bend,0.865942120552063,"[43, 25, 70]","[0.865942120552063, 0.020534725859761238, 0.0057644471526145935]",True
/content/MargDrishti/data/processed/crops/test/gap_in_median/gap_in_median-26_jpg.rf.6a376042ed2d4f39156e3a87ff5ddc1a__362.0.jpg,17,gap_in_median,17,gap_in_median,0.8971328139305115,"[17, 22, 66]","[0.8971328139305115, 0.005218207836151123, 0.004781108815222979]",True
/content/MargDrishti/data/processed/crops/test/hospital_ahead/hospital_ahead-2_jpeg.rf.6ac666f54e2f41893497884bea4d9b84__363.0.jpg,22,hospital_ahead,22,hospital_ahead,0.9515368342399597,"[22, 39, 4]","[0.9515368342399597, 0.006769765634089708, 0.003189523471519351]",True
/content/MargDrishti/data/processed/crops/test/speed_limit_50/speed_limit_50-5_jpg.rf.6a945559406468a71149414caf990272__364.0.jpg,55,speed_limit_50,55,speed_limit_50,0.8304448127746582,"[55, 56, 51]","[0.8304448127746582, 0.02184442989528179, 0.008173621259629726]",True
/content/MargDrishti/data/processed/crops/test/falling_rocks/falling_rocks-54_jpeg.rf.6b48936c9a3ac8abb9e6356c720b0c89__365.0.jpg,16,falling_rocks,16,falling_rocks,0.8418691158294678,"[16, 47, 64]","[0.8418691158294678, 0.0214423555880785, 0.013508878648281097]",True
/content/MargDrishti/data/processed/crops/test/left_reverse_bend/left_reverse_bend-51_jpg.rf.6acd46350dc78b61dc37093a30fea57d__366.0.jpg,25,left_reverse_bend,25,left_reverse_bend,0.9562056660652161,"[25, 3, 43]","[0.9562056660652161, 0.004264938645064831, 0.0036517896223813295]",True
/content/MargDrishti/data/processed/crops/test/bullock_cart_and_hand_cart_prohibited/bullock_cart_and_hand_cart_prohibited-6_png.rf.6b190d792f9a44d80313da1f1692e38f__367.0.jpg,2,bullock_cart_and_hand_cart_prohibited,2,bullock_cart_and_hand_cart_prohibited,0.8593865633010864,"[2, 3, 35]","[0.8593865633010864, 0.023031849414110184, 0.02243359200656414]",True
/content/MargDrishti/data/processed/crops/test/compulsary_sound_horn/compulsary_sound_horn-4_jpg.rf.6b489c0891875e95792fcf5f2f1ffa68__368.0.jpg,10,compulsary_sound_horn,10,compulsary_sound_horn,0.8880496025085449,"[10, 7, 21]","[0.8880496025085449, 0.020194534212350845, 0.019761214032769203]",True
/content/MargDrishti/data/processed/crops/test/narrow_road_ahead/narrow_road_ahead-50_png.rf.6b68e9e4bd2dffc0cc91cac7ece41e09__369.0.jpg,31,narrow_road_ahead,31,narrow_road_ahead,0.8535544872283936,"[31, 39, 64]","[0.8535544872283936, 0.007985081523656845, 0.006847274489700794]",True
/content/MargDrishti/data/processed/crops/test/no_stopping_or_standing/no_stopping_or_standing-33_jpg.rf.6b88ee50371f911c60084da7e4a89b67__370.0.jpg,34,no_stopping_or_standing,34,no_stopping_or_standing,0.9484258890151978,"[34, 64, 33]","[0.9484258890151978, 0.0027881741989403963, 0.002572858240455389]",True
/content/MargDrishti/data/processed/crops/test/u_turn/u_turn-43_jpg.rf.6b9ffbaded30d9a080d535a0645233bd__371.0.jpg,66,u_turn,66,u_turn,0.9578341245651245,"[66, 67, 61]","[0.9578341245651245, 0.011037657968699932, 0.0018321056850254536]",True
/content/MargDrishti/data/processed/crops/test/no_stopping_or_standing/no_stopping_or_standing-54_jpg.rf.6b7151dc5d2ce36245a8fd90a4376ec9__372.0.jpg,34,no_stopping_or_standing,34,no_stopping_or_standing,0.9623520374298096,"[34, 32, 38]","[0.9623520374298096, 0.002222225069999695, 0.0016099256463348866]",True
/content/MargDrishti/data/processed/crops/test/pass_either_side/pass_either_side-4_jpeg.rf.6bf23d60371e418b885a6563284011ba__373.0.jpg,36,pass_either_side,36,pass_either_side,0.8660955429077148,"[36, 5, 8]","[0.8660955429077148, 0.018497638404369354, 0.00703196506947279]",True
/content/MargDrishti/data/processed/crops/test/compulsary_turn_left_ahead/compulsary_turn_left_ahead-37_png.rf.6bfc1d5a23756fc04ae9043b18937d7c__374.0.jpg,11,compulsary_turn_left_ahead,11,compulsary_turn_left_ahead,0.7341098785400391,"[11, 45, 40]","[0.7341098785400391, 0.012305064126849174, 0.01222535502165556]",True
/content/MargDrishti/data/processed/crops/test/axle_load_limit/axle_load_limit-53_jpg.rf.6bc568ed01c5e7bc7a107edc6f5279b8__375.0.jpg,1,axle_load_limit,1,axle_load_limit,0.8190871477127075,"[1, 19, 69]","[0.8190871477127075, 0.04446294903755188, 0.010680180042982101]",True
/content/MargDrishti/data/processed/crops/test/horn_prohibited/horn_prohibited-17_jpg.rf.6be296a5843d13f1861ad81f6d847a66__376.0.jpg,21,horn_prohibited,21,horn_prohibited,0.9486755132675171,"[21, 17, 26]","[0.9486755132675171, 0.005221553146839142, 0.004677091725170612]",True
/content/MargDrishti/data/processed/crops/test/right_reverse_bend/right_reverse_bend-2_png.rf.6caaf860902ca302afff8fbaff91dce5__377.0.jpg,43,right_reverse_bend,43,right_reverse_bend,0.8484407067298889,"[43, 25, 2]","[0.8484407067298889, 0.01605375111103058, 0.005431752186268568]",True
/content/MargDrishti/data/processed/crops/test/side_road_right/side_road_right-4_png.rf.6c3fa6ea218fcbd01018e0174dd133c6__378.0.jpg,48,side_road_right,48,side_road_right,0.4455331265926361,"[48, 63, 33]","[0.4455331265926361, 0.09449654817581177, 0.08729618042707443]",True
/content/MargDrishti/data/processed/crops/test/compulsary_keep_right/compulsary_keep_right-50_png.rf.6cce2b043ed99a371fbb02138f59bbb1__379.0.jpg,9,compulsary_keep_right,9,compulsary_keep_right,0.4793250858783722,"[9, 8, 33]","[0.4793250858783722, 0.16650822758674622, 0.03334272280335426]",True
/content/MargDrishti/data/processed/crops/test/side_road_left/side_road_left-61_jpg.rf.6c31b7c667d33b5f4c248836699db5cc__380.0.jpg,47,side_road_left,47,side_road_left,0.9726266264915466,"[47, 59, 23]","[0.9726266264915466, 0.0024514286778867245, 0.0024217714089900255]",True
/content/MargDrishti/data/processed/crops/test/restriction_ends/restriction_ends-14_jpg.rf.6cdb1ab0001519a9d226360096499eda__381.0.jpg,41,restriction_ends,41,restriction_ends,0.29100826382637024,"[41, 8, 4]","[0.29100826382637024, 0.12982816994190216, 0.0710415244102478]",True
/content/MargDrishti/data/processed/crops/test/guarded_level_crossing/guarded_level_crossing-13_jpeg.rf.6d1f586150e097131edcb3c84d37a8d4__382.0.jpg,19,guarded_level_crossing,19,guarded_level_crossing,0.9776842594146729,"[19, 68, 25]","[0.9776842594146729, 0.0036926367320120335, 0.0009560057078488171]",True
/content/MargDrishti/data/processed/crops/test/compulsary_turn_right_ahead/compulsary_turn_right_ahead-37_png.rf.6d36f1a655a603965f2afb1b5d2f3e9d__383.0.jpg,12,compulsary_turn_right_ahead,12,compulsary_turn_right_ahead,0.8996968865394592,"[12, 7, 44]","[0.8996968865394592, 0.013786624185740948, 0.008312658406794071]",True
/content/MargDrishti/data/processed/crops/test/compulsary_keep_right/compulsary_keep_right-21_png.rf.6ce2e780d6436475a73b2b69fd56ca44__384.0.jpg,9,compulsary_keep_right,9,compulsary_keep_right,0.9482554197311401,"[9, 33, 21]","[0.9482554197311401, 0.004803260788321495, 0.003715518629178405]",True
/content/MargDrishti/data/processed/crops/test/right_turn_prohibited/right_turn_prohibited-68_jpg.rf.6dae26aeae1c158cc55575a5811ac97b__386.0.jpg,44,right_turn_prohibited,44,right_turn_prohibited,0.8897131681442261,"[44, 26, 63]","[0.8897131681442261, 0.010192112997174263, 0.007611999753862619]",True
/content/MargDrishti/data/processed/crops/test/narrow_road_ahead/narrow_road_ahead-33_jpg.rf.6ded597a14f88cd59555732580eacc69__387.0.jpg,31,narrow_road_ahead,31,narrow_road_ahead,0.8311655521392822,"[31, 39, 64]","[0.8311655521392822, 0.0075627039186656475, 0.006736903451383114]",True
/content/MargDrishti/data/processed/crops/test/speed_limit_70/speed_limit_70-22_jpg.rf.6dfb9f9161712146ec08321ab9ef1941__389.0.jpg,57,speed_limit_70,57,speed_limit_70,0.9461790919303894,"[57, 52, 41]","[0.9461790919303894, 0.004403430037200451, 0.0033163728658109903]",True
/content/MargDrishti/data/processed/crops/test/speed_limit_60/speed_limit_60-43_png.rf.6f556fe7f3181d5b31e4901c72548829__391.0.jpg,56,speed_limit_60,56,speed_limit_60,0.9595618844032288,"[56, 57, 58]","[0.9595618844032288, 0.00339916767552495, 0.0032786072697490454]",True
/content/MargDrishti/data/processed/crops/test/height_limit/height_limit-21_jpg.rf.6eaa88a95f9e256c7ef8c095854ee606__392.0.jpg,20,height_limit,20,height_limit,0.48295074701309204,"[20, 47, 15]","[0.48295074701309204, 0.06346088647842407, 0.04840698465704918]",True
/content/MargDrishti/data/processed/crops/test/speed_limit_30/speed_limit_30-31_png.rf.6f75eba03acaf30feb87a7e5a5c85fee__393.0.jpg,53,speed_limit_30,53,speed_limit_30,0.9260814785957336,"[53, 55, 69]","[0.9260814785957336, 0.005713278893381357, 0.0048382882960140705]",True
/content/MargDrishti/data/processed/crops/test/school_ahead/school_ahead-31_jpg.rf.705d6293b34602cee0624eff22aa2659__394.0.jpg,46,school_ahead,46,school_ahead,0.8724610209465027,"[46, 29, 37]","[0.8724610209465027, 0.03428538516163826, 0.02403724566102028]",True
/content/MargDrishti/data/processed/crops/test/traffic_signal/traffic_signal-11_jpg.rf.700ab7059a9e25b535747188f1db808e__395.0.jpg,64,traffic_signal,64,traffic_signal,0.9094635248184204,"[64, 34, 58]","[0.9094635248184204, 0.010873829945921898, 0.004660242237150669]",True
/content/MargDrishti/data/processed/crops/test/compulsary_ahead_or_turn_left/compulsary_ahead_or_turn_left-9_jpg.rf.6fb2877b9c47581d3b8f98da115a90cb__396.0.jpg,6,compulsary_ahead_or_turn_left,6,compulsary_ahead_or_turn_left,0.8825113773345947,"[6, 36, 7]","[0.8825113773345947, 0.024611296132206917, 0.015046251006424427]",True
/content/MargDrishti/data/processed/crops/test/y_intersection/y_intersection-23_jpeg.rf.70c90ccbd2ca33180bd7d03e0fb4361a__397.0.jpg,70,y_intersection,70,y_intersection,0.9570742249488831,"[70, 47, 44]","[0.9570742249488831, 0.010558965615928173, 0.007693006191402674]",True
/content/MargDrishti/data/processed/crops/test/no_entry/no_entry-10_jpg.rf.7158a0a64b852ac18684404aeb3acdcc__398.0.jpg,32,no_entry,32,no_entry,0.9228879809379578,"[32, 17, 18]","[0.9228879809379578, 0.0046775504015386105, 0.003731585806235671]",True
/content/MargDrishti/data/processed/crops/test/steep_descent/steep_descent-34_jpg.rf.71c594fd8d844fefb0d242753c2e273c__399.0.jpg,61,steep_descent,61,steep_descent,0.9339261651039124,"[61, 65, 16]","[0.9339261651039124, 0.0068239253014326096, 0.0044821458868682384]",True
/content/MargDrishti/data/processed/crops/test/no_parking/no_parking-50_jpg.rf.73a18ab4352a6a3aa8a9cd2e0a10c602__400.0.jpg,33,no_parking,33,no_parking,0.6089763641357422,"[33, 65, 41]","[0.6089763641357422, 0.11469423770904541, 0.041016463190317154]",True
/content/MargDrishti/data/processed/crops/test/stop/stop-72_png.rf.720eed8eae6139758c79607d6110b202__401.0.jpg,62,stop,62,stop,0.9497461318969727,"[62, 64, 32]","[0.9497461318969727, 0.002307044342160225, 0.0021365201100707054]",True
/content/MargDrishti/data/processed/crops/test/falling_rocks/falling_rocks-32_jpeg.rf.739da10bfe726c9398be9eac6cac0d35__402.0.jpg,16,falling_rocks,16,falling_rocks,0.6654969453811646,"[16, 68, 67]","[0.6654969453811646, 0.035542603582143784, 0.020186549052596092]",True
/content/MargDrishti/data/processed/crops/test/hump_or_rough_road/hump_or_rough_road-67_jpg.rf.73c59b2374515b41f9f0c3aa2e0034f0__403.0.jpg,23,hump_or_rough_road,23,hump_or_rough_road,0.8695145845413208,"[23, 15, 17]","[0.8695145845413208, 0.011845618486404419, 0.010542741976678371]",True
/content/MargDrishti/data/processed/crops/test/u_turn/u_turn-27_jpg.rf.73e1b2274a7c8b69521e74083066eabd__404.0.jpg,66,u_turn,66,u_turn,0.910888671875,"[66, 67, 42]","[0.910888671875, 0.024799570441246033, 0.0032333896961063147]",True
/content/MargDrishti/data/processed/crops/test/width_limit/width_limit-2_png.rf.73ec4ae70c9f9629bc1414083ac4830c__405.0.jpg,69,width_limit,69,width_limit,0.8770235776901245,"[69, 27, 51]","[0.8770235776901245, 0.08062171190977097, 0.00562115665525198]",True
/content/MargDrishti/data/processed/crops/test/gap_in_median/gap_in_median-32_jpg.rf.7431ba0c538da1b8b6d3ad25bc691ad2__406.0.jpg,17,gap_in_median,17,gap_in_median,0.9700959920883179,"[17, 22, 19]","[0.9700959920883179, 0.0021289053838700056, 0.0016404680209234357]",True
/content/MargDrishti/data/processed/crops/test/staggered_intersection/staggered_intersection-14_jpeg.rf.74ee3794b556379a76aacaf0abc42905__407.0.jpg,59,staggered_intersection,59,staggered_intersection,0.8409097790718079,"[59, 47, 7]","[0.8409097790718079, 0.04051213711500168, 0.010423506610095501]",True
/content/MargDrishti/data/processed/crops/test/u_turn/u_turn-31_jpg.rf.757d92664105bbb15db804a62d990727__408.0.jpg,66,u_turn,66,u_turn,0.9325804710388184,"[66, 67, 54]","[0.9325804710388184, 0.04969281703233719, 0.0017241232562810183]",True
/content/MargDrishti/data/processed/crops/test/falling_rocks/falling_rocks-60_jpg.rf.764d4a637b9d8ad7302878ab7c82db5f__409.0.jpg,16,falling_rocks,16,falling_rocks,0.7298386096954346,"[16, 22, 19]","[0.7298386096954346, 0.028447898104786873, 0.021131111308932304]",True
/content/MargDrishti/data/processed/crops/test/speed_limit_80/speed_limit_80-57_jpg.rf.765485877fa9116f0a90f9503658b4a6__410.0.jpg,58,speed_limit_80,58,speed_limit_80,0.9484350085258484,"[58, 56, 36]","[0.9484350085258484, 0.0032303514890372753, 0.002842481480911374]",True
/content/MargDrishti/data/processed/crops/test/speed_limit_120/speed_limit_120-30_png.rf.75e1573786fcd71f370b25a14c4c181c__411.0.jpg,51,speed_limit_120,51,speed_limit_120,0.7818949222564697,"[51, 50, 52]","[0.7818949222564697, 0.018353672698140144, 0.014524933882057667]",True
/content/MargDrishti/data/processed/crops/test/side_road_left/side_road_left-60_jpg.rf.75f7497308bb8e81ae563ec0a4fdab6f__412.0.jpg,47,side_road_left,47,side_road_left,0.8754034638404846,"[47, 26, 8]","[0.8754034638404846, 0.013010724447667599, 0.008077594451606274]",True
/content/MargDrishti/data/processed/crops/test/u_turn_prohibited/u_turn_prohibited-29_jpg.rf.7693fdf2f2235b72e86b015919be3350__413.0.jpg,67,u_turn_prohibited,67,u_turn_prohibited,0.9908424615859985,"[67, 26, 38]","[0.9908424615859985, 0.0023925325367599726, 0.0005136594991199672]",True
/content/MargDrishti/data/processed/crops/test/pedestrian_prohibited/pedestrian_prohibited-23_jpeg.rf.766d341e508fb04a61cb726ab6ae4a61__414.0.jpg,38,pedestrian_prohibited,38,pedestrian_prohibited,0.8366681337356567,"[38, 2, 0]","[0.8366681337356567, 0.018328435719013214, 0.01546899788081646]",True
/content/MargDrishti/data/processed/crops/test/hump_or_rough_road/hump_or_rough_road-57_jpg.rf.766117654d4a9a591b54764581fbf6ae__415.0.jpg,23,hump_or_rough_road,23,hump_or_rough_road,0.8703715801239014,"[23, 68, 40]","[0.8703715801239014, 0.0064489454962313175, 0.005132910329848528]",True
/content/MargDrishti/data/processed/crops/test/petrol_pump_ahead/petrol_pump_ahead-23_jpeg.rf.772768d975d6e8e4cbbbe0f909c71384__416.0.jpg,39,petrol_pump_ahead,39,petrol_pump_ahead,0.9533455967903137,"[39, 65, 22]","[0.9533455967903137, 0.0056161736138165, 0.005128934979438782]",True
/content/MargDrishti/data/processed/crops/test/restriction_ends/restriction_ends-39_jpg.rf.77f5d4ff9980e5f7ad37d7deac372ed9__418.0.jpg,41,restriction_ends,41,restriction_ends,0.9265570044517517,"[41, 65, 35]","[0.9265570044517517, 0.008272015489637852, 0.004402582999318838]",True
/content/MargDrishti/data/processed/crops/test/overtaking_prohibited/overtaking_prohibited-27_jpg.rf.788395397f6436e6aa70ee588564abf7__419.0.jpg,35,overtaking_prohibited,35,overtaking_prohibited,0.9451826810836792,"[35, 28, 0]","[0.9451826810836792, 0.011357064358890057, 0.0070093730464577675]",True
/content/MargDrishti/data/processed/crops/test/no_stopping_or_standing/no_stopping_or_standing-1_jpeg.rf.78cc303d93cf4538eeae2765de4ee75b__420.0.jpg,34,no_stopping_or_standing,34,no_stopping_or_standing,0.9683657884597778,"[34, 33, 36]","[0.9683657884597778, 0.006604962516576052, 0.0030242849607020617]",True
/content/MargDrishti/data/processed/crops/test/restriction_ends/restriction_ends-5_jpeg.rf.777b0354ed292196326fc718dc396e55__421.0.jpg,41,restriction_ends,41,restriction_ends,0.7887599468231201,"[41, 26, 45]","[0.7887599468231201, 0.018847312778234482, 0.01401443686336279]",True
/content/MargDrishti/data/processed/crops/test/speed_limit_50/speed_limit_50-24_png.rf.78fe12ee70bcce04051e84b56d377512__422.0.jpg,55,speed_limit_50,55,speed_limit_50,0.9059709906578064,"[55, 56, 57]","[0.9059709906578064, 0.01576017215847969, 0.003821782534942031]",True
/content/MargDrishti/data/processed/crops/test/speed_limit_20/speed_limit_20-21_png.rf.799bcd561b57690e3c78fc068397c218__423.0.jpg,52,speed_limit_20,52,speed_limit_20,0.9469932317733765,"[52, 66, 53]","[0.9469932317733765, 0.004127939697355032, 0.003941620700061321]",True
/content/MargDrishti/data/processed/crops/test/left_turn_prohibited/left_turn_prohibited-18_jpg.rf.7a0260a3d12613aa905b5ecf6e141b31__424.0.jpg,26,left_turn_prohibited,26,left_turn_prohibited,0.9864528775215149,"[26, 67, 25]","[0.9864528775215149, 0.0018965821946039796, 0.0010473207803443074]",True
/content/MargDrishti/data/processed/crops/test/narrow_road_ahead/narrow_road_ahead-19_jpg.rf.78f81396edccfff809c54aa56856473e__425.0.jpg,31,narrow_road_ahead,31,narrow_road_ahead,0.7893623113632202,"[31, 39, 30]","[0.7893623113632202, 0.015240446664392948, 0.01000436395406723]",True
/content/MargDrishti/data/processed/crops/test/speed_limit_120/speed_limit_120-33_png.rf.7a1595a719b3b432e5452a02ed2eb2af__426.0.jpg,51,speed_limit_120,51,speed_limit_120,0.9403674602508545,"[51, 52, 57]","[0.9403674602508545, 0.004773550666868687, 0.004433552734553814]",True
/content/MargDrishti/data/processed/crops/test/guarded_level_crossing/guarded_level_crossing-56_jpg.rf.7a0a154ba3ecdb005fdeb176908ed828__427.0.jpg,19,guarded_level_crossing,19,guarded_level_crossing,0.9815629720687866,"[19, 68, 58]","[0.9815629720687866, 0.004505588673055172, 0.0008660242892801762]",True
/content/MargDrishti/data/processed/crops/test/truck_prohibited/truck_prohibited-21_jpeg.rf.7a66e8fcbf9fb59960b5be1e567066f8__428.0.jpg,65,truck_prohibited,65,truck_prohibited,0.6755062341690063,"[65, 35, 48]","[0.6755062341690063, 0.08069295436143875, 0.019093800336122513]",True
/content/MargDrishti/data/processed/crops/test/pedestrian_prohibited/pedestrian_prohibited-31_jpg.rf.7af04ac46958d0653033add862bfc97e__429.0.jpg,38,pedestrian_prohibited,38,pedestrian_prohibited,0.9256913661956787,"[38, 33, 30]","[0.9256913661956787, 0.0069809104315936565, 0.002906102454289794]",True
/content/MargDrishti/data/processed/crops/test/compulsary_sound_horn/compulsary_sound_horn-7_jpg.rf.7a9855e7338e859d897c6ea9bc37a96e__430.0.jpg,10,compulsary_sound_horn,21,horn_prohibited,0.6628398299217224,"[21, 10, 1]","[0.6628398299217224, 0.12341824173927307, 0.02331959269940853]",False
/content/MargDrishti/data/processed/crops/test/no_stopping_or_standing/no_stopping_or_standing-36_jpg.rf.7b31597bb2e66ed71f201f124923e46e__431.0.jpg,34,no_stopping_or_standing,34,no_stopping_or_standing,0.8486390709877014,"[34, 36, 38]","[0.8486390709877014, 0.022416967898607254, 0.009504152461886406]",True
/content/MargDrishti/data/processed/crops/test/speed_limit_30/speed_limit_30-35_png.rf.7b35bbdb42a5603461387ff274ce4e4e__432.0.jpg,53,speed_limit_30,53,speed_limit_30,0.9375871419906616,"[53, 14, 45]","[0.9375871419906616, 0.005159249994903803, 0.0030751663725823164]",True
/content/MargDrishti/data/processed/crops/test/speed_limit_100/speed_limit_100-28_png.rf.7b5379eaaf673edcab0628ff8404448d__433.0.jpg,50,speed_limit_100,50,speed_limit_100,0.9670822620391846,"[50, 19, 17]","[0.9670822620391846, 0.002185629680752754, 0.001504701329395175]",True
/content/MargDrishti/data/processed/crops/test/school_ahead/school_ahead-35_jpg.rf.7b51c3ae86ed75677247fad5b4d854e9__434.0.jpg,46,school_ahead,46,school_ahead,0.7211463451385498,"[46, 29, 37]","[0.7211463451385498, 0.08522698283195496, 0.008067595772445202]",True
/content/MargDrishti/data/processed/crops/test/speed_limit_80/speed_limit_80-41_png.rf.7bc78a34de7edad68b133106f4641035__435.0.jpg,58,speed_limit_80,58,speed_limit_80,0.9451007843017578,"[58, 64, 39]","[0.9451007843017578, 0.002739791991189122, 0.0026649823412299156]",True
/content/MargDrishti/data/processed/crops/test/side_road_right/side_road_right-35_jpg.rf.7bd8c9811b02354718cb931511a131e5__436.0.jpg,48,side_road_right,48,side_road_right,0.6407793164253235,"[48, 63, 59]","[0.6407793164253235, 0.0756973922252655, 0.055922605097293854]",True
/content/MargDrishti/data/processed/crops/test/cross_road/cross_road-57_jpg.rf.7bdc1db4b15f4c2199f61865eb48148e__437.0.jpg,13,cross_road,13,cross_road,0.8782486915588379,"[13, 47, 43]","[0.8782486915588379, 0.0534532256424427, 0.006268409080803394]",True
/content/MargDrishti/data/processed/crops/test/width_limit/width_limit-25_jpeg.rf.7bfbe649ae7822d4e38a800cf4dc0421__438.0.jpg,69,width_limit,69,width_limit,0.8322767615318298,"[69, 20, 27]","[0.8322767615318298, 0.06959358602762222, 0.03518074005842209]",True
/content/MargDrishti/data/processed/crops/test/side_road_left/side_road_left-55_jpg.rf.7c6e305ca09c6ba1c76b6df8387459ad__439.0.jpg,47,side_road_left,47,side_road_left,0.9373297095298767,"[47, 59, 13]","[0.9373297095298767, 0.019602837041020393, 0.012557010166347027]",True
/content/MargDrishti/data/processed/crops/test/chevron_direction/chevron_direction-35_jpg.rf.7c08054e901430600e23972b224099ac__440.0.jpg,4,chevron_direction,4,chevron_direction,0.843416690826416,"[4, 18, 61]","[0.843416690826416, 0.019602326676249504, 0.010473456233739853]",True
/content/MargDrishti/data/processed/crops/test/speed_limit_80/speed_limit_80-44_jpg.rf.7c9481f4be10be43f58619942a142acf__441.0.jpg,58,speed_limit_80,58,speed_limit_80,0.943941056728363,"[58, 56, 19]","[0.943941056728363, 0.003956221509724855, 0.0032109529711306095]",True
/content/MargDrishti/data/processed/crops/test/u_turn_prohibited/u_turn_prohibited-13_jpg.rf.7cbee1218aa83826ae8737ebbea01c78__442.0.jpg,67,u_turn_prohibited,67,u_turn_prohibited,0.9366965293884277,"[67, 26, 33]","[0.9366965293884277, 0.019771482795476913, 0.0053600226528942585]",True
/content/MargDrishti/data/processed/crops/test/school_ahead/school_ahead-37_jpg.rf.7ca59637a4a3a361248d923ad8ebaf44__443.0.jpg,46,school_ahead,46,school_ahead,0.9240680932998657,"[46, 29, 51]","[0.9240680932998657, 0.012933972291648388, 0.004507184959948063]",True
/content/MargDrishti/data/processed/crops/test/no_parking/no_parking-1_jpg.rf.7d2272175e9bd1d39f768695e6e71c42__444.0.jpg,33,no_parking,33,no_parking,0.9073772430419922,"[33, 67, 21]","[0.9073772430419922, 0.009574057534337044, 0.0057580722495913506]",True
/content/MargDrishti/data/processed/crops/test/width_limit/width_limit-47_jpg.rf.7e31d97b9ff5a548fcbf0e7d57ff1aa8__445.0.jpg,69,width_limit,69,width_limit,0.7986796498298645,"[69, 27, 20]","[0.7986796498298645, 0.07313016057014465, 0.050574664026498795]",True
/content/MargDrishti/data/processed/crops/test/give_way/give_way-66_jpg.rf.7e88037cd87e3fbcbfb6ee1681a5f8c4__447.0.jpg,18,give_way,18,give_way,0.9544227719306946,"[18, 69, 20]","[0.9544227719306946, 0.005029651336371899, 0.0030718734487891197]",True
/content/MargDrishti/data/processed/crops/test/pedestrian_crossing/pedestrian_crossing-25_jpg.rf.7e60b0126ecaacfafbb3522ecc3794ab__448.0.jpg,37,pedestrian_crossing,37,pedestrian_crossing,0.8826281428337097,"[37, 46, 47]","[0.8826281428337097, 0.010194421745836735, 0.008020700886845589]",True
/content/MargDrishti/data/processed/crops/test/left_hand_curve/left_hand_curve-50_png.rf.7ee6ffc56310ccaf1bac1887d6dfdfc3__449.0.jpg,24,left_hand_curve,24,left_hand_curve,0.7961957454681396,"[24, 42, 12]","[0.7961957454681396, 0.019791852682828903, 0.012214314192533493]",True
/content/MargDrishti/data/processed/crops/test/petrol_pump_ahead/petrol_pump_ahead-43_jpg.rf.7f26bc4b58fd8a5de6ffe5dd6ca5495c__450.0.jpg,39,petrol_pump_ahead,39,petrol_pump_ahead,0.7059690356254578,"[39, 22, 33]","[0.7059690356254578, 0.01849137432873249, 0.016340086236596107]",True
/content/MargDrishti/data/processed/crops/test/pedestrian_prohibited/pedestrian_prohibited-25_jpeg.rf.7f41a326e7e4a17b749aadcd73ecf261__451.0.jpg,38,pedestrian_prohibited,38,pedestrian_prohibited,0.8857454061508179,"[38, 37, 46]","[0.8857454061508179, 0.011114154942333698, 0.008546588942408562]",True
/content/MargDrishti/data/processed/crops/test/speed_limit_30/speed_limit_30-14_jpg.rf.7ecd2e93b805630d709b124c678c8995__452.0.jpg,53,speed_limit_30,53,speed_limit_30,0.8677534461021423,"[53, 55, 52]","[0.8677534461021423, 0.045251064002513885, 0.009993678890168667]",True
/content/MargDrishti/data/processed/crops/test/quay_side_or_river_bank/quay_side_or_river_bank-20_jpg.rf.7f64c83d40876596bb51d3737f09a7e1__453.0.jpg,40,quay_side_or_river_bank,40,quay_side_or_river_bank,0.9171528220176697,"[40, 16, 65]","[0.9171528220176697, 0.004943251144140959, 0.004036717116832733]",True
/content/MargDrishti/data/processed/crops/test/falling_rocks/falling_rocks-5_jpg.rf.7fb95832e692239ff88fac175c4be967__454.0.jpg,16,falling_rocks,16,falling_rocks,0.9666910171508789,"[16, 68, 23]","[0.9666910171508789, 0.0025984386447817087, 0.002017328515648842]",True
/content/MargDrishti/data/processed/crops/test/right_reverse_bend/right_reverse_bend-48_jpg.rf.7fef1f57ebd7f2fd2bc40a37179040ae__455.0.jpg,43,right_reverse_bend,43,right_reverse_bend,0.9055839776992798,"[43, 25, 70]","[0.9055839776992798, 0.02311846613883972, 0.006183631718158722]",True
/content/MargDrishti/data/processed/crops/test/cycle_crossing/cycle_crossing-49_png.rf.7f8d64af08eddd949f8639447c0c32d3__456.0.jpg,14,cycle_crossing,14,cycle_crossing,0.8799203634262085,"[14, 23, 64]","[0.8799203634262085, 0.006848334334790707, 0.004281238187104464]",True
/content/MargDrishti/data/processed/crops/test/axle_load_limit/axle_load_limit-10_png.rf.802e79b19d308af5bb7b435883c8277d__457.0.jpg,1,axle_load_limit,1,axle_load_limit,0.8853985071182251,"[1, 22, 54]","[0.8853985071182251, 0.02543671242892742, 0.013340156525373459]",True
/content/MargDrishti/data/processed/crops/test/hump_or_rough_road/hump_or_rough_road-19_jpg.rf.806c049ef857a1ca2848f093065e98c2__458.0.jpg,23,hump_or_rough_road,23,hump_or_rough_road,0.8851103782653809,"[23, 63, 68]","[0.8851103782653809, 0.004608475137501955, 0.004545203875750303]",True
/content/MargDrishti/data/processed/crops/test/slippery_road/slippery_road-38_jpg.rf.808579ac1f33dc4779ef4987e315eefa__459.0.jpg,49,slippery_road,49,slippery_road,0.8725904226303101,"[49, 55, 2]","[0.8725904226303101, 0.008130595088005066, 0.005766557063907385]",True
/content/MargDrishti/data/processed/crops/test/side_road_right/side_road_right-45_jpg.rf.80ae0e3d31a0060cb054bcf970c88bf2__460.0.jpg,48,side_road_right,48,side_road_right,0.8111042380332947,"[48, 63, 59]","[0.8111042380332947, 0.02836454287171364, 0.02751217409968376]",True
/content/MargDrishti/data/processed/crops/test/speed_limit_120/speed_limit_120-53_png.rf.815c5639f7ba3ed3da631d83d21df2e6__461.0.jpg,51,speed_limit_120,51,speed_limit_120,0.8847182989120483,"[51, 50, 54]","[0.8847182989120483, 0.012030893936753273, 0.00429560337215662]",True
/content/MargDrishti/data/processed/crops/test/speed_limit_80/speed_limit_80-35_jpg.rf.81731aff2e2b74a4ce5b48f230efaf46__462.0.jpg,58,speed_limit_80,58,speed_limit_80,0.9402983784675598,"[58, 19, 56]","[0.9402983784675598, 0.006489320658147335, 0.003912971820682287]",True
/content/MargDrishti/data/processed/crops/test/quay_side_or_river_bank/quay_side_or_river_bank-28_jpg.rf.80c802ac9c9e353a91f739e88a6d6227__463.0.jpg,40,quay_side_or_river_bank,40,quay_side_or_river_bank,0.9006670713424683,"[40, 3, 59]","[0.9006670713424683, 0.004519535694271326, 0.003800357924774289]",True
/content/MargDrishti/data/processed/crops/test/narrow_bridge_ahead/narrow_bridge_ahead-32_jpg.rf.817d11d50a024f34ecb204645d4ad1a8__464.0.jpg,30,narrow_bridge_ahead,30,narrow_bridge_ahead,0.9521276950836182,"[30, 36, 25]","[0.9521276950836182, 0.003431242424994707, 0.0024493341334164143]",True
/content/MargDrishti/data/processed/crops/test/compulsary_ahead/compulsary_ahead-11_png.rf.81b45689ea1e8ddf42edf5b8065366ea__465.0.jpg,5,compulsary_ahead,5,compulsary_ahead,0.9132772088050842,"[5, 7, 63]","[0.9132772088050842, 0.009872601367533207, 0.004953053314238787]",True
/content/MargDrishti/data/processed/crops/test/restriction_ends/restriction_ends-64_png.rf.81faf9621ba1afb29a13185c537d31d2__466.0.jpg,41,restriction_ends,41,restriction_ends,0.7547948360443115,"[41, 15, 69]","[0.7547948360443115, 0.02513032965362072, 0.01812034659087658]",True
/content/MargDrishti/data/processed/crops/test/men_at_work/men_at_work-52_png.rf.82896e62fa163d180551a6d287c8bf54__467.0.jpg,29,men_at_work,29,men_at_work,0.9170342087745667,"[29, 40, 61]","[0.9170342087745667, 0.005013409070670605, 0.0038488327991217375]",True
/content/MargDrishti/data/processed/crops/test/cross_road/cross_road-11_jpg.rf.8258baa7604093ec244c3d9907832139__468.0.jpg,13,cross_road,13,cross_road,0.7873164415359497,"[13, 54, 22]","[0.7873164415359497, 0.019427988678216934, 0.013902024365961552]",True
/content/MargDrishti/data/processed/crops/test/guarded_level_crossing/guarded_level_crossing-29_png.rf.82f6d5fe269b65b594d082f10b924c97__469.0.jpg,19,guarded_level_crossing,19,guarded_level_crossing,0.9773933291435242,"[19, 68, 25]","[0.9773933291435242, 0.0013622480910271406, 0.0010005757212638855]",True
/content/MargDrishti/data/processed/crops/test/stop/stop-15_jpg.rf.8309bb8ab14c5bb4f3dfa974015f3137__470.0.jpg,62,stop,62,stop,0.9517571926116943,"[62, 33, 6]","[0.9517571926116943, 0.0046857986599206924, 0.0028767145704478025]",True
/content/MargDrishti/data/processed/crops/test/speed_limit_120/speed_limit_120-36_png.rf.83374d94e3481dad0355cd283d3ee60d__471.0.jpg,51,speed_limit_120,51,speed_limit_120,0.9078304767608643,"[51, 57, 50]","[0.9078304767608643, 0.0074250660836696625, 0.006893528625369072]",True
/content/MargDrishti/data/processed/crops/test/traffic_signal/traffic_signal-62_png.rf.834b1ba033de3aeccd11e54bbe8007ae__472.0.jpg,64,traffic_signal,64,traffic_signal,0.9659715294837952,"[64, 58, 47]","[0.9659715294837952, 0.0024497087579220533, 0.002358443569391966]",True
/content/MargDrishti/data/processed/crops/test/cycle_crossing/cycle_crossing-23_jpg.rf.83d8a33d47f787a57b8760814abac50a__473.0.jpg,14,cycle_crossing,14,cycle_crossing,0.955795407295227,"[14, 19, 20]","[0.955795407295227, 0.0034872896503657103, 0.002815979067236185]",True
/content/MargDrishti/data/processed/crops/test/height_limit/height_limit-19_jpg.rf.83b90aa989d13c58f442a4e0a225926e__475.0.jpg,20,height_limit,20,height_limit,0.6045469045639038,"[20, 36, 47]","[0.6045469045639038, 0.038236476480960846, 0.0343097522854805]",True
/content/MargDrishti/data/processed/crops/test/loose_gravel/loose_gravel-16_jpeg.rf.83c2699dfe0027b54a5457402de1618c__476.0.jpg,28,loose_gravel,28,loose_gravel,0.9664660096168518,"[28, 10, 60]","[0.9664660096168518, 0.002398150973021984, 0.0016564871184527874]",True
/content/MargDrishti/data/processed/crops/test/no_stopping_or_standing/no_stopping_or_standing-49_jpg.rf.83db5db63e0941b5b7b28217797517d2__477.0.jpg,34,no_stopping_or_standing,34,no_stopping_or_standing,0.9830058217048645,"[34, 32, 55]","[0.9830058217048645, 0.0014878686051815748, 0.0006650724681094289]",True
/content/MargDrishti/data/processed/crops/test/compulsary_keep_right/compulsary_keep_right-23_png.rf.84238a430c774fe4be7092ba1fd572ae__478.0.jpg,9,compulsary_keep_right,9,compulsary_keep_right,0.9099447727203369,"[9, 8, 21]","[0.9099447727203369, 0.005164855159819126, 0.004904731176793575]",True
/content/MargDrishti/data/processed/crops/test/left_hand_curve/left_hand_curve-45_png.rf.846220b86204fcb98fb0f877f1f0350e__479.0.jpg,24,left_hand_curve,24,left_hand_curve,0.7436842918395996,"[24, 12, 40]","[0.7436842918395996, 0.020253656432032585, 0.014920052140951157]",True
/content/MargDrishti/data/processed/crops/test/pass_either_side/pass_either_side-11_png.rf.83e92a9d03a0fd31b0b6ccc23b0889bb__480.0.jpg,36,pass_either_side,36,pass_either_side,0.9407886862754822,"[36, 8, 70]","[0.9407886862754822, 0.005790696479380131, 0.003797183744609356]",True
/content/MargDrishti/data/processed/crops/test/truck_prohibited/truck_prohibited-16_jpeg.rf.849ea16a27bbdb9797da2a96ac614a63__481.0.jpg,65,truck_prohibited,27,length_limit,0.4216787815093994,"[27, 65, 35]","[0.4216787815093994, 0.28407469391822815, 0.03255225345492363]",False
/content/MargDrishti/data/processed/crops/test/u_turn/u_turn-37_jpg.rf.84af58acc27cfc7c35e1d4fa3e511a08__482.0.jpg,66,u_turn,66,u_turn,0.899200975894928,"[66, 67, 42]","[0.899200975894928, 0.022858740761876106, 0.01267638336867094]",True
/content/MargDrishti/data/processed/crops/test/all_motor_vehicle_prohibited/all_motor_vehicle_prohibited-48_jpg.rf.84eb5669734d88bd4a842dfbb6c59f16__483.0.jpg,0,all_motor_vehicle_prohibited,0,all_motor_vehicle_prohibited,0.8494392037391663,"[0, 68, 19]","[0.8494392037391663, 0.013059192337095737, 0.011834044940769672]",True
/content/MargDrishti/data/processed/crops/test/compulsary_ahead/compulsary_ahead-5_png.rf.849c1cf58662047123f10564030b1c33__484.0.jpg,5,compulsary_ahead,5,compulsary_ahead,0.9583867788314819,"[5, 36, 7]","[0.9583867788314819, 0.0060060820542275906, 0.005593456793576479]",True
/content/MargDrishti/data/processed/crops/test/speed_limit_50/speed_limit_50-32_png.rf.85737563a9dc4a044c2c0148dc6543ef__485.0.jpg,55,speed_limit_50,55,speed_limit_50,0.9405542016029358,"[55, 25, 56]","[0.9405542016029358, 0.003613913431763649, 0.003354464890435338]",True
/content/MargDrishti/data/processed/crops/test/compulsary_sound_horn/compulsary_sound_horn-41_jpg.rf.86c8028579f770dafe10da77a8fed04d__486.0.jpg,10,compulsary_sound_horn,10,compulsary_sound_horn,0.9240627288818359,"[10, 8, 21]","[0.9240627288818359, 0.009837323799729347, 0.0067590330727398396]",True
/content/MargDrishti/data/processed/crops/test/pass_either_side/pass_either_side-20_jpg.rf.8667bd5792fa65c283d62018c4d40ada__487.0.jpg,36,pass_either_side,36,pass_either_side,0.9393302202224731,"[36, 66, 5]","[0.9393302202224731, 0.005452909506857395, 0.003918932750821114]",True
/content/MargDrishti/data/processed/crops/test/u_turn/u_turn-38_jpg.rf.8540df8db2d052fb1eee5362d8fe21ce__488.0.jpg,66,u_turn,66,u_turn,0.8749298453330994,"[66, 67, 42]","[0.8749298453330994, 0.03530583158135414, 0.015255190432071686]",True
/content/MargDrishti/data/processed/crops/test/truck_prohibited/truck_prohibited-14_jpeg.rf.86e1c3fe833d617596af0d48844f41e6__489.0.jpg,65,truck_prohibited,65,truck_prohibited,0.9516243934631348,"[65, 35, 2]","[0.9516243934631348, 0.0063935997895896435, 0.004245583899319172]",True
/content/MargDrishti/data/processed/crops/test/restriction_ends/restriction_ends-35_png.rf.86f56747fe75011ad2ab2af29f879fcd__490.0.jpg,41,restriction_ends,41,restriction_ends,0.9723790287971497,"[41, 15, 32]","[0.9723790287971497, 0.002150344429537654, 0.0018694172613322735]",True
/content/MargDrishti/data/processed/crops/test/hump_or_rough_road/hump_or_rough_road-64_jpg.rf.87306268c961f4879f3607bd20c8c054__491.0.jpg,23,hump_or_rough_road,23,hump_or_rough_road,0.8876382112503052,"[23, 64, 15]","[0.8876382112503052, 0.004805347882211208, 0.003864410100504756]",True
/content/MargDrishti/data/processed/crops/test/school_ahead/school_ahead-25_jpg.rf.87704afd4bb70d88c2b9ff13ab218e8c__492.0.jpg,46,school_ahead,46,school_ahead,0.5314752459526062,"[46, 37, 29]","[0.5314752459526062, 0.3294801115989685, 0.011285727843642235]",True
/content/MargDrishti/data/processed/crops/test/hospital_ahead/hospital_ahead-59_jpg.rf.8813b5aec06a71a6e1b43a18310bd853__493.0.jpg,22,hospital_ahead,22,hospital_ahead,0.975001871585846,"[22, 39, 7]","[0.975001871585846, 0.006593845784664154, 0.0029784489888697863]",True
/content/MargDrishti/data/processed/crops/test/pedestrian_crossing/pedestrian_crossing-45_jpg.rf.86fd0b16aa464075e31fbcf0f7ce5a4f__494.0.jpg,37,pedestrian_crossing,37,pedestrian_crossing,0.9571852684020996,"[37, 68, 17]","[0.9571852684020996, 0.007435658015310764, 0.007022043224424124]",True
/content/MargDrishti/data/processed/crops/test/right_reverse_bend/right_reverse_bend-50_jpg.rf.8735274ca42ca41fc604176d1c7b99a2__495.0.jpg,43,right_reverse_bend,43,right_reverse_bend,0.8666616678237915,"[43, 25, 70]","[0.8666616678237915, 0.02398168109357357, 0.010156210511922836]",True
/content/MargDrishti/data/processed/crops/test/speed_limit_60/speed_limit_60-53_jpg.rf.8843c7b52e446bef5c80206e2a965940__496.0.jpg,56,speed_limit_60,56,speed_limit_60,0.9591394662857056,"[56, 58, 54]","[0.9591394662857056, 0.00443395646288991, 0.004358338192105293]",True
/content/MargDrishti/data/processed/crops/test/school_ahead/school_ahead-60_png.rf.88960f73e4bde79f0e1a63a7121f45c5__497.0.jpg,46,school_ahead,46,school_ahead,0.764847993850708,"[46, 37, 29]","[0.764847993850708, 0.04189042001962662, 0.01645912043750286]",True
/content/MargDrishti/data/processed/crops/test/pass_either_side/pass_either_side-47_jpg.rf.8897d92353d70944b76eaa72d80cd8b3__498.0.jpg,36,pass_either_side,36,pass_either_side,0.9078725576400757,"[36, 8, 5]","[0.9078725576400757, 0.008403521962463856, 0.005180588457733393]",True
/content/MargDrishti/data/processed/crops/test/right_turn_prohibited/right_turn_prohibited-37_jpg.rf.88ac992ef55ff1656cc624c8ee1e5044__499.0.jpg,44,right_turn_prohibited,44,right_turn_prohibited,0.6748708486557007,"[44, 26, 61]","[0.6748708486557007, 0.031431395560503006, 0.022874658927321434]",True
/content/MargDrishti/data/processed/crops/test/narrow_bridge_ahead/narrow_bridge_ahead-19_jpg.rf.88d137cf9b3c2de214d681b570860aea__500.0.jpg,30,narrow_bridge_ahead,30,narrow_bridge_ahead,0.9642725586891174,"[30, 25, 37]","[0.9642725586891174, 0.0027139713056385517, 0.0026503135450184345]",True
/content/MargDrishti/data/processed/crops/test/compulsary_sound_horn/compulsary_sound_horn-26_jpg.rf.88c73a17f6d98f4ffc5e0533d4362917__501.0.jpg,10,compulsary_sound_horn,10,compulsary_sound_horn,0.9283486008644104,"[10, 21, 39]","[0.9283486008644104, 0.006772348191589117, 0.004862088244408369]",True
/content/MargDrishti/data/processed/crops/test/traffic_signal/traffic_signal-23_jpg.rf.897f1cc09611c8c0956f58e1d18e38ad__502.0.jpg,64,traffic_signal,64,traffic_signal,0.8758251667022705,"[64, 58, 59]","[0.8758251667022705, 0.009070358239114285, 0.008079401217401028]",True
/content/MargDrishti/data/processed/crops/test/t_intersection/t_intersection-20_png.rf.899086ebc4ac2cde138ff6eae88d20ec__503.0.jpg,63,t_intersection,63,t_intersection,0.9520925879478455,"[63, 70, 15]","[0.9520925879478455, 0.00437075924128294, 0.0036291179712861776]",True
/content/MargDrishti/data/processed/crops/test/pedestrian_crossing/pedestrian_crossing-37_png.rf.895f45d27eae204226a4304237aa3072__504.0.jpg,37,pedestrian_crossing,37,pedestrian_crossing,0.8864233493804932,"[37, 63, 47]","[0.8864233493804932, 0.006675185170024633, 0.005163614638149738]",True
/content/MargDrishti/data/processed/crops/test/dangerous_dip/dangerous_dip-16_jpg.rf.89e2a51faa3484bd02529567d4920b43__505.0.jpg,15,dangerous_dip,15,dangerous_dip,0.9896827936172485,"[15, 45, 68]","[0.9896827936172485, 0.0008947832975536585, 0.0005744394729845226]",True
/content/MargDrishti/data/processed/crops/test/right_hand_curve/right_hand_curve-50_png.rf.89914d78f87d3ed5e0acb357720e53fe__506.0.jpg,42,right_hand_curve,42,right_hand_curve,0.8037400245666504,"[42, 24, 12]","[0.8037400245666504, 0.028205975890159607, 0.01599849946796894]",True
/content/MargDrishti/data/processed/crops/test/pass_either_side/pass_either_side-54_jpg.rf.89fbd5aa013dd8eeea57529024ce55a6__507.0.jpg,36,pass_either_side,36,pass_either_side,0.9617161750793457,"[36, 8, 60]","[0.9617161750793457, 0.004860851913690567, 0.001978703076019883]",True
/content/MargDrishti/data/processed/crops/test/speed_limit_120/speed_limit_120-60_png.rf.89fad1c7527fb0e0155749900be0852a__508.0.jpg,51,speed_limit_120,51,speed_limit_120,0.8442846536636353,"[51, 50, 15]","[0.8442846536636353, 0.008259539492428303, 0.006509079597890377]",True
/content/MargDrishti/data/processed/crops/test/length_limit/length_limit-4_png.rf.8af8b67bef3f9fcdb782bf714263081a__509.0.jpg,27,length_limit,27,length_limit,0.9808938503265381,"[27, 61, 59]","[0.9808938503265381, 0.0018387733725830913, 0.0010211652843281627]",True
/content/MargDrishti/data/processed/crops/test/no_stopping_or_standing/no_stopping_or_standing-58_jpg.rf.8b07a641187f251a84da5e913e3b7ccb__510.0.jpg,34,no_stopping_or_standing,34,no_stopping_or_standing,0.9894952178001404,"[34, 56, 32]","[0.9894952178001404, 0.0009029519278556108, 0.0006830700440332294]",True
/content/MargDrishti/data/processed/crops/test/men_at_work/men_at_work-3_jpeg.rf.8b048d0933cc31961408d200d1f0632e__511.0.jpg,29,men_at_work,29,men_at_work,0.9620393514633179,"[29, 15, 37]","[0.9620393514633179, 0.0030544213950634003, 0.002938556717708707]",True
/content/MargDrishti/data/processed/crops/test/no_entry/no_entry-52_jpg.rf.8b445ed4c51a111260f60bc4930f29ff__512.0.jpg,32,no_entry,32,no_entry,0.8562556505203247,"[32, 62, 34]","[0.8562556505203247, 0.010293412953615189, 0.005843366961926222]",True
/content/MargDrishti/data/processed/crops/test/speed_limit_60/speed_limit_60-44_jpg.rf.8c56cb0dae7faba5b679a8d0f580f209__513.0.jpg,56,speed_limit_60,56,speed_limit_60,0.9559031128883362,"[56, 58, 54]","[0.9559031128883362, 0.009010004810988903, 0.0026704228948801756]",True
/content/MargDrishti/data/processed/crops/test/compulsary_turn_right_ahead/compulsary_turn_right_ahead-21_png.rf.8be6183c8c7177e8a5fdaa9acad98149__514.0.jpg,12,compulsary_turn_right_ahead,12,compulsary_turn_right_ahead,0.9809624552726746,"[12, 22, 41]","[0.9809624552726746, 0.0012740690726786852, 0.0009841572027653456]",True
/content/MargDrishti/data/processed/crops/test/width_limit/width_limit-13_jpeg.rf.8cb1b0c409de41af5c500cdbedadf0a2__515.0.jpg,69,width_limit,69,width_limit,0.8919996023178101,"[69, 27, 20]","[0.8919996023178101, 0.061674006283283234, 0.0062369490042328835]",True
/content/MargDrishti/data/processed/crops/test/give_way/give_way-24_png.rf.8bc0774530a863bc0fc27a8459aebbb5__516.0.jpg,18,give_way,18,give_way,0.9377846121788025,"[18, 15, 63]","[0.9377846121788025, 0.008209013380110264, 0.0055496967397630215]",True
/content/MargDrishti/data/processed/crops/test/steep_ascent/steep_ascent-44_jpg.rf.8dc761393d3b5a1290eef52f7f06e61e__517.0.jpg,60,steep_ascent,60,steep_ascent,0.7434428930282593,"[60, 40, 61]","[0.7434428930282593, 0.03509467467665672, 0.03335641697049141]",True
/content/MargDrishti/data/processed/crops/test/steep_ascent/steep_ascent-7_jpeg.rf.8d4249a29b726f3042655f5347123d94__518.0.jpg,60,steep_ascent,60,steep_ascent,0.2023007571697235,"[60, 65, 18]","[0.2023007571697235, 0.1391337811946869, 0.1187109500169754]",True
/content/MargDrishti/data/processed/crops/test/hump_or_rough_road/hump_or_rough_road-48_jpg.rf.8d431eb943b14decb3e4acd87bb94f2d__519.0.jpg,23,hump_or_rough_road,23,hump_or_rough_road,0.8394917845726013,"[23, 15, 6]","[0.8394917845726013, 0.00723840668797493, 0.006076506804674864]",True
/content/MargDrishti/data/processed/crops/test/compulsary_turn_left_ahead/compulsary_turn_left_ahead-25_png.rf.8de659c0737e59049494d651ad5e89df__520.0.jpg,11,compulsary_turn_left_ahead,11,compulsary_turn_left_ahead,0.8751156330108643,"[11, 25, 26]","[0.8751156330108643, 0.012930847704410553, 0.009348146617412567]",True
/content/MargDrishti/data/processed/crops/test/falling_rocks/falling_rocks-43_jpeg.rf.8e13cde20b07f108da7541cdd14ccb1e__521.0.jpg,16,falling_rocks,16,falling_rocks,0.9260912537574768,"[16, 68, 69]","[0.9260912537574768, 0.004012065473943949, 0.0038540558889508247]",True
/content/MargDrishti/data/processed/crops/test/stop/stop-1_jpg.rf.8ecc2b7194cc655d4075196fe255d9bf__522.0.jpg,62,stop,62,stop,0.9373472332954407,"[62, 51, 69]","[0.9373472332954407, 0.0032551540061831474, 0.00322425807826221]",True
/content/MargDrishti/data/processed/crops/test/guarded_level_crossing/guarded_level_crossing-49_jpg.rf.8e9cb50db335700e62fa16e926e21437__523.0.jpg,19,guarded_level_crossing,19,guarded_level_crossing,0.9722809791564941,"[19, 68, 22]","[0.9722809791564941, 0.0011711085680872202, 0.0011145154712721705]",True
/content/MargDrishti/data/processed/crops/test/u_turn_prohibited/u_turn_prohibited-7_jpg.rf.8f7eaa878fcd76f76f5b61a743021de3__524.0.jpg,67,u_turn_prohibited,67,u_turn_prohibited,0.9297903180122375,"[67, 26, 33]","[0.9297903180122375, 0.01086847297847271, 0.004749739076942205]",True
/content/MargDrishti/data/processed/crops/test/gap_in_median/gap_in_median-43_jpg.rf.8f59098cc21efefcbb4cf39d7949c52b__525.0.jpg,17,gap_in_median,17,gap_in_median,0.9346533417701721,"[17, 2, 66]","[0.9346533417701721, 0.0031865458004176617, 0.002752391854301095]",True
/content/MargDrishti/data/processed/crops/test/falling_rocks/falling_rocks-21_jpeg.rf.8fdbf40df5fcbc4f611d1c424014c045__526.0.jpg,16,falling_rocks,16,falling_rocks,0.9537299275398254,"[16, 15, 10]","[0.9537299275398254, 0.0024684409145265818, 0.002006439957767725]",True
/content/MargDrishti/data/processed/crops/test/compulsary_ahead_or_turn_left/compulsary_ahead_or_turn_left-5_jpg.rf.90a38ccb7e3263a7df77ee2bcce9f97a__527.0.jpg,6,compulsary_ahead_or_turn_left,6,compulsary_ahead_or_turn_left,0.5045207142829895,"[6, 7, 36]","[0.5045207142829895, 0.1697828322649002, 0.05266370251774788]",True
/content/MargDrishti/data/processed/crops/test/compulsary_ahead/compulsary_ahead-47_png.rf.90319180ab7f264ef256bf2b2b5678e1__528.0.jpg,5,compulsary_ahead,5,compulsary_ahead,0.9677084684371948,"[5, 7, 63]","[0.9677084684371948, 0.0022645362187176943, 0.0020324564538896084]",True
/content/MargDrishti/data/processed/crops/test/hump_or_rough_road/hump_or_rough_road-15_jpg.rf.90bbaf99f39589e8205e45ecca2b5664__529.0.jpg,23,hump_or_rough_road,23,hump_or_rough_road,0.9579744935035706,"[23, 17, 3]","[0.9579744935035706, 0.002538961824029684, 0.0016700623091310263]",True
/content/MargDrishti/data/processed/crops/test/stop/stop-46_png.rf.90ce1bcbe8a57c8caca097e5b6e0c3e5__530.0.jpg,62,stop,62,stop,0.9571397304534912,"[62, 4, 64]","[0.9571397304534912, 0.002506552031263709, 0.0020297809969633818]",True
/content/MargDrishti/data/processed/crops/test/bullock_cart_and_hand_cart_prohibited/bullock_cart_and_hand_cart_prohibited-50_jpg.rf.91432c33a931f2b323642408c491f533__531.0.jpg,2,bullock_cart_and_hand_cart_prohibited,2,bullock_cart_and_hand_cart_prohibited,0.6337961554527283,"[2, 0, 14]","[0.6337961554527283, 0.11417053639888763, 0.04292989522218704]",True
/content/MargDrishti/data/processed/crops/test/compulsary_ahead_or_turn_right/compulsary_ahead_or_turn_right-48_png.rf.917a0a113be88e0fd20ec91cc43ad782__532.0.jpg,7,compulsary_ahead_or_turn_right,7,compulsary_ahead_or_turn_right,0.9284964799880981,"[7, 12, 9]","[0.9284964799880981, 0.004836271516978741, 0.0034913914278149605]",True
/content/MargDrishti/data/processed/crops/test/pedestrian_prohibited/pedestrian_prohibited-29_jpg.rf.91a30ae598e13dde42557cd2b33fe920__533.0.jpg,38,pedestrian_prohibited,38,pedestrian_prohibited,0.9395660161972046,"[38, 2, 46]","[0.9395660161972046, 0.004003487061709166, 0.003093915758654475]",True
/content/MargDrishti/data/processed/crops/test/slippery_road/slippery_road-6_jpg.rf.9267e1679a96ce262c144eb5b0382e37__534.0.jpg,49,slippery_road,49,slippery_road,0.9325950145721436,"[49, 40, 63]","[0.9325950145721436, 0.003791805123910308, 0.003789653768762946]",True
/content/MargDrishti/data/processed/crops/test/speed_limit_70/speed_limit_70-24_jpg.rf.92871086e4637d17fe6b06874b39049a__535.0.jpg,57,speed_limit_70,57,speed_limit_70,0.938289999961853,"[57, 41, 52]","[0.938289999961853, 0.004156629554927349, 0.003483544336631894]",True
/content/MargDrishti/data/processed/crops/test/speed_limit_30/speed_limit_30-26_png.rf.92495a0baaf26e89ef37ad04cf016250__536.0.jpg,53,speed_limit_30,53,speed_limit_30,0.9566336870193481,"[53, 52, 69]","[0.9566336870193481, 0.004031551536172628, 0.002535813022404909]",True
/content/MargDrishti/data/processed/crops/test/compulsary_turn_right_ahead/compulsary_turn_right_ahead-26_png.rf.940e58826af6152bd47cae92077464ea__537.0.jpg,12,compulsary_turn_right_ahead,12,compulsary_turn_right_ahead,0.9195203185081482,"[12, 11, 66]","[0.9195203185081482, 0.003848885651677847, 0.003843324724584818]",True
/content/MargDrishti/data/processed/crops/test/petrol_pump_ahead/petrol_pump_ahead-38_jpg.rf.93410eb65ec271811d53f2ef534686a4__539.0.jpg,39,petrol_pump_ahead,39,petrol_pump_ahead,0.9220618605613708,"[39, 15, 49]","[0.9220618605613708, 0.005267998203635216, 0.00468455208465457]",True
/content/MargDrishti/data/processed/crops/test/narrow_road_ahead/narrow_road_ahead-42_jpg.rf.933f80f61cf5c290cf7100942a4b6e3d__540.0.jpg,31,narrow_road_ahead,31,narrow_road_ahead,0.9083000421524048,"[31, 39, 36]","[0.9083000421524048, 0.005900098010897636, 0.004611914046108723]",True
/content/MargDrishti/data/processed/crops/test/right_hand_curve/right_hand_curve-46_jpg.rf.94dea7ea97a38a405d51ee6ba8cc3b52__541.0.jpg,42,right_hand_curve,42,right_hand_curve,0.8906514644622803,"[42, 33, 63]","[0.8906514644622803, 0.006082624197006226, 0.006030220538377762]",True
/content/MargDrishti/data/processed/crops/test/speed_limit_100/speed_limit_100-1_jpg.rf.953f1071455b54f0509cd013c6a756f5__542.0.jpg,50,speed_limit_100,50,speed_limit_100,0.9534399509429932,"[50, 51, 57]","[0.9534399509429932, 0.01577126607298851, 0.007418082561343908]",True
/content/MargDrishti/data/processed/crops/test/right_hand_curve/right_hand_curve-69_png.rf.963066340822b52723925521c9936455__543.0.jpg,42,right_hand_curve,42,right_hand_curve,0.8501954078674316,"[42, 24, 12]","[0.8501954078674316, 0.029785601422190666, 0.00848234724253416]",True
/content/MargDrishti/data/processed/crops/test/no_entry/no_entry-67_png.rf.9579b7b84e0ba946a9943962422327bc__544.0.jpg,32,no_entry,32,no_entry,0.7055248022079468,"[32, 50, 11]","[0.7055248022079468, 0.012869304046034813, 0.012211902067065239]",True
/content/MargDrishti/data/processed/crops/test/narrow_bridge_ahead/narrow_bridge_ahead-73_jpg.rf.9cc000e41a5ae59fb366e4f9d4caf910__545.0.jpg,30,narrow_bridge_ahead,30,narrow_bridge_ahead,0.9145190715789795,"[30, 36, 17]","[0.9145190715789795, 0.006599102169275284, 0.006212637759745121]",True
/content/MargDrishti/data/processed/crops/test/steep_descent/steep_descent-28_jpg.rf.986e051e5ed0e81d22de9a14a5bfc655__546.0.jpg,61,steep_descent,61,steep_descent,0.9009096026420593,"[61, 68, 60]","[0.9009096026420593, 0.015539214946329594, 0.012562786228954792]",True
/content/MargDrishti/data/processed/crops/test/no_entry/no_entry-50_jpg.rf.9a8a9f901d068fea52123fe9b63242d3__547.0.jpg,32,no_entry,32,no_entry,0.837740421295166,"[32, 62, 17]","[0.837740421295166, 0.01509119477123022, 0.007493195123970509]",True
/content/MargDrishti/data/processed/crops/test/petrol_pump_ahead/petrol_pump_ahead-52_jpg.rf.9bda1f892fe37269e5a8d7103a9b5c4f__548.0.jpg,39,petrol_pump_ahead,39,petrol_pump_ahead,0.9689632058143616,"[39, 49, 10]","[0.9689632058143616, 0.0014430562732741237, 0.001389521872624755]",True
/content/MargDrishti/data/processed/crops/test/quay_side_or_river_bank/quay_side_or_river_bank-8_jpg.rf.9aa8b27c475f155bca65f25a76f11ed0__549.0.jpg,40,quay_side_or_river_bank,40,quay_side_or_river_bank,0.8843045830726624,"[40, 16, 19]","[0.8843045830726624, 0.010435997508466244, 0.00987161509692669]",True
/content/MargDrishti/data/processed/crops/test/restriction_ends/restriction_ends-61_png.rf.965fb5f7dbe49ad1d8bda6f11a1738f3__550.0.jpg,41,restriction_ends,41,restriction_ends,0.951686680316925,"[41, 32, 69]","[0.951686680316925, 0.002634730888530612, 0.002363877836614847]",True
/content/MargDrishti/data/processed/crops/test/horn_prohibited/horn_prohibited-25_jpg.rf.9a08a8eaafc8cd1d2ddf75cfaf2f6cb9__551.0.jpg,21,horn_prohibited,21,horn_prohibited,0.8774502873420715,"[21, 26, 10]","[0.8774502873420715, 0.011737914755940437, 0.009604082442820072]",True
/content/MargDrishti/data/processed/crops/test/width_limit/width_limit-4_png.rf.978ea468b125d3b89090d43ba1fd0e2a__552.0.jpg,69,width_limit,69,width_limit,0.8847677707672119,"[69, 27, 20]","[0.8847677707672119, 0.04636312276124954, 0.0070685092359781265]",True
/content/MargDrishti/data/processed/crops/test/cattle_ahead/cattle_ahead-12_jpg.rf.96e2c667165a7fa21ab9f4fffe7bdaf0__553.0.jpg,3,cattle_ahead,3,cattle_ahead,0.9132418632507324,"[3, 2, 52]","[0.9132418632507324, 0.013863645493984222, 0.0045417905785143375]",True
/content/MargDrishti/data/processed/crops/test/left_turn_prohibited/left_turn_prohibited-23_jpg.rf.9790d80c7c898a826db4090a3113bdfb__554.0.jpg,26,left_turn_prohibited,26,left_turn_prohibited,0.9939316511154175,"[26, 33, 67]","[0.9939316511154175, 0.0017573899822309613, 0.0013103490928187966]",True
/content/MargDrishti/data/processed/crops/test/quay_side_or_river_bank/quay_side_or_river_bank-10_jpg.rf.98b902badf669586ba3582ebad2cacfe__555.0.jpg,40,quay_side_or_river_bank,40,quay_side_or_river_bank,0.9507877230644226,"[40, 19, 68]","[0.9507877230644226, 0.003444175235927105, 0.0027074585668742657]",True
/content/MargDrishti/data/processed/crops/test/overtaking_prohibited/overtaking_prohibited-1_jpg.rf.9a64d37dcb85352b284eab0d9f134a6f__556.0.jpg,35,overtaking_prohibited,35,overtaking_prohibited,0.9581530690193176,"[35, 54, 67]","[0.9581530690193176, 0.004877207800745964, 0.004604051820933819]",True
/content/MargDrishti/data/processed/crops/test/petrol_pump_ahead/petrol_pump_ahead-16_jpeg.rf.9721d77e30959e7d30b9bfc6cd33b883__557.0.jpg,39,petrol_pump_ahead,39,petrol_pump_ahead,0.9865846633911133,"[39, 22, 36]","[0.9865846633911133, 0.0024507988709956408, 0.0009426894248463213]",True
/content/MargDrishti/data/processed/crops/test/dangerous_dip/dangerous_dip-36_jpeg.rf.9886437126e7d8c6c7b5ba50fd8718f2__558.0.jpg,15,dangerous_dip,15,dangerous_dip,0.9644671082496643,"[15, 39, 70]","[0.9644671082496643, 0.002672183094546199, 0.0023826654069125652]",True
/content/MargDrishti/data/processed/crops/test/cycle_crossing/cycle_crossing-9_png.rf.9b6f745fa912440724a33b9294c42297__559.0.jpg,14,cycle_crossing,14,cycle_crossing,0.9461430907249451,"[14, 53, 2]","[0.9461430907249451, 0.003155553713440895, 0.0026519361417740583]",True
/content/MargDrishti/data/processed/crops/test/speed_limit_30/speed_limit_30-9_jpg.rf.99de5bc0ec1cd68ee8d5c247803a8133__560.0.jpg,53,speed_limit_30,53,speed_limit_30,0.9775497913360596,"[53, 63, 69]","[0.9775497913360596, 0.0016760292928665876, 0.0014872860629111528]",True
/content/MargDrishti/data/processed/crops/test/cattle_ahead/cattle_ahead-6_jpg.rf.9aac5cc113583cc747c50cfd87b5cf16__561.0.jpg,3,cattle_ahead,3,cattle_ahead,0.9469397664070129,"[3, 63, 2]","[0.9469397664070129, 0.0025690544862300158, 0.002297403756529093]",True
/content/MargDrishti/data/processed/crops/test/falling_rocks/falling_rocks-28_jpeg.rf.9c1fa037f2628345f1c0961acd88da80__562.0.jpg,16,falling_rocks,16,falling_rocks,0.8412795662879944,"[16, 47, 13]","[0.8412795662879944, 0.008311635814607143, 0.007600294426083565]",True
/content/MargDrishti/data/processed/crops/test/staggered_intersection/staggered_intersection-6_png.rf.98baa9649794450f788f8b7ed28c135d__563.0.jpg,59,staggered_intersection,59,staggered_intersection,0.6234963536262512,"[59, 47, 48]","[0.6234963536262512, 0.19092468917369843, 0.02285715565085411]",True
/content/MargDrishti/data/processed/crops/test/no_stopping_or_standing/no_stopping_or_standing-29_jpg.rf.9768c4f543cfb74b8e9ee6594bd03bc1__564.0.jpg,34,no_stopping_or_standing,34,no_stopping_or_standing,0.9858999848365784,"[34, 56, 45]","[0.9858999848365784, 0.0015476139960810542, 0.0006831862265244126]",True
/content/MargDrishti/data/processed/crops/test/all_motor_vehicle_prohibited/all_motor_vehicle_prohibited-22_jpg.rf.98730a02f1491296bcee7c4666352abd__565.0.jpg,0,all_motor_vehicle_prohibited,0,all_motor_vehicle_prohibited,0.5764693021774292,"[0, 68, 10]","[0.5764693021774292, 0.08046089112758636, 0.021196868270635605]",True
/content/MargDrishti/data/processed/crops/test/speed_limit_70/speed_limit_70-50_png.rf.9bf09f6b0cb04f60bd66be23930964e4__566.0.jpg,57,speed_limit_70,57,speed_limit_70,0.912091851234436,"[57, 9, 37]","[0.912091851234436, 0.005064712837338448, 0.004675209987908602]",True
/content/MargDrishti/data/processed/crops/test/unguarded_level_crossing/unguarded_level_crossing-56_png.rf.9a86adb2573887e6389b6194e9acf888__567.0.jpg,68,unguarded_level_crossing,68,unguarded_level_crossing,0.8045061230659485,"[68, 3, 49]","[0.8045061230659485, 0.06838686764240265, 0.007050015032291412]",True
/content/MargDrishti/data/processed/crops/test/traffic_signal/traffic_signal-10_jpg.rf.9cc06376500ddfd6449903c26d1b23d8__568.0.jpg,64,traffic_signal,64,traffic_signal,0.9244650602340698,"[64, 63, 46]","[0.9244650602340698, 0.005480560474097729, 0.00451541505753994]",True
/content/MargDrishti/data/processed/crops/test/quay_side_or_river_bank/quay_side_or_river_bank-44_jpg.rf.9d1b3ac7ea0f4f1add4993e2deda1584__569.0.jpg,40,quay_side_or_river_bank,40,quay_side_or_river_bank,0.9087586998939514,"[40, 61, 60]","[0.9087586998939514, 0.015342243947088718, 0.011318894103169441]",True
/content/MargDrishti/data/processed/crops/test/speed_limit_50/speed_limit_50-0_jpg.rf.99521330372d00e0e86d65e82c8f1b97__570.0.jpg,55,speed_limit_50,55,speed_limit_50,0.9502971172332764,"[55, 56, 52]","[0.9502971172332764, 0.008170055225491524, 0.00407216465100646]",True
/content/MargDrishti/data/processed/crops/test/traffic_signal/traffic_signal-0_jpg.rf.9aef9b7c10d2aae1b72ab252a56b76bc__571.0.jpg,64,traffic_signal,58,speed_limit_80,0.34737932682037354,"[58, 64, 39]","[0.34737932682037354, 0.17303863167762756, 0.050658874213695526]",False
/content/MargDrishti/data/processed/crops/test/traffic_signal/traffic_signal-45_png.rf.9f807dfab6b322f37a8cf2700138d7fe__572.0.jpg,64,traffic_signal,64,traffic_signal,0.9490919709205627,"[64, 58, 25]","[0.9490919709205627, 0.0034145840909332037, 0.002239299239590764]",True
/content/MargDrishti/data/processed/crops/test/width_limit/width_limit-1_jpeg.rf.9f6a0e265bd83380a4b88dec8c95d194__573.0.jpg,69,width_limit,69,width_limit,0.7552835941314697,"[69, 27, 52]","[0.7552835941314697, 0.07683580368757248, 0.03085283376276493]",True
/content/MargDrishti/data/processed/crops/test/no_stopping_or_standing/no_stopping_or_standing-10_jpg.rf.a0fcfdb2806d3c49609ce42bbf6a3634__574.0.jpg,34,no_stopping_or_standing,34,no_stopping_or_standing,0.9322589635848999,"[34, 36, 5]","[0.9322589635848999, 0.018727052956819534, 0.00263963988982141]",True
/content/MargDrishti/data/processed/crops/test/stop/stop-68_png.rf.a1f2fa25c95908b349bfc127de9cb197__575.0.jpg,62,stop,62,stop,0.9169362783432007,"[62, 64, 32]","[0.9169362783432007, 0.004127118270844221, 0.004082598723471165]",True
/content/MargDrishti/data/processed/crops/test/compulsary_ahead_or_turn_left/compulsary_ahead_or_turn_left-53_png.rf.a111c050a537d33d44fbfdaa330a3c6e__576.0.jpg,6,compulsary_ahead_or_turn_left,6,compulsary_ahead_or_turn_left,0.9631645083427429,"[6, 7, 36]","[0.9631645083427429, 0.008169149979948997, 0.005621049087494612]",True
/content/MargDrishti/data/processed/crops/test/cattle_ahead/cattle_ahead-59_jpg.rf.a28f49339eafdaebd3ab32c67c7add11__577.0.jpg,3,cattle_ahead,3,cattle_ahead,0.8435186147689819,"[3, 36, 2]","[0.8435186147689819, 0.008300513960421085, 0.006428442429751158]",True
/content/MargDrishti/data/processed/crops/test/compulsary_turn_right_ahead/compulsary_turn_right_ahead-56_jpg.rf.a395bf567c657b1da370a6ce325b991c__578.0.jpg,12,compulsary_turn_right_ahead,12,compulsary_turn_right_ahead,0.8733364343643188,"[12, 7, 11]","[0.8733364343643188, 0.024573402479290962, 0.009190679527819157]",True
/content/MargDrishti/data/processed/crops/test/restriction_ends/restriction_ends-60_png.rf.a385280aa0cdba264579cd94aaea955d__579.0.jpg,41,restriction_ends,41,restriction_ends,0.954380214214325,"[41, 5, 32]","[0.954380214214325, 0.0021281468216329813, 0.0020952995400875807]",True
/content/MargDrishti/data/processed/crops/test/guarded_level_crossing/guarded_level_crossing-8_jpeg.rf.a3cb074588dbcbe4b238d211a6b236a3__580.0.jpg,19,guarded_level_crossing,19,guarded_level_crossing,0.9395012259483337,"[19, 68, 25]","[0.9395012259483337, 0.003402193309739232, 0.0020156672690063715]",True
/content/MargDrishti/data/processed/crops/test/loose_gravel/loose_gravel-8_jpeg.rf.a4688bab759aa51da528957b46f3f482__581.0.jpg,28,loose_gravel,28,loose_gravel,0.8845596313476562,"[28, 68, 35]","[0.8845596313476562, 0.009343978017568588, 0.006999841425567865]",True
/content/MargDrishti/data/processed/crops/test/no_parking/no_parking-5_jpg.rf.a4b98e4e112d79971ebd12bac27cf6a4__582.0.jpg,33,no_parking,33,no_parking,0.8322649598121643,"[33, 67, 26]","[0.8322649598121643, 0.028186209499835968, 0.012179975397884846]",True
/content/MargDrishti/data/processed/crops/test/restriction_ends/restriction_ends-1_jpeg.rf.a4a93f84bb1c573ce8782f16cdb7e5d9__583.0.jpg,41,restriction_ends,41,restriction_ends,0.7957761883735657,"[41, 8, 4]","[0.7957761883735657, 0.046729110181331635, 0.014117615297436714]",True
/content/MargDrishti/data/processed/crops/test/pedestrian_prohibited/pedestrian_prohibited-41_jpg.rf.a4ec961c54a77b41757bae470164693a__584.0.jpg,38,pedestrian_prohibited,38,pedestrian_prohibited,0.4783979654312134,"[38, 2, 46]","[0.4783979654312134, 0.1965106874704361, 0.050815239548683167]",True
/content/MargDrishti/data/processed/crops/test/falling_rocks/falling_rocks-51_jpg.rf.a50865b63f4dc1c91dba456d0a6bb146__586.0.jpg,16,falling_rocks,16,falling_rocks,0.9679991602897644,"[16, 22, 28]","[0.9679991602897644, 0.002769308164715767, 0.002557048574090004]",True
/content/MargDrishti/data/processed/crops/test/compulsary_turn_left_ahead/compulsary_turn_left_ahead-23_png.rf.a672624135dcc27cec07be15f7950445__587.0.jpg,11,compulsary_turn_left_ahead,11,compulsary_turn_left_ahead,0.8055080771446228,"[11, 25, 26]","[0.8055080771446228, 0.012939082458615303, 0.012449056841433048]",True
/content/MargDrishti/data/processed/crops/test/school_ahead/school_ahead-67_png.rf.a7b16718b54b8bc4a6a56d84443c918b__588.0.jpg,46,school_ahead,46,school_ahead,0.9038923978805542,"[46, 29, 10]","[0.9038923978805542, 0.01768234744668007, 0.0037102247588336468]",True
/content/MargDrishti/data/processed/crops/test/speed_limit_70/speed_limit_70-38_png.rf.a782d48eb96e767d5a41e86c898358db__589.0.jpg,57,speed_limit_70,57,speed_limit_70,0.9180238246917725,"[57, 25, 5]","[0.9180238246917725, 0.004680757876485586, 0.004602220840752125]",True
/content/MargDrishti/data/processed/crops/test/narrow_road_ahead/narrow_road_ahead-17_jpg.rf.a89dc70000272466f9bf05707634ffe4__590.0.jpg,31,narrow_road_ahead,31,narrow_road_ahead,0.9107528924942017,"[31, 30, 39]","[0.9107528924942017, 0.009140968322753906, 0.006588037591427565]",True
/content/MargDrishti/data/processed/crops/test/stop/stop-41_png.rf.a9720798b4f14e2d50ad40f53bcb2d9f__591.0.jpg,62,stop,62,stop,0.9389740228652954,"[62, 52, 32]","[0.9389740228652954, 0.0038883143570274115, 0.0034650417510420084]",True
/content/MargDrishti/data/processed/crops/test/no_parking/no_parking-39_jpg.rf.a84701112218ca66603f0d487bcf331e__592.0.jpg,33,no_parking,33,no_parking,0.8286341428756714,"[33, 67, 65]","[0.8286341428756714, 0.014348945580422878, 0.006741901859641075]",True
/content/MargDrishti/data/processed/crops/test/u_turn/u_turn-7_jpg.rf.a9f2110edf38a70d494e2e88f6e7697f__593.0.jpg,66,u_turn,66,u_turn,0.9557335376739502,"[66, 67, 61]","[0.9557335376739502, 0.019481975585222244, 0.0017428004648536444]",True
/content/MargDrishti/data/processed/crops/test/u_turn_prohibited/u_turn_prohibited-37_jpeg.rf.a9adc544351abee25c5f5c0e526f8514__594.0.jpg,67,u_turn_prohibited,67,u_turn_prohibited,0.809475839138031,"[67, 26, 33]","[0.809475839138031, 0.0981280580163002, 0.016177337616682053]",True
/content/MargDrishti/data/processed/crops/test/school_ahead/school_ahead-23_jpg.rf.aa5b30f8375aa1bb8e8f5b5ceae15fc6__595.0.jpg,46,school_ahead,46,school_ahead,0.7773641347885132,"[46, 37, 38]","[0.7773641347885132, 0.040128957480192184, 0.03138658404350281]",True
/content/MargDrishti/data/processed/crops/test/speed_limit_80/speed_limit_80-46_jpg.rf.a8e7e89d97f6adc1c2b11e81121eca55__596.0.jpg,58,speed_limit_80,58,speed_limit_80,0.9561375975608826,"[58, 19, 56]","[0.9561375975608826, 0.003481921972706914, 0.0031727261375635862]",True
/content/MargDrishti/data/processed/crops/test/give_way/give_way-67_jpg.rf.aac21df06a2ba56c974cf08215486b12__597.0.jpg,18,give_way,18,give_way,0.9150736927986145,"[18, 69, 62]","[0.9150736927986145, 0.006735596805810928, 0.00587854627519846]",True
/content/MargDrishti/data/processed/crops/test/steep_descent/steep_descent-41_jpeg.rf.aac265a865b97d59122c01908c6bcd37__598.0.jpg,61,steep_descent,61,steep_descent,0.9510855674743652,"[61, 60, 27]","[0.9510855674743652, 0.020535388961434364, 0.004640342202037573]",True
/content/MargDrishti/data/processed/crops/test/loose_gravel/loose_gravel-23_jpeg.rf.ac53f4b79c104fd7e533f08dfc3193ee__599.0.jpg,28,loose_gravel,28,loose_gravel,0.852141797542572,"[28, 46, 37]","[0.852141797542572, 0.009588886052370071, 0.007708278018981218]",True
/content/MargDrishti/data/processed/crops/test/horn_prohibited/horn_prohibited-69_jpg.rf.aafc2467aa27b0bc69269c32abc25b66__600.0.jpg,21,horn_prohibited,21,horn_prohibited,0.5873919725418091,"[21, 68, 35]","[0.5873919725418091, 0.030411379411816597, 0.026047358289361]",True
/content/MargDrishti/data/processed/crops/test/compulsary_ahead_or_turn_left/compulsary_ahead_or_turn_left-50_png.rf.acb6e5bdb7cb498e0f99becd550d6e3b__601.0.jpg,6,compulsary_ahead_or_turn_left,6,compulsary_ahead_or_turn_left,0.908263087272644,"[6, 7, 22]","[0.908263087272644, 0.00806270819157362, 0.004080901388078928]",True
/content/MargDrishti/data/processed/crops/test/chevron_direction/chevron_direction-49_jpg.rf.ab45f88d62c991053dca45fda9b00c70__602.0.jpg,4,chevron_direction,4,chevron_direction,0.9312061071395874,"[4, 61, 60]","[0.9312061071395874, 0.0057774255983531475, 0.0034274100326001644]",True
/content/MargDrishti/data/processed/crops/test/restriction_ends/restriction_ends-7_png.rf.accd21c79789c45a73b56e6437c58f7b__603.0.jpg,41,restriction_ends,41,restriction_ends,0.9580310583114624,"[41, 32, 69]","[0.9580310583114624, 0.0026875499170273542, 0.0026856588665395975]",True
/content/MargDrishti/data/processed/crops/test/all_motor_vehicle_prohibited/all_motor_vehicle_prohibited-36_png.rf.ac5ba0e81b152bbf8169dd9dbc6ce2cc__604.0.jpg,0,all_motor_vehicle_prohibited,0,all_motor_vehicle_prohibited,0.9211167097091675,"[0, 68, 35]","[0.9211167097091675, 0.0062492610886693, 0.005030440632253885]",True
/content/MargDrishti/data/processed/crops/test/pass_either_side/pass_either_side-1_png.rf.ad1a1ebd49832ba92ef0849ad52fc38d__606.0.jpg,36,pass_either_side,36,pass_either_side,0.9669088125228882,"[36, 5, 70]","[0.9669088125228882, 0.0035403198562562466, 0.002085332525894046]",True
/content/MargDrishti/data/processed/crops/test/speed_limit_70/speed_limit_70-29_png.rf.acebc8406722cb54094b565c0e1ab551__607.0.jpg,57,speed_limit_70,57,speed_limit_70,0.9301782846450806,"[57, 36, 51]","[0.9301782846450806, 0.007234044838696718, 0.0034412050154060125]",True
/content/MargDrishti/data/processed/crops/test/restriction_ends/restriction_ends-12_jpeg.rf.ad365fe45ff2a82a9da54ea65b936a81__608.0.jpg,41,restriction_ends,41,restriction_ends,0.9089279770851135,"[41, 36, 69]","[0.9089279770851135, 0.01116039790213108, 0.008527970872819424]",True
/content/MargDrishti/data/processed/crops/test/compulsary_keep_right/compulsary_keep_right-0_jpg.rf.ad1d9ce9ea2f8de2149f847cc621da68__609.0.jpg,9,compulsary_keep_right,9,compulsary_keep_right,0.7859368324279785,"[9, 36, 6]","[0.7859368324279785, 0.042579349130392075, 0.012926247902214527]",True
/content/MargDrishti/data/processed/crops/test/falling_rocks/falling_rocks-61_jpg.rf.ae62fdf79b6147eca2dc5171a6d24ab1__610.0.jpg,16,falling_rocks,16,falling_rocks,0.5956417322158813,"[16, 22, 19]","[0.5956417322158813, 0.037832215428352356, 0.03011302463710308]",True
/content/MargDrishti/data/processed/crops/test/horn_prohibited/horn_prohibited-18_jpg.rf.add56eac800c1bcfc17658ed1581e27d__611.0.jpg,21,horn_prohibited,21,horn_prohibited,0.9408417344093323,"[21, 26, 17]","[0.9408417344093323, 0.00502473209053278, 0.00445035845041275]",True
/content/MargDrishti/data/processed/crops/test/speed_limit_30/speed_limit_30-52_png.rf.aebaf1e056e20f74f9711acdabeb0f91__612.0.jpg,53,speed_limit_30,53,speed_limit_30,0.9338266849517822,"[53, 69, 55]","[0.9338266849517822, 0.003559272736310959, 0.0025112759321928024]",True
/content/MargDrishti/data/processed/crops/test/no_stopping_or_standing/no_stopping_or_standing-15_jpg.rf.aecbc53725453723fdc66a8073c2b353__613.0.jpg,34,no_stopping_or_standing,34,no_stopping_or_standing,0.988867998123169,"[34, 32, 15]","[0.988867998123169, 0.0012721465900540352, 0.0005448723095469177]",True
/content/MargDrishti/data/processed/crops/test/speed_limit_120/speed_limit_120-9_png.rf.af397fd0c2922642fb160e11320734a3__614.0.jpg,51,speed_limit_120,51,speed_limit_120,0.6520451903343201,"[51, 57, 50]","[0.6520451903343201, 0.08541515469551086, 0.049892909824848175]",True
/content/MargDrishti/data/processed/crops/test/left_reverse_bend/left_reverse_bend-21_jpg.rf.afb0b69bcc3b3a09ae0cec9d226efcf4__615.0.jpg,25,left_reverse_bend,24,left_hand_curve,0.22573250532150269,"[24, 26, 60]","[0.22573250532150269, 0.10032763332128525, 0.07912997156381607]",False
/content/MargDrishti/data/processed/crops/test/speed_limit_80/speed_limit_80-52_png.rf.af9774a6e7d60a769612f1da75f31545__616.0.jpg,58,speed_limit_80,58,speed_limit_80,0.9014996290206909,"[58, 19, 36]","[0.9014996290206909, 0.005401636008173227, 0.0038207604084163904]",True
/content/MargDrishti/data/processed/crops/test/falling_rocks/falling_rocks-7_jpg.rf.afcf0a0700f880781ee7062f40c74930__617.0.jpg,16,falling_rocks,16,falling_rocks,0.9467709064483643,"[16, 68, 28]","[0.9467709064483643, 0.003786451183259487, 0.0029591077473014593]",True
/content/MargDrishti/data/processed/crops/test/quay_side_or_river_bank/quay_side_or_river_bank-60_jpg.rf.b0434fd39144e199b1b72d73b71c4886__618.0.jpg,40,quay_side_or_river_bank,40,quay_side_or_river_bank,0.9020937085151672,"[40, 68, 39]","[0.9020937085151672, 0.0054340362548828125, 0.0050909630954265594]",True
/content/MargDrishti/data/processed/crops/test/no_parking/no_parking-48_jpg.rf.b0b51e96da587e1ce3da0bd2e51e1fbc__619.0.jpg,33,no_parking,33,no_parking,0.5607258677482605,"[33, 65, 41]","[0.5607258677482605, 0.09691109508275986, 0.04799206554889679]",True
/content/MargDrishti/data/processed/crops/test/speed_limit_100/speed_limit_100-17_png.rf.b121140bdba6a1744793a11fccd9b2a1__620.0.jpg,50,speed_limit_100,50,speed_limit_100,0.969669759273529,"[50, 10, 19]","[0.969669759273529, 0.0024692618753761053, 0.001969051081687212]",True
/content/MargDrishti/data/processed/crops/test/speed_limit_120/speed_limit_120-65_png.rf.b175db32d3dac9c48aab4b29f1e4cdb4__621.0.jpg,51,speed_limit_120,51,speed_limit_120,0.7943691611289978,"[51, 50, 15]","[0.7943691611289978, 0.011206391267478466, 0.009985785000026226]",True
/content/MargDrishti/data/processed/crops/test/stop/stop-40_png.rf.b3f4b067ffed3ca0fac1f05b59b940c6__622.0.jpg,62,stop,62,stop,0.90953129529953,"[62, 32, 53]","[0.90953129529953, 0.006096403114497662, 0.00591491162776947]",True
/content/MargDrishti/data/processed/crops/test/left_turn_prohibited/left_turn_prohibited-30_jpg.rf.b1a2b7cca60554d4442f28b9147b1490__623.0.jpg,26,left_turn_prohibited,26,left_turn_prohibited,0.8243073225021362,"[26, 67, 27]","[0.8243073225021362, 0.02063123695552349, 0.006351103540509939]",True
/content/MargDrishti/data/processed/crops/test/cattle_ahead/cattle_ahead-27_png.rf.b3642854226464eea7673f2ab1940cfb__624.0.jpg,3,cattle_ahead,3,cattle_ahead,0.9213530421257019,"[3, 2, 59]","[0.9213530421257019, 0.003819497535005212, 0.0036922451108694077]",True
/content/MargDrishti/data/processed/crops/test/slippery_road/slippery_road-49_png.rf.b1d7948d3f063596e3acab9542c9c324__625.0.jpg,49,slippery_road,49,slippery_road,0.9504609704017639,"[49, 63, 39]","[0.9504609704017639, 0.0035852149594575167, 0.0029192743822932243]",True
/content/MargDrishti/data/processed/crops/test/right_turn_prohibited/right_turn_prohibited-17_jpg.rf.b1c57149b1681e26c7df007b5a7148fd__626.0.jpg,44,right_turn_prohibited,44,right_turn_prohibited,0.8446600437164307,"[44, 33, 63]","[0.8446600437164307, 0.01790541410446167, 0.013139786198735237]",True
/content/MargDrishti/data/processed/crops/test/compulsary_keep_left/compulsary_keep_left-19_jpg.rf.b32c1fa8b9e57bb83f8b08fe7f91de60__627.0.jpg,8,compulsary_keep_left,8,compulsary_keep_left,0.954168438911438,"[8, 36, 10]","[0.954168438911438, 0.005379298701882362, 0.00455128587782383]",True
/content/MargDrishti/data/processed/crops/test/cross_road/cross_road-25_jpg.rf.b441afdfb4e02ff0c8c0fc81d6c73261__628.0.jpg,13,cross_road,13,cross_road,0.7771514654159546,"[13, 54, 22]","[0.7771514654159546, 0.008874299004673958, 0.008769763633608818]",True
/content/MargDrishti/data/processed/crops/test/right_turn_prohibited/right_turn_prohibited-60_jpg.rf.b2fe3e5979702082b77d3d4b0a2eb47f__629.0.jpg,44,right_turn_prohibited,44,right_turn_prohibited,0.9873120784759521,"[44, 26, 50]","[0.9873120784759521, 0.002739957068115473, 0.0009531175601296127]",True
/content/MargDrishti/data/processed/crops/test/height_limit/height_limit-2_png.rf.b48a1cef1f3d1cd29ba6accb919fa456__630.0.jpg,20,height_limit,20,height_limit,0.9565405249595642,"[20, 36, 6]","[0.9565405249595642, 0.004583739675581455, 0.0034685933496803045]",True
/content/MargDrishti/data/processed/crops/test/chevron_direction/chevron_direction-9_jpg.rf.b4960dffc892db44dc6eed1417dcb59f__631.0.jpg,4,chevron_direction,4,chevron_direction,0.8573755025863647,"[4, 47, 32]","[0.8573755025863647, 0.022067127749323845, 0.008282236754894257]",True
/content/MargDrishti/data/processed/crops/test/stop/stop-4_jpg.rf.b530233e6edeb34b446c4636506e61e4__632.0.jpg,62,stop,62,stop,0.8827333450317383,"[62, 69, 19]","[0.8827333450317383, 0.006190376356244087, 0.004870002157986164]",True
/content/MargDrishti/data/processed/crops/test/width_limit/width_limit-15_png.rf.b600be4ac20c34534c92d0fdb135415d__633.0.jpg,69,width_limit,69,width_limit,0.8763953447341919,"[69, 27, 20]","[0.8763953447341919, 0.07455921918153763, 0.008333212696015835]",True
/content/MargDrishti/data/processed/crops/test/no_entry/no_entry-37_png.rf.b66904012669bd0d7944cd3fd224bb1c__634.0.jpg,32,no_entry,32,no_entry,0.7874918580055237,"[32, 62, 28]","[0.7874918580055237, 0.01036350429058075, 0.00988632719963789]",True
/content/MargDrishti/data/processed/crops/test/left_reverse_bend/left_reverse_bend-54_jpg.rf.b6990acd415b4b0ad18c015a6627fcf9__635.0.jpg,25,left_reverse_bend,25,left_reverse_bend,0.8842222690582275,"[25, 55, 17]","[0.8842222690582275, 0.013572758063673973, 0.007789965253323317]",True
/content/MargDrishti/data/processed/crops/test/pass_either_side/pass_either_side-3_png.rf.b6307be23c015c50828f10d54d665478__636.0.jpg,36,pass_either_side,36,pass_either_side,0.9337173104286194,"[36, 5, 70]","[0.9337173104286194, 0.006531122140586376, 0.0033980936277657747]",True
/content/MargDrishti/data/processed/crops/test/speed_limit_30/speed_limit_30-22_png.rf.b644475b56cb002c3d087f8ea6a252b5__637.0.jpg,53,speed_limit_30,53,speed_limit_30,0.87779301404953,"[53, 52, 69]","[0.87779301404953, 0.014026002958416939, 0.006239383947104216]",True
/content/MargDrishti/data/processed/crops/test/pedestrian_crossing/pedestrian_crossing-15_jpg.rf.b7f6f4d8c048e7b5100a44dced5f34a9__638.0.jpg,37,pedestrian_crossing,37,pedestrian_crossing,0.9671021103858948,"[37, 46, 17]","[0.9671021103858948, 0.003852894762530923, 0.002539640059694648]",True
/content/MargDrishti/data/processed/crops/test/falling_rocks/falling_rocks-24_jpeg.rf.b74fcd4be7fdbc9c296663a2b587cf2d__639.0.jpg,16,falling_rocks,16,falling_rocks,0.7847546339035034,"[16, 68, 37]","[0.7847546339035034, 0.0211858581751585, 0.011074531823396683]",True
/content/MargDrishti/data/processed/crops/test/speed_limit_30/speed_limit_30-34_png.rf.b77666abd15db42d8ad5ba7135898fc5__640.0.jpg,53,speed_limit_30,53,speed_limit_30,0.944661021232605,"[53, 14, 56]","[0.944661021232605, 0.0038744043558835983, 0.0027856829110533]",True
/content/MargDrishti/data/processed/crops/test/left_turn_prohibited/left_turn_prohibited-0_jpg.rf.b6ffb0b9642d5c4f80330c20869d92c2__641.0.jpg,26,left_turn_prohibited,26,left_turn_prohibited,0.9587040543556213,"[26, 67, 45]","[0.9587040543556213, 0.004186656326055527, 0.0035322338808327913]",True
/content/MargDrishti/data/processed/crops/test/hospital_ahead/hospital_ahead-29_png.rf.b8d4b2ff000d784aa9912da95b662fbe__642.0.jpg,22,hospital_ahead,22,hospital_ahead,0.9858381152153015,"[22, 63, 39]","[0.9858381152153015, 0.001579880598001182, 0.001104477560147643]",True
/content/MargDrishti/data/processed/crops/test/men_at_work/men_at_work-68_png.rf.b806a6106c0e762acffaa11ca13d08c3__643.0.jpg,29,men_at_work,29,men_at_work,0.9156281352043152,"[29, 40, 23]","[0.9156281352043152, 0.008829415775835514, 0.004157978110015392]",True
/content/MargDrishti/data/processed/crops/test/pass_either_side/pass_either_side-63_jpg.rf.b82a07d2d1389ae468fba9cf8b4257b5__644.0.jpg,36,pass_either_side,36,pass_either_side,0.9701917767524719,"[36, 8, 5]","[0.9701917767524719, 0.0039900364354252815, 0.002109723864123225]",True
/content/MargDrishti/data/processed/crops/test/compulsary_ahead/compulsary_ahead-18_png.rf.b8087e49bd968667a543b7ae8abaf222__645.0.jpg,5,compulsary_ahead,5,compulsary_ahead,0.9227181673049927,"[5, 7, 19]","[0.9227181673049927, 0.004795643500983715, 0.003978521563112736]",True
/content/MargDrishti/data/processed/crops/test/compulsary_keep_left/compulsary_keep_left-6_jpg.rf.b8efdaa1b83f5c46c90ed1800545054d__646.0.jpg,8,compulsary_keep_left,8,compulsary_keep_left,0.9705033898353577,"[8, 36, 60]","[0.9705033898353577, 0.00555469561368227, 0.003048746148124337]",True
/content/MargDrishti/data/processed/crops/test/right_reverse_bend/right_reverse_bend-12_jpeg.rf.b945ea6d5bc437b1d56effb9369e0de0__647.0.jpg,43,right_reverse_bend,43,right_reverse_bend,0.807723879814148,"[43, 25, 33]","[0.807723879814148, 0.05191813409328461, 0.007234259974211454]",True
/content/MargDrishti/data/processed/crops/test/compulsary_ahead_or_turn_left/compulsary_ahead_or_turn_left-60_png.rf.b97966004fd8b06f0e482a7f38a19a78__648.0.jpg,6,compulsary_ahead_or_turn_left,6,compulsary_ahead_or_turn_left,0.9783813953399658,"[6, 36, 7]","[0.9783813953399658, 0.004328422714024782, 0.004035118967294693]",True
/content/MargDrishti/data/processed/crops/test/compulsary_keep_right/compulsary_keep_right-30_png.rf.b9645e6eb7d30785454569db8c5241aa__649.0.jpg,9,compulsary_keep_right,9,compulsary_keep_right,0.9145693778991699,"[9, 44, 36]","[0.9145693778991699, 0.015521012246608734, 0.005178952123969793]",True
/content/MargDrishti/data/processed/crops/test/overtaking_prohibited/overtaking_prohibited-5_jpg.rf.b9890982be307cf1abeabb62fa9d9daf__650.0.jpg,35,overtaking_prohibited,35,overtaking_prohibited,0.9925411939620972,"[35, 0, 54]","[0.9925411939620972, 0.0009874862153083086, 0.0006502917967736721]",True
/content/MargDrishti/data/processed/crops/test/left_hand_curve/left_hand_curve-43_png.rf.ba68b15e40c221ad3b0dbca69655dd8b__651.0.jpg,24,left_hand_curve,24,left_hand_curve,0.9212102890014648,"[24, 44, 12]","[0.9212102890014648, 0.0038974909111857414, 0.003773217322304845]",True
/content/MargDrishti/data/processed/crops/test/loose_gravel/loose_gravel-13_jpeg.rf.ba84ba1d722a70b4e980cc55d4b5a77e__652.0.jpg,28,loose_gravel,28,loose_gravel,0.9354554414749146,"[28, 30, 40]","[0.9354554414749146, 0.0046562859788537025, 0.0033821002580225468]",True
/content/MargDrishti/data/processed/crops/test/speed_limit_100/speed_limit_100-59_png.rf.ba25f8f5fb0eca8cec475f6e9a32fd84__653.0.jpg,50,speed_limit_100,50,speed_limit_100,0.9866616129875183,"[50, 19, 51]","[0.9866616129875183, 0.001128139323554933, 0.0006941855535842478]",True
/content/MargDrishti/data/processed/crops/test/no_entry/no_entry-3_jpg.rf.bb42713094f5d132d12538cfecda35a1__654.0.jpg,32,no_entry,32,no_entry,0.8786754012107849,"[32, 28, 62]","[0.8786754012107849, 0.005373629741370678, 0.005307688843458891]",True
/content/MargDrishti/data/processed/crops/test/pedestrian_crossing/pedestrian_crossing-51_png.rf.bb4bdc52c8fc4dfc37b22f0f3161c386__655.0.jpg,37,pedestrian_crossing,37,pedestrian_crossing,0.9521764516830444,"[37, 29, 7]","[0.9521764516830444, 0.0029733984265476465, 0.0024394493084400892]",True
/content/MargDrishti/data/processed/crops/test/left_hand_curve/left_hand_curve-30_jpg.rf.bb5e4569e1c93531929d6413f7fbbf0c__656.0.jpg,24,left_hand_curve,24,left_hand_curve,0.6174185276031494,"[24, 40, 13]","[0.6174185276031494, 0.03220657259225845, 0.02651597559452057]",True
/content/MargDrishti/data/processed/crops/test/speed_limit_70/speed_limit_70-61_png.rf.bbb0f707df4d4f5ff699e60fc51fd079__658.0.jpg,57,speed_limit_70,57,speed_limit_70,0.9210150837898254,"[57, 36, 5]","[0.9210150837898254, 0.0035990297328680754, 0.0034636904019862413]",True
/content/MargDrishti/data/processed/crops/test/speed_limit_120/speed_limit_120-21_png.rf.bdd5a126e6f1827ef45bbda36be09eb8__659.0.jpg,51,speed_limit_120,51,speed_limit_120,0.9179317355155945,"[51, 50, 52]","[0.9179317355155945, 0.00462826993316412, 0.004377325996756554]",True
/content/MargDrishti/data/processed/crops/test/compulsary_ahead_or_turn_right/compulsary_ahead_or_turn_right-52_png.rf.bc8ff0bb9e361f1a5712a0dc31f0ed8b__660.0.jpg,7,compulsary_ahead_or_turn_right,7,compulsary_ahead_or_turn_right,0.9469214081764221,"[7, 12, 6]","[0.9469214081764221, 0.010767187923192978, 0.007658642251044512]",True
/content/MargDrishti/data/processed/crops/test/guarded_level_crossing/guarded_level_crossing-38_jpg.rf.bdd61c7723258979c9ed4406d2a1c617__662.0.jpg,19,guarded_level_crossing,19,guarded_level_crossing,0.9396219849586487,"[19, 68, 28]","[0.9396219849586487, 0.010237807407975197, 0.0028819935396313667]",True
/content/MargDrishti/data/processed/crops/test/speed_limit_20/speed_limit_20-30_png.rf.bea1a543f04a3e49f01952d8efee282a__663.0.jpg,52,speed_limit_20,52,speed_limit_20,0.9606302976608276,"[52, 66, 67]","[0.9606302976608276, 0.0065097506158053875, 0.004078631289303303]",True
/content/MargDrishti/data/processed/crops/test/compulsary_turn_left_ahead/compulsary_turn_left_ahead-56_jpeg.rf.c07e0b66c85b110424c2210339f0a805__664.0.jpg,11,compulsary_turn_left_ahead,11,compulsary_turn_left_ahead,0.8329576253890991,"[11, 69, 8]","[0.8329576253890991, 0.016612159088253975, 0.01321591716259718]",True
/content/MargDrishti/data/processed/crops/test/give_way/give_way-14_png.rf.bf92cec5af275bd20081afe169c9afb1__665.0.jpg,18,give_way,18,give_way,0.9390333294868469,"[18, 14, 15]","[0.9390333294868469, 0.007121693808585405, 0.003861130913719535]",True
/content/MargDrishti/data/processed/crops/test/cross_road/cross_road-28_jpg.rf.bdddb80dfc72f442d90dd6225f043acb__666.0.jpg,13,cross_road,13,cross_road,0.8827057480812073,"[13, 34, 70]","[0.8827057480812073, 0.005635742098093033, 0.004482353571802378]",True
/content/MargDrishti/data/processed/crops/test/men_at_work/men_at_work-35_png.rf.bee75701f6072ffd6715f49bddec9f8b__667.0.jpg,29,men_at_work,29,men_at_work,0.9010739922523499,"[29, 44, 37]","[0.9010739922523499, 0.005656890571117401, 0.005355900153517723]",True
/content/MargDrishti/data/processed/crops/test/speed_limit_70/speed_limit_70-23_jpg.rf.c05029bf41835f1a01043ad2d1367edd__668.0.jpg,57,speed_limit_70,57,speed_limit_70,0.9489278793334961,"[57, 52, 41]","[0.9489278793334961, 0.004321244079619646, 0.0038170067127794027]",True
/content/MargDrishti/data/processed/crops/test/truck_prohibited/truck_prohibited-7_png.rf.be64fafcb30ed76b8b4499765494ea1a__669.0.jpg,65,truck_prohibited,65,truck_prohibited,0.8874370455741882,"[65, 35, 60]","[0.8874370455741882, 0.02117105759680271, 0.009677516296505928]",True
/content/MargDrishti/data/processed/crops/test/quay_side_or_river_bank/quay_side_or_river_bank-64_png.rf.c200a4d9f6ef1f019bad2e076c28e4ee__670.0.jpg,40,quay_side_or_river_bank,40,quay_side_or_river_bank,0.8395746350288391,"[40, 29, 68]","[0.8395746350288391, 0.02333126589655876, 0.014373403042554855]",True
/content/MargDrishti/data/processed/crops/test/cross_road/cross_road-39_jpg.rf.c11331f3cbe787bd2798e53d5e102428__671.0.jpg,13,cross_road,13,cross_road,0.9190258383750916,"[13, 22, 3]","[0.9190258383750916, 0.004865832626819611, 0.003960351925343275]",True
/content/MargDrishti/data/processed/crops/test/gap_in_median/gap_in_median-41_jpg.rf.c10f7c2f5584fe32f62e4829beffc402__672.0.jpg,17,gap_in_median,17,gap_in_median,0.9007243514060974,"[17, 66, 47]","[0.9007243514060974, 0.006769878789782524, 0.006450955290347338]",True
/content/MargDrishti/data/processed/crops/test/falling_rocks/falling_rocks-46_jpeg.rf.c150bd8fb106e00fbc3c3b79f90b7321__673.0.jpg,16,falling_rocks,16,falling_rocks,0.8377143740653992,"[16, 68, 45]","[0.8377143740653992, 0.02212492935359478, 0.006692083086818457]",True
/content/MargDrishti/data/processed/crops/test/unguarded_level_crossing/unguarded_level_crossing-30_jpeg.rf.c20e6319707f0c67b9b0a748a3cb38d7__674.0.jpg,68,unguarded_level_crossing,68,unguarded_level_crossing,0.8997594714164734,"[68, 60, 27]","[0.8997594714164734, 0.021422147750854492, 0.010996577329933643]",True
/content/MargDrishti/data/processed/crops/test/overtaking_prohibited/overtaking_prohibited-6_jpeg.rf.c30ee5680e03695a2b60a61a675f8a5d__675.0.jpg,35,overtaking_prohibited,35,overtaking_prohibited,0.9289575219154358,"[35, 20, 36]","[0.9289575219154358, 0.010045517235994339, 0.006575858686119318]",True
/content/MargDrishti/data/processed/crops/test/compulsary_ahead/compulsary_ahead-35_png.rf.c284478ddf14b9ad4c6f28b1f48c3662__676.0.jpg,5,compulsary_ahead,5,compulsary_ahead,0.9518395662307739,"[5, 7, 63]","[0.9518395662307739, 0.0033523146994411945, 0.002731358166784048]",True
/content/MargDrishti/data/processed/crops/test/quay_side_or_river_bank/quay_side_or_river_bank-26_jpg.rf.c291299df7ec7fa5b9bec66a77ef4fe7__677.0.jpg,40,quay_side_or_river_bank,40,quay_side_or_river_bank,0.8801484107971191,"[40, 0, 24]","[0.8801484107971191, 0.006366556044667959, 0.00531906820833683]",True
/content/MargDrishti/data/processed/crops/test/horn_prohibited/horn_prohibited-5_jpg.rf.c3359f90a6d8920e2dd3667bc0761963__678.0.jpg,21,horn_prohibited,21,horn_prohibited,0.9016087055206299,"[21, 10, 26]","[0.9016087055206299, 0.012846955098211765, 0.00487457076087594]",True
/content/MargDrishti/data/processed/crops/test/slippery_road/slippery_road-32_jpg.rf.c4e98f6abfff7d5909a847f03c542deb__679.0.jpg,49,slippery_road,49,slippery_road,0.8612157106399536,"[49, 10, 30]","[0.8612157106399536, 0.008045431226491928, 0.007527846377342939]",True
/content/MargDrishti/data/processed/crops/test/gap_in_median/gap_in_median-12_jpg.rf.c63f9be97b3c51dd2027eafe578b47e5__680.0.jpg,17,gap_in_median,17,gap_in_median,0.9597948789596558,"[17, 13, 47]","[0.9597948789596558, 0.010430512018501759, 0.006822375580668449]",True
/content/MargDrishti/data/processed/crops/test/narrow_bridge_ahead/narrow_bridge_ahead-9_jpeg.rf.c339e6fb5d8d03a18f3f5e68bce0faba__681.0.jpg,30,narrow_bridge_ahead,30,narrow_bridge_ahead,0.9352223873138428,"[30, 25, 36]","[0.9352223873138428, 0.003179284045472741, 0.002998246345669031]",True
/content/MargDrishti/data/processed/crops/test/cross_road/cross_road-46_jpg.rf.c64550f85dcbfc1be81e1508de37ab6e__682.0.jpg,13,cross_road,13,cross_road,0.7033151984214783,"[13, 36, 34]","[0.7033151984214783, 0.04782379791140556, 0.017010122537612915]",True
/content/MargDrishti/data/processed/crops/test/speed_limit_60/speed_limit_60-9_jpg.rf.c67954db3fde6fcf092d08789e8c8529__683.0.jpg,56,speed_limit_60,56,speed_limit_60,0.9518412351608276,"[56, 55, 50]","[0.9518412351608276, 0.005167424213141203, 0.00453344639390707]",True
/content/MargDrishti/data/processed/crops/test/give_way/give_way-62_jpg.rf.c64c348e13384dbabf483ef4fca4c7aa__684.0.jpg,18,give_way,18,give_way,0.7750927805900574,"[18, 22, 63]","[0.7750927805900574, 0.013714294880628586, 0.013579651713371277]",True
/content/MargDrishti/data/processed/crops/test/no_parking/no_parking-72_jpg.rf.c838219a7fe0786a029dad6d15195a2f__685.0.jpg,33,no_parking,33,no_parking,0.9744575619697571,"[33, 34, 48]","[0.9744575619697571, 0.0022266064770519733, 0.002058520447462797]",True
/content/MargDrishti/data/processed/crops/test/no_parking/no_parking-16_jpg.rf.c893a163d9093b73c0749604704fd409__686.0.jpg,33,no_parking,33,no_parking,0.5853198170661926,"[33, 67, 26]","[0.5853198170661926, 0.14909987151622772, 0.06852144002914429]",True
/content/MargDrishti/data/processed/crops/test/height_limit/height_limit-34_jpg.rf.c8b6aa3805c981c1e8c91b0c0624444b__687.0.jpg,20,height_limit,20,height_limit,0.933194100856781,"[20, 36, 54]","[0.933194100856781, 0.004011346492916346, 0.0036787393037229776]",True
/content/MargDrishti/data/processed/crops/test/quay_side_or_river_bank/quay_side_or_river_bank-7_jpg.rf.c8fdfec7d5209da0cd4a606af6ffddec__688.0.jpg,40,quay_side_or_river_bank,40,quay_side_or_river_bank,0.8905336856842041,"[40, 19, 16]","[0.8905336856842041, 0.008257146924734116, 0.007774468045681715]",True
/content/MargDrishti/data/processed/crops/test/u_turn_prohibited/u_turn_prohibited-15_jpg.rf.c8ec8e96845097824c67632de561dec4__689.0.jpg,67,u_turn_prohibited,67,u_turn_prohibited,0.9629417061805725,"[67, 66, 47]","[0.9629417061805725, 0.010965574532747269, 0.0036632090341299772]",True
/content/MargDrishti/data/processed/crops/test/cross_road/cross_road-0_jpg.rf.c91cedf921fdb90dea79f672454921bb__690.0.jpg,13,cross_road,13,cross_road,0.806357741355896,"[13, 63, 47]","[0.806357741355896, 0.013912550173699856, 0.013498013839125633]",True
/content/MargDrishti/data/processed/crops/test/u_turn/u_turn-1_jpg.rf.c92aa034d2c6f477afe601ec1a78f420__691.0.jpg,66,u_turn,66,u_turn,0.8958847522735596,"[66, 67, 47]","[0.8958847522735596, 0.041576679795980453, 0.004171041306108236]",True
/content/MargDrishti/data/processed/crops/test/steep_ascent/steep_ascent-38_jpg.rf.c9425e4abed74f1127ee2ef3978ff3fe__692.0.jpg,60,steep_ascent,60,steep_ascent,0.9226229786872864,"[60, 61, 27]","[0.9226229786872864, 0.008070182055234909, 0.003972864244133234]",True
/content/MargDrishti/data/processed/crops/test/side_road_left/side_road_left-59_jpg.rf.c9542727373fa148d3c89917b2bd2e2f__693.0.jpg,47,side_road_left,47,side_road_left,0.9075626730918884,"[47, 59, 23]","[0.9075626730918884, 0.008128269575536251, 0.007341497577726841]",True
/content/MargDrishti/data/processed/crops/test/men_at_work/men_at_work-48_png.rf.c926e4d8d5d1b8c89ef64d5a6fb69c6e__694.0.jpg,29,men_at_work,29,men_at_work,0.9391157031059265,"[29, 23, 40]","[0.9391157031059265, 0.003118338994681835, 0.0030447724275290966]",True
/content/MargDrishti/data/processed/crops/test/bullock_cart_and_hand_cart_prohibited/bullock_cart_and_hand_cart_prohibited-53_jpeg.rf.ca05cd99c262506f4a8a9f7889b1a7dd__695.0.jpg,2,bullock_cart_and_hand_cart_prohibited,38,pedestrian_prohibited,0.4302379786968231,"[38, 2, 69]","[0.4302379786968231, 0.3798263967037201, 0.014716824516654015]",False
/content/MargDrishti/data/processed/crops/test/all_motor_vehicle_prohibited/all_motor_vehicle_prohibited-29_jpg.rf.cad37173283c91ad290ed29b4ed6d72c__696.0.jpg,0,all_motor_vehicle_prohibited,0,all_motor_vehicle_prohibited,0.9083137512207031,"[0, 28, 10]","[0.9083137512207031, 0.007788071874529123, 0.007205045782029629]",True
/content/MargDrishti/data/processed/crops/test/narrow_road_ahead/narrow_road_ahead-15_jpg.rf.cb83549f858a34a56de28903a1417c95__697.0.jpg,31,narrow_road_ahead,31,narrow_road_ahead,0.8639428615570068,"[31, 30, 39]","[0.8639428615570068, 0.01781597174704075, 0.007643130607903004]",True
/content/MargDrishti/data/processed/crops/test/give_way/give_way-33_png.rf.cb52a2e808aa43451d8222e711d41c37__698.0.jpg,18,give_way,18,give_way,0.9255457520484924,"[18, 33, 63]","[0.9255457520484924, 0.012498949654400349, 0.006599086336791515]",True
/content/MargDrishti/data/processed/crops/test/compulsary_keep_left/compulsary_keep_left-14_jpg.rf.cc2f22d11ae1a0c11239bf8fc4eaa27e__699.0.jpg,8,compulsary_keep_left,8,compulsary_keep_left,0.9605977535247803,"[8, 36, 10]","[0.9605977535247803, 0.0023835101164877415, 0.002231137128546834]",True
/content/MargDrishti/data/processed/crops/test/left_hand_curve/left_hand_curve-58_jpg.rf.cc242c753eae0aafd359154089d8f979__700.0.jpg,24,left_hand_curve,24,left_hand_curve,0.8880123496055603,"[24, 42, 34]","[0.8880123496055603, 0.00691227987408638, 0.0047899531200528145]",True
/content/MargDrishti/data/processed/crops/test/side_road_right/side_road_right-7_png.rf.cbc29d9abeec76bcae17ad382c1d7c4b__702.0.jpg,48,side_road_right,48,side_road_right,0.7943994402885437,"[48, 59, 63]","[0.7943994402885437, 0.04351441189646721, 0.03122551180422306]",True
/content/MargDrishti/data/processed/crops/test/y_intersection/y_intersection-27_jpg.rf.cc41d93aac1e858ad8e0d2b6642925c0__703.0.jpg,70,y_intersection,70,y_intersection,0.8674151301383972,"[70, 36, 22]","[0.8674151301383972, 0.006497918162494898, 0.006192624568939209]",True
/content/MargDrishti/data/processed/crops/test/right_hand_curve/right_hand_curve-59_png.rf.ce16871e6c2e601a7d21d620b9b90df7__704.0.jpg,42,right_hand_curve,42,right_hand_curve,0.8980224132537842,"[42, 24, 66]","[0.8980224132537842, 0.011947186663746834, 0.0050529902800917625]",True
/content/MargDrishti/data/processed/crops/test/compulsary_ahead/compulsary_ahead-1_png.rf.cdd7e32eed4da10364bc7a31e4678c95__705.0.jpg,5,compulsary_ahead,5,compulsary_ahead,0.9564804434776306,"[5, 7, 36]","[0.9564804434776306, 0.007401038892567158, 0.002388511784374714]",True
/content/MargDrishti/data/processed/crops/test/speed_limit_60/speed_limit_60-39_png.rf.ce0838da260f1db02caa33098f48222a__706.0.jpg,56,speed_limit_60,56,speed_limit_60,0.9624760150909424,"[56, 58, 50]","[0.9624760150909424, 0.0025375003460794687, 0.0017944767605513334]",True
/content/MargDrishti/data/processed/crops/test/bullock_cart_and_hand_cart_prohibited/bullock_cart_and_hand_cart_prohibited-30_jpg.rf.cf9122c59b47bc4afa3314a60560b706__707.0.jpg,2,bullock_cart_and_hand_cart_prohibited,2,bullock_cart_and_hand_cart_prohibited,0.9832863807678223,"[2, 3, 0]","[0.9832863807678223, 0.0037949560210108757, 0.0012421152787283063]",True
/content/MargDrishti/data/processed/crops/test/hump_or_rough_road/hump_or_rough_road-20_jpg.rf.cfc9cd0376a9a833ae454774e2de6431__708.0.jpg,23,hump_or_rough_road,23,hump_or_rough_road,0.8742257952690125,"[23, 68, 36]","[0.8742257952690125, 0.00452575134113431, 0.004439902026206255]",True
/content/MargDrishti/data/processed/crops/test/narrow_bridge_ahead/narrow_bridge_ahead-68_jpg.rf.cf2306a083706fc86929073e15990075__709.0.jpg,30,narrow_bridge_ahead,30,narrow_bridge_ahead,0.9650018811225891,"[30, 37, 17]","[0.9650018811225891, 0.0034168444108217955, 0.0025906446389853954]",True
/content/MargDrishti/data/processed/crops/test/length_limit/length_limit-11_jpeg.rf.cf77d9a1a073590721178ce3054c3b52__710.0.jpg,27,length_limit,69,width_limit,0.9238158464431763,"[69, 27, 20]","[0.9238158464431763, 0.03642749786376953, 0.011342626996338367]",False
/content/MargDrishti/data/processed/crops/test/slippery_road/slippery_road-61_jpg.rf.d0358734c41cedc609c712ae7854bfb0__711.0.jpg,49,slippery_road,49,slippery_road,0.9119057059288025,"[49, 69, 40]","[0.9119057059288025, 0.004141028970479965, 0.004065149929374456]",True
/content/MargDrishti/data/processed/crops/test/give_way/give_way-63_jpg.rf.d012467f78fa30626c6e02937ea4c13b__712.0.jpg,18,give_way,18,give_way,0.934654176235199,"[18, 63, 62]","[0.934654176235199, 0.004647829569876194, 0.003843169193714857]",True
/content/MargDrishti/data/processed/crops/test/truck_prohibited/truck_prohibited-23_jpeg.rf.d251e64d4f5268476b52d7372ca11f1a__713.0.jpg,65,truck_prohibited,65,truck_prohibited,0.9057661890983582,"[65, 35, 2]","[0.9057661890983582, 0.01783101074397564, 0.010962426662445068]",True
/content/MargDrishti/data/processed/crops/test/u_turn_prohibited/u_turn_prohibited-43_jpg.rf.d0bf6c27603449208984c393fbb38240__714.0.jpg,67,u_turn_prohibited,67,u_turn_prohibited,0.9232852458953857,"[67, 66, 61]","[0.9232852458953857, 0.006957419216632843, 0.0042153047397732735]",True
/content/MargDrishti/data/processed/crops/test/compulsary_turn_right_ahead/compulsary_turn_right_ahead-49_png.rf.d1ee3507ac7d45e1b1dbcbae36ef48ae__715.0.jpg,12,compulsary_turn_right_ahead,12,compulsary_turn_right_ahead,0.9081773161888123,"[12, 10, 39]","[0.9081773161888123, 0.009647814556956291, 0.005119998008012772]",True
/content/MargDrishti/data/processed/crops/test/speed_limit_20/speed_limit_20-32_png.rf.d0640834dd72c10d944e5cda784a881b__716.0.jpg,52,speed_limit_20,52,speed_limit_20,0.9546092748641968,"[52, 51, 66]","[0.9546092748641968, 0.0043221935629844666, 0.003772205440327525]",True
/content/MargDrishti/data/processed/crops/test/left_turn_prohibited/left_turn_prohibited-6_jpg.rf.d1f27411200b5e075c20a5bce593fef3__717.0.jpg,26,left_turn_prohibited,26,left_turn_prohibited,0.9859258532524109,"[26, 67, 44]","[0.9859258532524109, 0.0015708261635154486, 0.0011577802943065763]",True
/content/MargDrishti/data/processed/crops/test/right_turn_prohibited/right_turn_prohibited-29_jpg.rf.d2781a65320c924778508d8e00a32a16__718.0.jpg,44,right_turn_prohibited,44,right_turn_prohibited,0.9136618375778198,"[44, 33, 21]","[0.9136618375778198, 0.004917843732982874, 0.004107147920876741]",True
/content/MargDrishti/data/processed/crops/test/roundabout/roundabout-40_jpg.rf.d3d058b449b52166d388962471ccd529__719.0.jpg,45,roundabout,45,roundabout,0.7990603446960449,"[45, 15, 36]","[0.7990603446960449, 0.04102504998445511, 0.013828344643115997]",True
/content/MargDrishti/data/processed/crops/test/speed_limit_40/speed_limit_40-2_jpg.rf.d2acc2a781ef5e3f04f6db3f4ac055c5__721.0.jpg,54,speed_limit_40,54,speed_limit_40,0.9522157907485962,"[54, 22, 47]","[0.9522157907485962, 0.0077337478287518024, 0.004588885698467493]",True
/content/MargDrishti/data/processed/crops/test/narrow_bridge_ahead/narrow_bridge_ahead-71_jpg.rf.d3837e82c1aed4ce833bb176d70865fc__722.0.jpg,30,narrow_bridge_ahead,30,narrow_bridge_ahead,0.969411313533783,"[30, 31, 17]","[0.969411313533783, 0.001991557888686657, 0.0016517604235559702]",True
/content/MargDrishti/data/processed/crops/test/guarded_level_crossing/guarded_level_crossing-22_jpg.rf.d405dfa987dc4413bbe03efab87ff8b1__723.0.jpg,19,guarded_level_crossing,19,guarded_level_crossing,0.9742714762687683,"[19, 68, 10]","[0.9742714762687683, 0.0036469525657594204, 0.0012411727802827954]",True
/content/MargDrishti/data/processed/crops/test/stop/stop-42_png.rf.d4daeda3a35d115a4b3eac17f197d1a5__725.0.jpg,62,stop,62,stop,0.8924446105957031,"[62, 25, 55]","[0.8924446105957031, 0.009615627117455006, 0.00946721900254488]",True
/content/MargDrishti/data/processed/crops/test/cycle_crossing/cycle_crossing-62_jpg.rf.d5456467b5125f00beaacbe5ed9a3aef__726.0.jpg,14,cycle_crossing,14,cycle_crossing,0.8981622457504272,"[14, 2, 0]","[0.8981622457504272, 0.004705160390585661, 0.004135143011808395]",True
/content/MargDrishti/data/processed/crops/test/horn_prohibited/horn_prohibited-23_jpg.rf.d6c47a5dbd014608a2ec3168396d3dd3__727.0.jpg,21,horn_prohibited,21,horn_prohibited,0.9123491644859314,"[21, 26, 17]","[0.9123491644859314, 0.0068243155255913734, 0.006029661279171705]",True
/content/MargDrishti/data/processed/crops/test/speed_limit_120/speed_limit_120-16_jpeg.rf.d49ed20ce181c871c9281e1f11de3db0__728.0.jpg,51,speed_limit_120,51,speed_limit_120,0.9734751582145691,"[51, 54, 50]","[0.9734751582145691, 0.0015534317353740335, 0.0014316766755655408]",True
/content/MargDrishti/data/processed/crops/test/traffic_signal/traffic_signal-42_png.rf.d7290e674172e8dca8854fe3fe067d12__729.0.jpg,64,traffic_signal,64,traffic_signal,0.9240245223045349,"[64, 32, 24]","[0.9240245223045349, 0.003972010686993599, 0.0038482723757624626]",True
/content/MargDrishti/data/processed/crops/test/slippery_road/slippery_road-54_jpg.rf.d60e31de6edecc4ef6ddc7bb9483ec4b__730.0.jpg,49,slippery_road,49,slippery_road,0.8613833785057068,"[49, 69, 40]","[0.8613833785057068, 0.004807249642908573, 0.004688586574047804]",True
/content/MargDrishti/data/processed/crops/test/restriction_ends/restriction_ends-10_jpeg.rf.d74dc5ce7b37ff92591fc4bcf02be521__731.0.jpg,41,restriction_ends,41,restriction_ends,0.9571128487586975,"[41, 36, 15]","[0.9571128487586975, 0.0033744857646524906, 0.0030924794264137745]",True
/content/MargDrishti/data/processed/crops/test/axle_load_limit/axle_load_limit-32_jpg.rf.d79fc2425638c2660dcd4aa43bfa158e__732.0.jpg,1,axle_load_limit,1,axle_load_limit,0.3999967873096466,"[1, 69, 27]","[0.3999967873096466, 0.1492234468460083, 0.09443754702806473]",True
/content/MargDrishti/data/processed/crops/test/speed_limit_30/speed_limit_30-56_png.rf.d7c4e6baf403ec4c79123ec3e74dcaa9__733.0.jpg,53,speed_limit_30,53,speed_limit_30,0.9566054344177246,"[53, 55, 14]","[0.9566054344177246, 0.0029347536619752645, 0.0028470782563090324]",True
/content/MargDrishti/data/processed/crops/test/no_parking/no_parking-73_jpg.rf.d82cd22313b6dfefe20a0a5d6912cb98__734.0.jpg,33,no_parking,33,no_parking,0.7579596638679504,"[33, 22, 65]","[0.7579596638679504, 0.0179780051112175, 0.010395292192697525]",True
/content/MargDrishti/data/processed/crops/test/width_limit/width_limit-46_jpg.rf.d90bb134100e715c7de2809b6356eb83__736.0.jpg,69,width_limit,69,width_limit,0.6941663026809692,"[69, 27, 20]","[0.6941663026809692, 0.08411496877670288, 0.03499334678053856]",True
/content/MargDrishti/data/processed/crops/test/compulsary_turn_right_ahead/compulsary_turn_right_ahead-11_png.rf.d85063c6be8c9a1b1f0fa4da4073b323__737.0.jpg,12,compulsary_turn_right_ahead,12,compulsary_turn_right_ahead,0.9010336399078369,"[12, 41, 7]","[0.9010336399078369, 0.004809384234249592, 0.0044827512465417385]",True
/content/MargDrishti/data/processed/crops/test/dangerous_dip/dangerous_dip-2_jpg.rf.d971724ccb89ded4d74455db199a43f3__738.0.jpg,15,dangerous_dip,15,dangerous_dip,0.9554216861724854,"[15, 45, 23]","[0.9554216861724854, 0.007874012924730778, 0.0029574555810540915]",True
/content/MargDrishti/data/processed/crops/test/height_limit/height_limit-56_jpg.rf.d97fe223d30c835036a0af998f1945ce__739.0.jpg,20,height_limit,20,height_limit,0.8951507210731506,"[20, 69, 14]","[0.8951507210731506, 0.013465379364788532, 0.004073916468769312]",True
/content/MargDrishti/data/processed/crops/test/right_hand_curve/right_hand_curve-68_png.rf.d9ed9951c6900e1d6cb835c1a9cdf870__740.0.jpg,42,right_hand_curve,42,right_hand_curve,0.9086573123931885,"[42, 24, 12]","[0.9086573123931885, 0.010211302898824215, 0.005623992998152971]",True
/content/MargDrishti/data/processed/crops/test/steep_ascent/steep_ascent-31_jpg.rf.da49f657d0d504b6625f6433c982feca__741.0.jpg,60,steep_ascent,60,steep_ascent,0.5252103805541992,"[60, 61, 68]","[0.5252103805541992, 0.29257914423942566, 0.02146843820810318]",True
/content/MargDrishti/data/processed/crops/test/restriction_ends/restriction_ends-40_png.rf.da1a94c7f6bbec0c3f630de8dceef61e__742.0.jpg,41,restriction_ends,41,restriction_ends,0.8658393025398254,"[41, 47, 4]","[0.8658393025398254, 0.029350081458687782, 0.022928208112716675]",True
/content/MargDrishti/data/processed/crops/test/slippery_road/slippery_road-18_png.rf.dac04abbf945553c446eba93658ad072__743.0.jpg,49,slippery_road,49,slippery_road,0.7347821593284607,"[49, 3, 27]","[0.7347821593284607, 0.056008946150541306, 0.010142864659428596]",True
/content/MargDrishti/data/processed/crops/test/left_turn_prohibited/left_turn_prohibited-7_jpg.rf.daa90c3843c4d59068c5a69d8ce034e1__744.0.jpg,26,left_turn_prohibited,26,left_turn_prohibited,0.9215726852416992,"[26, 4, 24]","[0.9215726852416992, 0.007612501736730337, 0.006056217011064291]",True
/content/MargDrishti/data/processed/crops/test/compulsary_keep_right/compulsary_keep_right-16_png.rf.dad0307165d7219dcfadeae31c499c7a__745.0.jpg,9,compulsary_keep_right,9,compulsary_keep_right,0.9561858773231506,"[9, 44, 34]","[0.9561858773231506, 0.00511751277372241, 0.003181448904797435]",True
/content/MargDrishti/data/processed/crops/test/gap_in_median/gap_in_median-33_jpg.rf.daa4e0c44bec1fc88f2d18ac88d4a9c0__746.0.jpg,17,gap_in_median,17,gap_in_median,0.9881920218467712,"[17, 22, 66]","[0.9881920218467712, 0.0009288092260248959, 0.0007329768850468099]",True
/content/MargDrishti/data/processed/crops/test/compulsary_ahead/compulsary_ahead-37_png.rf.dc3dc620e62efb9983e3d751ec083e2a__748.0.jpg,5,compulsary_ahead,5,compulsary_ahead,0.9414146542549133,"[5, 7, 63]","[0.9414146542549133, 0.005263962782919407, 0.0050103808753192425]",True
/content/MargDrishti/data/processed/crops/test/side_road_left/side_road_left-1_jpg.rf.dc2b678ea35c813ed0d180ac318ad7df__749.0.jpg,47,side_road_left,47,side_road_left,0.9486420154571533,"[47, 59, 13]","[0.9486420154571533, 0.009319736622273922, 0.006129433400928974]",True
/content/MargDrishti/data/processed/crops/test/side_road_left/side_road_left-17_jpg.rf.dc096813d82b6c972d3aa166873d2f40__750.0.jpg,47,side_road_left,47,side_road_left,0.9079666137695312,"[47, 59, 70]","[0.9079666137695312, 0.06052045524120331, 0.0060552433133125305]",True
/content/MargDrishti/data/processed/crops/test/school_ahead/school_ahead-10_jpg.rf.dcbbed72bd516b2fd187134ec9884ebe__751.0.jpg,46,school_ahead,46,school_ahead,0.4902803301811218,"[46, 29, 43]","[0.4902803301811218, 0.09071142971515656, 0.08782883733510971]",True
/content/MargDrishti/data/processed/crops/test/compulsary_turn_left_ahead/compulsary_turn_left_ahead-14_png.rf.dc87670ceb81d721bf24e98715ba4507__752.0.jpg,11,compulsary_turn_left_ahead,11,compulsary_turn_left_ahead,0.8291040658950806,"[11, 45, 26]","[0.8291040658950806, 0.013541975058615208, 0.008356000296771526]",True
/content/MargDrishti/data/processed/crops/test/narrow_bridge_ahead/narrow_bridge_ahead-5_png.rf.dd4500ee84e24e320b8ce88e52d4473f__754.0.jpg,30,narrow_bridge_ahead,30,narrow_bridge_ahead,0.937591016292572,"[30, 70, 31]","[0.937591016292572, 0.004905731417238712, 0.004269284196197987]",True
/content/MargDrishti/data/processed/crops/test/left_hand_curve/left_hand_curve-13_jpg.rf.dce47fef56f5585aaecb0befdec4cf28__755.0.jpg,24,left_hand_curve,24,left_hand_curve,0.685343325138092,"[24, 45, 42]","[0.685343325138092, 0.0639924556016922, 0.02811025083065033]",True
/content/MargDrishti/data/processed/crops/test/cycle_crossing/cycle_crossing-42_png.rf.ddff532bfea93d002afbcb9a7fe95003__756.0.jpg,14,cycle_crossing,14,cycle_crossing,0.859892725944519,"[14, 23, 2]","[0.859892725944519, 0.013610760681331158, 0.006755792535841465]",True
/content/MargDrishti/data/processed/crops/test/height_limit/height_limit-45_png.rf.debc1bf7df4990e58fb029306098c84d__757.0.jpg,20,height_limit,20,height_limit,0.955055296421051,"[20, 36, 69]","[0.955055296421051, 0.0024611426051706076, 0.0020689659286290407]",True
/content/MargDrishti/data/processed/crops/test/all_motor_vehicle_prohibited/all_motor_vehicle_prohibited-18_jpg.rf.dff796b9816419b6d17f1ea768720e04__758.0.jpg,0,all_motor_vehicle_prohibited,0,all_motor_vehicle_prohibited,0.7458086013793945,"[0, 2, 10]","[0.7458086013793945, 0.026367666199803352, 0.014360906556248665]",True
/content/MargDrishti/data/processed/crops/test/petrol_pump_ahead/petrol_pump_ahead-36_jpeg.rf.df4d181c03a06636f172cefbee9bad2e__759.0.jpg,39,petrol_pump_ahead,39,petrol_pump_ahead,0.9556139707565308,"[39, 22, 4]","[0.9556139707565308, 0.008351738564670086, 0.0016687808092683554]",True
/content/MargDrishti/data/processed/crops/test/all_motor_vehicle_prohibited/all_motor_vehicle_prohibited-32_jpg.rf.df66d8638b772fa0eacafef69ad91354__760.0.jpg,0,all_motor_vehicle_prohibited,0,all_motor_vehicle_prohibited,0.3209949731826782,"[0, 2, 65]","[0.3209949731826782, 0.11184950917959213, 0.09702809900045395]",True
/content/MargDrishti/data/processed/crops/test/guarded_level_crossing/guarded_level_crossing-48_jpg.rf.e05baf4aef34be649d32d8e2f8011a04__761.0.jpg,19,guarded_level_crossing,19,guarded_level_crossing,0.9727468490600586,"[19, 68, 32]","[0.9727468490600586, 0.0026750664692372084, 0.0011598170967772603]",True
/content/MargDrishti/data/processed/crops/test/speed_limit_50/speed_limit_50-45_png.rf.e016f151c16270328d2fe81d44d8d7cc__762.0.jpg,55,speed_limit_50,55,speed_limit_50,0.8907133340835571,"[55, 57, 51]","[0.8907133340835571, 0.005290443077683449, 0.005171550903469324]",True
/content/MargDrishti/data/processed/crops/test/overtaking_prohibited/overtaking_prohibited-29_jpeg.rf.e0aa62d54dc1dc58187131d6474b00ff__763.0.jpg,35,overtaking_prohibited,35,overtaking_prohibited,0.8143083453178406,"[35, 20, 70]","[0.8143083453178406, 0.019050292670726776, 0.015206768177449703]",True
/content/MargDrishti/data/processed/crops/test/traffic_signal/traffic_signal-14_jpg.rf.e09f1e4a8fe2ad0e84050ae4b9671d9c__764.0.jpg,64,traffic_signal,64,traffic_signal,0.37249302864074707,"[64, 59, 68]","[0.37249302864074707, 0.09890685230493546, 0.042737703770399094]",True
/content/MargDrishti/data/processed/crops/test/compulsary_turn_left_ahead/compulsary_turn_left_ahead-19_jpg.rf.e08e0b2981e3e9951fdc84da7eb5dec8__765.0.jpg,11,compulsary_turn_left_ahead,11,compulsary_turn_left_ahead,0.7914864420890808,"[11, 12, 26]","[0.7914864420890808, 0.045928701758384705, 0.022400112822651863]",True
/content/MargDrishti/data/processed/crops/test/horn_prohibited/horn_prohibited-58_jpg.rf.e0fe8157d294b2b53345d1afaf7ed7ea__766.0.jpg,21,horn_prohibited,21,horn_prohibited,0.9348937273025513,"[21, 10, 1]","[0.9348937273025513, 0.006831688806414604, 0.006671024952083826]",True
/content/MargDrishti/data/processed/crops/test/narrow_road_ahead/narrow_road_ahead-65_png.rf.e23898c8cd64042932746fd1980b6363__767.0.jpg,31,narrow_road_ahead,31,narrow_road_ahead,0.793476939201355,"[31, 37, 14]","[0.793476939201355, 0.028263427317142487, 0.01582767814397812]",True
/content/MargDrishti/data/processed/crops/test/width_limit/width_limit-23_jpeg.rf.e2050e6c99020f198d94f970f50b927a__768.0.jpg,69,width_limit,69,width_limit,0.57052081823349,"[69, 27, 20]","[0.57052081823349, 0.11934290081262589, 0.09234265983104706]",True
/content/MargDrishti/data/processed/crops/test/gap_in_median/gap_in_median-3_jpg.rf.e1cd7dc720128a37c4969fd1c7984bfd__769.0.jpg,17,gap_in_median,17,gap_in_median,0.950152575969696,"[17, 32, 18]","[0.950152575969696, 0.0050315652042627335, 0.0035999806132167578]",True
/content/MargDrishti/data/processed/crops/test/cross_road/cross_road-5_jpg.rf.e167eaa536798ae5461efc72bb0bafa6__770.0.jpg,13,cross_road,13,cross_road,0.8956772089004517,"[13, 17, 22]","[0.8956772089004517, 0.007300063036382198, 0.0068366751074790955]",True
/content/MargDrishti/data/processed/crops/test/unguarded_level_crossing/unguarded_level_crossing-17_jpeg.rf.e322f135b582efcb10e2e524268a44a8__771.0.jpg,68,unguarded_level_crossing,68,unguarded_level_crossing,0.8792552947998047,"[68, 49, 23]","[0.8792552947998047, 0.01798122376203537, 0.009509804658591747]",True
/content/MargDrishti/data/processed/crops/test/side_road_right/side_road_right-24_jpg.rf.e300ff9c2dfb99ba9f7e2726b1d9b190__772.0.jpg,48,side_road_right,48,side_road_right,0.6134379506111145,"[48, 59, 19]","[0.6134379506111145, 0.051529329270124435, 0.04836980625987053]",True
/content/MargDrishti/data/processed/crops/test/speed_limit_80/speed_limit_80-13_png.rf.e36a1b7f8c739ba835876917e3ee951f__773.0.jpg,58,speed_limit_80,58,speed_limit_80,0.9142661094665527,"[58, 19, 39]","[0.9142661094665527, 0.006417658645659685, 0.0032343079801648855]",True
/content/MargDrishti/data/processed/crops/test/quay_side_or_river_bank/quay_side_or_river_bank-25_jpg.rf.e4b5f82afaee58eae401ef9c2909bd76__774.0.jpg,40,quay_side_or_river_bank,40,quay_side_or_river_bank,0.8749014139175415,"[40, 16, 53]","[0.8749014139175415, 0.007253951393067837, 0.006824117619544268]",True
/content/MargDrishti/data/processed/crops/test/speed_limit_50/speed_limit_50-11_jpg.rf.e520f49a631a8ac51081d1d875dbe517__775.0.jpg,55,speed_limit_50,55,speed_limit_50,0.8600099682807922,"[55, 56, 57]","[0.8600099682807922, 0.04244952276349068, 0.010984787717461586]",True
/content/MargDrishti/data/processed/crops/test/stop/stop-65_png.rf.e28b138cdb0031310334b9b6e51998fe__776.0.jpg,62,stop,62,stop,0.8883986473083496,"[62, 64, 53]","[0.8883986473083496, 0.007269692607223988, 0.006450118031352758]",True
/content/MargDrishti/data/processed/crops/test/width_limit/width_limit-44_jpg.rf.e569518e6f8fe0656d7b8d9875256dfd__777.0.jpg,69,width_limit,69,width_limit,0.8304573893547058,"[69, 27, 20]","[0.8304573893547058, 0.055567096918821335, 0.018338168039917946]",True
/content/MargDrishti/data/processed/crops/test/compulsary_turn_left_ahead/compulsary_turn_left_ahead-16_png.rf.e3a6a14603133c4d22a3eb30764a98c5__778.0.jpg,11,compulsary_turn_left_ahead,11,compulsary_turn_left_ahead,0.814382791519165,"[11, 26, 45]","[0.814382791519165, 0.01692454144358635, 0.014263519085943699]",True
/content/MargDrishti/data/processed/crops/test/loose_gravel/loose_gravel-6_jpeg.rf.e5c6d3d0bb1f12cb14dcf68f183f7775__779.0.jpg,28,loose_gravel,28,loose_gravel,0.8939854502677917,"[28, 16, 4]","[0.8939854502677917, 0.01105243619531393, 0.0047426666133105755]",True
/content/MargDrishti/data/processed/crops/test/compulsary_ahead_or_turn_left/compulsary_ahead_or_turn_left-23_png.rf.e5b98b4488355f7312c3bc89bbfc4556__780.0.jpg,6,compulsary_ahead_or_turn_left,6,compulsary_ahead_or_turn_left,0.7186897993087769,"[6, 45, 20]","[0.7186897993087769, 0.02706322818994522, 0.020547935739159584]",True
/content/MargDrishti/data/processed/crops/test/petrol_pump_ahead/petrol_pump_ahead-12_jpeg.rf.e5e3d015486358207212059c368e967f__781.0.jpg,39,petrol_pump_ahead,39,petrol_pump_ahead,0.9264199733734131,"[39, 8, 49]","[0.9264199733734131, 0.004970804322510958, 0.0035621626302599907]",True
/content/MargDrishti/data/processed/crops/test/chevron_direction/chevron_direction-39_jpg.rf.e60239b1f4a2d3b06cf6fea514561dfd__782.0.jpg,4,chevron_direction,4,chevron_direction,0.8623790144920349,"[4, 61, 60]","[0.8623790144920349, 0.02109992876648903, 0.013653204776346684]",True
/content/MargDrishti/data/processed/crops/test/side_road_right/side_road_right-8_jpeg.rf.e690bdd14ae0f986177bcc627c2efd01__783.0.jpg,48,side_road_right,48,side_road_right,0.8195321559906006,"[48, 59, 63]","[0.8195321559906006, 0.0517563633620739, 0.01963839679956436]",True
/content/MargDrishti/data/processed/crops/test/right_reverse_bend/right_reverse_bend-34_jpg.rf.e78a91f53eecb329f0c5a1852d6ef019__784.0.jpg,43,right_reverse_bend,43,right_reverse_bend,0.9391939640045166,"[43, 25, 9]","[0.9391939640045166, 0.006796461995691061, 0.002625265857204795]",True
/content/MargDrishti/data/processed/crops/test/compulsary_ahead_or_turn_right/compulsary_ahead_or_turn_right-12_png.rf.e78dce78e4da65633d5e7b19782d003a__785.0.jpg,7,compulsary_ahead_or_turn_right,7,compulsary_ahead_or_turn_right,0.9625903367996216,"[7, 5, 10]","[0.9625903367996216, 0.0031337591353803873, 0.0029136564116925]",True
/content/MargDrishti/data/processed/crops/test/right_turn_prohibited/right_turn_prohibited-69_jpg.rf.e7f7582ee2eb15c4eb8ec30dec475d6e__786.0.jpg,44,right_turn_prohibited,44,right_turn_prohibited,0.94499272108078,"[44, 63, 26]","[0.94499272108078, 0.00392560102045536, 0.0032136826775968075]",True
/content/MargDrishti/data/processed/crops/test/right_turn_prohibited/right_turn_prohibited-18_jpg.rf.e8fec90bbb3b0b1e726162263430e840__787.0.jpg,44,right_turn_prohibited,44,right_turn_prohibited,0.8821713328361511,"[44, 26, 63]","[0.8821713328361511, 0.01454032864421606, 0.009713041596114635]",True
/content/MargDrishti/data/processed/crops/test/speed_limit_30/speed_limit_30-19_png.rf.e868fdf3f41634f5941d511369a6cf5e__788.0.jpg,53,speed_limit_30,53,speed_limit_30,0.9426410794258118,"[53, 52, 14]","[0.9426410794258118, 0.004878571722656488, 0.0028308317996561527]",True
/content/MargDrishti/data/processed/crops/test/compulsary_turn_left_ahead/compulsary_turn_left_ahead-52_jpeg.rf.e90531e97ab259da2c9c0abad06e7a77__789.0.jpg,11,compulsary_turn_left_ahead,11,compulsary_turn_left_ahead,0.8415356278419495,"[11, 26, 10]","[0.8415356278419495, 0.010968891903758049, 0.010761772282421589]",True
/content/MargDrishti/data/processed/crops/test/left_turn_prohibited/left_turn_prohibited-4_jpg.rf.e9937573eb55a9f4019f399144a4c53c__790.0.jpg,26,left_turn_prohibited,26,left_turn_prohibited,0.5033243298530579,"[26, 67, 33]","[0.5033243298530579, 0.21133282780647278, 0.06458456069231033]",True
/content/MargDrishti/data/processed/crops/test/roundabout/roundabout-49_png.rf.e959b881865a5cf415128a898093b9fe__791.0.jpg,45,roundabout,45,roundabout,0.9266214966773987,"[45, 6, 36]","[0.9266214966773987, 0.0107183288782835, 0.009100132621824741]",True
/content/MargDrishti/data/processed/crops/test/bullock_cart_and_hand_cart_prohibited/bullock_cart_and_hand_cart_prohibited-57_png.rf.e98979977267fd91aa1eebfc78a23edc__792.0.jpg,2,bullock_cart_and_hand_cart_prohibited,38,pedestrian_prohibited,0.5960230231285095,"[38, 2, 65]","[0.5960230231285095, 0.20629891753196716, 0.016071338206529617]",False
/content/MargDrishti/data/processed/crops/test/pedestrian_prohibited/pedestrian_prohibited-4_png.rf.e96b174b39a973881a61cfd81fc0ebcf__793.0.jpg,38,pedestrian_prohibited,38,pedestrian_prohibited,0.9425117373466492,"[38, 33, 43]","[0.9425117373466492, 0.0036280620843172073, 0.0031034559942781925]",True
/content/MargDrishti/data/processed/crops/test/pedestrian_crossing/pedestrian_crossing-20_jpg.rf.ea0835f706a3df0ae316e6ce2aa4c6b0__794.0.jpg,37,pedestrian_crossing,37,pedestrian_crossing,0.9682601690292358,"[37, 17, 50]","[0.9682601690292358, 0.004802880808711052, 0.0015402553835883737]",True
/content/MargDrishti/data/processed/crops/test/compulsary_keep_left/compulsary_keep_left-49_jpg.rf.ea981cc1549021242093abff82bd690d__796.0.jpg,8,compulsary_keep_left,8,compulsary_keep_left,0.8187633752822876,"[8, 36, 33]","[0.8187633752822876, 0.043564438819885254, 0.02560357004404068]",True
/content/MargDrishti/data/processed/crops/test/speed_limit_60/speed_limit_60-26_png.rf.ead99064d3f1ab6f89d2f6886205ca4c__797.0.jpg,56,speed_limit_60,56,speed_limit_60,0.954091489315033,"[56, 58, 50]","[0.954091489315033, 0.006310731638222933, 0.0035373622085899115]",True
/content/MargDrishti/data/processed/crops/test/speed_limit_100/speed_limit_100-45_png.rf.ebf86033004396e3555957726c71939a__798.0.jpg,50,speed_limit_100,50,speed_limit_100,0.9840071797370911,"[50, 41, 51]","[0.9840071797370911, 0.0008573128143325448, 0.0007879192125983536]",True
/content/MargDrishti/data/processed/crops/test/left_reverse_bend/left_reverse_bend-37_png.rf.ead2bc4952d363d137538db085a4f271__799.0.jpg,25,left_reverse_bend,25,left_reverse_bend,0.8590025901794434,"[25, 43, 26]","[0.8590025901794434, 0.007664304226636887, 0.007490656804293394]",True
/content/MargDrishti/data/processed/crops/test/narrow_road_ahead/narrow_road_ahead-46_png.rf.eb970e5bd509c4578b0d92cd35d16364__800.0.jpg,31,narrow_road_ahead,31,narrow_road_ahead,0.9022681713104248,"[31, 47, 66]","[0.9022681713104248, 0.0072951484471559525, 0.004889029543846846]",True
/content/MargDrishti/data/processed/crops/test/traffic_signal/traffic_signal-1_jpg.rf.ebee733768fb73a36348d3051a52f54e__801.0.jpg,64,traffic_signal,64,traffic_signal,0.6681006550788879,"[64, 47, 68]","[0.6681006550788879, 0.030106347054243088, 0.025421280413866043]",True
/content/MargDrishti/data/processed/crops/test/no_stopping_or_standing/no_stopping_or_standing-40_jpg.rf.ed022e2a18d60ec2f97d3c69d97841ba__802.0.jpg,34,no_stopping_or_standing,34,no_stopping_or_standing,0.9791741967201233,"[34, 56, 54]","[0.9791741967201233, 0.0019054788863286376, 0.0014581542927771807]",True
/content/MargDrishti/data/processed/crops/test/left_reverse_bend/left_reverse_bend-24_png.rf.eeab5fd1940d3bb39fe443323de0dee0__803.0.jpg,25,left_reverse_bend,25,left_reverse_bend,0.9516310691833496,"[25, 19, 11]","[0.9516310691833496, 0.0024062904994934797, 0.0022484830114990473]",True
/content/MargDrishti/data/processed/crops/test/left_turn_prohibited/left_turn_prohibited-9_jpg.rf.ee4ff7b0608c7280911ad865db74c403__804.0.jpg,26,left_turn_prohibited,26,left_turn_prohibited,0.9751889109611511,"[26, 33, 25]","[0.9751889109611511, 0.0033254334703087807, 0.0019927392713725567]",True
/content/MargDrishti/data/processed/crops/test/cross_road/cross_road-16_jpg.rf.edd83a70fbf48cadb8c8ed18665e73ca__805.0.jpg,13,cross_road,13,cross_road,0.8897923231124878,"[13, 63, 7]","[0.8897923231124878, 0.004384531639516354, 0.004281742963939905]",True
/content/MargDrishti/data/processed/crops/test/hump_or_rough_road/hump_or_rough_road-2_jpg.rf.ed1f680656812dc61b9d0fb632e259ee__806.0.jpg,23,hump_or_rough_road,23,hump_or_rough_road,0.79222172498703,"[23, 15, 14]","[0.79222172498703, 0.013564001768827438, 0.00932818278670311]",True
/content/MargDrishti/data/processed/crops/test/narrow_road_ahead/narrow_road_ahead-21_jpg.rf.efc377bf84ac561173e7cc79c4136ec9__808.0.jpg,31,narrow_road_ahead,31,narrow_road_ahead,0.9117383360862732,"[31, 39, 47]","[0.9117383360862732, 0.005049498751759529, 0.003133828518912196]",True
/content/MargDrishti/data/processed/crops/test/cattle_ahead/cattle_ahead-20_jpg.rf.f0c20a21cc780ec88e921448b80df993__809.0.jpg,3,cattle_ahead,3,cattle_ahead,0.9528024196624756,"[3, 2, 63]","[0.9528024196624756, 0.0040362123399972916, 0.0018562390469014645]",True
/content/MargDrishti/data/processed/crops/test/right_turn_prohibited/right_turn_prohibited-24_jpg.rf.efe9a4c34d598ac8f07b1571fe640b73__810.0.jpg,44,right_turn_prohibited,44,right_turn_prohibited,0.8854498863220215,"[44, 33, 9]","[0.8854498863220215, 0.005985808093100786, 0.00588805740699172]",True
/content/MargDrishti/data/processed/crops/test/petrol_pump_ahead/petrol_pump_ahead-46_jpg.rf.f0fc76b33267e1fc483e9787f10c31f6__811.0.jpg,39,petrol_pump_ahead,39,petrol_pump_ahead,0.9745202660560608,"[39, 27, 22]","[0.9745202660560608, 0.003452054224908352, 0.002347742673009634]",True
/content/MargDrishti/data/processed/crops/test/u_turn_prohibited/u_turn_prohibited-1_jpg.rf.f1e94406cece9934023922da2f37a559__812.0.jpg,67,u_turn_prohibited,67,u_turn_prohibited,0.9100807905197144,"[67, 33, 26]","[0.9100807905197144, 0.006295005325227976, 0.005871979054063559]",True
/content/MargDrishti/data/processed/crops/test/compulsary_ahead_or_turn_left/compulsary_ahead_or_turn_left-13_png.rf.f16703d0114261c8ac259bf172d9ff52__813.0.jpg,6,compulsary_ahead_or_turn_left,6,compulsary_ahead_or_turn_left,0.9059757590293884,"[6, 7, 62]","[0.9059757590293884, 0.010429566726088524, 0.005482557229697704]",True
/content/MargDrishti/data/processed/crops/test/guarded_level_crossing/guarded_level_crossing-16_jpg.rf.f12cf17341ed8cc5a42f6f5948b47951__814.0.jpg,19,guarded_level_crossing,19,guarded_level_crossing,0.9528265595436096,"[19, 68, 1]","[0.9528265595436096, 0.007092476822435856, 0.0034362440928816795]",True
/content/MargDrishti/data/processed/crops/test/all_motor_vehicle_prohibited/all_motor_vehicle_prohibited-27_png.rf.f2204348bf7481d91c206ed1d4acc6eb__815.0.jpg,0,all_motor_vehicle_prohibited,0,all_motor_vehicle_prohibited,0.906754195690155,"[0, 68, 10]","[0.906754195690155, 0.008439397439360619, 0.007757576648145914]",True
/content/MargDrishti/data/processed/crops/test/guarded_level_crossing/guarded_level_crossing-55_png.rf.f24287b52edbae8baff20923ebfce61a__816.0.jpg,19,guarded_level_crossing,19,guarded_level_crossing,0.9663141369819641,"[19, 68, 25]","[0.9663141369819641, 0.009404574520885944, 0.002001324202865362]",True
/content/MargDrishti/data/processed/crops/test/roundabout/roundabout-31_jpg.rf.f2648005403ca01cbaf14165d5bc256e__817.0.jpg,45,roundabout,45,roundabout,0.8291646242141724,"[45, 20, 36]","[0.8291646242141724, 0.03203597664833069, 0.023081578314304352]",True
/content/MargDrishti/data/processed/crops/test/truck_prohibited/truck_prohibited-26_jpg.rf.f269a2598455fa85e29ea4e338e539d4__818.0.jpg,65,truck_prohibited,65,truck_prohibited,0.7904242277145386,"[65, 21, 33]","[0.7904242277145386, 0.06019296869635582, 0.01773243024945259]",True
/content/MargDrishti/data/processed/crops/test/pass_either_side/pass_either_side-7_jpeg.rf.f2987d2b430a357a12a02777c4233882__819.0.jpg,36,pass_either_side,36,pass_either_side,0.9006707668304443,"[36, 8, 70]","[0.9006707668304443, 0.015578320249915123, 0.010547174140810966]",True
/content/MargDrishti/data/processed/crops/test/compulsary_keep_left/compulsary_keep_left-5_jpg.rf.f332b48243f607dbc0d49fa2b1db6b24__820.0.jpg,8,compulsary_keep_left,8,compulsary_keep_left,0.8351723551750183,"[8, 36, 60]","[0.8351723551750183, 0.0293347779661417, 0.015460310503840446]",True
/content/MargDrishti/data/processed/crops/test/steep_ascent/steep_ascent-42_jpg.rf.f41e932fab735608bd26adbabe6ae110__821.0.jpg,60,steep_ascent,60,steep_ascent,0.9339268207550049,"[60, 61, 10]","[0.9339268207550049, 0.009861175902187824, 0.0023476239293813705]",True
/content/MargDrishti/data/processed/crops/test/narrow_road_ahead/narrow_road_ahead-37_jpg.rf.f305326c6e6e5c2f5e34c583d1994590__822.0.jpg,31,narrow_road_ahead,31,narrow_road_ahead,0.9106847047805786,"[31, 39, 27]","[0.9106847047805786, 0.004749128594994545, 0.0035794072318822145]",True
/content/MargDrishti/data/processed/crops/test/overtaking_prohibited/overtaking_prohibited-48_jpg.rf.f42ce0bd2e7a9e26ee28e93bae0148ee__823.0.jpg,35,overtaking_prohibited,35,overtaking_prohibited,0.8304368257522583,"[35, 36, 20]","[0.8304368257522583, 0.0240976270288229, 0.012187745422124863]",True
/content/MargDrishti/data/processed/crops/test/compulsary_keep_right/compulsary_keep_right-61_png.rf.f43b83852635d8c49aaae599a8b4fad1__824.0.jpg,9,compulsary_keep_right,9,compulsary_keep_right,0.7713490724563599,"[9, 36, 22]","[0.7713490724563599, 0.022677725180983543, 0.020386967808008194]",True
/content/MargDrishti/data/processed/crops/test/dangerous_dip/dangerous_dip-12_jpg.rf.f48dc5847b708281e6473f1b9cfd770a__825.0.jpg,15,dangerous_dip,15,dangerous_dip,0.9717537760734558,"[15, 45, 65]","[0.9717537760734558, 0.0033502313308417797, 0.0022879200987517834]",True
/content/MargDrishti/data/processed/crops/test/speed_limit_30/speed_limit_30-66_png.rf.f4a1077851398f0e298eddf454e8b568__826.0.jpg,53,speed_limit_30,53,speed_limit_30,0.9017706513404846,"[53, 52, 69]","[0.9017706513404846, 0.014341013506054878, 0.0060941600240767]",True
/content/MargDrishti/data/processed/crops/test/speed_limit_120/speed_limit_120-0_png.rf.f53c1698e7b22f821ff638618d356371__827.0.jpg,51,speed_limit_120,51,speed_limit_120,0.7633034586906433,"[51, 57, 52]","[0.7633034586906433, 0.06767436861991882, 0.03857109695672989]",True
/content/MargDrishti/data/processed/crops/test/no_parking/no_parking-46_jpg.rf.f52e248db939dd0172b9f1d7b5a578a9__828.0.jpg,33,no_parking,33,no_parking,0.9229711890220642,"[33, 34, 69]","[0.9229711890220642, 0.01638031005859375, 0.005603043362498283]",True
/content/MargDrishti/data/processed/crops/test/u_turn/u_turn-55_jpg.rf.f4c357a39a53b542317fd00397e05b0f__829.0.jpg,66,u_turn,66,u_turn,0.965647280216217,"[66, 67, 37]","[0.965647280216217, 0.005047759041190147, 0.002102087950333953]",True
/content/MargDrishti/data/processed/crops/test/u_turn/u_turn-42_jpg.rf.f5b2ae919e32736e211312a03dc67664__831.0.jpg,66,u_turn,66,u_turn,0.964566707611084,"[66, 67, 47]","[0.964566707611084, 0.013606968335807323, 0.0015951005043461919]",True
/content/MargDrishti/data/processed/crops/test/compulsary_turn_left_ahead/compulsary_turn_left_ahead-29_jpg.rf.f610eefc2fe591fa2f46c66b327ba44a__832.0.jpg,11,compulsary_turn_left_ahead,11,compulsary_turn_left_ahead,0.8069233298301697,"[11, 25, 26]","[0.8069233298301697, 0.015968220308423042, 0.01256707962602377]",True
/content/MargDrishti/data/processed/crops/test/compulsary_ahead_or_turn_right/compulsary_ahead_or_turn_right-57_png.rf.f5d46542a4e45f86530e2f9892a1209b__833.0.jpg,7,compulsary_ahead_or_turn_right,7,compulsary_ahead_or_turn_right,0.9377792477607727,"[7, 5, 1]","[0.9377792477607727, 0.006385467015206814, 0.005367920268326998]",True
/content/MargDrishti/data/processed/crops/test/school_ahead/school_ahead-34_jpg.rf.f73f545b50536ae75a529f184cdb67b3__834.0.jpg,46,school_ahead,46,school_ahead,0.9558745622634888,"[46, 37, 29]","[0.9558745622634888, 0.007153078448027372, 0.004755573347210884]",True
/content/MargDrishti/data/processed/crops/test/cycle_crossing/cycle_crossing-46_png.rf.f7ec623aa02293255723300f723d335c__835.0.jpg,14,cycle_crossing,14,cycle_crossing,0.8656648397445679,"[14, 23, 49]","[0.8656648397445679, 0.009187023155391216, 0.007432233542203903]",True
/content/MargDrishti/data/processed/crops/test/school_ahead/school_ahead-14_jpg.rf.f767dc9655f3991f62efe76cfbd374ea__836.0.jpg,46,school_ahead,46,school_ahead,0.9328587055206299,"[46, 37, 28]","[0.9328587055206299, 0.008788243867456913, 0.0030465612653642893]",True
/content/MargDrishti/data/processed/crops/test/narrow_road_ahead/narrow_road_ahead-39_png.rf.f76220d234d327adda22e51fc659456a__837.0.jpg,31,narrow_road_ahead,31,narrow_road_ahead,0.8924477100372314,"[31, 64, 39]","[0.8924477100372314, 0.007089375983923674, 0.006344744935631752]",True
/content/MargDrishti/data/processed/crops/test/traffic_signal/traffic_signal-34_png.rf.f78e2c97d8f1842f8017bebf3d61f312__838.0.jpg,64,traffic_signal,64,traffic_signal,0.9506189823150635,"[64, 47, 16]","[0.9506189823150635, 0.0028754277154803276, 0.002586969407275319]",True
/content/MargDrishti/data/processed/crops/test/falling_rocks/falling_rocks-63_jpg.rf.f8893b101e2a501746c97fa2937a5efd__839.0.jpg,16,falling_rocks,16,falling_rocks,0.8032680153846741,"[16, 70, 68]","[0.8032680153846741, 0.018112702295184135, 0.015645135194063187]",True
/content/MargDrishti/data/processed/crops/test/school_ahead/school_ahead-8_jpg.rf.f8c76c3705f3a0fe4b426fe4a3b79bf5__840.0.jpg,46,school_ahead,46,school_ahead,0.697145402431488,"[46, 29, 43]","[0.697145402431488, 0.02537098340690136, 0.02175537683069706]",True
/content/MargDrishti/data/processed/crops/test/steep_descent/steep_descent-12_png.rf.f8db282a707884f70d7f0b632c57e6b1__841.0.jpg,61,steep_descent,61,steep_descent,0.8370333313941956,"[61, 65, 60]","[0.8370333313941956, 0.02486725151538849, 0.017977209761738777]",True
/content/MargDrishti/data/processed/crops/test/speed_limit_70/speed_limit_70-59_png.rf.f8df6d2d1954bc1c57fe1f85c710f42d__842.0.jpg,57,speed_limit_70,57,speed_limit_70,0.8046543598175049,"[57, 37, 55]","[0.8046543598175049, 0.011738559231162071, 0.011338634416460991]",True
/content/MargDrishti/data/processed/crops/test/roundabout/roundabout-39_jpg.rf.f96adca9252f433c148cc42f62b0b535__843.0.jpg,45,roundabout,45,roundabout,0.9323276877403259,"[45, 46, 24]","[0.9323276877403259, 0.006253605708479881, 0.0055430009961128235]",True
/content/MargDrishti/data/processed/crops/test/petrol_pump_ahead/petrol_pump_ahead-34_png.rf.f977400c61e442fa6fa7504351e61291__844.0.jpg,39,petrol_pump_ahead,39,petrol_pump_ahead,0.9106922149658203,"[39, 22, 61]","[0.9106922149658203, 0.013280805200338364, 0.007034804206341505]",True
/content/MargDrishti/data/processed/crops/test/compulsary_turn_right_ahead/compulsary_turn_right_ahead-19_png.rf.f9ab5a105cf87383e86bb91278b55eeb__845.0.jpg,12,compulsary_turn_right_ahead,12,compulsary_turn_right_ahead,0.9665751457214355,"[12, 39, 27]","[0.9665751457214355, 0.0026571019552648067, 0.0018095641862601042]",True
/content/MargDrishti/data/processed/crops/test/quay_side_or_river_bank/quay_side_or_river_bank-65_jpeg.rf.f929bbf348fe9bb5808274d92bdaadb8__846.0.jpg,40,quay_side_or_river_bank,68,unguarded_level_crossing,0.43632039427757263,"[68, 40, 61]","[0.43632039427757263, 0.27351224422454834, 0.06298940628767014]",False
/content/MargDrishti/data/processed/crops/test/horn_prohibited/horn_prohibited-0_jpg.rf.f9f75c00a9cc0e0b3b8479ecd02e6cf6__847.0.jpg,21,horn_prohibited,21,horn_prohibited,0.9232073426246643,"[21, 1, 65]","[0.9232073426246643, 0.0069633228704333305, 0.0048948004841804504]",True
/content/MargDrishti/data/processed/crops/test/compulsary_turn_right_ahead/compulsary_turn_right_ahead-36_png.rf.fa33831033e44e184eb2128d97284802__848.0.jpg,12,compulsary_turn_right_ahead,12,compulsary_turn_right_ahead,0.9406360983848572,"[12, 7, 62]","[0.9406360983848572, 0.005381365306675434, 0.002568220254033804]",True
/content/MargDrishti/data/processed/crops/test/right_turn_prohibited/right_turn_prohibited-19_jpg.rf.f9da789c323011d5812a563d64437a8e__849.0.jpg,44,right_turn_prohibited,44,right_turn_prohibited,0.9330315589904785,"[44, 63, 33]","[0.9330315589904785, 0.005385546013712883, 0.004579971544444561]",True
/content/MargDrishti/data/processed/crops/test/compulsary_sound_horn/compulsary_sound_horn-14_jpg.rf.fa64a36673f16094ad8e54e6d4c7daa6__850.0.jpg,10,compulsary_sound_horn,10,compulsary_sound_horn,0.8575766086578369,"[10, 7, 12]","[0.8575766086578369, 0.04870918020606041, 0.017491808161139488]",True
/content/MargDrishti/data/processed/crops/test/speed_limit_20/speed_limit_20-1_jpg.rf.fa818d6a7dda1e9af78578a165b1f7c9__851.0.jpg,52,speed_limit_20,52,speed_limit_20,0.8837670087814331,"[52, 51, 69]","[0.8837670087814331, 0.038447342813014984, 0.010104300454258919]",True
/content/MargDrishti/data/processed/crops/test/compulsary_ahead_or_turn_right/compulsary_ahead_or_turn_right-2_png.rf.fa6b9033f3047f684f9b7b700d2faf5c__852.0.jpg,7,compulsary_ahead_or_turn_right,7,compulsary_ahead_or_turn_right,0.9392797350883484,"[7, 9, 48]","[0.9392797350883484, 0.0068834577687084675, 0.003501223400235176]",True
/content/MargDrishti/data/processed/crops/test/right_turn_prohibited/right_turn_prohibited-28_jpg.rf.faa39dd1372a55521fec877180a73313__853.0.jpg,44,right_turn_prohibited,44,right_turn_prohibited,0.8483222126960754,"[44, 33, 63]","[0.8483222126960754, 0.015480227768421173, 0.008331261575222015]",True
/content/MargDrishti/data/processed/crops/test/speed_limit_50/speed_limit_50-39_png.rf.fb09651ec85b90938a07a34371f82337__854.0.jpg,55,speed_limit_50,55,speed_limit_50,0.8846027255058289,"[55, 56, 51]","[0.8846027255058289, 0.00855827983468771, 0.008170095272362232]",True
/content/MargDrishti/data/processed/crops/test/all_motor_vehicle_prohibited/all_motor_vehicle_prohibited-17_jpg.rf.fba39c800886c37b72472695ed342657__855.0.jpg,0,all_motor_vehicle_prohibited,0,all_motor_vehicle_prohibited,0.7350816130638123,"[0, 10, 68]","[0.7350816130638123, 0.026930533349514008, 0.02430354803800583]",True
/content/MargDrishti/data/processed/crops/test/slippery_road/slippery_road-13_jpg.rf.fbbdee971a25a3ae3d8f248abba9f9a9__856.0.jpg,49,slippery_road,49,slippery_road,0.925162672996521,"[49, 63, 40]","[0.925162672996521, 0.004049848299473524, 0.0034977260511368513]",True
/content/MargDrishti/data/processed/crops/test/right_reverse_bend/right_reverse_bend-21_jpg.rf.fbd1f6c9dec22cb80053e6845fc62240__857.0.jpg,43,right_reverse_bend,43,right_reverse_bend,0.9403091669082642,"[43, 25, 10]","[0.9403091669082642, 0.01306514348834753, 0.0031146600376814604]",True
/content/MargDrishti/data/processed/crops/test/all_motor_vehicle_prohibited/all_motor_vehicle_prohibited-33_JPG.rf.fb5d57a1ffc95dde5dac38bf43f72eae__858.0.jpg,0,all_motor_vehicle_prohibited,0,all_motor_vehicle_prohibited,0.9549795389175415,"[0, 40, 68]","[0.9549795389175415, 0.009197537787258625, 0.0037227938883006573]",True
/content/MargDrishti/data/processed/crops/test/compulsary_keep_left/compulsary_keep_left-45_png.rf.fc6e63860f567af8c2e167a89d19542b__859.0.jpg,8,compulsary_keep_left,8,compulsary_keep_left,0.9756194353103638,"[8, 9, 60]","[0.9756194353103638, 0.006706602871417999, 0.0032147744204849005]",True
/content/MargDrishti/data/processed/crops/test/u_turn_prohibited/u_turn_prohibited-36_jpg.rf.fccee9520b66b0e762cfe9c13f95ef82__860.0.jpg,67,u_turn_prohibited,67,u_turn_prohibited,0.9790803790092468,"[67, 26, 66]","[0.9790803790092468, 0.006068349350243807, 0.0013943685917183757]",True
/content/MargDrishti/data/processed/crops/test/compulsary_keep_left/compulsary_keep_left-32_jpg.rf.fc6879a87039d6ba73c3d820aa93077a__861.0.jpg,8,compulsary_keep_left,8,compulsary_keep_left,0.9303650856018066,"[8, 60, 36]","[0.9303650856018066, 0.0030087807681411505, 0.0029149993788450956]",True
/content/MargDrishti/data/processed/crops/test/speed_limit_120/speed_limit_120-13_jpeg.rf.fcd27e9053b9a3555e1b42386983c0a8__862.0.jpg,51,speed_limit_120,51,speed_limit_120,0.9567860960960388,"[51, 50, 27]","[0.9567860960960388, 0.009526914916932583, 0.008442822843790054]",True
/content/MargDrishti/data/processed/crops/test/side_road_right/side_road_right-43_jpg.rf.fd6eaa8edcd12c9703cd34f38b9b3d05__863.0.jpg,48,side_road_right,48,side_road_right,0.860104501247406,"[48, 59, 47]","[0.860104501247406, 0.04765568673610687, 0.011051610112190247]",True
/content/MargDrishti/data/processed/crops/test/speed_limit_100/speed_limit_100-30_png.rf.fdb69478a421d28a72df6bf247861d12__864.0.jpg,50,speed_limit_100,50,speed_limit_100,0.9718045592308044,"[50, 51, 19]","[0.9718045592308044, 0.0027527841739356518, 0.0014817619230598211]",True
/content/MargDrishti/data/processed/crops/test/compulsary_ahead_or_turn_left/compulsary_ahead_or_turn_left-4_jpg.rf.fd9e724b8004b7eeb2579dc1f9e0fbb2__865.0.jpg,6,compulsary_ahead_or_turn_left,6,compulsary_ahead_or_turn_left,0.9285992383956909,"[6, 36, 7]","[0.9285992383956909, 0.018261369317770004, 0.005688722711056471]",True
/content/MargDrishti/data/processed/crops/test/no_parking/no_parking-23_jpg.rf.fdd441a3c2ed22f3a403ea8374d1fd14__866.0.jpg,33,no_parking,33,no_parking,0.9124778509140015,"[33, 22, 67]","[0.9124778509140015, 0.0035837164614349604, 0.0034648007713258266]",True
/content/MargDrishti/data/processed/crops/test/speed_limit_120/speed_limit_120-63_png.rf.ff289fa973e5d72e340566eadb68097c__867.0.jpg,51,speed_limit_120,51,speed_limit_120,0.8671244382858276,"[51, 18, 50]","[0.8671244382858276, 0.008461800403892994, 0.00758439302444458]",True
/content/MargDrishti/data/processed/crops/test/axle_load_limit/axle_load_limit-29_jpg.rf.ff5bfe5ec824e59fc531775539d8555c__868.0.jpg,1,axle_load_limit,1,axle_load_limit,0.6721317768096924,"[1, 52, 2]","[0.6721317768096924, 0.032124295830726624, 0.02624071016907692]",True
/content/MargDrishti/data/processed/crops/test/left_reverse_bend/left_reverse_bend-20_jpg.rf.ffe831fe4c033e94e8f1ea6970b8770a__869.0.jpg,25,left_reverse_bend,25,left_reverse_bend,0.9763392210006714,"[25, 70, 47]","[0.9763392210006714, 0.00916545744985342, 0.0018675531027838588]",True
/content/MargDrishti/data/processed/crops/test/narrow_road_ahead/narrow_road_ahead-43_png.rf.ff3ce8cc97b8dafcf7ca98501e8eb6bc__870.0.jpg,31,narrow_road_ahead,31,narrow_road_ahead,0.8922324776649475,"[31, 39, 5]","[0.8922324776649475, 0.0049787466414272785, 0.004940903279930353]",True
