path,true_idx,true_name,pred_idx,pred_name,confidence,top3_indices,top3_probs,correct
/content/MargDrishti/data/processed/crops/test/no_stopping_or_standing/no_stopping_or_standing-57_jpg.rf.0418ee94c194e36efeed2bac26406363__0.0.jpg,34,no_stopping_or_standing,62,stop,0.014236987568438053,"[62, 33, 22]","[0.014236987568438053, 0.014201316051185131, 0.014197571203112602]",False
/content/MargDrishti/data/processed/crops/test/slippery_road/slippery_road-47_png.rf.049f06bd08af457d75dd31aa2b1d8914__1.0.jpg,49,slippery_road,62,stop,0.014236987568438053,"[62, 33, 22]","[0.014236987568438053, 0.014201316051185131, 0.014197571203112602]",False
/content/MargDrishti/data/processed/crops/test/overtaking_prohibited/overtaking_prohibited-12_jpg.rf.01da5d854e92036a005dc09147817f47__2.0.jpg,35,overtaking_prohibited,70,y_intersection,0.026618657633662224,"[70, 24, 32]","[0.026618657633662224, 0.023672988638281822, 0.02317732386291027]",False
/content/MargDrishti/data/processed/crops/test/cattle_ahead/cattle_ahead-25_jpg.rf.0746d45fbf46c067f63e3d12a88c0120__3.0.jpg,3,cattle_ahead,62,stop,0.014236987568438053,"[62, 33, 22]","[0.014236987568438053, 0.014201316051185131, 0.014197571203112602]",False
/content/MargDrishti/data/processed/crops/test/all_motor_vehicle_prohibited/all_motor_vehicle_prohibited-13_jpg.rf.0889f592fa6098d98bfee5b3b16939c0__4.0.jpg,0,all_motor_vehicle_prohibited,62,stop,0.014236987568438053,"[62, 33, 22]","[0.014236987568438053, 0.014201316051185131, 0.014197571203112602]",False
/content/MargDrishti/data/processed/crops/test/pass_either_side/pass_either_side-27_jpg.rf.0400651216882f78f36d6112ecbfb28e__5.0.jpg,36,pass_either_side,62,stop,0.014236987568438053,"[62, 33, 22]","[0.014236987568438053, 0.014201316051185131, 0.014197571203112602]",False
/content/MargDrishti/data/processed/crops/test/traffic_signal/traffic_signal-52_png.rf.0907c89e65c3767abf4b2cb72098de91__6.0.jpg,64,traffic_signal,62,stop,0.014236987568438053,"[62, 33, 22]","[0.014236987568438053, 0.014201316051185131, 0.014197571203112602]",False
/content/MargDrishti/data/processed/crops/test/narrow_bridge_ahead/narrow_bridge_ahead-31_jpeg.rf.007a6e53fe0e1ec0fcde65e5c662e19f__7.0.jpg,30,narrow_bridge_ahead,62,stop,0.014236987568438053,"[62, 33, 22]","[0.014236987568438053, 0.014201316051185131, 0.014197571203112602]",False
/content/MargDrishti/data/processed/crops/test/pass_either_side/pass_either_side-55_jpg.rf.0199606abae971cd3a9f85eda75c98c2__8.0.jpg,36,pass_either_side,62,stop,0.014236987568438053,"[62, 33, 22]","[0.014236987568438053, 0.014201316051185131, 0.014197571203112602]",False
/content/MargDrishti/data/processed/crops/test/stop/stop-43_png.rf.06f95c1d1747191af9626cc43ab8a209__9.0.jpg,62,stop,62,stop,0.014236987568438053,"[62, 33, 22]","[0.014236987568438053, 0.014201316051185131, 0.014197571203112602]",True
/content/MargDrishti/data/processed/crops/test/quay_side_or_river_bank/quay_side_or_river_bank-56_jpg.rf.018c2f9ad535e652b18eb93da42e6dc5__10.0.jpg,40,quay_side_or_river_bank,62,stop,0.014236987568438053,"[62, 33, 22]","[0.014236987568438053, 0.014201316051185131, 0.014197571203112602]",False
/content/MargDrishti/data/processed/crops/test/compulsary_ahead_or_turn_left/compulsary_ahead_or_turn_left-40_png.rf.01cf56bd84a0f2a8c299b69202273f1b__11.0.jpg,6,compulsary_ahead_or_turn_left,3,cattle_ahead,0.014619994908571243,"[3, 16, 43]","[0.014619994908571243, 0.014585944823920727, 0.014582960866391659]",False
/content/MargDrishti/data/processed/crops/test/loose_gravel/loose_gravel-25_jpeg.rf.0316048851cc995789d1396baeba2651__12.0.jpg,28,loose_gravel,62,stop,0.014236987568438053,"[62, 33, 22]","[0.014236987568438053, 0.014201316051185131, 0.014197571203112602]",False
/content/MargDrishti/data/processed/crops/test/left_reverse_bend/left_reverse_bend-56_jpg.rf.00595c45897ab9380b024a578bca58fa__13.0.jpg,25,left_reverse_bend,62,stop,0.014236987568438053,"[62, 33, 22]","[0.014236987568438053, 0.014201316051185131, 0.014197571203112602]",False
/content/MargDrishti/data/processed/crops/test/unguarded_level_crossing/unguarded_level_crossing-1_jpg.rf.03dc44ae0c8b55a99e17ba31a698f5af__14.0.jpg,68,unguarded_level_crossing,41,restriction_ends,0.04977321997284889,"[41, 19, 55]","[0.04977321997284889, 0.045225635170936584, 0.03577625751495361]",False
/content/MargDrishti/data/processed/crops/test/speed_limit_100/speed_limit_100-8_jpg.rf.00c887b207dd2e4ca4800a0ec1c84491__15.0.jpg,50,speed_limit_100,19,guarded_level_crossing,0.056179944425821304,"[19, 41, 55]","[0.056179944425821304, 0.05552529916167259, 0.04196318984031677]",False
/content/MargDrishti/data/processed/crops/test/bullock_cart_and_hand_cart_prohibited/bullock_cart_and_hand_cart_prohibited-7_jpeg.rf.00713880fce71f8310e055bf5b47cc65__16.0.jpg,2,bullock_cart_and_hand_cart_prohibited,62,stop,0.014236987568438053,"[62, 33, 22]","[0.014236987568438053, 0.014201316051185131, 0.014197571203112602]",False
/content/MargDrishti/data/processed/crops/test/slippery_road/slippery_road-43_png.rf.08dadc118192c2c315c8895840a28852__17.0.jpg,49,slippery_road,62,stop,0.014236987568438053,"[62, 33, 22]","[0.014236987568438053, 0.014201316051185131, 0.014197571203112602]",False
/content/MargDrishti/data/processed/crops/test/school_ahead/school_ahead-41_jpg.rf.0380a3ac9531c1ec1116a260593bcba8__18.0.jpg,46,school_ahead,62,stop,0.014236987568438053,"[62, 33, 22]","[0.014236987568438053, 0.014201316051185131, 0.014197571203112602]",False
/content/MargDrishti/data/processed/crops/test/all_motor_vehicle_prohibited/all_motor_vehicle_prohibited-57_jpg.rf.05a4f0ec8cba6c82442d358b452af29b__19.0.jpg,0,all_motor_vehicle_prohibited,62,stop,0.014236987568438053,"[62, 33, 22]","[0.014236987568438053, 0.014201316051185131, 0.014197571203112602]",False
/content/MargDrishti/data/processed/crops/test/speed_limit_100/speed_limit_100-12_png.rf.011f68db4be6ebd4e60b1bc7df1cb8cc__20.0.jpg,50,speed_limit_100,5,compulsary_ahead,0.04899735748767853,"[5, 51, 29]","[0.04899735748767853, 0.04703253135085106, 0.0456177294254303]",False
/content/MargDrishti/data/processed/crops/test/u_turn/u_turn-59_jpg.rf.071848948699187281cdce117b6a8d8b__21.0.jpg,66,u_turn,62,stop,0.014236987568438053,"[62, 33, 22]","[0.014236987568438053, 0.014201316051185131, 0.014197571203112602]",False
/content/MargDrishti/data/processed/crops/test/compulsary_keep_right/compulsary_keep_right-55_jpeg.rf.004275d2b041bf903452e88a48ae4427__22.0.jpg,9,compulsary_keep_right,62,stop,0.014236987568438053,"[62, 33, 22]","[0.014236987568438053, 0.014201316051185131, 0.014197571203112602]",False
/content/MargDrishti/data/processed/crops/test/right_hand_curve/right_hand_curve-31_jpg.rf.09173d73428cb9d3755bf73d1dd0b50d__23.0.jpg,42,right_hand_curve,70,y_intersection,0.02272976003587246,"[70, 24, 32]","[0.02272976003587246, 0.020853225141763687, 0.020554976537823677]",False
/content/MargDrishti/data/processed/crops/test/compulsary_turn_right_ahead/compulsary_turn_right_ahead-40_png.rf.009fe9aa525e4c953667d31181261873__24.0.jpg,12,compulsary_turn_right_ahead,43,right_reverse_bend,0.015100217424333096,"[43, 12, 2]","[0.015100217424333096, 0.01501310896128416, 0.01492683682590723]",False
/content/MargDrishti/data/processed/crops/test/stop/stop-49_png.rf.00191c18675c69b2e9a6c42e1d23f42c__25.0.jpg,62,stop,62,stop,0.014236987568438053,"[62, 33, 22]","[0.014236987568438053, 0.014201316051185131, 0.014197571203112602]",True
/content/MargDrishti/data/processed/crops/test/right_hand_curve/right_hand_curve-29_jpg.rf.099bd1485a38dc18043e33f22c30ceb7__26.0.jpg,42,right_hand_curve,62,stop,0.014236987568438053,"[62, 33, 22]","[0.014236987568438053, 0.014201316051185131, 0.014197571203112602]",False
/content/MargDrishti/data/processed/crops/test/speed_limit_30/speed_limit_30-30_png.rf.0953b6a01b8814577d3be9ca4706f603__27.0.jpg,53,speed_limit_30,62,stop,0.014236987568438053,"[62, 33, 22]","[0.014236987568438053, 0.014201316051185131, 0.014197571203112602]",False
/content/MargDrishti/data/processed/crops/test/steep_ascent/steep_ascent-32_jpg.rf.097a122f5aba86d2fc3891250be17858__28.0.jpg,60,steep_ascent,62,stop,0.014236987568438053,"[62, 33, 22]","[0.014236987568438053, 0.014201316051185131, 0.014197571203112602]",False
/content/MargDrishti/data/processed/crops/test/speed_limit_120/speed_limit_120-31_png.rf.09a5f6e2a9ada83f591de2ae553153b4__29.0.jpg,51,speed_limit_120,47,side_road_left,0.03940435126423836,"[47, 17, 51]","[0.03940435126423836, 0.035029977560043335, 0.029754115268588066]",False
/content/MargDrishti/data/processed/crops/test/slippery_road/slippery_road-57_jpg.rf.09c09f3fc2a7c4623e02869471824530__30.0.jpg,49,slippery_road,62,stop,0.014236987568438053,"[62, 33, 22]","[0.014236987568438053, 0.014201316051185131, 0.014197571203112602]",False
/content/MargDrishti/data/processed/crops/test/no_stopping_or_standing/no_stopping_or_standing-0_jpeg.rf.0c6026c2a0bffcfbd86192871e58b3d4__31.0.jpg,34,no_stopping_or_standing,62,stop,0.014236987568438053,"[62, 33, 22]","[0.014236987568438053, 0.014201316051185131, 0.014197571203112602]",False
/content/MargDrishti/data/processed/crops/test/all_motor_vehicle_prohibited/all_motor_vehicle_prohibited-55_jpg.rf.0a89d9d26e02ab286399b0a2dfbeb4ef__32.0.jpg,0,all_motor_vehicle_prohibited,67,u_turn_prohibited,0.040435921400785446,"[67, 0, 11]","[0.040435921400785446, 0.039191342890262604, 0.038166593760252]",False
/content/MargDrishti/data/processed/crops/test/left_reverse_bend/left_reverse_bend-19_png.rf.0c5e4a4326cab84351eef6e7478098e8__34.0.jpg,25,left_reverse_bend,62,stop,0.014236987568438053,"[62, 33, 22]","[0.014236987568438053, 0.014201316051185131, 0.014197571203112602]",False
/content/MargDrishti/data/processed/crops/test/axle_load_limit/axle_load_limit-40_jpg.rf.0c33bee526eb8d518f018a68a1e6301f__35.0.jpg,1,axle_load_limit,67,u_turn_prohibited,0.014868226833641529,"[67, 52, 11]","[0.014868226833641529, 0.014848855324089527, 0.014816965907812119]",False
/content/MargDrishti/data/processed/crops/test/truck_prohibited/truck_prohibited-5_png.rf.0ccdf4c16c2554d61a127ee6760adfce__36.0.jpg,65,truck_prohibited,62,stop,0.014236987568438053,"[62, 33, 22]","[0.014236987568438053, 0.014201316051185131, 0.014197571203112602]",False
/content/MargDrishti/data/processed/crops/test/u_turn_prohibited/u_turn_prohibited-40_jpg.rf.0c8dfe51efc3a7b1e7961e1438c504d6__37.0.jpg,67,u_turn_prohibited,62,stop,0.014236987568438053,"[62, 33, 22]","[0.014236987568438053, 0.014201316051185131, 0.014197571203112602]",False
/content/MargDrishti/data/processed/crops/test/t_intersection/t_intersection-17_jpeg.rf.0ced7ae03d25f9175038ee045b1fb36d__38.0.jpg,63,t_intersection,62,stop,0.014236987568438053,"[62, 33, 22]","[0.014236987568438053, 0.014201316051185131, 0.014197571203112602]",False
/content/MargDrishti/data/processed/crops/test/speed_limit_20/speed_limit_20-44_png.rf.0d262841165fa20c08be0ad755c90af2__39.0.jpg,52,speed_limit_20,62,stop,0.014236987568438053,"[62, 33, 22]","[0.014236987568438053, 0.014201316051185131, 0.014197571203112602]",False
/content/MargDrishti/data/processed/crops/test/narrow_bridge_ahead/narrow_bridge_ahead-72_jpg.rf.0d5d9560d1ec8f4ca5c406c69d191301__40.0.jpg,30,narrow_bridge_ahead,62,stop,0.014236987568438053,"[62, 33, 22]","[0.014236987568438053, 0.014201316051185131, 0.014197571203112602]",False
/content/MargDrishti/data/processed/crops/test/hospital_ahead/hospital_ahead-7_jpg.rf.0d8defd98b507d76306e90f961bb327f__42.0.jpg,22,hospital_ahead,62,stop,0.014236987568438053,"[62, 33, 22]","[0.014236987568438053, 0.014201316051185131, 0.014197571203112602]",False
/content/MargDrishti/data/processed/crops/test/chevron_direction/chevron_direction-52_jpg.rf.0e2e93275ef7bb5c90bd87284bc3336e__43.0.jpg,4,chevron_direction,3,cattle_ahead,0.01658635213971138,"[3, 16, 10]","[0.01658635213971138, 0.016559816896915436, 0.016375645995140076]",False
/content/MargDrishti/data/processed/crops/test/left_hand_curve/left_hand_curve-64_jpg.rf.0da4ceb3ffba657a6a8a82c3c9ee5bae__44.0.jpg,24,left_hand_curve,70,y_intersection,0.014656523242592812,"[70, 32, 24]","[0.014656523242592812, 0.014627911150455475, 0.01458137296140194]",False
/content/MargDrishti/data/processed/crops/test/length_limit/length_limit-38_jpg.rf.0e9f2e8a4c48e1c2db427acf5d8c3683__45.0.jpg,27,length_limit,67,u_turn_prohibited,0.029040275141596794,"[67, 0, 11]","[0.029040275141596794, 0.02838999219238758, 0.027966197580099106]",False
/content/MargDrishti/data/processed/crops/test/quay_side_or_river_bank/quay_side_or_river_bank-34_jpg.rf.0f772bd5e3ec389f6aff17e52a8606a0__46.0.jpg,40,quay_side_or_river_bank,62,stop,0.014236987568438053,"[62, 33, 22]","[0.014236987568438053, 0.014201316051185131, 0.014197571203112602]",False
/content/MargDrishti/data/processed/crops/test/left_reverse_bend/left_reverse_bend-18_jpg.rf.0f7127338dfb43b152a98a1f44ed2769__47.0.jpg,25,left_reverse_bend,62,stop,0.014236987568438053,"[62, 33, 22]","[0.014236987568438053, 0.014201316051185131, 0.014197571203112602]",False
/content/MargDrishti/data/processed/crops/test/dangerous_dip/dangerous_dip-5_jpg.rf.0ea520e269e55350d50b0b186d24644c__48.0.jpg,15,dangerous_dip,62,stop,0.014236987568438053,"[62, 33, 22]","[0.014236987568438053, 0.014201316051185131, 0.014197571203112602]",False
/content/MargDrishti/data/processed/crops/test/speed_limit_120/speed_limit_120-29_png.rf.10e6cff5f3a1adb4c07a0ca7cde9d2a9__49.0.jpg,51,speed_limit_120,62,stop,0.014236987568438053,"[62, 33, 22]","[0.014236987568438053, 0.014201316051185131, 0.014197571203112602]",False
/content/MargDrishti/data/processed/crops/test/slippery_road/slippery_road-30_png.rf.10d9f8d1a3c6f42849dcdc93415c2565__50.0.jpg,49,slippery_road,62,stop,0.014236987568438053,"[62, 33, 22]","[0.014236987568438053, 0.014201316051185131, 0.014197571203112602]",False
/content/MargDrishti/data/processed/crops/test/cross_road/cross_road-31_jpg.rf.111598742d2f4af5fdbe9d035a9a0bd1__51.0.jpg,13,cross_road,62,stop,0.014236987568438053,"[62, 33, 22]","[0.014236987568438053, 0.014201316051185131, 0.014197571203112602]",False
/content/MargDrishti/data/processed/crops/test/speed_limit_70/speed_limit_70-35_png.rf.11b4173effbd7cc1115e9881f7230b28__52.0.jpg,57,speed_limit_70,62,stop,0.014236987568438053,"[62, 33, 22]","[0.014236987568438053, 0.014201316051185131, 0.014197571203112602]",False
/content/MargDrishti/data/processed/crops/test/speed_limit_30/speed_limit_30-16_png.rf.113128bb577c3d6ca268da28fb497ef1__53.0.jpg,53,speed_limit_30,62,stop,0.014236987568438053,"[62, 33, 22]","[0.014236987568438053, 0.014201316051185131, 0.014197571203112602]",False
/content/MargDrishti/data/processed/crops/test/speed_limit_20/speed_limit_20-11_png.rf.120697f7cabd234e7ff701ed563b6696__54.0.jpg,52,speed_limit_20,62,stop,0.014236987568438053,"[62, 33, 22]","[0.014236987568438053, 0.014201316051185131, 0.014197571203112602]",False
/content/MargDrishti/data/processed/crops/test/unguarded_level_crossing/unguarded_level_crossing-23_jpeg.rf.11c36ce60f410acb9b191a8e00f21a7d__55.0.jpg,68,unguarded_level_crossing,62,stop,0.014236987568438053,"[62, 33, 22]","[0.014236987568438053, 0.014201316051185131, 0.014197571203112602]",False
/content/MargDrishti/data/processed/crops/test/cross_road/cross_road-38_jpg.rf.129497bc79136587e7f109ea99fe5fc3__56.0.jpg,13,cross_road,62,stop,0.014236987568438053,"[62, 33, 22]","[0.014236987568438053, 0.014201316051185131, 0.014197571203112602]",False
/content/MargDrishti/data/processed/crops/test/right_hand_curve/right_hand_curve-58_png.rf.135f98ba974c85b3087d4b45c5d8e2e5__57.0.jpg,42,right_hand_curve,62,stop,0.014236987568438053,"[62, 33, 22]","[0.014236987568438053, 0.014201316051185131, 0.014197571203112602]",False
/content/MargDrishti/data/processed/crops/test/speed_limit_30/speed_limit_30-3_jpg.rf.13fee685996264d5ff7a65cce58b15a9__58.0.jpg,53,speed_limit_30,62,stop,0.014236987568438053,"[62, 33, 22]","[0.014236987568438053, 0.014201316051185131, 0.014197571203112602]",False
/content/MargDrishti/data/processed/crops/test/cattle_ahead/cattle_ahead-35_jpg.rf.145de6d6a037591ef6c0f3f103a0963e__59.0.jpg,3,cattle_ahead,62,stop,0.014236987568438053,"[62, 33, 22]","[0.014236987568438053, 0.014201316051185131, 0.014197571203112602]",False
/content/MargDrishti/data/processed/crops/test/falling_rocks/falling_rocks-18_jpg.rf.14526a46c26e11ff55ee3271f3d3b265__60.0.jpg,16,falling_rocks,70,y_intersection,0.014880552887916565,"[70, 32, 24]","[0.014880552887916565, 0.014803066849708557, 0.014764572493731976]",False
/content/MargDrishti/data/processed/crops/test/speed_limit_100/speed_limit_100-15_png.rf.14b6b27cf9db470ce7efad34dafbc9f2__62.0.jpg,50,speed_limit_100,62,stop,0.014236987568438053,"[62, 33, 22]","[0.014236987568438053, 0.014201316051185131, 0.014197571203112602]",False
/content/MargDrishti/data/processed/crops/test/speed_limit_20/speed_limit_20-36_png.rf.147f6e9fb87978bb60d45184d5c04a9e__63.0.jpg,52,speed_limit_20,62,stop,0.014236987568438053,"[62, 33, 22]","[0.014236987568438053, 0.014201316051185131, 0.014197571203112602]",False
/content/MargDrishti/data/processed/crops/test/t_intersection/t_intersection-21_jpeg.rf.15a66e32c30960a32d98cd4e00cc5ad0__65.0.jpg,63,t_intersection,62,stop,0.014236987568438053,"[62, 33, 22]","[0.014236987568438053, 0.014201316051185131, 0.014197571203112602]",False
/content/MargDrishti/data/processed/crops/test/speed_limit_30/speed_limit_30-39_png.rf.15e2efc40528e14647ce2065039c58cf__66.0.jpg,53,speed_limit_30,62,stop,0.014236987568438053,"[62, 33, 22]","[0.014236987568438053, 0.014201316051185131, 0.014197571203112602]",False
/content/MargDrishti/data/processed/crops/test/restriction_ends/restriction_ends-65_png.rf.15ff1390c7cd3300de7c4a18034dcafe__67.0.jpg,41,restriction_ends,4,chevron_direction,0.0435597263276577,"[4, 57, 7]","[0.0435597263276577, 0.029267599806189537, 0.025192279368638992]",False
/content/MargDrishti/data/processed/crops/test/hospital_ahead/hospital_ahead-9_jpg.rf.16104afde087c0405b98dbc78ec837fa__68.0.jpg,22,hospital_ahead,62,stop,0.014236987568438053,"[62, 33, 22]","[0.014236987568438053, 0.014201316051185131, 0.014197571203112602]",False
/content/MargDrishti/data/processed/crops/test/falling_rocks/falling_rocks-20_jpg.rf.1685f816b3c006d7bf40a58c0573f10e__69.0.jpg,16,falling_rocks,62,stop,0.014236987568438053,"[62, 33, 22]","[0.014236987568438053, 0.014201316051185131, 0.014197571203112602]",False
/content/MargDrishti/data/processed/crops/test/cattle_ahead/cattle_ahead-8_jpg.rf.1730b0a5248516862f02f87ea1ac1a01__70.0.jpg,3,cattle_ahead,62,stop,0.014236987568438053,"[62, 33, 22]","[0.014236987568438053, 0.014201316051185131, 0.014197571203112602]",False
/content/MargDrishti/data/processed/crops/test/give_way/give_way-17_png.rf.17212ac50a117b47b263f7d8edf2c511__71.0.jpg,18,give_way,62,stop,0.014236987568438053,"[62, 33, 22]","[0.014236987568438053, 0.014201316051185131, 0.014197571203112602]",False
/content/MargDrishti/data/processed/crops/test/compulsary_ahead_or_turn_left/compulsary_ahead_or_turn_left-48_png.rf.17c699c5620d543fe264643a429cad99__72.0.jpg,6,compulsary_ahead_or_turn_left,47,side_road_left,0.01671025902032852,"[47, 17, 14]","[0.01671025902032852, 0.016449691727757454, 0.01608014851808548]",False
/content/MargDrishti/data/processed/crops/test/stop/stop-62_png.rf.164e4bca42188c79e723048ecc3a0d71__73.0.jpg,62,stop,62,stop,0.014236987568438053,"[62, 33, 22]","[0.014236987568438053, 0.014201316051185131, 0.014197571203112602]",True
/content/MargDrishti/data/processed/crops/test/right_turn_prohibited/right_turn_prohibited-45_jpg.rf.17ac2483d50af18b4d05b04ad83cae79__74.0.jpg,44,right_turn_prohibited,62,stop,0.014236987568438053,"[62, 33, 22]","[0.014236987568438053, 0.014201316051185131, 0.014197571203112602]",False
/content/MargDrishti/data/processed/crops/test/no_parking/no_parking-70_jpg.rf.17460c17d5639903161767b561963c08__76.0.jpg,33,no_parking,62,stop,0.014236987568438053,"[62, 33, 22]","[0.014236987568438053, 0.014201316051185131, 0.014197571203112602]",False
/content/MargDrishti/data/processed/crops/test/petrol_pump_ahead/petrol_pump_ahead-19_jpeg.rf.191a2b95b02e6b4ad735f5116865a0dc__77.0.jpg,39,petrol_pump_ahead,70,y_intersection,0.01482138130813837,"[70, 32, 24]","[0.01482138130813837, 0.01475687325000763, 0.014716243371367455]",False
/content/MargDrishti/data/processed/crops/test/no_stopping_or_standing/no_stopping_or_standing-4_jpg.rf.18bdb249f2356c0ddbedc2d20bb14797__78.0.jpg,34,no_stopping_or_standing,62,stop,0.014236987568438053,"[62, 33, 22]","[0.014236987568438053, 0.014201316051185131, 0.014197571203112602]",False
/content/MargDrishti/data/processed/crops/test/unguarded_level_crossing/unguarded_level_crossing-9_png.rf.19ba1c73a494962dc8016a952bca356a__79.0.jpg,68,unguarded_level_crossing,62,stop,0.014236987568438053,"[62, 33, 22]","[0.014236987568438053, 0.014201316051185131, 0.014197571203112602]",False
/content/MargDrishti/data/processed/crops/test/steep_descent/steep_descent-5_jpeg.rf.18feb3947fd5e50066467cb9d0143990__80.0.jpg,61,steep_descent,19,guarded_level_crossing,0.031045444309711456,"[19, 41, 55]","[0.031045444309711456, 0.030892645940184593, 0.02679802104830742]",False
/content/MargDrishti/data/processed/crops/test/pedestrian_prohibited/pedestrian_prohibited-36_jpg.rf.19d0e1f800e04aa790f4d3a56c747c99__81.0.jpg,38,pedestrian_prohibited,67,u_turn_prohibited,0.023086771368980408,"[67, 0, 11]","[0.023086771368980408, 0.02269173599779606, 0.02251370996236801]",False
/content/MargDrishti/data/processed/crops/test/axle_load_limit/axle_load_limit-42_jpg.rf.19e88013b0fd10383de2990310bd5ce8__82.0.jpg,1,axle_load_limit,62,stop,0.014236987568438053,"[62, 33, 22]","[0.014236987568438053, 0.014201316051185131, 0.014197571203112602]",False
/content/MargDrishti/data/processed/crops/test/speed_limit_30/speed_limit_30-62_png.rf.19e9dc38b3305e2ba677f6ee563344c1__83.0.jpg,53,speed_limit_30,5,compulsary_ahead,0.01655495911836624,"[5, 29, 59]","[0.01655495911836624, 0.016262955963611603, 0.01619395986199379]",False
/content/MargDrishti/data/processed/crops/test/compulsary_turn_right_ahead/compulsary_turn_right_ahead-6_jpg.rf.19fbe907451ad35a3916ffdc8036bec5__84.0.jpg,12,compulsary_turn_right_ahead,62,stop,0.014236987568438053,"[62, 33, 22]","[0.014236987568438053, 0.014201316051185131, 0.014197571203112602]",False
/content/MargDrishti/data/processed/crops/test/cross_road/cross_road-12_jpg.rf.1c360a3cbee307b59ff99b9e3281d60f__85.0.jpg,13,cross_road,62,stop,0.014236987568438053,"[62, 33, 22]","[0.014236987568438053, 0.014201316051185131, 0.014197571203112602]",False
/content/MargDrishti/data/processed/crops/test/staggered_intersection/staggered_intersection-48_jpg.rf.1b8a7b4993db0e368a45223b00839abd__86.0.jpg,59,staggered_intersection,62,stop,0.014236987568438053,"[62, 33, 22]","[0.014236987568438053, 0.014201316051185131, 0.014197571203112602]",False
/content/MargDrishti/data/processed/crops/test/speed_limit_70/speed_limit_70-8_jpg.rf.1b801ba93fe5880856dccec072b2cc8e__87.0.jpg,57,speed_limit_70,3,cattle_ahead,0.018908200785517693,"[3, 16, 10]","[0.018908200785517693, 0.018892936408519745, 0.018637927249073982]",False
/content/MargDrishti/data/processed/crops/test/hospital_ahead/hospital_ahead-1_jpeg.rf.1c7413f805e663ccde6d1eac9e155e63__88.0.jpg,22,hospital_ahead,63,t_intersection,0.09941278398036957,"[63, 43, 34]","[0.09941278398036957, 0.06427294760942459, 0.05979255959391594]",False
/content/MargDrishti/data/processed/crops/test/right_reverse_bend/right_reverse_bend-27_jpg.rf.1c8ce6eb8d6552d11cd0bd0b5ace184a__89.0.jpg,43,right_reverse_bend,62,stop,0.014236987568438053,"[62, 33, 22]","[0.014236987568438053, 0.014201316051185131, 0.014197571203112602]",False
/content/MargDrishti/data/processed/crops/test/hump_or_rough_road/hump_or_rough_road-66_jpg.rf.1c8a96b993f0ee2bcbf95589638b8620__90.0.jpg,23,hump_or_rough_road,62,stop,0.014236987568438053,"[62, 33, 22]","[0.014236987568438053, 0.014201316051185131, 0.014197571203112602]",False
/content/MargDrishti/data/processed/crops/test/staggered_intersection/staggered_intersection-10_png.rf.1d7f4dd071c540b3f33f75e99549afce__91.0.jpg,59,staggered_intersection,62,stop,0.014236987568438053,"[62, 33, 22]","[0.014236987568438053, 0.014201316051185131, 0.014197571203112602]",False
/content/MargDrishti/data/processed/crops/test/restriction_ends/restriction_ends-3_jpeg.rf.1d56c62283723c63a2a621da8a668dca__92.0.jpg,41,restriction_ends,16,falling_rocks,0.4142492115497589,"[16, 41, 29]","[0.4142492115497589, 0.30024346709251404, 0.07748990505933762]",False
/content/MargDrishti/data/processed/crops/test/stop/stop-26_jpg.rf.1dcb399e74a7c2586ad3ab6d9331d1cd__93.0.jpg,62,stop,62,stop,0.014236987568438053,"[62, 33, 22]","[0.014236987568438053, 0.014201316051185131, 0.014197571203112602]",True
/content/MargDrishti/data/processed/crops/test/cycle_crossing/cycle_crossing-68_png.rf.1dca711482a38ba64397b03e75e7d915__94.0.jpg,14,cycle_crossing,62,stop,0.014236987568438053,"[62, 33, 22]","[0.014236987568438053, 0.014201316051185131, 0.014197571203112602]",False
/content/MargDrishti/data/processed/crops/test/compulsary_ahead_or_turn_left/compulsary_ahead_or_turn_left-22_png.rf.1f39dfc926b2628e9ac6ab32ae1eb2e2__95.0.jpg,6,compulsary_ahead_or_turn_left,62,stop,0.014236987568438053,"[62, 33, 22]","[0.014236987568438053, 0.014201316051185131, 0.014197571203112602]",False
/content/MargDrishti/data/processed/crops/test/give_way/give_way-4_png.rf.201b0dee177a026be6923045a62ab6a4__97.0.jpg,18,give_way,62,stop,0.014236987568438053,"[62, 33, 22]","[0.014236987568438053, 0.014201316051185131, 0.014197571203112602]",False
/content/MargDrishti/data/processed/crops/test/loose_gravel/loose_gravel-10_jpeg.rf.201fa8b332fb74fa78676e6b850dbd85__98.0.jpg,28,loose_gravel,67,u_turn_prohibited,0.01576911099255085,"[67, 10, 43]","[0.01576911099255085, 0.01574990712106228, 0.015742678195238113]",False
/content/MargDrishti/data/processed/crops/test/narrow_road_ahead/narrow_road_ahead-27_png.rf.201f991aa4a825211819e5c4a77b1de9__99.0.jpg,31,narrow_road_ahead,5,compulsary_ahead,0.01740858145058155,"[5, 29, 59]","[0.01740858145058155, 0.016943082213401794, 0.01688389852643013]",False
/content/MargDrishti/data/processed/crops/test/axle_load_limit/axle_load_limit-66_jpg.rf.1ff7a5333f6ba1fba7777cb3a1e2f867__100.0.jpg,1,axle_load_limit,67,u_turn_prohibited,0.06885360926389694,"[67, 0, 11]","[0.06885360926389694, 0.065621517598629, 0.06249270960688591]",False
/content/MargDrishti/data/processed/crops/test/left_turn_prohibited/left_turn_prohibited-20_jpg.rf.202e0e414c533fb8f0648d185e73313c__101.0.jpg,26,left_turn_prohibited,62,stop,0.014236987568438053,"[62, 33, 22]","[0.014236987568438053, 0.014201316051185131, 0.014197571203112602]",False
/content/MargDrishti/data/processed/crops/test/school_ahead/school_ahead-63_png.rf.20c86d7df0dfc0db6905fa0b49783e24__102.0.jpg,46,school_ahead,62,stop,0.014236987568438053,"[62, 33, 22]","[0.014236987568438053, 0.014201316051185131, 0.014197571203112602]",False
/content/MargDrishti/data/processed/crops/test/dangerous_dip/dangerous_dip-15_jpg.rf.204c670b88c989426e915f8cdf07bf90__103.0.jpg,15,dangerous_dip,62,stop,0.014236987568438053,"[62, 33, 22]","[0.014236987568438053, 0.014201316051185131, 0.014197571203112602]",False
/content/MargDrishti/data/processed/crops/test/right_hand_curve/right_hand_curve-8_jpg.rf.21a03686facf94905fc52038078f630a__104.0.jpg,42,right_hand_curve,62,stop,0.014236987568438053,"[62, 33, 22]","[0.014236987568438053, 0.014201316051185131, 0.014197571203112602]",False
/content/MargDrishti/data/processed/crops/test/speed_limit_60/speed_limit_60-27_png.rf.2109ef60759c7665924b79d48100b918__105.0.jpg,56,speed_limit_60,62,stop,0.014236987568438053,"[62, 33, 22]","[0.014236987568438053, 0.014201316051185131, 0.014197571203112602]",False
/content/MargDrishti/data/processed/crops/test/truck_prohibited/truck_prohibited-45_jpg.rf.2161aab7f688d8b3cb234c003632d7a6__106.0.jpg,65,truck_prohibited,43,right_reverse_bend,0.020353080704808235,"[43, 12, 2]","[0.020353080704808235, 0.019736891612410545, 0.01924639381468296]",False
/content/MargDrishti/data/processed/crops/test/speed_limit_20/speed_limit_20-9_jpg.rf.21f841fe7c3d7842f2e9ee88e444f405__107.0.jpg,52,speed_limit_20,62,stop,0.014236987568438053,"[62, 33, 22]","[0.014236987568438053, 0.014201316051185131, 0.014197571203112602]",False
/content/MargDrishti/data/processed/crops/test/narrow_road_ahead/narrow_road_ahead-38_jpg.rf.22881ff490ce515f5990bb0dec74393e__108.0.jpg,31,narrow_road_ahead,62,stop,0.014236987568438053,"[62, 33, 22]","[0.014236987568438053, 0.014201316051185131, 0.014197571203112602]",False
/content/MargDrishti/data/processed/crops/test/compulsary_turn_left_ahead/compulsary_turn_left_ahead-4_png.rf.22c53d61c341464d890978ec6668bd07__109.0.jpg,11,compulsary_turn_left_ahead,62,stop,0.014236987568438053,"[62, 33, 22]","[0.014236987568438053, 0.014201316051185131, 0.014197571203112602]",False
/content/MargDrishti/data/processed/crops/test/compulsary_keep_left/compulsary_keep_left-59_jpg.rf.228bfd9f2dbf108d0c485836f4979ef2__110.0.jpg,8,compulsary_keep_left,62,stop,0.014236987568438053,"[62, 33, 22]","[0.014236987568438053, 0.014201316051185131, 0.014197571203112602]",False
/content/MargDrishti/data/processed/crops/test/falling_rocks/falling_rocks-49_jpg.rf.22c6a9ef840f8a8c4848ca1ee3a67817__111.0.jpg,16,falling_rocks,62,stop,0.014236987568438053,"[62, 33, 22]","[0.014236987568438053, 0.014201316051185131, 0.014197571203112602]",False
/content/MargDrishti/data/processed/crops/test/u_turn_prohibited/u_turn_prohibited-27_jpeg.rf.2350f66c4b031a9c46fa57c7e513339c__112.0.jpg,67,u_turn_prohibited,62,stop,0.014236987568438053,"[62, 33, 22]","[0.014236987568438053, 0.014201316051185131, 0.014197571203112602]",False
/content/MargDrishti/data/processed/crops/test/height_limit/height_limit-24_jpg.rf.2623f69c23592c7251f99a82e3c74d8a__113.0.jpg,20,height_limit,62,stop,0.014236987568438053,"[62, 33, 22]","[0.014236987568438053, 0.014201316051185131, 0.014197571203112602]",False
/content/MargDrishti/data/processed/crops/test/slippery_road/slippery_road-40_jpg.rf.23c114c8c130fec560d42ac8dbad5696__114.0.jpg,49,slippery_road,62,stop,0.014236987568438053,"[62, 33, 22]","[0.014236987568438053, 0.014201316051185131, 0.014197571203112602]",False
/content/MargDrishti/data/processed/crops/test/no_stopping_or_standing/no_stopping_or_standing-8_jpg.rf.24ca367cc86a6a34f96a62fbc1909f9e__115.0.jpg,34,no_stopping_or_standing,62,stop,0.014236987568438053,"[62, 33, 22]","[0.014236987568438053, 0.014201316051185131, 0.014197571203112602]",False
/content/MargDrishti/data/processed/crops/test/petrol_pump_ahead/petrol_pump_ahead-22_jpeg.rf.23da4c656b29e0a259301c8d40701940__116.0.jpg,39,petrol_pump_ahead,43,right_reverse_bend,0.037264999002218246,"[43, 12, 2]","[0.037264999002218246, 0.03471926227211952, 0.03203749656677246]",False
/content/MargDrishti/data/processed/crops/test/guarded_level_crossing/guarded_level_crossing-36_jpeg.rf.268689687fea22fbf0ddb0522a6102c4__117.0.jpg,19,guarded_level_crossing,62,stop,0.014236987568438053,"[62, 33, 22]","[0.014236987568438053, 0.014201316051185131, 0.014197571203112602]",False
/content/MargDrishti/data/processed/crops/test/compulsary_sound_horn/compulsary_sound_horn-19_jpg.rf.26372b8cdadb822ae16ff7f511e10bb3__118.0.jpg,10,compulsary_sound_horn,22,hospital_ahead,0.01580432988703251,"[22, 69, 63]","[0.01580432988703251, 0.015380329452455044, 0.015286264009773731]",False
/content/MargDrishti/data/processed/crops/test/y_intersection/y_intersection-10_png.rf.26bd88f7ef61ef83f7c0025d1b0f6dfe__119.0.jpg,70,y_intersection,62,stop,0.014236987568438053,"[62, 33, 22]","[0.014236987568438053, 0.014201316051185131, 0.014197571203112602]",False
/content/MargDrishti/data/processed/crops/test/narrow_road_ahead/narrow_road_ahead-45_png.rf.267aaec49d6d0371a95628bbe1d5dab4__120.0.jpg,31,narrow_road_ahead,62,stop,0.014236987568438053,"[62, 33, 22]","[0.014236987568438053, 0.014201316051185131, 0.014197571203112602]",False
/content/MargDrishti/data/processed/crops/test/axle_load_limit/axle_load_limit-54_jpg.rf.26d3c49fe61b51807d85aedf19f9e93d__121.0.jpg,1,axle_load_limit,62,stop,0.014236987568438053,"[62, 33, 22]","[0.014236987568438053, 0.014201316051185131, 0.014197571203112602]",False
/content/MargDrishti/data/processed/crops/test/speed_limit_50/speed_limit_50-18_png.rf.26e60178196afb5695673508c00d2adf__122.0.jpg,55,speed_limit_50,62,stop,0.014236987568438053,"[62, 33, 22]","[0.014236987568438053, 0.014201316051185131, 0.014197571203112602]",False
/content/MargDrishti/data/processed/crops/test/height_limit/height_limit-18_jpeg.rf.26f3175d7c5aea09c74772fdd73c5d26__123.0.jpg,20,height_limit,62,stop,0.014236987568438053,"[62, 33, 22]","[0.014236987568438053, 0.014201316051185131, 0.014197571203112602]",False
/content/MargDrishti/data/processed/crops/test/speed_limit_80/speed_limit_80-24_png.rf.27a003f35989c637d74399e3ea04234e__124.0.jpg,58,speed_limit_80,51,speed_limit_120,0.03723780810832977,"[51, 5, 29]","[0.03723780810832977, 0.03561659902334213, 0.03550557419657707]",False
/content/MargDrishti/data/processed/crops/test/speed_limit_70/speed_limit_70-49_png.rf.280a9957a06a82d1ca03274fdc52957d__125.0.jpg,57,speed_limit_70,12,compulsary_turn_right_ahead,0.021332094445824623,"[12, 16, 35]","[0.021332094445824623, 0.019813526421785355, 0.018252866342663765]",False
/content/MargDrishti/data/processed/crops/test/right_turn_prohibited/right_turn_prohibited-32_jpg.rf.28282fb6b06f79fca1dbfadca6b84127__126.0.jpg,44,right_turn_prohibited,62,stop,0.014236987568438053,"[62, 33, 22]","[0.014236987568438053, 0.014201316051185131, 0.014197571203112602]",False
/content/MargDrishti/data/processed/crops/test/dangerous_dip/dangerous_dip-6_png.rf.284aa86ecc7b6573e370795bbf0bbe39__127.0.jpg,15,dangerous_dip,62,stop,0.014236987568438053,"[62, 33, 22]","[0.014236987568438053, 0.014201316051185131, 0.014197571203112602]",False
/content/MargDrishti/data/processed/crops/test/hump_or_rough_road/hump_or_rough_road-52_jpg.rf.27843b139b296e618f1a3f588beab1e2__128.0.jpg,23,hump_or_rough_road,70,y_intersection,0.029709093272686005,"[70, 24, 32]","[0.029709093272686005, 0.025837570428848267, 0.025174153968691826]",False
/content/MargDrishti/data/processed/crops/test/school_ahead/school_ahead-43_jpg.rf.290dacc8f8624578839ff47a8b076d5d__129.0.jpg,46,school_ahead,62,stop,0.014236987568438053,"[62, 33, 22]","[0.014236987568438053, 0.014201316051185131, 0.014197571203112602]",False
/content/MargDrishti/data/processed/crops/test/steep_descent/steep_descent-19_jpg.rf.28fe10f2b2d1eff22a48f8e6b170aa28__130.0.jpg,61,steep_descent,62,stop,0.014236987568438053,"[62, 33, 22]","[0.014236987568438053, 0.014201316051185131, 0.014197571203112602]",False
/content/MargDrishti/data/processed/crops/test/bullock_cart_and_hand_cart_prohibited/bullock_cart_and_hand_cart_prohibited-8_jpg.rf.29f2bcf92775a941d9b139fbe6666427__131.0.jpg,2,bullock_cart_and_hand_cart_prohibited,62,stop,0.014236987568438053,"[62, 33, 22]","[0.014236987568438053, 0.014201316051185131, 0.014197571203112602]",False
/content/MargDrishti/data/processed/crops/test/compulsary_keep_right/compulsary_keep_right-37_png.rf.2a596bd65a7323694360d30ba9ad5178__132.0.jpg,9,compulsary_keep_right,51,speed_limit_120,0.030141502618789673,"[51, 5, 29]","[0.030141502618789673, 0.029873814433813095, 0.029388515278697014]",False
/content/MargDrishti/data/processed/crops/test/u_turn_prohibited/u_turn_prohibited-24_jpg.rf.2a42317c9a2a49cc453851525a03d2fa__133.0.jpg,67,u_turn_prohibited,62,stop,0.014236987568438053,"[62, 33, 22]","[0.014236987568438053, 0.014201316051185131, 0.014197571203112602]",False
/content/MargDrishti/data/processed/crops/test/right_hand_curve/right_hand_curve-30_jpg.rf.2b4fdb0a5b9e06bf6d74eb6f3aea4df2__134.0.jpg,42,right_hand_curve,62,stop,0.014236987568438053,"[62, 33, 22]","[0.014236987568438053, 0.014201316051185131, 0.014197571203112602]",False
/content/MargDrishti/data/processed/crops/test/cattle_ahead/cattle_ahead-21_jpg.rf.29e348f62c99662094de833899bef472__135.0.jpg,3,cattle_ahead,67,u_turn_prohibited,0.02708830125629902,"[67, 0, 11]","[0.02708830125629902, 0.026526231318712234, 0.02618865668773651]",False
/content/MargDrishti/data/processed/crops/test/school_ahead/school_ahead-19_jpg.rf.2b6bc408c6a4caec9a701e6fa7f2a27d__136.0.jpg,46,school_ahead,62,stop,0.014236987568438053,"[62, 33, 22]","[0.014236987568438053, 0.014201316051185131, 0.014197571203112602]",False
/content/MargDrishti/data/processed/crops/test/height_limit/height_limit-10_png.rf.2b7834e87a56de094c9d90936bf87b6a__137.0.jpg,20,height_limit,62,stop,0.014236987568438053,"[62, 33, 22]","[0.014236987568438053, 0.014201316051185131, 0.014197571203112602]",False
/content/MargDrishti/data/processed/crops/test/cattle_ahead/cattle_ahead-5_jpg.rf.2bf9c249ab21abb906f3f57b4b9923fa__138.0.jpg,3,cattle_ahead,62,stop,0.014236987568438053,"[62, 33, 22]","[0.014236987568438053, 0.014201316051185131, 0.014197571203112602]",False
/content/MargDrishti/data/processed/crops/test/compulsary_ahead_or_turn_left/compulsary_ahead_or_turn_left-6_png.rf.2c556b547e694e8f3bddf7e7fd6f2277__139.0.jpg,6,compulsary_ahead_or_turn_left,47,side_road_left,0.02191988006234169,"[47, 17, 51]","[0.02191988006234169, 0.020961273461580276, 0.01967105083167553]",False
/content/MargDrishti/data/processed/crops/test/side_road_left/side_road_left-58_jpeg.rf.2b86405df659181d8f301ab512ab72ef__140.0.jpg,47,side_road_left,62,stop,0.014236987568438053,"[62, 33, 22]","[0.014236987568438053, 0.014201316051185131, 0.014197571203112602]",False
/content/MargDrishti/data/processed/crops/test/compulsary_ahead/compulsary_ahead-12_png.rf.2c5dc810cf0e70b16e51696af4269888__141.0.jpg,5,compulsary_ahead,47,side_road_left,0.03128804266452789,"[47, 17, 51]","[0.03128804266452789, 0.028679000213742256, 0.025400057435035706]",False
/content/MargDrishti/data/processed/crops/test/falling_rocks/falling_rocks-10_jpeg.rf.2cbcf1993d3f5ebc664f8eb4f51ee022__142.0.jpg,16,falling_rocks,52,speed_limit_20,0.014561411924660206,"[52, 67, 11]","[0.014561411924660206, 0.01455675158649683, 0.014520730823278427]",False
/content/MargDrishti/data/processed/crops/test/quay_side_or_river_bank/quay_side_or_river_bank-39_jpg.rf.2cf677c38bdaf6adb10653782adac9ab__143.0.jpg,40,quay_side_or_river_bank,62,stop,0.014236987568438053,"[62, 33, 22]","[0.014236987568438053, 0.014201316051185131, 0.014197571203112602]",False
/content/MargDrishti/data/processed/crops/test/speed_limit_60/speed_limit_60-11_jpg.rf.2cfa2841ebbc36c49d6d088bc63c2889__144.0.jpg,56,speed_limit_60,62,stop,0.014236987568438053,"[62, 33, 22]","[0.014236987568438053, 0.014201316051185131, 0.014197571203112602]",False
/content/MargDrishti/data/processed/crops/test/compulsary_turn_left_ahead/compulsary_turn_left_ahead-54_png.rf.2d53d2679c689ad8d3921bfb8a0496ae__146.0.jpg,11,compulsary_turn_left_ahead,22,hospital_ahead,0.02126556634902954,"[22, 69, 63]","[0.02126556634902954, 0.02009868621826172, 0.019464001059532166]",False
/content/MargDrishti/data/processed/crops/test/falling_rocks/falling_rocks-58_jpg.rf.2e723fc9892e51beeea8c30c24da2003__147.0.jpg,16,falling_rocks,70,y_intersection,0.027937332168221474,"[70, 24, 32]","[0.027937332168221474, 0.02460438385605812, 0.024038221687078476]",False
/content/MargDrishti/data/processed/crops/test/compulsary_sound_horn/compulsary_sound_horn-16_jpg.rf.2dec229531d5c1aa185a4b59e04725b7__148.0.jpg,10,compulsary_sound_horn,62,stop,0.014236987568438053,"[62, 33, 22]","[0.014236987568438053, 0.014201316051185131, 0.014197571203112602]",False
/content/MargDrishti/data/processed/crops/test/pedestrian_crossing/pedestrian_crossing-26_jpg.rf.2ea8e5483d3ade080d841bf84be91ca4__149.0.jpg,37,pedestrian_crossing,62,stop,0.014236987568438053,"[62, 33, 22]","[0.014236987568438053, 0.014201316051185131, 0.014197571203112602]",False
/content/MargDrishti/data/processed/crops/test/staggered_intersection/staggered_intersection-26_png.rf.2ea093cafda71a8da8f2c59c57359f2a__150.0.jpg,59,staggered_intersection,62,stop,0.014236987568438053,"[62, 33, 22]","[0.014236987568438053, 0.014201316051185131, 0.014197571203112602]",False
/content/MargDrishti/data/processed/crops/test/t_intersection/t_intersection-36_jpg.rf.2eceedd840d99eed0eb5c7af3e52c0c3__151.0.jpg,63,t_intersection,70,y_intersection,0.019429052248597145,"[70, 33, 38]","[0.019429052248597145, 0.018741855397820473, 0.0185474194586277]",False
/content/MargDrishti/data/processed/crops/test/no_entry/no_entry-18_jpg.rf.2ec15ed7db3b3d51c91b3291155ee97d__152.0.jpg,32,no_entry,62,stop,0.014236987568438053,"[62, 33, 22]","[0.014236987568438053, 0.014201316051185131, 0.014197571203112602]",False
/content/MargDrishti/data/processed/crops/test/pass_either_side/pass_either_side-42_jpg.rf.2ee1d7b0594e1b2193dbe6766acd5ff0__153.0.jpg,36,pass_either_side,62,stop,0.014236987568438053,"[62, 33, 22]","[0.014236987568438053, 0.014201316051185131, 0.014197571203112602]",False
/content/MargDrishti/data/processed/crops/test/side_road_left/side_road_left-12_jpg.rf.2f39705fc2f51a9002ad8b817c6e278c__154.0.jpg,47,side_road_left,62,stop,0.014236987568438053,"[62, 33, 22]","[0.014236987568438053, 0.014201316051185131, 0.014197571203112602]",False
/content/MargDrishti/data/processed/crops/test/cycle_crossing/cycle_crossing-41_jpg.rf.2f483bad1b88a388b7d976f497b6e7de__155.0.jpg,14,cycle_crossing,62,stop,0.014236987568438053,"[62, 33, 22]","[0.014236987568438053, 0.014201316051185131, 0.014197571203112602]",False
/content/MargDrishti/data/processed/crops/test/narrow_road_ahead/narrow_road_ahead-68_jpg.rf.2f7a925a7f4fecf5df88db2a82223125__156.0.jpg,31,narrow_road_ahead,62,stop,0.014236987568438053,"[62, 33, 22]","[0.014236987568438053, 0.014201316051185131, 0.014197571203112602]",False
/content/MargDrishti/data/processed/crops/test/traffic_signal/traffic_signal-4_jpg.rf.2ffde25e96684338c1023d80fcfb7cde__157.0.jpg,64,traffic_signal,47,side_road_left,0.022772109135985374,"[47, 17, 51]","[0.022772109135985374, 0.02168302983045578, 0.02022944577038288]",False
/content/MargDrishti/data/processed/crops/test/speed_limit_60/speed_limit_60-10_jpg.rf.313bc6fe35234eff2ae6370ec5eb9b20__158.0.jpg,56,speed_limit_60,62,stop,0.014236987568438053,"[62, 33, 22]","[0.014236987568438053, 0.014201316051185131, 0.014197571203112602]",False
/content/MargDrishti/data/processed/crops/test/pass_either_side/pass_either_side-12_jpeg.rf.312c721f979bf56e225c246e093d40c5__159.0.jpg,36,pass_either_side,16,falling_rocks,0.017481543123722076,"[16, 12, 41]","[0.017481543123722076, 0.016404738649725914, 0.016248174011707306]",False
/content/MargDrishti/data/processed/crops/test/speed_limit_50/speed_limit_50-30_png.rf.30e758eb915fe8e818dc2230c743b3a6__160.0.jpg,55,speed_limit_50,62,stop,0.014236987568438053,"[62, 33, 22]","[0.014236987568438053, 0.014201316051185131, 0.014197571203112602]",False
/content/MargDrishti/data/processed/crops/test/no_parking/no_parking-42_jpg.rf.32d58dfc524fba4475d4dff3a8c4f5d1__161.0.jpg,33,no_parking,41,restriction_ends,0.03617178276181221,"[41, 55, 5]","[0.03617178276181221, 0.025188419967889786, 0.02505166456103325]",False
/content/MargDrishti/data/processed/crops/test/falling_rocks/falling_rocks-29_jpg.rf.31ea52d4a56a329a5262f075c93baafe__162.0.jpg,16,falling_rocks,62,stop,0.014236987568438053,"[62, 33, 22]","[0.014236987568438053, 0.014201316051185131, 0.014197571203112602]",False
/content/MargDrishti/data/processed/crops/test/width_limit/width_limit-28_jpg.rf.31d1b951d5155c6b8f35b644e343e924__164.0.jpg,69,width_limit,62,stop,0.014236987568438053,"[62, 33, 22]","[0.014236987568438053, 0.014201316051185131, 0.014197571203112602]",False
/content/MargDrishti/data/processed/crops/test/cross_road/cross_road-34_jpg.rf.32e6be62e0882c924a2a01674871b219__165.0.jpg,13,cross_road,62,stop,0.014236987568438053,"[62, 33, 22]","[0.014236987568438053, 0.014201316051185131, 0.014197571203112602]",False
/content/MargDrishti/data/processed/crops/test/school_ahead/school_ahead-2_jpg.rf.331c1a5ea7eb7beab80eb1f8867e3a31__166.0.jpg,46,school_ahead,70,y_intersection,0.01784210465848446,"[70, 24, 32]","[0.01784210465848446, 0.017132963985204697, 0.017055988311767578]",False
/content/MargDrishti/data/processed/crops/test/hump_or_rough_road/hump_or_rough_road-53_jpg.rf.33715adf92a6e3e8a28ab27a534a64ae__167.0.jpg,23,hump_or_rough_road,62,stop,0.014236987568438053,"[62, 33, 22]","[0.014236987568438053, 0.014201316051185131, 0.014197571203112602]",False
/content/MargDrishti/data/processed/crops/test/compulsary_keep_right/compulsary_keep_right-7_png.rf.34136bca2758b218a4aa6a28582250e7__168.0.jpg,9,compulsary_keep_right,5,compulsary_ahead,0.030649323016405106,"[5, 51, 29]","[0.030649323016405106, 0.029208587482571602, 0.02613692916929722]",False
/content/MargDrishti/data/processed/crops/test/side_road_right/side_road_right-28_jpg.rf.34195ce18ba06a6c11a0f9d00d4668df__169.0.jpg,48,side_road_right,62,stop,0.014236987568438053,"[62, 33, 22]","[0.014236987568438053, 0.014201316051185131, 0.014197571203112602]",False
/content/MargDrishti/data/processed/crops/test/guarded_level_crossing/guarded_level_crossing-20_jpg.rf.34584a4f12bda8be230b5e8007f14aa4__170.0.jpg,19,guarded_level_crossing,62,stop,0.014236987568438053,"[62, 33, 22]","[0.014236987568438053, 0.014201316051185131, 0.014197571203112602]",False
/content/MargDrishti/data/processed/crops/test/speed_limit_40/speed_limit_40-30_jpg.rf.346963ec85ac91b92e4a4a3da790b2d0__171.0.jpg,54,speed_limit_40,62,stop,0.014236987568438053,"[62, 33, 22]","[0.014236987568438053, 0.014201316051185131, 0.014197571203112602]",False
/content/MargDrishti/data/processed/crops/test/compulsary_keep_left/compulsary_keep_left-58_jpg.rf.35932bcf415d52f41e27cbff7c5083fe__172.0.jpg,8,compulsary_keep_left,8,compulsary_keep_left,0.019177641719579697,"[8, 53, 36]","[0.019177641719579697, 0.01840154081583023, 0.018045101314783096]",True
/content/MargDrishti/data/processed/crops/test/speed_limit_120/speed_limit_120-64_png.rf.35c96b3a328e7ed001608b752e9dbea4__173.0.jpg,51,speed_limit_120,51,speed_limit_120,0.04854438453912735,"[51, 5, 29]","[0.04854438453912735, 0.04656603932380676, 0.045696157962083817]",True
/content/MargDrishti/data/processed/crops/test/chevron_direction/chevron_direction-38_jpg.rf.369098b05dfcbcaff7633ec7284684fd__174.0.jpg,4,chevron_direction,62,stop,0.014236987568438053,"[62, 33, 22]","[0.014236987568438053, 0.014201316051185131, 0.014197571203112602]",False
/content/MargDrishti/data/processed/crops/test/compulsary_ahead_or_turn_right/compulsary_ahead_or_turn_right-41_png.rf.36310a1d48c30c4c350a6066bab400c3__175.0.jpg,7,compulsary_ahead_or_turn_right,62,stop,0.014236987568438053,"[62, 33, 22]","[0.014236987568438053, 0.014201316051185131, 0.014197571203112602]",False
/content/MargDrishti/data/processed/crops/test/speed_limit_80/speed_limit_80-22_png.rf.36d045ee95cb288ceba8b6a010137125__176.0.jpg,58,speed_limit_80,62,stop,0.014236987568438053,"[62, 33, 22]","[0.014236987568438053, 0.014201316051185131, 0.014197571203112602]",False
/content/MargDrishti/data/processed/crops/test/all_motor_vehicle_prohibited/all_motor_vehicle_prohibited-66_jpg.rf.36422ab481eff51a7abb4b7f3426e1ce__177.0.jpg,0,all_motor_vehicle_prohibited,62,stop,0.014236987568438053,"[62, 33, 22]","[0.014236987568438053, 0.014201316051185131, 0.014197571203112602]",False
/content/MargDrishti/data/processed/crops/test/no_parking/no_parking-28_jpeg.rf.36fa078b058bd0a4e4f9090f8474d57b__178.0.jpg,33,no_parking,62,stop,0.014236987568438053,"[62, 33, 22]","[0.014236987568438053, 0.014201316051185131, 0.014197571203112602]",False
/content/MargDrishti/data/processed/crops/test/u_turn/u_turn-47_jpg.rf.375c73fb879884220c758d12dfe1aa37__179.0.jpg,66,u_turn,70,y_intersection,0.015859659761190414,"[70, 32, 24]","[0.015859659761190414, 0.015560442581772804, 0.015558304265141487]",False
/content/MargDrishti/data/processed/crops/test/pedestrian_crossing/pedestrian_crossing-36_png.rf.38af51545c268223e7b257d481c77866__180.0.jpg,37,pedestrian_crossing,62,stop,0.014236987568438053,"[62, 33, 22]","[0.014236987568438053, 0.014201316051185131, 0.014197571203112602]",False
/content/MargDrishti/data/processed/crops/test/dangerous_dip/dangerous_dip-26_jpeg.rf.37f0b8476a147b5aba773ce7768abafb__181.0.jpg,15,dangerous_dip,62,stop,0.014236987568438053,"[62, 33, 22]","[0.014236987568438053, 0.014201316051185131, 0.014197571203112602]",False
/content/MargDrishti/data/processed/crops/test/y_intersection/y_intersection-42_jpeg.rf.37dd0b534f3589a7dd29fe18e1387061__182.0.jpg,70,y_intersection,62,stop,0.014236987568438053,"[62, 33, 22]","[0.014236987568438053, 0.014201316051185131, 0.014197571203112602]",False
/content/MargDrishti/data/processed/crops/test/left_turn_prohibited/left_turn_prohibited-68_jpg.rf.374330b63f8b71bae7f7ea3009e0d312__183.0.jpg,26,left_turn_prohibited,62,stop,0.014236987568438053,"[62, 33, 22]","[0.014236987568438053, 0.014201316051185131, 0.014197571203112602]",False
/content/MargDrishti/data/processed/crops/test/roundabout/roundabout-1_jpg.rf.3800b10955788a00dee4ca928cc9e556__184.0.jpg,45,roundabout,53,speed_limit_30,0.01893976517021656,"[53, 24, 29]","[0.01893976517021656, 0.018404260277748108, 0.017972609028220177]",False
/content/MargDrishti/data/processed/crops/test/no_entry/no_entry-68_jpg.rf.393a0f199b7e9317efd42be83e04760f__185.0.jpg,32,no_entry,62,stop,0.014236987568438053,"[62, 33, 22]","[0.014236987568438053, 0.014201316051185131, 0.014197571203112602]",False
/content/MargDrishti/data/processed/crops/test/speed_limit_100/speed_limit_100-43_png.rf.393683706e6c6ec9e8915558c668b94a__186.0.jpg,50,speed_limit_100,62,stop,0.014236987568438053,"[62, 33, 22]","[0.014236987568438053, 0.014201316051185131, 0.014197571203112602]",False
/content/MargDrishti/data/processed/crops/test/compulsary_ahead/compulsary_ahead-36_png.rf.3953cfe6dce88dd02b7dce5fa534a136__187.0.jpg,5,compulsary_ahead,62,stop,0.014236987568438053,"[62, 33, 22]","[0.014236987568438053, 0.014201316051185131, 0.014197571203112602]",False
/content/MargDrishti/data/processed/crops/test/roundabout/roundabout-11_jpg.rf.38e5ddf38994c404646fc95d6b1a1e41__188.0.jpg,45,roundabout,62,stop,0.014236987568438053,"[62, 33, 22]","[0.014236987568438053, 0.014201316051185131, 0.014197571203112602]",False
/content/MargDrishti/data/processed/crops/test/right_reverse_bend/right_reverse_bend-55_jpg.rf.39d03c86a760c91fda13d9c8d7744df8__189.0.jpg,43,right_reverse_bend,43,right_reverse_bend,0.06817181408405304,"[43, 12, 2]","[0.06817181408405304, 0.05757472291588783, 0.05042426660656929]",True
/content/MargDrishti/data/processed/crops/test/side_road_right/side_road_right-37_jpeg.rf.39927431192029573da5fbc9833621f9__190.0.jpg,48,side_road_right,62,stop,0.014236987568438053,"[62, 33, 22]","[0.014236987568438053, 0.014201316051185131, 0.014197571203112602]",False
/content/MargDrishti/data/processed/crops/test/y_intersection/y_intersection-36_jpg.rf.39e94a69974864e6f43b6b63c928df13__191.0.jpg,70,y_intersection,55,speed_limit_50,0.1696409285068512,"[55, 19, 13]","[0.1696409285068512, 0.12726685404777527, 0.0951303020119667]",False
/content/MargDrishti/data/processed/crops/test/men_at_work/men_at_work-37_png.rf.3a1e56312ddb1dcf243fb60f32247d30__192.0.jpg,29,men_at_work,47,side_road_left,0.027524534612894058,"[47, 17, 14]","[0.027524534612894058, 0.02463584393262863, 0.023216551169753075]",False
/content/MargDrishti/data/processed/crops/test/speed_limit_20/speed_limit_20-50_png.rf.3a615ecc89a5afb2fac6500bfa996793__193.0.jpg,52,speed_limit_20,47,side_road_left,0.045612823218107224,"[47, 17, 51]","[0.045612823218107224, 0.039710287004709244, 0.032779399305582047]",False
/content/MargDrishti/data/processed/crops/test/u_turn_prohibited/u_turn_prohibited-28_jpg.rf.3ab81db1dadd32dcef89dfb70ca8d1d9__194.0.jpg,67,u_turn_prohibited,62,stop,0.014236987568438053,"[62, 33, 22]","[0.014236987568438053, 0.014201316051185131, 0.014197571203112602]",False
/content/MargDrishti/data/processed/crops/test/cattle_ahead/cattle_ahead-42_jpg.rf.3a4d7c57b6489412d37706641ab36c93__195.0.jpg,3,cattle_ahead,62,stop,0.014236987568438053,"[62, 33, 22]","[0.014236987568438053, 0.014201316051185131, 0.014197571203112602]",False
/content/MargDrishti/data/processed/crops/test/speed_limit_30/speed_limit_30-20_png.rf.3a2b8fae59c573b602d22f1570533cb2__196.0.jpg,53,speed_limit_30,47,side_road_left,0.017533395439386368,"[47, 17, 14]","[0.017533395439386368, 0.01717466488480568, 0.016670063138008118]",False
/content/MargDrishti/data/processed/crops/test/all_motor_vehicle_prohibited/all_motor_vehicle_prohibited-4_jpg.rf.3b42c78e673298e360fc845c8e9a2a44__197.0.jpg,0,all_motor_vehicle_prohibited,62,stop,0.014236987568438053,"[62, 33, 22]","[0.014236987568438053, 0.014201316051185131, 0.014197571203112602]",False
/content/MargDrishti/data/processed/crops/test/school_ahead/school_ahead-12_jpg.rf.3b37dc37586cd2a04f495457f75caa7b__198.0.jpg,46,school_ahead,62,stop,0.014236987568438053,"[62, 33, 22]","[0.014236987568438053, 0.014201316051185131, 0.014197571203112602]",False
/content/MargDrishti/data/processed/crops/test/all_motor_vehicle_prohibited/all_motor_vehicle_prohibited-45_jpg.rf.3c7a0e8de3f5d617208ff1c84f383e3f__199.0.jpg,0,all_motor_vehicle_prohibited,62,stop,0.014236987568438053,"[62, 33, 22]","[0.014236987568438053, 0.014201316051185131, 0.014197571203112602]",False
/content/MargDrishti/data/processed/crops/test/speed_limit_30/speed_limit_30-17_png.rf.3d47f8ce18f2439e6b973eff3c25c340__200.0.jpg,53,speed_limit_30,62,stop,0.014236987568438053,"[62, 33, 22]","[0.014236987568438053, 0.014201316051185131, 0.014197571203112602]",False
/content/MargDrishti/data/processed/crops/test/right_hand_curve/right_hand_curve-23_jpg.rf.3bd3198a43f5686576ac8a63ab2e0970__201.0.jpg,42,right_hand_curve,62,stop,0.014236987568438053,"[62, 33, 22]","[0.014236987568438053, 0.014201316051185131, 0.014197571203112602]",False
/content/MargDrishti/data/processed/crops/test/left_turn_prohibited/left_turn_prohibited-21_jpg.rf.3b9332546b7e7689b8032dc01f1514df__202.0.jpg,26,left_turn_prohibited,62,stop,0.014236987568438053,"[62, 33, 22]","[0.014236987568438053, 0.014201316051185131, 0.014197571203112602]",False
/content/MargDrishti/data/processed/crops/test/speed_limit_30/speed_limit_30-24_png.rf.3cc2be026ff33e16491e6fb2c0831ccb__203.0.jpg,53,speed_limit_30,62,stop,0.014236987568438053,"[62, 33, 22]","[0.014236987568438053, 0.014201316051185131, 0.014197571203112602]",False
/content/MargDrishti/data/processed/crops/test/school_ahead/school_ahead-53_png.rf.3c8c5b37fe98402a4db0c5887e1e6bf7__204.0.jpg,46,school_ahead,41,restriction_ends,0.017643792554736137,"[41, 19, 55]","[0.017643792554736137, 0.017638687044382095, 0.017018161714076996]",False
/content/MargDrishti/data/processed/crops/test/school_ahead/school_ahead-32_jpg.rf.3dc439e9d1a8e29b3c46b10eb8f660bc__205.0.jpg,46,school_ahead,62,stop,0.014236987568438053,"[62, 33, 22]","[0.014236987568438053, 0.014201316051185131, 0.014197571203112602]",False
/content/MargDrishti/data/processed/crops/test/narrow_bridge_ahead/narrow_bridge_ahead-69_jpg.rf.3db8018aa11671a7eb218d2f9f136373__206.0.jpg,30,narrow_bridge_ahead,62,stop,0.014236987568438053,"[62, 33, 22]","[0.014236987568438053, 0.014201316051185131, 0.014197571203112602]",False
/content/MargDrishti/data/processed/crops/test/compulsary_ahead/compulsary_ahead-32_png.rf.3dd6ad19171aec9acbbd8817b89e6c8b__207.0.jpg,5,compulsary_ahead,62,stop,0.014236987568438053,"[62, 33, 22]","[0.014236987568438053, 0.014201316051185131, 0.014197571203112602]",False
/content/MargDrishti/data/processed/crops/test/compulsary_sound_horn/compulsary_sound_horn-17_jpg.rf.3df945924cec503a1f9ead546bd664a7__208.0.jpg,10,compulsary_sound_horn,62,stop,0.014236987568438053,"[62, 33, 22]","[0.014236987568438053, 0.014201316051185131, 0.014197571203112602]",False
/content/MargDrishti/data/processed/crops/test/speed_limit_70/speed_limit_70-53_png.rf.3f951e235defcb7b9acd881388bc43d0__209.0.jpg,57,speed_limit_70,62,stop,0.014236987568438053,"[62, 33, 22]","[0.014236987568438053, 0.014201316051185131, 0.014197571203112602]",False
/content/MargDrishti/data/processed/crops/test/no_stopping_or_standing/no_stopping_or_standing-44_jpg.rf.40bfe4e86cd7d11fea237dc75da80fbc__210.0.jpg,34,no_stopping_or_standing,70,y_intersection,0.014783607795834541,"[70, 32, 24]","[0.014783607795834541, 0.01472735870629549, 0.014685370028018951]",False
/content/MargDrishti/data/processed/crops/test/width_limit/width_limit-43_jpg.rf.40884d97bea362df7f2eac48fd9d047d__211.0.jpg,69,width_limit,62,stop,0.014236987568438053,"[62, 33, 22]","[0.014236987568438053, 0.014201316051185131, 0.014197571203112602]",False
/content/MargDrishti/data/processed/crops/test/horn_prohibited/horn_prohibited-54_jpg.rf.3eb006c3154c46c91784d687cc6b64b9__212.0.jpg,21,horn_prohibited,62,stop,0.014236987568438053,"[62, 33, 22]","[0.014236987568438053, 0.014201316051185131, 0.014197571203112602]",False
/content/MargDrishti/data/processed/crops/test/hump_or_rough_road/hump_or_rough_road-16_jpg.rf.41141101164a05eeaf33fa14e80a5752__213.0.jpg,23,hump_or_rough_road,62,stop,0.014236987568438053,"[62, 33, 22]","[0.014236987568438053, 0.014201316051185131, 0.014197571203112602]",False
/content/MargDrishti/data/processed/crops/test/length_limit/length_limit-7_jpeg.rf.412c087ed369b6fc66533a0bbd3c7fca__214.0.jpg,27,length_limit,62,stop,0.014236987568438053,"[62, 33, 22]","[0.014236987568438053, 0.014201316051185131, 0.014197571203112602]",False
/content/MargDrishti/data/processed/crops/test/no_parking/no_parking-0_jpg.rf.41548ce4d74629af8b92dc7dfe77755f__215.0.jpg,33,no_parking,62,stop,0.014236987568438053,"[62, 33, 22]","[0.014236987568438053, 0.014201316051185131, 0.014197571203112602]",False
/content/MargDrishti/data/processed/crops/test/unguarded_level_crossing/unguarded_level_crossing-22_png.rf.416c89d3c8314bd2f0c089c18e9c1dab__216.0.jpg,68,unguarded_level_crossing,62,stop,0.014236987568438053,"[62, 33, 22]","[0.014236987568438053, 0.014201316051185131, 0.014197571203112602]",False
/content/MargDrishti/data/processed/crops/test/u_turn_prohibited/u_turn_prohibited-64_jpeg.rf.42050fe0b988abe7905ef6e4006c1e50__217.0.jpg,67,u_turn_prohibited,47,side_road_left,0.03652399778366089,"[47, 17, 51]","[0.03652399778366089, 0.03280799463391304, 0.028264740481972694]",False
/content/MargDrishti/data/processed/crops/test/compulsary_keep_left/compulsary_keep_left-11_jpg.rf.41dd7a876b3a8d28934b2abdc4d8462b__218.0.jpg,8,compulsary_keep_left,8,compulsary_keep_left,0.12104520201683044,"[8, 53, 36]","[0.12104520201683044, 0.08526943624019623, 0.07064338773488998]",True
/content/MargDrishti/data/processed/crops/test/u_turn/u_turn-15_jpg.rf.41ed6c081096fc9db3c8f3f2bbce5031__219.0.jpg,66,u_turn,47,side_road_left,0.04935040697455406,"[47, 17, 51]","[0.04935040697455406, 0.04246106371283531, 0.03449028357863426]",False
/content/MargDrishti/data/processed/crops/test/gap_in_median/gap_in_median-39_jpg.rf.4173281c37601a741eb9346f79709b6f__220.0.jpg,17,gap_in_median,62,stop,0.014236987568438053,"[62, 33, 22]","[0.014236987568438053, 0.014201316051185131, 0.014197571203112602]",False
/content/MargDrishti/data/processed/crops/test/speed_limit_70/speed_limit_70-45_jpg.rf.42d93a17c3bac949486de87f6771c67f__221.0.jpg,57,speed_limit_70,62,stop,0.014236987568438053,"[62, 33, 22]","[0.014236987568438053, 0.014201316051185131, 0.014197571203112602]",False
/content/MargDrishti/data/processed/crops/test/quay_side_or_river_bank/quay_side_or_river_bank-35_jpeg.rf.426d10c78f49388d41930e835181c474__222.0.jpg,40,quay_side_or_river_bank,70,y_intersection,0.015221765264868736,"[70, 32, 24]","[0.015221765264868736, 0.01506849192082882, 0.015042449347674847]",False
/content/MargDrishti/data/processed/crops/test/hospital_ahead/hospital_ahead-47_jpeg.rf.42f2e225253c747e7809b6b0b1adff4a__223.0.jpg,22,hospital_ahead,22,hospital_ahead,0.4000384211540222,"[22, 69, 63]","[0.4000384211540222, 0.24981164932250977, 0.1662275642156601]",True
/content/MargDrishti/data/processed/crops/test/left_hand_curve/left_hand_curve-25_jpg.rf.4261507637a1fbd911928cba13539d1b__224.0.jpg,24,left_hand_curve,62,stop,0.014236987568438053,"[62, 33, 22]","[0.014236987568438053, 0.014201316051185131, 0.014197571203112602]",False
/content/MargDrishti/data/processed/crops/test/compulsary_sound_horn/compulsary_sound_horn-40_jpg.rf.43f9a3ca920ee26e621e58d05e11f8a4__225.0.jpg,10,compulsary_sound_horn,47,side_road_left,0.015564207918941975,"[47, 17, 14]","[0.015564207918941975, 0.015432057902216911, 0.015241543762385845]",False
/content/MargDrishti/data/processed/crops/test/side_road_left/side_road_left-49_jpg.rf.43f55fb11074fd160cffa74c95b90df1__226.0.jpg,47,side_road_left,62,stop,0.014236987568438053,"[62, 33, 22]","[0.014236987568438053, 0.014201316051185131, 0.014197571203112602]",False
/content/MargDrishti/data/processed/crops/test/give_way/give_way-10_png.rf.443e4177c3512bf0a00913ce45ae8264__227.0.jpg,18,give_way,43,right_reverse_bend,0.015423198230564594,"[43, 12, 2]","[0.015423198230564594, 0.015308259986341, 0.015200250782072544]",False
/content/MargDrishti/data/processed/crops/test/speed_limit_70/speed_limit_70-62_png.rf.441bd0c0748b5dc8266b9ac74b14e8ba__228.0.jpg,57,speed_limit_70,62,stop,0.014236987568438053,"[62, 33, 22]","[0.014236987568438053, 0.014201316051185131, 0.014197571203112602]",False
/content/MargDrishti/data/processed/crops/test/left_reverse_bend/left_reverse_bend-12_png.rf.44b098983484c72c86c5b5ab41cf39d3__229.0.jpg,25,left_reverse_bend,47,side_road_left,0.02559680864214897,"[47, 51, 14]","[0.02559680864214897, 0.02469548210501671, 0.02379312366247177]",False
/content/MargDrishti/data/processed/crops/test/restriction_ends/restriction_ends-21_png.rf.44b727ca2681dff72294380685f82df5__230.0.jpg,41,restriction_ends,3,cattle_ahead,0.0702584758400917,"[3, 10, 16]","[0.0702584758400917, 0.06410839408636093, 0.05975015088915825]",False
/content/MargDrishti/data/processed/crops/test/speed_limit_70/speed_limit_70-2_jpg.rf.44ea652eb79cfa0d1f440682e1def674__231.0.jpg,57,speed_limit_70,62,stop,0.014236987568438053,"[62, 33, 22]","[0.014236987568438053, 0.014201316051185131, 0.014197571203112602]",False
/content/MargDrishti/data/processed/crops/test/width_limit/width_limit-40_jpg.rf.448bd076a3be84f886d0c1f529c0134b__232.0.jpg,69,width_limit,62,stop,0.014236987568438053,"[62, 33, 22]","[0.014236987568438053, 0.014201316051185131, 0.014197571203112602]",False
/content/MargDrishti/data/processed/crops/test/restriction_ends/restriction_ends-46_png.rf.451cdc566a0db5246da56afb187129ea__233.0.jpg,41,restriction_ends,62,stop,0.014236987568438053,"[62, 33, 22]","[0.014236987568438053, 0.014201316051185131, 0.014197571203112602]",False
/content/MargDrishti/data/processed/crops/test/speed_limit_30/speed_limit_30-7_jpg.rf.45030d30846c4d80af334693b5827f5e__234.0.jpg,53,speed_limit_30,62,stop,0.014236987568438053,"[62, 33, 22]","[0.014236987568438053, 0.014201316051185131, 0.014197571203112602]",False
/content/MargDrishti/data/processed/crops/test/cycle_crossing/cycle_crossing-51_png.rf.44ee0beb7e8f4621488d269c89157e80__235.0.jpg,14,cycle_crossing,62,stop,0.014236987568438053,"[62, 33, 22]","[0.014236987568438053, 0.014201316051185131, 0.014197571203112602]",False
/content/MargDrishti/data/processed/crops/test/left_turn_prohibited/left_turn_prohibited-26_jpg.rf.455fb4cec37f6031d2ccaf72e60febb0__236.0.jpg,26,left_turn_prohibited,62,stop,0.014236987568438053,"[62, 33, 22]","[0.014236987568438053, 0.014201316051185131, 0.014197571203112602]",False
/content/MargDrishti/data/processed/crops/test/cycle_crossing/cycle_crossing-14_jpg.rf.468761e9a6b353a45137b6856bcf63ce__237.0.jpg,14,cycle_crossing,62,stop,0.014236987568438053,"[62, 33, 22]","[0.014236987568438053, 0.014201316051185131, 0.014197571203112602]",False
/content/MargDrishti/data/processed/crops/test/speed_limit_80/speed_limit_80-40_png.rf.46eeea787850a154758c7081ad4eb2d9__238.0.jpg,58,speed_limit_80,47,side_road_left,0.0295453742146492,"[47, 17, 51]","[0.0295453742146492, 0.027277212589979172, 0.024397283792495728]",False
/content/MargDrishti/data/processed/crops/test/falling_rocks/falling_rocks-23_jpeg.rf.478432c2a1d2bb1bcf93740af0f48e17__239.0.jpg,16,falling_rocks,62,stop,0.014236987568438053,"[62, 33, 22]","[0.014236987568438053, 0.014201316051185131, 0.014197571203112602]",False
/content/MargDrishti/data/processed/crops/test/guarded_level_crossing/guarded_level_crossing-30_jpg.rf.46d69e20c36c7babae6a33faae4cc59a__240.0.jpg,19,guarded_level_crossing,62,stop,0.014236987568438053,"[62, 33, 22]","[0.014236987568438053, 0.014201316051185131, 0.014197571203112602]",False
/content/MargDrishti/data/processed/crops/test/compulsary_keep_left/compulsary_keep_left-55_jpg.rf.47b6187090775389744ad769a5945c9c__241.0.jpg,8,compulsary_keep_left,62,stop,0.014236987568438053,"[62, 33, 22]","[0.014236987568438053, 0.014201316051185131, 0.014197571203112602]",False
/content/MargDrishti/data/processed/crops/test/all_motor_vehicle_prohibited/all_motor_vehicle_prohibited-38_png.rf.47eceecebdbaee53f72c362e9ce19bdd__242.0.jpg,0,all_motor_vehicle_prohibited,67,u_turn_prohibited,0.03443602845072746,"[67, 0, 11]","[0.03443602845072746, 0.03352058678865433, 0.032832104712724686]",False
/content/MargDrishti/data/processed/crops/test/roundabout/roundabout-16_jpg.rf.485510f8281630b58b16b05daeebf08c__243.0.jpg,45,roundabout,70,y_intersection,0.022774960845708847,"[70, 33, 54]","[0.022774960845708847, 0.021454745903611183, 0.021192116662859917]",False
/content/MargDrishti/data/processed/crops/test/petrol_pump_ahead/petrol_pump_ahead-56_png.rf.47a8c2436368ef9766feec50d07111e7__244.0.jpg,39,petrol_pump_ahead,63,t_intersection,0.4943113625049591,"[63, 69, 34]","[0.4943113625049591, 0.15186358988285065, 0.05552680045366287]",False
/content/MargDrishti/data/processed/crops/test/traffic_signal/traffic_signal-8_jpg.rf.48a499a3d7de330095b305f415f56d73__245.0.jpg,64,traffic_signal,62,stop,0.014236987568438053,"[62, 33, 22]","[0.014236987568438053, 0.014201316051185131, 0.014197571203112602]",False
/content/MargDrishti/data/processed/crops/test/speed_limit_40/speed_limit_40-36_jpg.rf.49a325b54e118f2518fcb87d45aec6b1__246.0.jpg,54,speed_limit_40,70,y_intersection,0.03340737149119377,"[70, 33, 54]","[0.03340737149119377, 0.02956773340702057, 0.0292452834546566]",False
/content/MargDrishti/data/processed/crops/test/right_turn_prohibited/right_turn_prohibited-31_jpg.rf.48ee1e8210dad2f0c8bd2e6c7d73e5f0__247.0.jpg,44,right_turn_prohibited,62,stop,0.014236987568438053,"[62, 33, 22]","[0.014236987568438053, 0.014201316051185131, 0.014197571203112602]",False
/content/MargDrishti/data/processed/crops/test/restriction_ends/restriction_ends-45_png.rf.494f36a69808cadb9eb9bad88dcd13e8__248.0.jpg,41,restriction_ends,62,stop,0.014236987568438053,"[62, 33, 22]","[0.014236987568438053, 0.014201316051185131, 0.014197571203112602]",False
/content/MargDrishti/data/processed/crops/test/left_reverse_bend/left_reverse_bend-27_png.rf.49e0c29f536086ee97a573d2ccfda3c0__250.0.jpg,25,left_reverse_bend,70,y_intersection,0.038219042122364044,"[70, 24, 32]","[0.038219042122364044, 0.03149987757205963, 0.030335141345858574]",False
/content/MargDrishti/data/processed/crops/test/roundabout/roundabout-23_jpg.rf.4a38ceeb8660b2df88a9bd7c433b8f56__251.0.jpg,45,roundabout,62,stop,0.014236987568438053,"[62, 33, 22]","[0.014236987568438053, 0.014201316051185131, 0.014197571203112602]",False
/content/MargDrishti/data/processed/crops/test/speed_limit_20/speed_limit_20-17_png.rf.49db9c9fcea0894698b8a334ba947e51__252.0.jpg,52,speed_limit_20,62,stop,0.014236987568438053,"[62, 33, 22]","[0.014236987568438053, 0.014201316051185131, 0.014197571203112602]",False
/content/MargDrishti/data/processed/crops/test/narrow_bridge_ahead/narrow_bridge_ahead-70_jpg.rf.4a84b85ad36698580998ef7a4e2bb189__253.0.jpg,30,narrow_bridge_ahead,70,y_intersection,0.02220338210463524,"[70, 24, 32]","[0.02220338210463524, 0.020462578162550926, 0.020189721137285233]",False
/content/MargDrishti/data/processed/crops/test/no_entry/no_entry-49_jpg.rf.4ad07b8cabae18a4590e1b8abb151ac5__254.0.jpg,32,no_entry,62,stop,0.014236987568438053,"[62, 33, 22]","[0.014236987568438053, 0.014201316051185131, 0.014197571203112602]",False
/content/MargDrishti/data/processed/crops/test/school_ahead/school_ahead-52_jpg.rf.4b1008a1b105d4fad4a80cacc5420d1c__255.0.jpg,46,school_ahead,62,stop,0.014236987568438053,"[62, 33, 22]","[0.014236987568438053, 0.014201316051185131, 0.014197571203112602]",False
/content/MargDrishti/data/processed/crops/test/cross_road/cross_road-47_jpg.rf.4a70ec97f8a693f433bfc905b326c793__256.0.jpg,13,cross_road,62,stop,0.014236987568438053,"[62, 33, 22]","[0.014236987568438053, 0.014201316051185131, 0.014197571203112602]",False
/content/MargDrishti/data/processed/crops/test/right_hand_curve/right_hand_curve-12_jpg.rf.4b946169572114c1ea2d29db54cd45c2__257.0.jpg,42,right_hand_curve,62,stop,0.014236987568438053,"[62, 33, 22]","[0.014236987568438053, 0.014201316051185131, 0.014197571203112602]",False
/content/MargDrishti/data/processed/crops/test/speed_limit_100/speed_limit_100-47_png.rf.4b9249c6a87e860854d25e808cc3060f__258.0.jpg,50,speed_limit_100,5,compulsary_ahead,0.06615200638771057,"[5, 51, 29]","[0.06615200638771057, 0.0612194798886776, 0.05918949469923973]",False
/content/MargDrishti/data/processed/crops/test/chevron_direction/chevron_direction-45_jpg.rf.4b4e3a7d4e572964000e4a8c5f8578c4__259.0.jpg,4,chevron_direction,19,guarded_level_crossing,0.02797389030456543,"[19, 41, 55]","[0.02797389030456543, 0.027865082025527954, 0.024686019867658615]",False
/content/MargDrishti/data/processed/crops/test/speed_limit_20/speed_limit_20-16_jpg.rf.4b5a5631c1dc7a125e77440f624d745f__260.0.jpg,52,speed_limit_20,16,falling_rocks,0.02114049717783928,"[16, 67, 21]","[0.02114049717783928, 0.020325686782598495, 0.019866416230797768]",False
/content/MargDrishti/data/processed/crops/test/compulsary_sound_horn/compulsary_sound_horn-29_jpg.rf.4bb4c3cd72b1db9a2a7ae17493bcea65__261.0.jpg,10,compulsary_sound_horn,47,side_road_left,0.021799657493829727,"[47, 17, 51]","[0.021799657493829727, 0.020859111100435257, 0.01959160715341568]",False
/content/MargDrishti/data/processed/crops/test/t_intersection/t_intersection-40_jpg.rf.4bc78a874b5ef5e3c9450497dbb9a6c0__262.0.jpg,63,t_intersection,62,stop,0.014236987568438053,"[62, 33, 22]","[0.014236987568438053, 0.014201316051185131, 0.014197571203112602]",False
/content/MargDrishti/data/processed/crops/test/right_turn_prohibited/right_turn_prohibited-5_jpg.rf.4c39ed442995fc760e90ee50d6fe8712__264.0.jpg,44,right_turn_prohibited,68,unguarded_level_crossing,0.01785975694656372,"[68, 66, 13]","[0.01785975694656372, 0.01785948872566223, 0.01746411807835102]",False
/content/MargDrishti/data/processed/crops/test/traffic_signal/traffic_signal-16_jpg.rf.4e2787361fc6c1e06f498ebf8c44cfca__265.0.jpg,64,traffic_signal,62,stop,0.014236987568438053,"[62, 33, 22]","[0.014236987568438053, 0.014201316051185131, 0.014197571203112602]",False
/content/MargDrishti/data/processed/crops/test/height_limit/height_limit-6_png.rf.4d07237aaaa8917cd239c4c13a4cfce2__267.0.jpg,20,height_limit,62,stop,0.014236987568438053,"[62, 33, 22]","[0.014236987568438053, 0.014201316051185131, 0.014197571203112602]",False
/content/MargDrishti/data/processed/crops/test/give_way/give_way-2_png.rf.4bf87c10179f9e33e8f50fdc0b530233__268.0.jpg,18,give_way,43,right_reverse_bend,0.1452009677886963,"[43, 12, 2]","[0.1452009677886963, 0.1054331585764885, 0.08210499584674835]",False
/content/MargDrishti/data/processed/crops/test/loose_gravel/loose_gravel-11_png.rf.4e3fff4ef4e3818e6a4829e636c163cd__269.0.jpg,28,loose_gravel,62,stop,0.014236987568438053,"[62, 33, 22]","[0.014236987568438053, 0.014201316051185131, 0.014197571203112602]",False
/content/MargDrishti/data/processed/crops/test/u_turn_prohibited/u_turn_prohibited-45_jpg.rf.4e5d246ce1c6f01a653f07e5d7eaa585__270.0.jpg,67,u_turn_prohibited,62,stop,0.014236987568438053,"[62, 33, 22]","[0.014236987568438053, 0.014201316051185131, 0.014197571203112602]",False
/content/MargDrishti/data/processed/crops/test/left_turn_prohibited/left_turn_prohibited-22_jpg.rf.4ee5c9a80992a1d0b584c5efefcd3bcf__271.0.jpg,26,left_turn_prohibited,62,stop,0.014236987568438053,"[62, 33, 22]","[0.014236987568438053, 0.014201316051185131, 0.014197571203112602]",False
/content/MargDrishti/data/processed/crops/test/all_motor_vehicle_prohibited/all_motor_vehicle_prohibited-37_png.rf.4f5e59e4f744ec3fe0918e39230bdd78__272.0.jpg,0,all_motor_vehicle_prohibited,62,stop,0.014236987568438053,"[62, 33, 22]","[0.014236987568438053, 0.014201316051185131, 0.014197571203112602]",False
/content/MargDrishti/data/processed/crops/test/compulsary_ahead_or_turn_right/compulsary_ahead_or_turn_right-23_jpg.rf.4f0a79201d838613c16ea3d0e64814c9__273.0.jpg,7,compulsary_ahead_or_turn_right,16,falling_rocks,0.027400296181440353,"[16, 12, 41]","[0.027400296181440353, 0.022280029952526093, 0.02149008959531784]",False
/content/MargDrishti/data/processed/crops/test/hospital_ahead/hospital_ahead-56_jpg.rf.4f286bd8a9f63dda8406ffb12efbba87__274.0.jpg,22,hospital_ahead,22,hospital_ahead,0.17061950266361237,"[22, 69, 63]","[0.17061950266361237, 0.12146993726491928, 0.09147775173187256]",True
/content/MargDrishti/data/processed/crops/test/speed_limit_70/speed_limit_70-27_jpg.rf.4f0f5e99f9478515344d24d8cd7bc04c__275.0.jpg,57,speed_limit_70,70,y_intersection,0.055766575038433075,"[70, 24, 32]","[0.055766575038433075, 0.042071633040905, 0.03974534198641777]",False
/content/MargDrishti/data/processed/crops/test/dangerous_dip/dangerous_dip-3_jpg.rf.5000406c61e49c30870273fd103f62ea__276.0.jpg,15,dangerous_dip,62,stop,0.014236987568438053,"[62, 33, 22]","[0.014236987568438053, 0.014201316051185131, 0.014197571203112602]",False
/content/MargDrishti/data/processed/crops/test/truck_prohibited/truck_prohibited-36_jpg.rf.50d0c55bf403b82879b18d572e3f0080__277.0.jpg,65,truck_prohibited,62,stop,0.014236987568438053,"[62, 33, 22]","[0.014236987568438053, 0.014201316051185131, 0.014197571203112602]",False
/content/MargDrishti/data/processed/crops/test/t_intersection/t_intersection-22_jpeg.rf.503f63907e0573581eda277b992499d9__278.0.jpg,63,t_intersection,62,stop,0.014236987568438053,"[62, 33, 22]","[0.014236987568438053, 0.014201316051185131, 0.014197571203112602]",False
/content/MargDrishti/data/processed/crops/test/pass_either_side/pass_either_side-44_jpeg.rf.511d3a33822d1919a840b46778af88e0__279.0.jpg,36,pass_either_side,62,stop,0.014236987568438053,"[62, 33, 22]","[0.014236987568438053, 0.014201316051185131, 0.014197571203112602]",False
/content/MargDrishti/data/processed/crops/test/height_limit/height_limit-49_jpeg.rf.516ca16b0a9a917d88b8e28b0887002c__280.0.jpg,20,height_limit,62,stop,0.014236987568438053,"[62, 33, 22]","[0.014236987568438053, 0.014201316051185131, 0.014197571203112602]",False
/content/MargDrishti/data/processed/crops/test/truck_prohibited/truck_prohibited-29_jpeg.rf.52ee3838d903637ce1daa100184c82f3__281.0.jpg,65,truck_prohibited,62,stop,0.014236987568438053,"[62, 33, 22]","[0.014236987568438053, 0.014201316051185131, 0.014197571203112602]",False
/content/MargDrishti/data/processed/crops/test/narrow_bridge_ahead/narrow_bridge_ahead-28_jpg.rf.52d1b716df7b0383420a91f92d841560__282.0.jpg,30,narrow_bridge_ahead,62,stop,0.014236987568438053,"[62, 33, 22]","[0.014236987568438053, 0.014201316051185131, 0.014197571203112602]",False
/content/MargDrishti/data/processed/crops/test/loose_gravel/loose_gravel-31_png.rf.5222ff00fd0bf94b99265377c3ad99cb__283.0.jpg,28,loose_gravel,62,stop,0.014236987568438053,"[62, 33, 22]","[0.014236987568438053, 0.014201316051185131, 0.014197571203112602]",False
/content/MargDrishti/data/processed/crops/test/side_road_right/side_road_right-17_jpeg.rf.5255c65ece117c133fbd82286f534fe9__284.0.jpg,48,side_road_right,62,stop,0.014236987568438053,"[62, 33, 22]","[0.014236987568438053, 0.014201316051185131, 0.014197571203112602]",False
/content/MargDrishti/data/processed/crops/test/side_road_right/side_road_right-0_jpg.rf.5383394f1cf0b9946bf3e5fdc08ca025__285.0.jpg,48,side_road_right,62,stop,0.014236987568438053,"[62, 33, 22]","[0.014236987568438053, 0.014201316051185131, 0.014197571203112602]",False
/content/MargDrishti/data/processed/crops/test/compulsary_turn_right_ahead/compulsary_turn_right_ahead-48_png.rf.534b29bb2d156af946d72f9826ac17df__286.0.jpg,12,compulsary_turn_right_ahead,43,right_reverse_bend,0.01894681714475155,"[43, 12, 2]","[0.01894681714475155, 0.018487537279725075, 0.018115248531103134]",False
/content/MargDrishti/data/processed/crops/test/overtaking_prohibited/overtaking_prohibited-17_jpeg.rf.546c19e76ec7e2445818b8e469721647__287.0.jpg,35,overtaking_prohibited,62,stop,0.014236987568438053,"[62, 33, 22]","[0.014236987568438053, 0.014201316051185131, 0.014197571203112602]",False
/content/MargDrishti/data/processed/crops/test/left_turn_prohibited/left_turn_prohibited-15_jpg.rf.537ac61928f77257b26d2adf68d047f8__288.0.jpg,26,left_turn_prohibited,62,stop,0.014236987568438053,"[62, 33, 22]","[0.014236987568438053, 0.014201316051185131, 0.014197571203112602]",False
/content/MargDrishti/data/processed/crops/test/compulsary_turn_left_ahead/compulsary_turn_left_ahead-28_jpg.rf.558713ed0ef98f6a41f5fa9013836510__289.0.jpg,11,compulsary_turn_left_ahead,43,right_reverse_bend,0.022147227078676224,"[43, 12, 2]","[0.022147227078676224, 0.02131590060889721, 0.02066505327820778]",False
/content/MargDrishti/data/processed/crops/test/give_way/give_way-27_png.rf.54bebe99f6ba19993c6080c0380f8bfc__290.0.jpg,18,give_way,62,stop,0.014236987568438053,"[62, 33, 22]","[0.014236987568438053, 0.014201316051185131, 0.014197571203112602]",False
/content/MargDrishti/data/processed/crops/test/roundabout/roundabout-26_png.rf.56a54d67a55ec8b7b3b21a82c470fffd__291.0.jpg,45,roundabout,47,side_road_left,0.027977263554930687,"[47, 51, 53]","[0.027977263554930687, 0.027430880814790726, 0.02522127889096737]",False
/content/MargDrishti/data/processed/crops/test/height_limit/height_limit-11_jpeg.rf.55bb95ea8955453be45881f175b1a7f0__292.0.jpg,20,height_limit,62,stop,0.014236987568438053,"[62, 33, 22]","[0.014236987568438053, 0.014201316051185131, 0.014197571203112602]",False
/content/MargDrishti/data/processed/crops/test/cycle_crossing/cycle_crossing-29_png.rf.56c474fbd9611ab2d36b212b38ecf062__293.0.jpg,14,cycle_crossing,62,stop,0.014236987568438053,"[62, 33, 22]","[0.014236987568438053, 0.014201316051185131, 0.014197571203112602]",False
/content/MargDrishti/data/processed/crops/test/overtaking_prohibited/overtaking_prohibited-49_jpg.rf.56ed2b0f3e3a243ac7b0750f060dae7c__294.0.jpg,35,overtaking_prohibited,62,stop,0.014236987568438053,"[62, 33, 22]","[0.014236987568438053, 0.014201316051185131, 0.014197571203112602]",False
/content/MargDrishti/data/processed/crops/test/u_turn/u_turn-50_jpg.rf.56e36c4252d4379907b528ea7e489a28__295.0.jpg,66,u_turn,62,stop,0.014236987568438053,"[62, 33, 22]","[0.014236987568438053, 0.014201316051185131, 0.014197571203112602]",False
/content/MargDrishti/data/processed/crops/test/right_hand_curve/right_hand_curve-6_jpg.rf.572640d75520f7236ebdb0bf6fa04aa1__296.0.jpg,42,right_hand_curve,70,y_intersection,0.025572430342435837,"[70, 33, 54]","[0.025572430342435837, 0.02365974709391594, 0.0233792532235384]",False
/content/MargDrishti/data/processed/crops/test/compulsary_keep_left/compulsary_keep_left-1_png.rf.57d1741583c2c1f4f2f79a13ebf16ad7__297.0.jpg,8,compulsary_keep_left,62,stop,0.014236987568438053,"[62, 33, 22]","[0.014236987568438053, 0.014201316051185131, 0.014197571203112602]",False
/content/MargDrishti/data/processed/crops/test/men_at_work/men_at_work-45_png.rf.577ba1d4aa5020dfced679f0ea54f812__298.0.jpg,29,men_at_work,7,compulsary_ahead_or_turn_right,0.01481280941516161,"[7, 61, 37]","[0.01481280941516161, 0.014800919219851494, 0.014787872321903706]",False
/content/MargDrishti/data/processed/crops/test/axle_load_limit/axle_load_limit-11_jpeg.rf.5740b565cdb5238c519a30719034fe43__300.0.jpg,1,axle_load_limit,62,stop,0.014236987568438053,"[62, 33, 22]","[0.014236987568438053, 0.014201316051185131, 0.014197571203112602]",False
/content/MargDrishti/data/processed/crops/test/unguarded_level_crossing/unguarded_level_crossing-3_jpg.rf.584c6f695dde5345c3cdc7f572ec6090__301.0.jpg,68,unguarded_level_crossing,62,stop,0.014236987568438053,"[62, 33, 22]","[0.014236987568438053, 0.014201316051185131, 0.014197571203112602]",False
/content/MargDrishti/data/processed/crops/test/stop/stop-55_png.rf.58674348948c04d308ad969080c10ab0__302.0.jpg,62,stop,62,stop,0.014236987568438053,"[62, 33, 22]","[0.014236987568438053, 0.014201316051185131, 0.014197571203112602]",True
/content/MargDrishti/data/processed/crops/test/right_reverse_bend/right_reverse_bend-45_jpg.rf.589625f0e8d86791f23c747ea20a67f6__303.0.jpg,43,right_reverse_bend,62,stop,0.014236987568438053,"[62, 33, 22]","[0.014236987568438053, 0.014201316051185131, 0.014197571203112602]",False
/content/MargDrishti/data/processed/crops/test/compulsary_sound_horn/compulsary_sound_horn-1_jpg.rf.5855545cbaf0b92d0b817d5bea96504d__304.0.jpg,10,compulsary_sound_horn,47,side_road_left,0.03101191855967045,"[47, 17, 51]","[0.03101191855967045, 0.028457842767238617, 0.025242900475859642]",False
/content/MargDrishti/data/processed/crops/test/speed_limit_120/speed_limit_120-27_png.rf.58b091718bc10867f1f7fcaa82500494__305.0.jpg,51,speed_limit_120,67,u_turn_prohibited,0.019345784559845924,"[67, 10, 8]","[0.019345784559845924, 0.019139369949698448, 0.018933074548840523]",False
/content/MargDrishti/data/processed/crops/test/compulsary_turn_left_ahead/compulsary_turn_left_ahead-42_png.rf.58cab74cd8140f3150cf149f44c049fe__306.0.jpg,11,compulsary_turn_left_ahead,62,stop,0.014236987568438053,"[62, 33, 22]","[0.014236987568438053, 0.014201316051185131, 0.014197571203112602]",False
/content/MargDrishti/data/processed/crops/test/pedestrian_crossing/pedestrian_crossing-60_jpg.rf.58fb8887544e4d28ca157673f74ca518__307.0.jpg,37,pedestrian_crossing,62,stop,0.014236987568438053,"[62, 33, 22]","[0.014236987568438053, 0.014201316051185131, 0.014197571203112602]",False
/content/MargDrishti/data/processed/crops/test/pedestrian_crossing/pedestrian_crossing-32_png.rf.5a7ad990d60dc46c4b8f03427f281ab0__308.0.jpg,37,pedestrian_crossing,70,y_intersection,0.028675030916929245,"[70, 24, 32]","[0.028675030916929245, 0.02512032724916935, 0.024514010176062584]",False
/content/MargDrishti/data/processed/crops/test/no_entry/no_entry-44_jpg.rf.5aac8adcee814fd256c3038fdfaa55d4__309.0.jpg,32,no_entry,47,side_road_left,0.03426394239068031,"[47, 17, 51]","[0.03426394239068031, 0.031040474772453308, 0.02705428935587406]",False
/content/MargDrishti/data/processed/crops/test/left_reverse_bend/left_reverse_bend-14_png.rf.590a6f2b57b009e3eb1da160a069cdeb__310.0.jpg,25,left_reverse_bend,70,y_intersection,0.021780431270599365,"[70, 24, 32]","[0.021780431270599365, 0.020147038623690605, 0.019894331693649292]",False
/content/MargDrishti/data/processed/crops/test/bullock_cart_and_hand_cart_prohibited/bullock_cart_and_hand_cart_prohibited-40_jpg.rf.5abe78a5257ec05b1792f98044998349__311.0.jpg,2,bullock_cart_and_hand_cart_prohibited,62,stop,0.014236987568438053,"[62, 33, 22]","[0.014236987568438053, 0.014201316051185131, 0.014197571203112602]",False
/content/MargDrishti/data/processed/crops/test/compulsary_turn_right_ahead/compulsary_turn_right_ahead-33_png.rf.5b73099de8ab360f9208486261f67739__312.0.jpg,12,compulsary_turn_right_ahead,47,side_road_left,0.015221765264868736,"[47, 17, 14]","[0.015221765264868736, 0.015126056969165802, 0.014986894093453884]",False
/content/MargDrishti/data/processed/crops/test/speed_limit_60/speed_limit_60-31_jpg.rf.5b768644a9f34c0e4e30e4b67febc14d__313.0.jpg,56,speed_limit_60,62,stop,0.014236987568438053,"[62, 33, 22]","[0.014236987568438053, 0.014201316051185131, 0.014197571203112602]",False
/content/MargDrishti/data/processed/crops/test/give_way/give_way-9_png.rf.5bb980541b000f1d9fabd8b4ffbeb8cd__314.0.jpg,18,give_way,47,side_road_left,0.03279329091310501,"[47, 51, 14]","[0.03279329091310501, 0.030444016680121422, 0.0289569403976202]",False
/content/MargDrishti/data/processed/crops/test/cycle_crossing/cycle_crossing-20_jpg.rf.5d0d3b2c00b1e1fa7b3732f4878d1c75__315.0.jpg,14,cycle_crossing,70,y_intersection,0.032303567975759506,"[70, 33, 54]","[0.032303567975759506, 0.028757421299815178, 0.02844022400677204]",False
/content/MargDrishti/data/processed/crops/test/speed_limit_40/speed_limit_40-45_jpg.rf.5bdd168b63d460430e72dcfabf7331a7__316.0.jpg,54,speed_limit_40,70,y_intersection,0.030688676983118057,"[70, 24, 32]","[0.030688676983118057, 0.026510778814554214, 0.025792425498366356]",False
/content/MargDrishti/data/processed/crops/test/length_limit/length_limit-25_png.rf.5eae83bfb64e787a231526af9136325a__317.0.jpg,27,length_limit,62,stop,0.014236987568438053,"[62, 33, 22]","[0.014236987568438053, 0.014201316051185131, 0.014197571203112602]",False
/content/MargDrishti/data/processed/crops/test/right_turn_prohibited/right_turn_prohibited-3_jpg.rf.5d72ab144723f0004de9b60865ce898c__318.0.jpg,44,right_turn_prohibited,66,u_turn,0.015455687418580055,"[66, 68, 13]","[0.015455687418580055, 0.015440506860613823, 0.015392966568470001]",False
/content/MargDrishti/data/processed/crops/test/left_hand_curve/left_hand_curve-23_jpg.rf.5d1a8896acb8737673b9deb583392f0c__319.0.jpg,24,left_hand_curve,62,stop,0.014236987568438053,"[62, 33, 22]","[0.014236987568438053, 0.014201316051185131, 0.014197571203112602]",False
/content/MargDrishti/data/processed/crops/test/truck_prohibited/truck_prohibited-22_png.rf.5e8825b78da47f5e77fa31297527aaa1__320.0.jpg,65,truck_prohibited,62,stop,0.014236987568438053,"[62, 33, 22]","[0.014236987568438053, 0.014201316051185131, 0.014197571203112602]",False
/content/MargDrishti/data/processed/crops/test/guarded_level_crossing/guarded_level_crossing-34_jpg.rf.5ee3a6dbcf3034a228baaa06904dbdc4__321.0.jpg,19,guarded_level_crossing,62,stop,0.014236987568438053,"[62, 33, 22]","[0.014236987568438053, 0.014201316051185131, 0.014197571203112602]",False
/content/MargDrishti/data/processed/crops/test/horn_prohibited/horn_prohibited-44_jpg.rf.5ecee40817d104c69ec4d1b33e46db42__322.0.jpg,21,horn_prohibited,62,stop,0.014236987568438053,"[62, 33, 22]","[0.014236987568438053, 0.014201316051185131, 0.014197571203112602]",False
/content/MargDrishti/data/processed/crops/test/speed_limit_40/speed_limit_40-12_jpg.rf.5f1737c29cbe6858533ea5752d6ef0ae__323.0.jpg,54,speed_limit_40,62,stop,0.014236987568438053,"[62, 33, 22]","[0.014236987568438053, 0.014201316051185131, 0.014197571203112602]",False
/content/MargDrishti/data/processed/crops/test/length_limit/length_limit-37_jpg.rf.5f90a138ba3d1b8e484cc4f7cfe0bcfe__324.0.jpg,27,length_limit,62,stop,0.014236987568438053,"[62, 33, 22]","[0.014236987568438053, 0.014201316051185131, 0.014197571203112602]",False
/content/MargDrishti/data/processed/crops/test/compulsary_sound_horn/compulsary_sound_horn-21_jpg.rf.60955941b4776cadcb132e866470ac27__325.0.jpg,10,compulsary_sound_horn,47,side_road_left,0.02215597964823246,"[47, 17, 51]","[0.02215597964823246, 0.021161658689379692, 0.019826583564281464]",False
/content/MargDrishti/data/processed/crops/test/pedestrian_prohibited/pedestrian_prohibited-19_jpeg.rf.606391e73c5d1afeec784eb597d3e760__326.0.jpg,38,pedestrian_prohibited,62,stop,0.014236987568438053,"[62, 33, 22]","[0.014236987568438053, 0.014201316051185131, 0.014197571203112602]",False
/content/MargDrishti/data/processed/crops/test/height_limit/height_limit-55_png.rf.5f98c5ad6858fbb239738a9fafd5d662__327.0.jpg,20,height_limit,62,stop,0.014236987568438053,"[62, 33, 22]","[0.014236987568438053, 0.014201316051185131, 0.014197571203112602]",False
/content/MargDrishti/data/processed/crops/test/falling_rocks/falling_rocks-41_jpeg.rf.60af2c1b4838a9d78c785c45ed555e61__328.0.jpg,16,falling_rocks,70,y_intersection,0.07547664642333984,"[70, 24, 32]","[0.07547664642333984, 0.052581388503313065, 0.048822224140167236]",False
/content/MargDrishti/data/processed/crops/test/roundabout/roundabout-4_jpg.rf.61adfea0f3b77e364d609c8d37ba99df__329.0.jpg,45,roundabout,47,side_road_left,0.018812917172908783,"[47, 17, 14]","[0.018812917172908783, 0.018292197957634926, 0.01756761595606804]",False
/content/MargDrishti/data/processed/crops/test/cycle_crossing/cycle_crossing-19_jpg.rf.60c2c81248aea2b516b2b2b7b6e11087__330.0.jpg,14,cycle_crossing,62,stop,0.014236987568438053,"[62, 33, 22]","[0.014236987568438053, 0.014201316051185131, 0.014197571203112602]",False
/content/MargDrishti/data/processed/crops/test/left_turn_prohibited/left_turn_prohibited-8_jpg.rf.61cb87d59bdba912d7dec6d9ebc636e7__331.0.jpg,26,left_turn_prohibited,62,stop,0.014236987568438053,"[62, 33, 22]","[0.014236987568438053, 0.014201316051185131, 0.014197571203112602]",False
/content/MargDrishti/data/processed/crops/test/u_turn_prohibited/u_turn_prohibited-66_jpeg.rf.61f0ede12c07c2e33fb3f0224468c609__332.0.jpg,67,u_turn_prohibited,67,u_turn_prohibited,0.02525453083217144,"[67, 0, 11]","[0.02525453083217144, 0.024771371856331825, 0.02450987510383129]",True
/content/MargDrishti/data/processed/crops/test/roundabout/roundabout-12_jpg.rf.626604862838121b87c6ccd4b8219fd0__335.0.jpg,45,roundabout,62,stop,0.014236987568438053,"[62, 33, 22]","[0.014236987568438053, 0.014201316051185131, 0.014197571203112602]",False
/content/MargDrishti/data/processed/crops/test/guarded_level_crossing/guarded_level_crossing-45_jpg.rf.62577c11513ccb91ebe43e89a1bf04ce__336.0.jpg,19,guarded_level_crossing,22,hospital_ahead,0.04040196165442467,"[22, 69, 63]","[0.04040196165442467, 0.03565449267625809, 0.0324898324906826]",False
/content/MargDrishti/data/processed/crops/test/dangerous_dip/dangerous_dip-47_jpg.rf.62b6443d531bdd7a0852cb49dda42a6b__337.0.jpg,15,dangerous_dip,62,stop,0.014236987568438053,"[62, 33, 22]","[0.014236987568438053, 0.014201316051185131, 0.014197571203112602]",False
/content/MargDrishti/data/processed/crops/test/compulsary_sound_horn/compulsary_sound_horn-9_jpg.rf.62ffc2530430593227ddb15e0d79629d__338.0.jpg,10,compulsary_sound_horn,62,stop,0.014236987568438053,"[62, 33, 22]","[0.014236987568438053, 0.014201316051185131, 0.014197571203112602]",False
/content/MargDrishti/data/processed/crops/test/compulsary_ahead_or_turn_left/compulsary_ahead_or_turn_left-51_png.rf.62665219b18ecb83b068244360662467__339.0.jpg,6,compulsary_ahead_or_turn_left,22,hospital_ahead,0.039093390107154846,"[22, 69, 63]","[0.039093390107154846, 0.03462899476289749, 0.03166031464934349]",False
/content/MargDrishti/data/processed/crops/test/quay_side_or_river_bank/quay_side_or_river_bank-53_jpg.rf.62c5293756e55394a8717417db4b216a__340.0.jpg,40,quay_side_or_river_bank,70,y_intersection,0.03201776742935181,"[70, 24, 32]","[0.03201776742935181, 0.027414772659540176, 0.02662062458693981]",False
/content/MargDrishti/data/processed/crops/test/axle_load_limit/axle_load_limit-38_jpg.rf.6379ce3544f5bee1fbe2e29030cff54f__341.0.jpg,1,axle_load_limit,62,stop,0.014236987568438053,"[62, 33, 22]","[0.014236987568438053, 0.014201316051185131, 0.014197571203112602]",False
/content/MargDrishti/data/processed/crops/test/compulsary_ahead/compulsary_ahead-26_png.rf.632412a0c96ff289524ccad4f128f4b1__342.0.jpg,5,compulsary_ahead,62,stop,0.014236987568438053,"[62, 33, 22]","[0.014236987568438053, 0.014201316051185131, 0.014197571203112602]",False
/content/MargDrishti/data/processed/crops/test/compulsary_keep_left/compulsary_keep_left-33_jpg.rf.6345cfa87e5d28d2286537d8ce79f8fc__343.0.jpg,8,compulsary_keep_left,8,compulsary_keep_left,0.1209229901432991,"[8, 53, 36]","[0.1209229901432991, 0.08520250022411346, 0.07059658318758011]",True
/content/MargDrishti/data/processed/crops/test/left_turn_prohibited/left_turn_prohibited-34_jpg.rf.640a8049e6774cbb96330a85d1e3a6c7__344.0.jpg,26,left_turn_prohibited,62,stop,0.014236987568438053,"[62, 33, 22]","[0.014236987568438053, 0.014201316051185131, 0.014197571203112602]",False
/content/MargDrishti/data/processed/crops/test/side_road_left/side_road_left-31_jpg.rf.65ffb407592411e0bedfa40365e1cda2__345.0.jpg,47,side_road_left,62,stop,0.014236987568438053,"[62, 33, 22]","[0.014236987568438053, 0.014201316051185131, 0.014197571203112602]",False
/content/MargDrishti/data/processed/crops/test/axle_load_limit/axle_load_limit-0_jpg.rf.65363090eb9927d19d416a83e99a14a1__346.0.jpg,1,axle_load_limit,67,u_turn_prohibited,0.019527675583958626,"[67, 0, 11]","[0.019527675583958626, 0.019264401867985725, 0.019207140430808067]",False
/content/MargDrishti/data/processed/crops/test/traffic_signal/traffic_signal-26_png.rf.64afd0f7433bd793e8c51a8f90397fc5__347.0.jpg,64,traffic_signal,62,stop,0.014236987568438053,"[62, 33, 22]","[0.014236987568438053, 0.014201316051185131, 0.014197571203112602]",False
/content/MargDrishti/data/processed/crops/test/truck_prohibited/truck_prohibited-41_jpg.rf.663c34a9fc0ad369bdd2f5183da1c8da__348.0.jpg,65,truck_prohibited,62,stop,0.014236987568438053,"[62, 33, 22]","[0.014236987568438053, 0.014201316051185131, 0.014197571203112602]",False
/content/MargDrishti/data/processed/crops/test/restriction_ends/restriction_ends-42_png.rf.64c8e648ebce14e9375b756c61e1009d__349.0.jpg,41,restriction_ends,62,stop,0.014236987568438053,"[62, 33, 22]","[0.014236987568438053, 0.014201316051185131, 0.014197571203112602]",False
/content/MargDrishti/data/processed/crops/test/no_parking/no_parking-26_jpeg.rf.669e6ce8998dbde4eff964af8a72d8cb__350.0.jpg,33,no_parking,62,stop,0.014236987568438053,"[62, 33, 22]","[0.014236987568438053, 0.014201316051185131, 0.014197571203112602]",False
/content/MargDrishti/data/processed/crops/test/compulsary_turn_left_ahead/compulsary_turn_left_ahead-34_png.rf.67e056ee822782145a83a8cfc9b05340__351.0.jpg,11,compulsary_turn_left_ahead,62,stop,0.014236987568438053,"[62, 33, 22]","[0.014236987568438053, 0.014201316051185131, 0.014197571203112602]",False
/content/MargDrishti/data/processed/crops/test/height_limit/height_limit-22_jpeg.rf.6740c2a50b90df5e16889af9353b4882__352.0.jpg,20,height_limit,62,stop,0.014236987568438053,"[62, 33, 22]","[0.014236987568438053, 0.014201316051185131, 0.014197571203112602]",False
/content/MargDrishti/data/processed/crops/test/compulsary_turn_left_ahead/compulsary_turn_left_ahead-3_png.rf.679680e810028643493332c3dd0da015__354.0.jpg,11,compulsary_turn_left_ahead,62,stop,0.014236987568438053,"[62, 33, 22]","[0.014236987568438053, 0.014201316051185131, 0.014197571203112602]",False
/content/MargDrishti/data/processed/crops/test/speed_limit_20/speed_limit_20-2_jpg.rf.68704574ddc8e3b0920a9091ed16afe8__355.0.jpg,52,speed_limit_20,62,stop,0.014236987568438053,"[62, 33, 22]","[0.014236987568438053, 0.014201316051185131, 0.014197571203112602]",False
/content/MargDrishti/data/processed/crops/test/u_turn/u_turn-20_jpg.rf.671dff63eab6e51cefa06913f4fb8a80__356.0.jpg,66,u_turn,62,stop,0.014236987568438053,"[62, 33, 22]","[0.014236987568438053, 0.014201316051185131, 0.014197571203112602]",False
/content/MargDrishti/data/processed/crops/test/stop/stop-56_png.rf.6963817635be6bde259727f3cfa42333__357.0.jpg,62,stop,62,stop,0.014236987568438053,"[62, 33, 22]","[0.014236987568438053, 0.014201316051185131, 0.014197571203112602]",True
/content/MargDrishti/data/processed/crops/test/chevron_direction/chevron_direction-21_jpg.rf.69f3a71d0d36e53cb543f818fdcba11e__358.0.jpg,4,chevron_direction,16,falling_rocks,0.2678830325603485,"[16, 4, 10]","[0.2678830325603485, 0.09340597689151764, 0.09138286858797073]",False
/content/MargDrishti/data/processed/crops/test/quay_side_or_river_bank/quay_side_or_river_bank-6_jpg.rf.68e6a5926c7a3d4199a64d117d09704a__359.0.jpg,40,quay_side_or_river_bank,62,stop,0.014236987568438053,"[62, 33, 22]","[0.014236987568438053, 0.014201316051185131, 0.014197571203112602]",False
/content/MargDrishti/data/processed/crops/test/right_reverse_bend/right_reverse_bend-42_jpg.rf.6a484fcc835ad81130eb5ec27f70c426__361.0.jpg,43,right_reverse_bend,62,stop,0.014236987568438053,"[62, 33, 22]","[0.014236987568438053, 0.014201316051185131, 0.014197571203112602]",False
/content/MargDrishti/data/processed/crops/test/gap_in_median/gap_in_median-26_jpg.rf.6a376042ed2d4f39156e3a87ff5ddc1a__362.0.jpg,17,gap_in_median,62,stop,0.014236987568438053,"[62, 33, 22]","[0.014236987568438053, 0.014201316051185131, 0.014197571203112602]",False
/content/MargDrishti/data/processed/crops/test/hospital_ahead/hospital_ahead-2_jpeg.rf.6ac666f54e2f41893497884bea4d9b84__363.0.jpg,22,hospital_ahead,22,hospital_ahead,0.37183940410614014,"[22, 69, 63]","[0.37183940410614014, 0.2826559841632843, 0.21929268538951874]",True
/content/MargDrishti/data/processed/crops/test/speed_limit_50/speed_limit_50-5_jpg.rf.6a945559406468a71149414caf990272__364.0.jpg,55,speed_limit_50,62,stop,0.014236987568438053,"[62, 33, 22]","[0.014236987568438053, 0.014201316051185131, 0.014197571203112602]",False
/content/MargDrishti/data/processed/crops/test/falling_rocks/falling_rocks-54_jpeg.rf.6b48936c9a3ac8abb9e6356c720b0c89__365.0.jpg,16,falling_rocks,62,stop,0.014236987568438053,"[62, 33, 22]","[0.014236987568438053, 0.014201316051185131, 0.014197571203112602]",False
/content/MargDrishti/data/processed/crops/test/left_reverse_bend/left_reverse_bend-51_jpg.rf.6acd46350dc78b61dc37093a30fea57d__366.0.jpg,25,left_reverse_bend,62,stop,0.014236987568438053,"[62, 33, 22]","[0.014236987568438053, 0.014201316051185131, 0.014197571203112602]",False
/content/MargDrishti/data/processed/crops/test/bullock_cart_and_hand_cart_prohibited/bullock_cart_and_hand_cart_prohibited-6_png.rf.6b190d792f9a44d80313da1f1692e38f__367.0.jpg,2,bullock_cart_and_hand_cart_prohibited,19,guarded_level_crossing,0.04212987422943115,"[19, 41, 55]","[0.04212987422943115, 0.041785161942243576, 0.033909402787685394]",False
/content/MargDrishti/data/processed/crops/test/compulsary_sound_horn/compulsary_sound_horn-4_jpg.rf.6b489c0891875e95792fcf5f2f1ffa68__368.0.jpg,10,compulsary_sound_horn,62,stop,0.014236987568438053,"[62, 33, 22]","[0.014236987568438053, 0.014201316051185131, 0.014197571203112602]",False
/content/MargDrishti/data/processed/crops/test/narrow_road_ahead/narrow_road_ahead-50_png.rf.6b68e9e4bd2dffc0cc91cac7ece41e09__369.0.jpg,31,narrow_road_ahead,70,y_intersection,0.02496977150440216,"[70, 24, 32]","[0.02496977150440216, 0.02249119244515896, 0.022081244736909866]",False
/content/MargDrishti/data/processed/crops/test/no_stopping_or_standing/no_stopping_or_standing-33_jpg.rf.6b88ee50371f911c60084da7e4a89b67__370.0.jpg,34,no_stopping_or_standing,62,stop,0.014236987568438053,"[62, 33, 22]","[0.014236987568438053, 0.014201316051185131, 0.014197571203112602]",False
/content/MargDrishti/data/processed/crops/test/u_turn/u_turn-43_jpg.rf.6b9ffbaded30d9a080d535a0645233bd__371.0.jpg,66,u_turn,62,stop,0.014236987568438053,"[62, 33, 22]","[0.014236987568438053, 0.014201316051185131, 0.014197571203112602]",False
/content/MargDrishti/data/processed/crops/test/no_stopping_or_standing/no_stopping_or_standing-54_jpg.rf.6b7151dc5d2ce36245a8fd90a4376ec9__372.0.jpg,34,no_stopping_or_standing,62,stop,0.014236987568438053,"[62, 33, 22]","[0.014236987568438053, 0.014201316051185131, 0.014197571203112602]",False
/content/MargDrishti/data/processed/crops/test/pass_either_side/pass_either_side-4_jpeg.rf.6bf23d60371e418b885a6563284011ba__373.0.jpg,36,pass_either_side,62,stop,0.014236987568438053,"[62, 33, 22]","[0.014236987568438053, 0.014201316051185131, 0.014197571203112602]",False
/content/MargDrishti/data/processed/crops/test/compulsary_turn_left_ahead/compulsary_turn_left_ahead-37_png.rf.6bfc1d5a23756fc04ae9043b18937d7c__374.0.jpg,11,compulsary_turn_left_ahead,62,stop,0.014236987568438053,"[62, 33, 22]","[0.014236987568438053, 0.014201316051185131, 0.014197571203112602]",False
/content/MargDrishti/data/processed/crops/test/axle_load_limit/axle_load_limit-53_jpg.rf.6bc568ed01c5e7bc7a107edc6f5279b8__375.0.jpg,1,axle_load_limit,62,stop,0.014236987568438053,"[62, 33, 22]","[0.014236987568438053, 0.014201316051185131, 0.014197571203112602]",False
/content/MargDrishti/data/processed/crops/test/horn_prohibited/horn_prohibited-17_jpg.rf.6be296a5843d13f1861ad81f6d847a66__376.0.jpg,21,horn_prohibited,62,stop,0.014236987568438053,"[62, 33, 22]","[0.014236987568438053, 0.014201316051185131, 0.014197571203112602]",False
/content/MargDrishti/data/processed/crops/test/right_reverse_bend/right_reverse_bend-2_png.rf.6caaf860902ca302afff8fbaff91dce5__377.0.jpg,43,right_reverse_bend,62,stop,0.014236987568438053,"[62, 33, 22]","[0.014236987568438053, 0.014201316051185131, 0.014197571203112602]",False
/content/MargDrishti/data/processed/crops/test/side_road_right/side_road_right-4_png.rf.6c3fa6ea218fcbd01018e0174dd133c6__378.0.jpg,48,side_road_right,62,stop,0.014236987568438053,"[62, 33, 22]","[0.014236987568438053, 0.014201316051185131, 0.014197571203112602]",False
/content/MargDrishti/data/processed/crops/test/compulsary_keep_right/compulsary_keep_right-50_png.rf.6cce2b043ed99a371fbb02138f59bbb1__379.0.jpg,9,compulsary_keep_right,62,stop,0.014236987568438053,"[62, 33, 22]","[0.014236987568438053, 0.014201316051185131, 0.014197571203112602]",False
/content/MargDrishti/data/processed/crops/test/side_road_left/side_road_left-61_jpg.rf.6c31b7c667d33b5f4c248836699db5cc__380.0.jpg,47,side_road_left,70,y_intersection,0.025386588647961617,"[70, 24, 32]","[0.025386588647961617, 0.022791791707277298, 0.022360442206263542]",False
/content/MargDrishti/data/processed/crops/test/restriction_ends/restriction_ends-14_jpg.rf.6cdb1ab0001519a9d226360096499eda__381.0.jpg,41,restriction_ends,62,stop,0.014236987568438053,"[62, 33, 22]","[0.014236987568438053, 0.014201316051185131, 0.014197571203112602]",False
/content/MargDrishti/data/processed/crops/test/guarded_level_crossing/guarded_level_crossing-13_jpeg.rf.6d1f586150e097131edcb3c84d37a8d4__382.0.jpg,19,guarded_level_crossing,62,stop,0.014236987568438053,"[62, 33, 22]","[0.014236987568438053, 0.014201316051185131, 0.014197571203112602]",False
/content/MargDrishti/data/processed/crops/test/compulsary_turn_right_ahead/compulsary_turn_right_ahead-37_png.rf.6d36f1a655a603965f2afb1b5d2f3e9d__383.0.jpg,12,compulsary_turn_right_ahead,62,stop,0.014236987568438053,"[62, 33, 22]","[0.014236987568438053, 0.014201316051185131, 0.014197571203112602]",False
/content/MargDrishti/data/processed/crops/test/compulsary_keep_right/compulsary_keep_right-21_png.rf.6ce2e780d6436475a73b2b69fd56ca44__384.0.jpg,9,compulsary_keep_right,62,stop,0.014236987568438053,"[62, 33, 22]","[0.014236987568438053, 0.014201316051185131, 0.014197571203112602]",False
/content/MargDrishti/data/processed/crops/test/right_turn_prohibited/right_turn_prohibited-68_jpg.rf.6dae26aeae1c158cc55575a5811ac97b__386.0.jpg,44,right_turn_prohibited,62,stop,0.014236987568438053,"[62, 33, 22]","[0.014236987568438053, 0.014201316051185131, 0.014197571203112602]",False
/content/MargDrishti/data/processed/crops/test/narrow_road_ahead/narrow_road_ahead-33_jpg.rf.6ded597a14f88cd59555732580eacc69__387.0.jpg,31,narrow_road_ahead,62,stop,0.014236987568438053,"[62, 33, 22]","[0.014236987568438053, 0.014201316051185131, 0.014197571203112602]",False
/content/MargDrishti/data/processed/crops/test/speed_limit_70/speed_limit_70-22_jpg.rf.6dfb9f9161712146ec08321ab9ef1941__389.0.jpg,57,speed_limit_70,62,stop,0.014236987568438053,"[62, 33, 22]","[0.014236987568438053, 0.014201316051185131, 0.014197571203112602]",False
/content/MargDrishti/data/processed/crops/test/speed_limit_60/speed_limit_60-43_png.rf.6f556fe7f3181d5b31e4901c72548829__391.0.jpg,56,speed_limit_60,43,right_reverse_bend,0.02305583842098713,"[43, 12, 2]","[0.02305583842098713, 0.022109422832727432, 0.021373506635427475]",False
/content/MargDrishti/data/processed/crops/test/height_limit/height_limit-21_jpg.rf.6eaa88a95f9e256c7ef8c095854ee606__392.0.jpg,20,height_limit,62,stop,0.014236987568438053,"[62, 33, 22]","[0.014236987568438053, 0.014201316051185131, 0.014197571203112602]",False
/content/MargDrishti/data/processed/crops/test/speed_limit_30/speed_limit_30-31_png.rf.6f75eba03acaf30feb87a7e5a5c85fee__393.0.jpg,53,speed_limit_30,62,stop,0.014236987568438053,"[62, 33, 22]","[0.014236987568438053, 0.014201316051185131, 0.014197571203112602]",False
/content/MargDrishti/data/processed/crops/test/school_ahead/school_ahead-31_jpg.rf.705d6293b34602cee0624eff22aa2659__394.0.jpg,46,school_ahead,62,stop,0.014236987568438053,"[62, 33, 22]","[0.014236987568438053, 0.014201316051185131, 0.014197571203112602]",False
/content/MargDrishti/data/processed/crops/test/traffic_signal/traffic_signal-11_jpg.rf.700ab7059a9e25b535747188f1db808e__395.0.jpg,64,traffic_signal,62,stop,0.014236987568438053,"[62, 33, 22]","[0.014236987568438053, 0.014201316051185131, 0.014197571203112602]",False
/content/MargDrishti/data/processed/crops/test/compulsary_ahead_or_turn_left/compulsary_ahead_or_turn_left-9_jpg.rf.6fb2877b9c47581d3b8f98da115a90cb__396.0.jpg,6,compulsary_ahead_or_turn_left,62,stop,0.014236987568438053,"[62, 33, 22]","[0.014236987568438053, 0.014201316051185131, 0.014197571203112602]",False
/content/MargDrishti/data/processed/crops/test/y_intersection/y_intersection-23_jpeg.rf.70c90ccbd2ca33180bd7d03e0fb4361a__397.0.jpg,70,y_intersection,62,stop,0.014236987568438053,"[62, 33, 22]","[0.014236987568438053, 0.014201316051185131, 0.014197571203112602]",False
/content/MargDrishti/data/processed/crops/test/no_entry/no_entry-10_jpg.rf.7158a0a64b852ac18684404aeb3acdcc__398.0.jpg,32,no_entry,62,stop,0.014236987568438053,"[62, 33, 22]","[0.014236987568438053, 0.014201316051185131, 0.014197571203112602]",False
/content/MargDrishti/data/processed/crops/test/steep_descent/steep_descent-34_jpg.rf.71c594fd8d844fefb0d242753c2e273c__399.0.jpg,61,steep_descent,62,stop,0.014236987568438053,"[62, 33, 22]","[0.014236987568438053, 0.014201316051185131, 0.014197571203112602]",False
/content/MargDrishti/data/processed/crops/test/no_parking/no_parking-50_jpg.rf.73a18ab4352a6a3aa8a9cd2e0a10c602__400.0.jpg,33,no_parking,62,stop,0.014236987568438053,"[62, 33, 22]","[0.014236987568438053, 0.014201316051185131, 0.014197571203112602]",False
/content/MargDrishti/data/processed/crops/test/stop/stop-72_png.rf.720eed8eae6139758c79607d6110b202__401.0.jpg,62,stop,62,stop,0.014236987568438053,"[62, 33, 22]","[0.014236987568438053, 0.014201316051185131, 0.014197571203112602]",True
/content/MargDrishti/data/processed/crops/test/falling_rocks/falling_rocks-32_jpeg.rf.739da10bfe726c9398be9eac6cac0d35__402.0.jpg,16,falling_rocks,62,stop,0.014236987568438053,"[62, 33, 22]","[0.014236987568438053, 0.014201316051185131, 0.014197571203112602]",False
/content/MargDrishti/data/processed/crops/test/hump_or_rough_road/hump_or_rough_road-67_jpg.rf.73c59b2374515b41f9f0c3aa2e0034f0__403.0.jpg,23,hump_or_rough_road,62,stop,0.014236987568438053,"[62, 33, 22]","[0.014236987568438053, 0.014201316051185131, 0.014197571203112602]",False
/content/MargDrishti/data/processed/crops/test/u_turn/u_turn-27_jpg.rf.73e1b2274a7c8b69521e74083066eabd__404.0.jpg,66,u_turn,62,stop,0.014236987568438053,"[62, 33, 22]","[0.014236987568438053, 0.014201316051185131, 0.014197571203112602]",False
/content/MargDrishti/data/processed/crops/test/width_limit/width_limit-2_png.rf.73ec4ae70c9f9629bc1414083ac4830c__405.0.jpg,69,width_limit,62,stop,0.014236987568438053,"[62, 33, 22]","[0.014236987568438053, 0.014201316051185131, 0.014197571203112602]",False
/content/MargDrishti/data/processed/crops/test/gap_in_median/gap_in_median-32_jpg.rf.7431ba0c538da1b8b6d3ad25bc691ad2__406.0.jpg,17,gap_in_median,62,stop,0.014236987568438053,"[62, 33, 22]","[0.014236987568438053, 0.014201316051185131, 0.014197571203112602]",False
/content/MargDrishti/data/processed/crops/test/staggered_intersection/staggered_intersection-14_jpeg.rf.74ee3794b556379a76aacaf0abc42905__407.0.jpg,59,staggered_intersection,62,stop,0.014236987568438053,"[62, 33, 22]","[0.014236987568438053, 0.014201316051185131, 0.014197571203112602]",False
/content/MargDrishti/data/processed/crops/test/u_turn/u_turn-31_jpg.rf.757d92664105bbb15db804a62d990727__408.0.jpg,66,u_turn,62,stop,0.014236987568438053,"[62, 33, 22]","[0.014236987568438053, 0.014201316051185131, 0.014197571203112602]",False
/content/MargDrishti/data/processed/crops/test/falling_rocks/falling_rocks-60_jpg.rf.764d4a637b9d8ad7302878ab7c82db5f__409.0.jpg,16,falling_rocks,62,stop,0.014236987568438053,"[62, 33, 22]","[0.014236987568438053, 0.014201316051185131, 0.014197571203112602]",False
/content/MargDrishti/data/processed/crops/test/speed_limit_80/speed_limit_80-57_jpg.rf.765485877fa9116f0a90f9503658b4a6__410.0.jpg,58,speed_limit_80,62,stop,0.014236987568438053,"[62, 33, 22]","[0.014236987568438053, 0.014201316051185131, 0.014197571203112602]",False
/content/MargDrishti/data/processed/crops/test/speed_limit_120/speed_limit_120-30_png.rf.75e1573786fcd71f370b25a14c4c181c__411.0.jpg,51,speed_limit_120,47,side_road_left,0.025968972593545914,"[47, 17, 51]","[0.025968972593545914, 0.024353645741939545, 0.022253453731536865]",False
/content/MargDrishti/data/processed/crops/test/side_road_left/side_road_left-60_jpg.rf.75f7497308bb8e81ae563ec0a4fdab6f__412.0.jpg,47,side_road_left,62,stop,0.014236987568438053,"[62, 33, 22]","[0.014236987568438053, 0.014201316051185131, 0.014197571203112602]",False
/content/MargDrishti/data/processed/crops/test/u_turn_prohibited/u_turn_prohibited-29_jpg.rf.7693fdf2f2235b72e86b015919be3350__413.0.jpg,67,u_turn_prohibited,62,stop,0.014236987568438053,"[62, 33, 22]","[0.014236987568438053, 0.014201316051185131, 0.014197571203112602]",False
/content/MargDrishti/data/processed/crops/test/pedestrian_prohibited/pedestrian_prohibited-23_jpeg.rf.766d341e508fb04a61cb726ab6ae4a61__414.0.jpg,38,pedestrian_prohibited,67,u_turn_prohibited,0.03514032065868378,"[67, 0, 11]","[0.03514032065868378, 0.034188058227300644, 0.033462315797805786]",False
/content/MargDrishti/data/processed/crops/test/hump_or_rough_road/hump_or_rough_road-57_jpg.rf.766117654d4a9a591b54764581fbf6ae__415.0.jpg,23,hump_or_rough_road,62,stop,0.014236987568438053,"[62, 33, 22]","[0.014236987568438053, 0.014201316051185131, 0.014197571203112602]",False
/content/MargDrishti/data/processed/crops/test/petrol_pump_ahead/petrol_pump_ahead-23_jpeg.rf.772768d975d6e8e4cbbbe0f909c71384__416.0.jpg,39,petrol_pump_ahead,63,t_intersection,0.14971373975276947,"[63, 69, 22]","[0.14971373975276947, 0.10717583447694778, 0.07347086817026138]",False
/content/MargDrishti/data/processed/crops/test/restriction_ends/restriction_ends-39_jpg.rf.77f5d4ff9980e5f7ad37d7deac372ed9__418.0.jpg,41,restriction_ends,62,stop,0.014236987568438053,"[62, 33, 22]","[0.014236987568438053, 0.014201316051185131, 0.014197571203112602]",False
/content/MargDrishti/data/processed/crops/test/overtaking_prohibited/overtaking_prohibited-27_jpg.rf.788395397f6436e6aa70ee588564abf7__419.0.jpg,35,overtaking_prohibited,62,stop,0.014236987568438053,"[62, 33, 22]","[0.014236987568438053, 0.014201316051185131, 0.014197571203112602]",False
/content/MargDrishti/data/processed/crops/test/no_stopping_or_standing/no_stopping_or_standing-1_jpeg.rf.78cc303d93cf4538eeae2765de4ee75b__420.0.jpg,34,no_stopping_or_standing,62,stop,0.014236987568438053,"[62, 33, 22]","[0.014236987568438053, 0.014201316051185131, 0.014197571203112602]",False
/content/MargDrishti/data/processed/crops/test/restriction_ends/restriction_ends-5_jpeg.rf.777b0354ed292196326fc718dc396e55__421.0.jpg,41,restriction_ends,68,unguarded_level_crossing,0.052610062062740326,"[68, 66, 13]","[0.052610062062740326, 0.052148446440696716, 0.04338705167174339]",False
/content/MargDrishti/data/processed/crops/test/speed_limit_50/speed_limit_50-24_png.rf.78fe12ee70bcce04051e84b56d377512__422.0.jpg,55,speed_limit_50,43,right_reverse_bend,0.01913394220173359,"[43, 12, 2]","[0.01913394220173359, 0.018654396757483482, 0.018266772851347923]",False
/content/MargDrishti/data/processed/crops/test/speed_limit_20/speed_limit_20-21_png.rf.799bcd561b57690e3c78fc068397c218__423.0.jpg,52,speed_limit_20,62,stop,0.014236987568438053,"[62, 33, 22]","[0.014236987568438053, 0.014201316051185131, 0.014197571203112602]",False
/content/MargDrishti/data/processed/crops/test/left_turn_prohibited/left_turn_prohibited-18_jpg.rf.7a0260a3d12613aa905b5ecf6e141b31__424.0.jpg,26,left_turn_prohibited,62,stop,0.014236987568438053,"[62, 33, 22]","[0.014236987568438053, 0.014201316051185131, 0.014197571203112602]",False
/content/MargDrishti/data/processed/crops/test/narrow_road_ahead/narrow_road_ahead-19_jpg.rf.78f81396edccfff809c54aa56856473e__425.0.jpg,31,narrow_road_ahead,62,stop,0.014236987568438053,"[62, 33, 22]","[0.014236987568438053, 0.014201316051185131, 0.014197571203112602]",False
/content/MargDrishti/data/processed/crops/test/speed_limit_120/speed_limit_120-33_png.rf.7a1595a719b3b432e5452a02ed2eb2af__426.0.jpg,51,speed_limit_120,62,stop,0.014236987568438053,"[62, 33, 22]","[0.014236987568438053, 0.014201316051185131, 0.014197571203112602]",False
/content/MargDrishti/data/processed/crops/test/guarded_level_crossing/guarded_level_crossing-56_jpg.rf.7a0a154ba3ecdb005fdeb176908ed828__427.0.jpg,19,guarded_level_crossing,62,stop,0.014236987568438053,"[62, 33, 22]","[0.014236987568438053, 0.014201316051185131, 0.014197571203112602]",False
/content/MargDrishti/data/processed/crops/test/truck_prohibited/truck_prohibited-21_jpeg.rf.7a66e8fcbf9fb59960b5be1e567066f8__428.0.jpg,65,truck_prohibited,62,stop,0.014236987568438053,"[62, 33, 22]","[0.014236987568438053, 0.014201316051185131, 0.014197571203112602]",False
/content/MargDrishti/data/processed/crops/test/pedestrian_prohibited/pedestrian_prohibited-31_jpg.rf.7af04ac46958d0653033add862bfc97e__429.0.jpg,38,pedestrian_prohibited,67,u_turn_prohibited,0.04934336990118027,"[67, 0, 11]","[0.04934336990118027, 0.047548893839120865, 0.0459510013461113]",False
/content/MargDrishti/data/processed/crops/test/compulsary_sound_horn/compulsary_sound_horn-7_jpg.rf.7a9855e7338e859d897c6ea9bc37a96e__430.0.jpg,10,compulsary_sound_horn,70,y_intersection,0.05169505253434181,"[70, 24, 32]","[0.05169505253434181, 0.03973301127552986, 0.03768809884786606]",False
/content/MargDrishti/data/processed/crops/test/no_stopping_or_standing/no_stopping_or_standing-36_jpg.rf.7b31597bb2e66ed71f201f124923e46e__431.0.jpg,34,no_stopping_or_standing,47,side_road_left,0.042782802134752274,"[47, 17, 51]","[0.042782802134752274, 0.03601016849279404, 0.03295188397169113]",False
/content/MargDrishti/data/processed/crops/test/speed_limit_30/speed_limit_30-35_png.rf.7b35bbdb42a5603461387ff274ce4e4e__432.0.jpg,53,speed_limit_30,62,stop,0.014236987568438053,"[62, 33, 22]","[0.014236987568438053, 0.014201316051185131, 0.014197571203112602]",False
/content/MargDrishti/data/processed/crops/test/speed_limit_100/speed_limit_100-28_png.rf.7b5379eaaf673edcab0628ff8404448d__433.0.jpg,50,speed_limit_100,51,speed_limit_120,0.03359520062804222,"[51, 29, 5]","[0.03359520062804222, 0.031691309064626694, 0.030713681131601334]",False
/content/MargDrishti/data/processed/crops/test/school_ahead/school_ahead-35_jpg.rf.7b51c3ae86ed75677247fad5b4d854e9__434.0.jpg,46,school_ahead,62,stop,0.014236987568438053,"[62, 33, 22]","[0.014236987568438053, 0.014201316051185131, 0.014197571203112602]",False
/content/MargDrishti/data/processed/crops/test/speed_limit_80/speed_limit_80-41_png.rf.7bc78a34de7edad68b133106f4641035__435.0.jpg,58,speed_limit_80,62,stop,0.014236987568438053,"[62, 33, 22]","[0.014236987568438053, 0.014201316051185131, 0.014197571203112602]",False
/content/MargDrishti/data/processed/crops/test/side_road_right/side_road_right-35_jpg.rf.7bd8c9811b02354718cb931511a131e5__436.0.jpg,48,side_road_right,62,stop,0.014236987568438053,"[62, 33, 22]","[0.014236987568438053, 0.014201316051185131, 0.014197571203112602]",False
/content/MargDrishti/data/processed/crops/test/cross_road/cross_road-57_jpg.rf.7bdc1db4b15f4c2199f61865eb48148e__437.0.jpg,13,cross_road,62,stop,0.014236987568438053,"[62, 33, 22]","[0.014236987568438053, 0.014201316051185131, 0.014197571203112602]",False
/content/MargDrishti/data/processed/crops/test/width_limit/width_limit-25_jpeg.rf.7bfbe649ae7822d4e38a800cf4dc0421__438.0.jpg,69,width_limit,62,stop,0.014236987568438053,"[62, 33, 22]","[0.014236987568438053, 0.014201316051185131, 0.014197571203112602]",False
/content/MargDrishti/data/processed/crops/test/side_road_left/side_road_left-55_jpg.rf.7c6e305ca09c6ba1c76b6df8387459ad__439.0.jpg,47,side_road_left,62,stop,0.014236987568438053,"[62, 33, 22]","[0.014236987568438053, 0.014201316051185131, 0.014197571203112602]",False
/content/MargDrishti/data/processed/crops/test/chevron_direction/chevron_direction-35_jpg.rf.7c08054e901430600e23972b224099ac__440.0.jpg,4,chevron_direction,62,stop,0.014236987568438053,"[62, 33, 22]","[0.014236987568438053, 0.014201316051185131, 0.014197571203112602]",False
/content/MargDrishti/data/processed/crops/test/speed_limit_80/speed_limit_80-44_jpg.rf.7c9481f4be10be43f58619942a142acf__441.0.jpg,58,speed_limit_80,47,side_road_left,0.036963146179914474,"[47, 51, 14]","[0.036963146179914474, 0.032771963626146317, 0.031217308714985847]",False
/content/MargDrishti/data/processed/crops/test/u_turn_prohibited/u_turn_prohibited-13_jpg.rf.7cbee1218aa83826ae8737ebbea01c78__442.0.jpg,67,u_turn_prohibited,62,stop,0.014236987568438053,"[62, 33, 22]","[0.014236987568438053, 0.014201316051185131, 0.014197571203112602]",False
/content/MargDrishti/data/processed/crops/test/school_ahead/school_ahead-37_jpg.rf.7ca59637a4a3a361248d923ad8ebaf44__443.0.jpg,46,school_ahead,62,stop,0.014236987568438053,"[62, 33, 22]","[0.014236987568438053, 0.014201316051185131, 0.014197571203112602]",False
/content/MargDrishti/data/processed/crops/test/no_parking/no_parking-1_jpg.rf.7d2272175e9bd1d39f768695e6e71c42__444.0.jpg,33,no_parking,62,stop,0.014236987568438053,"[62, 33, 22]","[0.014236987568438053, 0.014201316051185131, 0.014197571203112602]",False
/content/MargDrishti/data/processed/crops/test/width_limit/width_limit-47_jpg.rf.7e31d97b9ff5a548fcbf0e7d57ff1aa8__445.0.jpg,69,width_limit,62,stop,0.014236987568438053,"[62, 33, 22]","[0.014236987568438053, 0.014201316051185131, 0.014197571203112602]",False
/content/MargDrishti/data/processed/crops/test/give_way/give_way-66_jpg.rf.7e88037cd87e3fbcbfb6ee1681a5f8c4__447.0.jpg,18,give_way,62,stop,0.014236987568438053,"[62, 33, 22]","[0.014236987568438053, 0.014201316051185131, 0.014197571203112602]",False
/content/MargDrishti/data/processed/crops/test/pedestrian_crossing/pedestrian_crossing-25_jpg.rf.7e60b0126ecaacfafbb3522ecc3794ab__448.0.jpg,37,pedestrian_crossing,16,falling_rocks,0.0310467891395092,"[16, 12, 41]","[0.0310467891395092, 0.024215297773480415, 0.02317746914923191]",False
/content/MargDrishti/data/processed/crops/test/left_hand_curve/left_hand_curve-50_png.rf.7ee6ffc56310ccaf1bac1887d6dfdfc3__449.0.jpg,24,left_hand_curve,70,y_intersection,0.018656382337212563,"[70, 24, 32]","[0.018656382337212563, 0.01776801608502865, 0.0176566019654274]",False
/content/MargDrishti/data/processed/crops/test/petrol_pump_ahead/petrol_pump_ahead-43_jpg.rf.7f26bc4b58fd8a5de6ffe5dd6ca5495c__450.0.jpg,39,petrol_pump_ahead,62,stop,0.014236987568438053,"[62, 33, 22]","[0.014236987568438053, 0.014201316051185131, 0.014197571203112602]",False
/content/MargDrishti/data/processed/crops/test/pedestrian_prohibited/pedestrian_prohibited-25_jpeg.rf.7f41a326e7e4a17b749aadcd73ecf261__451.0.jpg,38,pedestrian_prohibited,62,stop,0.014236987568438053,"[62, 33, 22]","[0.014236987568438053, 0.014201316051185131, 0.014197571203112602]",False
/content/MargDrishti/data/processed/crops/test/speed_limit_30/speed_limit_30-14_jpg.rf.7ecd2e93b805630d709b124c678c8995__452.0.jpg,53,speed_limit_30,19,guarded_level_crossing,0.07746529579162598,"[19, 41, 55]","[0.07746529579162598, 0.07621539384126663, 0.05251999571919441]",False
/content/MargDrishti/data/processed/crops/test/quay_side_or_river_bank/quay_side_or_river_bank-20_jpg.rf.7f64c83d40876596bb51d3737f09a7e1__453.0.jpg,40,quay_side_or_river_bank,62,stop,0.0142481354996562,"[62, 13, 52]","[0.0142481354996562, 0.014237774536013603, 0.014232486486434937]",False
/content/MargDrishti/data/processed/crops/test/falling_rocks/falling_rocks-5_jpg.rf.7fb95832e692239ff88fac175c4be967__454.0.jpg,16,falling_rocks,62,stop,0.014236987568438053,"[62, 33, 22]","[0.014236987568438053, 0.014201316051185131, 0.014197571203112602]",False
/content/MargDrishti/data/processed/crops/test/right_reverse_bend/right_reverse_bend-48_jpg.rf.7fef1f57ebd7f2fd2bc40a37179040ae__455.0.jpg,43,right_reverse_bend,43,right_reverse_bend,0.026744788512587547,"[43, 12, 2]","[0.026744788512587547, 0.02529108338057995, 0.024185115471482277]",True
/content/MargDrishti/data/processed/crops/test/cycle_crossing/cycle_crossing-49_png.rf.7f8d64af08eddd949f8639447c0c32d3__456.0.jpg,14,cycle_crossing,62,stop,0.014236987568438053,"[62, 33, 22]","[0.014236987568438053, 0.014201316051185131, 0.014197571203112602]",False
/content/MargDrishti/data/processed/crops/test/axle_load_limit/axle_load_limit-10_png.rf.802e79b19d308af5bb7b435883c8277d__457.0.jpg,1,axle_load_limit,62,stop,0.014236987568438053,"[62, 33, 22]","[0.014236987568438053, 0.014201316051185131, 0.014197571203112602]",False
/content/MargDrishti/data/processed/crops/test/hump_or_rough_road/hump_or_rough_road-19_jpg.rf.806c049ef857a1ca2848f093065e98c2__458.0.jpg,23,hump_or_rough_road,62,stop,0.014236987568438053,"[62, 33, 22]","[0.014236987568438053, 0.014201316051185131, 0.014197571203112602]",False
/content/MargDrishti/data/processed/crops/test/slippery_road/slippery_road-38_jpg.rf.808579ac1f33dc4779ef4987e315eefa__459.0.jpg,49,slippery_road,70,y_intersection,0.05244928598403931,"[70, 24, 32]","[0.05244928598403931, 0.04017103463411331, 0.03807446360588074]",False
/content/MargDrishti/data/processed/crops/test/side_road_right/side_road_right-45_jpg.rf.80ae0e3d31a0060cb054bcf970c88bf2__460.0.jpg,48,side_road_right,70,y_intersection,0.018477117642760277,"[70, 24, 32]","[0.018477117642760277, 0.01762876659631729, 0.017525026574730873]",False
/content/MargDrishti/data/processed/crops/test/speed_limit_120/speed_limit_120-53_png.rf.815c5639f7ba3ed3da631d83d21df2e6__461.0.jpg,51,speed_limit_120,67,u_turn_prohibited,0.019155219197273254,"[67, 26, 29]","[0.019155219197273254, 0.018771616742014885, 0.01868945173919201]",False
/content/MargDrishti/data/processed/crops/test/speed_limit_80/speed_limit_80-35_jpg.rf.81731aff2e2b74a4ce5b48f230efaf46__462.0.jpg,58,speed_limit_80,47,side_road_left,0.03009343519806862,"[47, 17, 51]","[0.03009343519806862, 0.027719620615243912, 0.024715477600693703]",False
/content/MargDrishti/data/processed/crops/test/quay_side_or_river_bank/quay_side_or_river_bank-28_jpg.rf.80c802ac9c9e353a91f739e88a6d6227__463.0.jpg,40,quay_side_or_river_bank,62,stop,0.014236987568438053,"[62, 33, 22]","[0.014236987568438053, 0.014201316051185131, 0.014197571203112602]",False
/content/MargDrishti/data/processed/crops/test/narrow_bridge_ahead/narrow_bridge_ahead-32_jpg.rf.817d11d50a024f34ecb204645d4ad1a8__464.0.jpg,30,narrow_bridge_ahead,62,stop,0.014236987568438053,"[62, 33, 22]","[0.014236987568438053, 0.014201316051185131, 0.014197571203112602]",False
/content/MargDrishti/data/processed/crops/test/compulsary_ahead/compulsary_ahead-11_png.rf.81b45689ea1e8ddf42edf5b8065366ea__465.0.jpg,5,compulsary_ahead,47,side_road_left,0.03277236595749855,"[47, 17, 51]","[0.03277236595749855, 0.02986183390021324, 0.026234040036797523]",False
/content/MargDrishti/data/processed/crops/test/restriction_ends/restriction_ends-64_png.rf.81faf9621ba1afb29a13185c537d31d2__466.0.jpg,41,restriction_ends,12,compulsary_turn_right_ahead,0.07416164129972458,"[12, 2, 43]","[0.07416164129972458, 0.05207936838269234, 0.048839766532182693]",False
/content/MargDrishti/data/processed/crops/test/men_at_work/men_at_work-52_png.rf.82896e62fa163d180551a6d287c8bf54__467.0.jpg,29,men_at_work,62,stop,0.014236987568438053,"[62, 33, 22]","[0.014236987568438053, 0.014201316051185131, 0.014197571203112602]",False
/content/MargDrishti/data/processed/crops/test/cross_road/cross_road-11_jpg.rf.8258baa7604093ec244c3d9907832139__468.0.jpg,13,cross_road,62,stop,0.014236987568438053,"[62, 33, 22]","[0.014236987568438053, 0.014201316051185131, 0.014197571203112602]",False
/content/MargDrishti/data/processed/crops/test/guarded_level_crossing/guarded_level_crossing-29_png.rf.82f6d5fe269b65b594d082f10b924c97__469.0.jpg,19,guarded_level_crossing,70,y_intersection,0.0238479096442461,"[70, 33, 54]","[0.0238479096442461, 0.022306937724351883, 0.022037258371710777]",False
/content/MargDrishti/data/processed/crops/test/stop/stop-15_jpg.rf.8309bb8ab14c5bb4f3dfa974015f3137__470.0.jpg,62,stop,62,stop,0.014236987568438053,"[62, 33, 22]","[0.014236987568438053, 0.014201316051185131, 0.014197571203112602]",True
/content/MargDrishti/data/processed/crops/test/speed_limit_120/speed_limit_120-36_png.rf.83374d94e3481dad0355cd283d3ee60d__471.0.jpg,51,speed_limit_120,62,stop,0.014236987568438053,"[62, 33, 22]","[0.014236987568438053, 0.014201316051185131, 0.014197571203112602]",False
/content/MargDrishti/data/processed/crops/test/traffic_signal/traffic_signal-62_png.rf.834b1ba033de3aeccd11e54bbe8007ae__472.0.jpg,64,traffic_signal,62,stop,0.014236987568438053,"[62, 33, 22]","[0.014236987568438053, 0.014201316051185131, 0.014197571203112602]",False
/content/MargDrishti/data/processed/crops/test/cycle_crossing/cycle_crossing-23_jpg.rf.83d8a33d47f787a57b8760814abac50a__473.0.jpg,14,cycle_crossing,62,stop,0.014236987568438053,"[62, 33, 22]","[0.014236987568438053, 0.014201316051185131, 0.014197571203112602]",False
/content/MargDrishti/data/processed/crops/test/height_limit/height_limit-19_jpg.rf.83b90aa989d13c58f442a4e0a225926e__475.0.jpg,20,height_limit,62,stop,0.014236987568438053,"[62, 33, 22]","[0.014236987568438053, 0.014201316051185131, 0.014197571203112602]",False
/content/MargDrishti/data/processed/crops/test/loose_gravel/loose_gravel-16_jpeg.rf.83c2699dfe0027b54a5457402de1618c__476.0.jpg,28,loose_gravel,62,stop,0.014236987568438053,"[62, 33, 22]","[0.014236987568438053, 0.014201316051185131, 0.014197571203112602]",False
/content/MargDrishti/data/processed/crops/test/no_stopping_or_standing/no_stopping_or_standing-49_jpg.rf.83db5db63e0941b5b7b28217797517d2__477.0.jpg,34,no_stopping_or_standing,62,stop,0.014236987568438053,"[62, 33, 22]","[0.014236987568438053, 0.014201316051185131, 0.014197571203112602]",False
/content/MargDrishti/data/processed/crops/test/compulsary_keep_right/compulsary_keep_right-23_png.rf.84238a430c774fe4be7092ba1fd572ae__478.0.jpg,9,compulsary_keep_right,47,side_road_left,0.04846725985407829,"[47, 17, 51]","[0.04846725985407829, 0.041815415024757385, 0.03409302607178688]",False
/content/MargDrishti/data/processed/crops/test/left_hand_curve/left_hand_curve-45_png.rf.846220b86204fcb98fb0f877f1f0350e__479.0.jpg,24,left_hand_curve,62,stop,0.014236987568438053,"[62, 33, 22]","[0.014236987568438053, 0.014201316051185131, 0.014197571203112602]",False
/content/MargDrishti/data/processed/crops/test/pass_either_side/pass_either_side-11_png.rf.83e92a9d03a0fd31b0b6ccc23b0889bb__480.0.jpg,36,pass_either_side,62,stop,0.014236987568438053,"[62, 33, 22]","[0.014236987568438053, 0.014201316051185131, 0.014197571203112602]",False
/content/MargDrishti/data/processed/crops/test/truck_prohibited/truck_prohibited-16_jpeg.rf.849ea16a27bbdb9797da2a96ac614a63__481.0.jpg,65,truck_prohibited,62,stop,0.014236987568438053,"[62, 33, 22]","[0.014236987568438053, 0.014201316051185131, 0.014197571203112602]",False
/content/MargDrishti/data/processed/crops/test/u_turn/u_turn-37_jpg.rf.84af58acc27cfc7c35e1d4fa3e511a08__482.0.jpg,66,u_turn,62,stop,0.014236987568438053,"[62, 33, 22]","[0.014236987568438053, 0.014201316051185131, 0.014197571203112602]",False
/content/MargDrishti/data/processed/crops/test/all_motor_vehicle_prohibited/all_motor_vehicle_prohibited-48_jpg.rf.84eb5669734d88bd4a842dfbb6c59f16__483.0.jpg,0,all_motor_vehicle_prohibited,67,u_turn_prohibited,0.037343744188547134,"[67, 0, 11]","[0.037343744188547134, 0.03627312555909157, 0.035426948219537735]",False
/content/MargDrishti/data/processed/crops/test/compulsary_ahead/compulsary_ahead-5_png.rf.849c1cf58662047123f10564030b1c33__484.0.jpg,5,compulsary_ahead,62,stop,0.014236987568438053,"[62, 33, 22]","[0.014236987568438053, 0.014201316051185131, 0.014197571203112602]",False
/content/MargDrishti/data/processed/crops/test/speed_limit_50/speed_limit_50-32_png.rf.85737563a9dc4a044c2c0148dc6543ef__485.0.jpg,55,speed_limit_50,62,stop,0.014236987568438053,"[62, 33, 22]","[0.014236987568438053, 0.014201316051185131, 0.014197571203112602]",False
/content/MargDrishti/data/processed/crops/test/compulsary_sound_horn/compulsary_sound_horn-41_jpg.rf.86c8028579f770dafe10da77a8fed04d__486.0.jpg,10,compulsary_sound_horn,47,side_road_left,0.02286086417734623,"[47, 17, 51]","[0.02286086417734623, 0.021757951006293297, 0.020287126302719116]",False
/content/MargDrishti/data/processed/crops/test/pass_either_side/pass_either_side-20_jpg.rf.8667bd5792fa65c283d62018c4d40ada__487.0.jpg,36,pass_either_side,70,y_intersection,0.01517899427562952,"[70, 32, 24]","[0.01517899427562952, 0.015035309828817844, 0.015007693320512772]",False
/content/MargDrishti/data/processed/crops/test/u_turn/u_turn-38_jpg.rf.8540df8db2d052fb1eee5362d8fe21ce__488.0.jpg,66,u_turn,62,stop,0.014236987568438053,"[62, 33, 22]","[0.014236987568438053, 0.014201316051185131, 0.014197571203112602]",False
/content/MargDrishti/data/processed/crops/test/truck_prohibited/truck_prohibited-14_jpeg.rf.86e1c3fe833d617596af0d48844f41e6__489.0.jpg,65,truck_prohibited,62,stop,0.014236987568438053,"[62, 33, 22]","[0.014236987568438053, 0.014201316051185131, 0.014197571203112602]",False
/content/MargDrishti/data/processed/crops/test/restriction_ends/restriction_ends-35_png.rf.86f56747fe75011ad2ab2af29f879fcd__490.0.jpg,41,restriction_ends,62,stop,0.014236987568438053,"[62, 33, 22]","[0.014236987568438053, 0.014201316051185131, 0.014197571203112602]",False
/content/MargDrishti/data/processed/crops/test/hump_or_rough_road/hump_or_rough_road-64_jpg.rf.87306268c961f4879f3607bd20c8c054__491.0.jpg,23,hump_or_rough_road,70,y_intersection,0.0734604001045227,"[70, 24, 32]","[0.0734604001045227, 0.05156266689300537, 0.047954488545656204]",False
/content/MargDrishti/data/processed/crops/test/school_ahead/school_ahead-25_jpg.rf.87704afd4bb70d88c2b9ff13ab218e8c__492.0.jpg,46,school_ahead,62,stop,0.014236987568438053,"[62, 33, 22]","[0.014236987568438053, 0.014201316051185131, 0.014197571203112602]",False
/content/MargDrishti/data/processed/crops/test/hospital_ahead/hospital_ahead-59_jpg.rf.8813b5aec06a71a6e1b43a18310bd853__493.0.jpg,22,hospital_ahead,22,hospital_ahead,0.1480894237756729,"[22, 69, 63]","[0.1480894237756729, 0.1085023283958435, 0.08382200449705124]",True
/content/MargDrishti/data/processed/crops/test/pedestrian_crossing/pedestrian_crossing-45_jpg.rf.86fd0b16aa464075e31fbcf0f7ce5a4f__494.0.jpg,37,pedestrian_crossing,62,stop,0.014236987568438053,"[62, 33, 22]","[0.014236987568438053, 0.014201316051185131, 0.014197571203112602]",False
/content/MargDrishti/data/processed/crops/test/right_reverse_bend/right_reverse_bend-50_jpg.rf.8735274ca42ca41fc604176d1c7b99a2__495.0.jpg,43,right_reverse_bend,62,stop,0.014236987568438053,"[62, 33, 22]","[0.014236987568438053, 0.014201316051185131, 0.014197571203112602]",False
/content/MargDrishti/data/processed/crops/test/speed_limit_60/speed_limit_60-53_jpg.rf.8843c7b52e446bef5c80206e2a965940__496.0.jpg,56,speed_limit_60,51,speed_limit_120,0.04716886207461357,"[51, 5, 29]","[0.04716886207461357, 0.04526075720787048, 0.04139868915081024]",False
/content/MargDrishti/data/processed/crops/test/school_ahead/school_ahead-60_png.rf.88960f73e4bde79f0e1a63a7121f45c5__497.0.jpg,46,school_ahead,62,stop,0.014236987568438053,"[62, 33, 22]","[0.014236987568438053, 0.014201316051185131, 0.014197571203112602]",False
/content/MargDrishti/data/processed/crops/test/pass_either_side/pass_either_side-47_jpg.rf.8897d92353d70944b76eaa72d80cd8b3__498.0.jpg,36,pass_either_side,62,stop,0.014236987568438053,"[62, 33, 22]","[0.014236987568438053, 0.014201316051185131, 0.014197571203112602]",False
/content/MargDrishti/data/processed/crops/test/right_turn_prohibited/right_turn_prohibited-37_jpg.rf.88ac992ef55ff1656cc624c8ee1e5044__499.0.jpg,44,right_turn_prohibited,62,stop,0.014236987568438053,"[62, 33, 22]","[0.014236987568438053, 0.014201316051185131, 0.014197571203112602]",False
/content/MargDrishti/data/processed/crops/test/narrow_bridge_ahead/narrow_bridge_ahead-19_jpg.rf.88d137cf9b3c2de214d681b570860aea__500.0.jpg,30,narrow_bridge_ahead,62,stop,0.014236987568438053,"[62, 33, 22]","[0.014236987568438053, 0.014201316051185131, 0.014197571203112602]",False
/content/MargDrishti/data/processed/crops/test/compulsary_sound_horn/compulsary_sound_horn-26_jpg.rf.88c73a17f6d98f4ffc5e0533d4362917__501.0.jpg,10,compulsary_sound_horn,51,speed_limit_120,0.03313891962170601,"[51, 47, 29]","[0.03313891962170601, 0.02937331795692444, 0.028208034113049507]",False
/content/MargDrishti/data/processed/crops/test/traffic_signal/traffic_signal-23_jpg.rf.897f1cc09611c8c0956f58e1d18e38ad__502.0.jpg,64,traffic_signal,62,stop,0.014236987568438053,"[62, 33, 22]","[0.014236987568438053, 0.014201316051185131, 0.014197571203112602]",False
/content/MargDrishti/data/processed/crops/test/t_intersection/t_intersection-20_png.rf.899086ebc4ac2cde138ff6eae88d20ec__503.0.jpg,63,t_intersection,16,falling_rocks,0.02083819918334484,"[16, 12, 41]","[0.02083819918334484, 0.018510542809963226, 0.01814870536327362]",False
/content/MargDrishti/data/processed/crops/test/pedestrian_crossing/pedestrian_crossing-37_png.rf.895f45d27eae204226a4304237aa3072__504.0.jpg,37,pedestrian_crossing,62,stop,0.014236987568438053,"[62, 33, 22]","[0.014236987568438053, 0.014201316051185131, 0.014197571203112602]",False
/content/MargDrishti/data/processed/crops/test/dangerous_dip/dangerous_dip-16_jpg.rf.89e2a51faa3484bd02529567d4920b43__505.0.jpg,15,dangerous_dip,62,stop,0.014236987568438053,"[62, 33, 22]","[0.014236987568438053, 0.014201316051185131, 0.014197571203112602]",False
/content/MargDrishti/data/processed/crops/test/right_hand_curve/right_hand_curve-50_png.rf.89914d78f87d3ed5e0acb357720e53fe__506.0.jpg,42,right_hand_curve,13,cross_road,0.014391058124601841,"[13, 66, 21]","[0.014391058124601841, 0.0143133495002985, 0.014309468679130077]",False
/content/MargDrishti/data/processed/crops/test/pass_either_side/pass_either_side-54_jpg.rf.89fbd5aa013dd8eeea57529024ce55a6__507.0.jpg,36,pass_either_side,62,stop,0.014236987568438053,"[62, 33, 22]","[0.014236987568438053, 0.014201316051185131, 0.014197571203112602]",False
/content/MargDrishti/data/processed/crops/test/speed_limit_120/speed_limit_120-60_png.rf.89fad1c7527fb0e0155749900be0852a__508.0.jpg,51,speed_limit_120,3,cattle_ahead,0.017181772738695145,"[3, 16, 10]","[0.017181772738695145, 0.017157889902591705, 0.01695626601576805]",False
/content/MargDrishti/data/processed/crops/test/length_limit/length_limit-4_png.rf.8af8b67bef3f9fcdb782bf714263081a__509.0.jpg,27,length_limit,62,stop,0.014236987568438053,"[62, 33, 22]","[0.014236987568438053, 0.014201316051185131, 0.014197571203112602]",False
/content/MargDrishti/data/processed/crops/test/no_stopping_or_standing/no_stopping_or_standing-58_jpg.rf.8b07a641187f251a84da5e913e3b7ccb__510.0.jpg,34,no_stopping_or_standing,62,stop,0.014236987568438053,"[62, 33, 22]","[0.014236987568438053, 0.014201316051185131, 0.014197571203112602]",False
/content/MargDrishti/data/processed/crops/test/men_at_work/men_at_work-3_jpeg.rf.8b048d0933cc31961408d200d1f0632e__511.0.jpg,29,men_at_work,62,stop,0.014236987568438053,"[62, 33, 22]","[0.014236987568438053, 0.014201316051185131, 0.014197571203112602]",False
/content/MargDrishti/data/processed/crops/test/no_entry/no_entry-52_jpg.rf.8b445ed4c51a111260f60bc4930f29ff__512.0.jpg,32,no_entry,55,speed_limit_50,0.019113680347800255,"[55, 4, 19]","[0.019113680347800255, 0.018773725256323814, 0.018682753667235374]",False
/content/MargDrishti/data/processed/crops/test/speed_limit_60/speed_limit_60-44_jpg.rf.8c56cb0dae7faba5b679a8d0f580f209__513.0.jpg,56,speed_limit_60,62,stop,0.014236987568438053,"[62, 33, 22]","[0.014236987568438053, 0.014201316051185131, 0.014197571203112602]",False
/content/MargDrishti/data/processed/crops/test/compulsary_turn_right_ahead/compulsary_turn_right_ahead-21_png.rf.8be6183c8c7177e8a5fdaa9acad98149__514.0.jpg,12,compulsary_turn_right_ahead,16,falling_rocks,0.030730657279491425,"[16, 3, 10]","[0.030730657279491425, 0.030654223635792732, 0.030014220625162125]",False
/content/MargDrishti/data/processed/crops/test/width_limit/width_limit-13_jpeg.rf.8cb1b0c409de41af5c500cdbedadf0a2__515.0.jpg,69,width_limit,62,stop,0.014236987568438053,"[62, 33, 22]","[0.014236987568438053, 0.014201316051185131, 0.014197571203112602]",False
/content/MargDrishti/data/processed/crops/test/give_way/give_way-24_png.rf.8bc0774530a863bc0fc27a8459aebbb5__516.0.jpg,18,give_way,43,right_reverse_bend,0.02495523914694786,"[43, 12, 2]","[0.02495523914694786, 0.02375546284019947, 0.022833798080682755]",False
/content/MargDrishti/data/processed/crops/test/steep_ascent/steep_ascent-44_jpg.rf.8dc761393d3b5a1290eef52f7f06e61e__517.0.jpg,60,steep_ascent,62,stop,0.014236987568438053,"[62, 33, 22]","[0.014236987568438053, 0.014201316051185131, 0.014197571203112602]",False
/content/MargDrishti/data/processed/crops/test/steep_ascent/steep_ascent-7_jpeg.rf.8d4249a29b726f3042655f5347123d94__518.0.jpg,60,steep_ascent,62,stop,0.014236987568438053,"[62, 33, 22]","[0.014236987568438053, 0.014201316051185131, 0.014197571203112602]",False
/content/MargDrishti/data/processed/crops/test/hump_or_rough_road/hump_or_rough_road-48_jpg.rf.8d431eb943b14decb3e4acd87bb94f2d__519.0.jpg,23,hump_or_rough_road,13,cross_road,0.04348738119006157,"[13, 41, 64]","[0.04348738119006157, 0.030618634074926376, 0.028655990958213806]",False
/content/MargDrishti/data/processed/crops/test/compulsary_turn_left_ahead/compulsary_turn_left_ahead-25_png.rf.8de659c0737e59049494d651ad5e89df__520.0.jpg,11,compulsary_turn_left_ahead,67,u_turn_prohibited,0.02220945619046688,"[67, 29, 10]","[0.02220945619046688, 0.021060967817902565, 0.020946640521287918]",False
/content/MargDrishti/data/processed/crops/test/falling_rocks/falling_rocks-43_jpeg.rf.8e13cde20b07f108da7541cdd14ccb1e__521.0.jpg,16,falling_rocks,13,cross_road,0.043978262692689896,"[13, 6, 48]","[0.043978262692689896, 0.03628988564014435, 0.03515499830245972]",False
/content/MargDrishti/data/processed/crops/test/stop/stop-1_jpg.rf.8ecc2b7194cc655d4075196fe255d9bf__522.0.jpg,62,stop,62,stop,0.014236987568438053,"[62, 33, 22]","[0.014236987568438053, 0.014201316051185131, 0.014197571203112602]",True
/content/MargDrishti/data/processed/crops/test/guarded_level_crossing/guarded_level_crossing-49_jpg.rf.8e9cb50db335700e62fa16e926e21437__523.0.jpg,19,guarded_level_crossing,47,side_road_left,0.024724725633859634,"[47, 17, 51]","[0.024724725633859634, 0.023320937529206276, 0.021478477865457535]",False
/content/MargDrishti/data/processed/crops/test/u_turn_prohibited/u_turn_prohibited-7_jpg.rf.8f7eaa878fcd76f76f5b61a743021de3__524.0.jpg,67,u_turn_prohibited,61,steep_descent,0.020380506291985512,"[61, 37, 7]","[0.020380506291985512, 0.020030487328767776, 0.019853543490171432]",False
/content/MargDrishti/data/processed/crops/test/gap_in_median/gap_in_median-43_jpg.rf.8f59098cc21efefcbb4cf39d7949c52b__525.0.jpg,17,gap_in_median,62,stop,0.014236987568438053,"[62, 33, 22]","[0.014236987568438053, 0.014201316051185131, 0.014197571203112602]",False
/content/MargDrishti/data/processed/crops/test/falling_rocks/falling_rocks-21_jpeg.rf.8fdbf40df5fcbc4f611d1c424014c045__526.0.jpg,16,falling_rocks,67,u_turn_prohibited,0.024894917383790016,"[67, 0, 11]","[0.024894917383790016, 0.024426771327853203, 0.02417961321771145]",False
/content/MargDrishti/data/processed/crops/test/compulsary_ahead_or_turn_left/compulsary_ahead_or_turn_left-5_jpg.rf.90a38ccb7e3263a7df77ee2bcce9f97a__527.0.jpg,6,compulsary_ahead_or_turn_left,62,stop,0.014236987568438053,"[62, 33, 22]","[0.014236987568438053, 0.014201316051185131, 0.014197571203112602]",False
/content/MargDrishti/data/processed/crops/test/compulsary_ahead/compulsary_ahead-47_png.rf.90319180ab7f264ef256bf2b2b5678e1__528.0.jpg,5,compulsary_ahead,62,stop,0.014236987568438053,"[62, 33, 22]","[0.014236987568438053, 0.014201316051185131, 0.014197571203112602]",False
/content/MargDrishti/data/processed/crops/test/hump_or_rough_road/hump_or_rough_road-15_jpg.rf.90bbaf99f39589e8205e45ecca2b5664__529.0.jpg,23,hump_or_rough_road,62,stop,0.014236987568438053,"[62, 33, 22]","[0.014236987568438053, 0.014201316051185131, 0.014197571203112602]",False
/content/MargDrishti/data/processed/crops/test/stop/stop-46_png.rf.90ce1bcbe8a57c8caca097e5b6e0c3e5__530.0.jpg,62,stop,62,stop,0.014236987568438053,"[62, 33, 22]","[0.014236987568438053, 0.014201316051185131, 0.014197571203112602]",True
/content/MargDrishti/data/processed/crops/test/bullock_cart_and_hand_cart_prohibited/bullock_cart_and_hand_cart_prohibited-50_jpg.rf.91432c33a931f2b323642408c491f533__531.0.jpg,2,bullock_cart_and_hand_cart_prohibited,16,falling_rocks,0.025000179186463356,"[16, 12, 41]","[0.025000179186463356, 0.020948003977537155, 0.020317833870649338]",False
/content/MargDrishti/data/processed/crops/test/compulsary_ahead_or_turn_right/compulsary_ahead_or_turn_right-48_png.rf.917a0a113be88e0fd20ec91cc43ad782__532.0.jpg,7,compulsary_ahead_or_turn_right,62,stop,0.014236987568438053,"[62, 33, 22]","[0.014236987568438053, 0.014201316051185131, 0.014197571203112602]",False
/content/MargDrishti/data/processed/crops/test/pedestrian_prohibited/pedestrian_prohibited-29_jpg.rf.91a30ae598e13dde42557cd2b33fe920__533.0.jpg,38,pedestrian_prohibited,67,u_turn_prohibited,0.014847964979708195,"[67, 52, 11]","[0.014847964979708195, 0.01483017485588789, 0.014797707088291645]",False
/content/MargDrishti/data/processed/crops/test/slippery_road/slippery_road-6_jpg.rf.9267e1679a96ce262c144eb5b0382e37__534.0.jpg,49,slippery_road,62,stop,0.014236987568438053,"[62, 33, 22]","[0.014236987568438053, 0.014201316051185131, 0.014197571203112602]",False
/content/MargDrishti/data/processed/crops/test/speed_limit_70/speed_limit_70-24_jpg.rf.92871086e4637d17fe6b06874b39049a__535.0.jpg,57,speed_limit_70,62,stop,0.014236987568438053,"[62, 33, 22]","[0.014236987568438053, 0.014201316051185131, 0.014197571203112602]",False
/content/MargDrishti/data/processed/crops/test/speed_limit_30/speed_limit_30-26_png.rf.92495a0baaf26e89ef37ad04cf016250__536.0.jpg,53,speed_limit_30,43,right_reverse_bend,0.05442292243242264,"[43, 12, 2]","[0.05442292243242264, 0.047474443912506104, 0.04263744875788689]",False
/content/MargDrishti/data/processed/crops/test/compulsary_turn_right_ahead/compulsary_turn_right_ahead-26_png.rf.940e58826af6152bd47cae92077464ea__537.0.jpg,12,compulsary_turn_right_ahead,47,side_road_left,0.02478586509823799,"[47, 17, 51]","[0.02478586509823799, 0.023371879011392593, 0.02151692844927311]",False
/content/MargDrishti/data/processed/crops/test/petrol_pump_ahead/petrol_pump_ahead-38_jpg.rf.93410eb65ec271811d53f2ef534686a4__539.0.jpg,39,petrol_pump_ahead,22,hospital_ahead,0.03955507278442383,"[22, 69, 63]","[0.03955507278442383, 0.03530987724661827, 0.032496098428964615]",False
/content/MargDrishti/data/processed/crops/test/narrow_road_ahead/narrow_road_ahead-42_jpg.rf.933f80f61cf5c290cf7100942a4b6e3d__540.0.jpg,31,narrow_road_ahead,62,stop,0.014236987568438053,"[62, 33, 22]","[0.014236987568438053, 0.014201316051185131, 0.014197571203112602]",False
/content/MargDrishti/data/processed/crops/test/right_hand_curve/right_hand_curve-46_jpg.rf.94dea7ea97a38a405d51ee6ba8cc3b52__541.0.jpg,42,right_hand_curve,68,unguarded_level_crossing,0.020684709772467613,"[68, 66, 13]","[0.020684709772467613, 0.020662842318415642, 0.019822213798761368]",False
/content/MargDrishti/data/processed/crops/test/speed_limit_100/speed_limit_100-1_jpg.rf.953f1071455b54f0509cd013c6a756f5__542.0.jpg,50,speed_limit_100,35,overtaking_prohibited,0.09015782177448273,"[35, 57, 5]","[0.09015782177448273, 0.08511978387832642, 0.07822702825069427]",False
/content/MargDrishti/data/processed/crops/test/right_hand_curve/right_hand_curve-69_png.rf.963066340822b52723925521c9936455__543.0.jpg,42,right_hand_curve,51,speed_limit_120,0.02043849043548107,"[51, 29, 5]","[0.02043849043548107, 0.020082108676433563, 0.01972915045917034]",False
/content/MargDrishti/data/processed/crops/test/no_entry/no_entry-67_png.rf.9579b7b84e0ba946a9943962422327bc__544.0.jpg,32,no_entry,5,compulsary_ahead,0.016675107181072235,"[5, 29, 59]","[0.016675107181072235, 0.016359183937311172, 0.016291532665491104]",False
/content/MargDrishti/data/processed/crops/test/narrow_bridge_ahead/narrow_bridge_ahead-73_jpg.rf.9cc000e41a5ae59fb366e4f9d4caf910__545.0.jpg,30,narrow_bridge_ahead,62,stop,0.014236987568438053,"[62, 33, 22]","[0.014236987568438053, 0.014201316051185131, 0.014197571203112602]",False
/content/MargDrishti/data/processed/crops/test/steep_descent/steep_descent-28_jpg.rf.986e051e5ed0e81d22de9a14a5bfc655__546.0.jpg,61,steep_descent,62,stop,0.014236987568438053,"[62, 33, 22]","[0.014236987568438053, 0.014201316051185131, 0.014197571203112602]",False
/content/MargDrishti/data/processed/crops/test/no_entry/no_entry-50_jpg.rf.9a8a9f901d068fea52123fe9b63242d3__547.0.jpg,32,no_entry,62,stop,0.014236987568438053,"[62, 33, 22]","[0.014236987568438053, 0.014201316051185131, 0.014197571203112602]",False
/content/MargDrishti/data/processed/crops/test/petrol_pump_ahead/petrol_pump_ahead-52_jpg.rf.9bda1f892fe37269e5a8d7103a9b5c4f__548.0.jpg,39,petrol_pump_ahead,43,right_reverse_bend,0.049923356622457504,"[43, 12, 2]","[0.049923356622457504, 0.0440465584397316, 0.039909496903419495]",False
/content/MargDrishti/data/processed/crops/test/quay_side_or_river_bank/quay_side_or_river_bank-8_jpg.rf.9aa8b27c475f155bca65f25a76f11ed0__549.0.jpg,40,quay_side_or_river_bank,62,stop,0.014236987568438053,"[62, 33, 22]","[0.014236987568438053, 0.014201316051185131, 0.014197571203112602]",False
/content/MargDrishti/data/processed/crops/test/restriction_ends/restriction_ends-61_png.rf.965fb5f7dbe49ad1d8bda6f11a1738f3__550.0.jpg,41,restriction_ends,62,stop,0.014236987568438053,"[62, 33, 22]","[0.014236987568438053, 0.014201316051185131, 0.014197571203112602]",False
/content/MargDrishti/data/processed/crops/test/horn_prohibited/horn_prohibited-25_jpg.rf.9a08a8eaafc8cd1d2ddf75cfaf2f6cb9__551.0.jpg,21,horn_prohibited,62,stop,0.014236987568438053,"[62, 33, 22]","[0.014236987568438053, 0.014201316051185131, 0.014197571203112602]",False
/content/MargDrishti/data/processed/crops/test/width_limit/width_limit-4_png.rf.978ea468b125d3b89090d43ba1fd0e2a__552.0.jpg,69,width_limit,62,stop,0.014236987568438053,"[62, 33, 22]","[0.014236987568438053, 0.014201316051185131, 0.014197571203112602]",False
/content/MargDrishti/data/processed/crops/test/cattle_ahead/cattle_ahead-12_jpg.rf.96e2c667165a7fa21ab9f4fffe7bdaf0__553.0.jpg,3,cattle_ahead,16,falling_rocks,0.027120910584926605,"[16, 12, 68]","[0.027120910584926605, 0.024916494265198708, 0.021047895774245262]",False
/content/MargDrishti/data/processed/crops/test/left_turn_prohibited/left_turn_prohibited-23_jpg.rf.9790d80c7c898a826db4090a3113bdfb__554.0.jpg,26,left_turn_prohibited,62,stop,0.014236987568438053,"[62, 33, 22]","[0.014236987568438053, 0.014201316051185131, 0.014197571203112602]",False
/content/MargDrishti/data/processed/crops/test/quay_side_or_river_bank/quay_side_or_river_bank-10_jpg.rf.98b902badf669586ba3582ebad2cacfe__555.0.jpg,40,quay_side_or_river_bank,62,stop,0.014236987568438053,"[62, 33, 22]","[0.014236987568438053, 0.014201316051185131, 0.014197571203112602]",False
/content/MargDrishti/data/processed/crops/test/overtaking_prohibited/overtaking_prohibited-1_jpg.rf.9a64d37dcb85352b284eab0d9f134a6f__556.0.jpg,35,overtaking_prohibited,47,side_road_left,0.020457779988646507,"[47, 17, 51]","[0.020457779988646507, 0.019712820649147034, 0.018693191930651665]",False
/content/MargDrishti/data/processed/crops/test/petrol_pump_ahead/petrol_pump_ahead-16_jpeg.rf.9721d77e30959e7d30b9bfc6cd33b883__557.0.jpg,39,petrol_pump_ahead,63,t_intersection,0.3071788251399994,"[63, 69, 22]","[0.3071788251399994, 0.22003185749053955, 0.1498359739780426]",False
/content/MargDrishti/data/processed/crops/test/dangerous_dip/dangerous_dip-36_jpeg.rf.9886437126e7d8c6c7b5ba50fd8718f2__558.0.jpg,15,dangerous_dip,62,stop,0.014236987568438053,"[62, 33, 22]","[0.014236987568438053, 0.014201316051185131, 0.014197571203112602]",False
/content/MargDrishti/data/processed/crops/test/cycle_crossing/cycle_crossing-9_png.rf.9b6f745fa912440724a33b9294c42297__559.0.jpg,14,cycle_crossing,62,stop,0.014236987568438053,"[62, 33, 22]","[0.014236987568438053, 0.014201316051185131, 0.014197571203112602]",False
/content/MargDrishti/data/processed/crops/test/speed_limit_30/speed_limit_30-9_jpg.rf.99de5bc0ec1cd68ee8d5c247803a8133__560.0.jpg,53,speed_limit_30,62,stop,0.014236987568438053,"[62, 33, 22]","[0.014236987568438053, 0.014201316051185131, 0.014197571203112602]",False
/content/MargDrishti/data/processed/crops/test/cattle_ahead/cattle_ahead-6_jpg.rf.9aac5cc113583cc747c50cfd87b5cf16__561.0.jpg,3,cattle_ahead,62,stop,0.014236987568438053,"[62, 33, 22]","[0.014236987568438053, 0.014201316051185131, 0.014197571203112602]",False
/content/MargDrishti/data/processed/crops/test/falling_rocks/falling_rocks-28_jpeg.rf.9c1fa037f2628345f1c0961acd88da80__562.0.jpg,16,falling_rocks,62,stop,0.014236987568438053,"[62, 33, 22]","[0.014236987568438053, 0.014201316051185131, 0.014197571203112602]",False
/content/MargDrishti/data/processed/crops/test/staggered_intersection/staggered_intersection-6_png.rf.98baa9649794450f788f8b7ed28c135d__563.0.jpg,59,staggered_intersection,62,stop,0.014236987568438053,"[62, 33, 22]","[0.014236987568438053, 0.014201316051185131, 0.014197571203112602]",False
/content/MargDrishti/data/processed/crops/test/no_stopping_or_standing/no_stopping_or_standing-29_jpg.rf.9768c4f543cfb74b8e9ee6594bd03bc1__564.0.jpg,34,no_stopping_or_standing,62,stop,0.014236987568438053,"[62, 33, 22]","[0.014236987568438053, 0.014201316051185131, 0.014197571203112602]",False
/content/MargDrishti/data/processed/crops/test/all_motor_vehicle_prohibited/all_motor_vehicle_prohibited-22_jpg.rf.98730a02f1491296bcee7c4666352abd__565.0.jpg,0,all_motor_vehicle_prohibited,62,stop,0.014236987568438053,"[62, 33, 22]","[0.014236987568438053, 0.014201316051185131, 0.014197571203112602]",False
/content/MargDrishti/data/processed/crops/test/speed_limit_70/speed_limit_70-50_png.rf.9bf09f6b0cb04f60bd66be23930964e4__566.0.jpg,57,speed_limit_70,62,stop,0.014236987568438053,"[62, 33, 22]","[0.014236987568438053, 0.014201316051185131, 0.014197571203112602]",False
/content/MargDrishti/data/processed/crops/test/unguarded_level_crossing/unguarded_level_crossing-56_png.rf.9a86adb2573887e6389b6194e9acf888__567.0.jpg,68,unguarded_level_crossing,62,stop,0.014236987568438053,"[62, 33, 22]","[0.014236987568438053, 0.014201316051185131, 0.014197571203112602]",False
/content/MargDrishti/data/processed/crops/test/traffic_signal/traffic_signal-10_jpg.rf.9cc06376500ddfd6449903c26d1b23d8__568.0.jpg,64,traffic_signal,16,falling_rocks,0.025373488664627075,"[16, 3, 10]","[0.025373488664627075, 0.025345245376229286, 0.024885600432753563]",False
/content/MargDrishti/data/processed/crops/test/quay_side_or_river_bank/quay_side_or_river_bank-44_jpg.rf.9d1b3ac7ea0f4f1add4993e2deda1584__569.0.jpg,40,quay_side_or_river_bank,62,stop,0.014236987568438053,"[62, 33, 22]","[0.014236987568438053, 0.014201316051185131, 0.014197571203112602]",False
/content/MargDrishti/data/processed/crops/test/speed_limit_50/speed_limit_50-0_jpg.rf.99521330372d00e0e86d65e82c8f1b97__570.0.jpg,55,speed_limit_50,51,speed_limit_120,0.032169245183467865,"[51, 5, 29]","[0.032169245183467865, 0.031156549230217934, 0.031023534014821053]",False
/content/MargDrishti/data/processed/crops/test/traffic_signal/traffic_signal-0_jpg.rf.9aef9b7c10d2aae1b72ab252a56b76bc__571.0.jpg,64,traffic_signal,43,right_reverse_bend,0.01788298971951008,"[43, 12, 2]","[0.01788298971951008, 0.017535248771309853, 0.017247742041945457]",False
/content/MargDrishti/data/processed/crops/test/traffic_signal/traffic_signal-45_png.rf.9f807dfab6b322f37a8cf2700138d7fe__572.0.jpg,64,traffic_signal,62,stop,0.014236987568438053,"[62, 33, 22]","[0.014236987568438053, 0.014201316051185131, 0.014197571203112602]",False
/content/MargDrishti/data/processed/crops/test/width_limit/width_limit-1_jpeg.rf.9f6a0e265bd83380a4b88dec8c95d194__573.0.jpg,69,width_limit,62,stop,0.014236987568438053,"[62, 33, 22]","[0.014236987568438053, 0.014201316051185131, 0.014197571203112602]",False
/content/MargDrishti/data/processed/crops/test/no_stopping_or_standing/no_stopping_or_standing-10_jpg.rf.a0fcfdb2806d3c49609ce42bbf6a3634__574.0.jpg,34,no_stopping_or_standing,47,side_road_left,0.014533906243741512,"[47, 17, 29]","[0.014533906243741512, 0.014508621767163277, 0.014480140060186386]",False
/content/MargDrishti/data/processed/crops/test/stop/stop-68_png.rf.a1f2fa25c95908b349bfc127de9cb197__575.0.jpg,62,stop,62,stop,0.014236987568438053,"[62, 33, 22]","[0.014236987568438053, 0.014201316051185131, 0.014197571203112602]",True
/content/MargDrishti/data/processed/crops/test/compulsary_ahead_or_turn_left/compulsary_ahead_or_turn_left-53_png.rf.a111c050a537d33d44fbfdaa330a3c6e__576.0.jpg,6,compulsary_ahead_or_turn_left,43,right_reverse_bend,0.030800921842455864,"[43, 12, 2]","[0.030800921842455864, 0.02872009016573429, 0.027165601029992104]",False
/content/MargDrishti/data/processed/crops/test/cattle_ahead/cattle_ahead-59_jpg.rf.a28f49339eafdaebd3ab32c67c7add11__577.0.jpg,3,cattle_ahead,62,stop,0.014236987568438053,"[62, 33, 22]","[0.014236987568438053, 0.014201316051185131, 0.014197571203112602]",False
/content/MargDrishti/data/processed/crops/test/compulsary_turn_right_ahead/compulsary_turn_right_ahead-56_jpg.rf.a395bf567c657b1da370a6ce325b991c__578.0.jpg,12,compulsary_turn_right_ahead,8,compulsary_keep_left,0.035940106958150864,"[8, 53, 36]","[0.035940106958150864, 0.03153971582651138, 0.02945805713534355]",False
/content/MargDrishti/data/processed/crops/test/restriction_ends/restriction_ends-60_png.rf.a385280aa0cdba264579cd94aaea955d__579.0.jpg,41,restriction_ends,62,stop,0.014236987568438053,"[62, 33, 22]","[0.014236987568438053, 0.014201316051185131, 0.014197571203112602]",False
/content/MargDrishti/data/processed/crops/test/guarded_level_crossing/guarded_level_crossing-8_jpeg.rf.a3cb074588dbcbe4b238d211a6b236a3__580.0.jpg,19,guarded_level_crossing,62,stop,0.014236987568438053,"[62, 33, 22]","[0.014236987568438053, 0.014201316051185131, 0.014197571203112602]",False
/content/MargDrishti/data/processed/crops/test/loose_gravel/loose_gravel-8_jpeg.rf.a4688bab759aa51da528957b46f3f482__581.0.jpg,28,loose_gravel,62,stop,0.014236987568438053,"[62, 33, 22]","[0.014236987568438053, 0.014201316051185131, 0.014197571203112602]",False
/content/MargDrishti/data/processed/crops/test/no_parking/no_parking-5_jpg.rf.a4b98e4e112d79971ebd12bac27cf6a4__582.0.jpg,33,no_parking,62,stop,0.014236987568438053,"[62, 33, 22]","[0.014236987568438053, 0.014201316051185131, 0.014197571203112602]",False
/content/MargDrishti/data/processed/crops/test/restriction_ends/restriction_ends-1_jpeg.rf.a4a93f84bb1c573ce8782f16cdb7e5d9__583.0.jpg,41,restriction_ends,62,stop,0.014236987568438053,"[62, 33, 22]","[0.014236987568438053, 0.014201316051185131, 0.014197571203112602]",False
/content/MargDrishti/data/processed/crops/test/pedestrian_prohibited/pedestrian_prohibited-41_jpg.rf.a4ec961c54a77b41757bae470164693a__584.0.jpg,38,pedestrian_prohibited,62,stop,0.014236987568438053,"[62, 33, 22]","[0.014236987568438053, 0.014201316051185131, 0.014197571203112602]",False
/content/MargDrishti/data/processed/crops/test/falling_rocks/falling_rocks-51_jpg.rf.a50865b63f4dc1c91dba456d0a6bb146__586.0.jpg,16,falling_rocks,62,stop,0.014236987568438053,"[62, 33, 22]","[0.014236987568438053, 0.014201316051185131, 0.014197571203112602]",False
/content/MargDrishti/data/processed/crops/test/compulsary_turn_left_ahead/compulsary_turn_left_ahead-23_png.rf.a672624135dcc27cec07be15f7950445__587.0.jpg,11,compulsary_turn_left_ahead,47,side_road_left,0.023830899968743324,"[47, 51, 14]","[0.023830899968743324, 0.022191835567355156, 0.02176108956336975]",False
/content/MargDrishti/data/processed/crops/test/school_ahead/school_ahead-67_png.rf.a7b16718b54b8bc4a6a56d84443c918b__588.0.jpg,46,school_ahead,62,stop,0.014236987568438053,"[62, 33, 22]","[0.014236987568438053, 0.014201316051185131, 0.014197571203112602]",False
/content/MargDrishti/data/processed/crops/test/speed_limit_70/speed_limit_70-38_png.rf.a782d48eb96e767d5a41e86c898358db__589.0.jpg,57,speed_limit_70,62,stop,0.014236987568438053,"[62, 33, 22]","[0.014236987568438053, 0.014201316051185131, 0.014197571203112602]",False
/content/MargDrishti/data/processed/crops/test/narrow_road_ahead/narrow_road_ahead-17_jpg.rf.a89dc70000272466f9bf05707634ffe4__590.0.jpg,31,narrow_road_ahead,43,right_reverse_bend,0.016547298058867455,"[43, 12, 2]","[0.016547298058867455, 0.016330454498529434, 0.016143398359417915]",False
/content/MargDrishti/data/processed/crops/test/stop/stop-41_png.rf.a9720798b4f14e2d50ad40f53bcb2d9f__591.0.jpg,62,stop,51,speed_limit_120,0.04828055948019028,"[51, 29, 14]","[0.04828055948019028, 0.0422932468354702, 0.040263477712869644]",False
/content/MargDrishti/data/processed/crops/test/no_parking/no_parking-39_jpg.rf.a84701112218ca66603f0d487bcf331e__592.0.jpg,33,no_parking,19,guarded_level_crossing,0.05558159947395325,"[19, 41, 55]","[0.05558159947395325, 0.05494155362248421, 0.041639383882284164]",False
/content/MargDrishti/data/processed/crops/test/u_turn/u_turn-7_jpg.rf.a9f2110edf38a70d494e2e88f6e7697f__593.0.jpg,66,u_turn,62,stop,0.014236987568438053,"[62, 33, 22]","[0.014236987568438053, 0.014201316051185131, 0.014197571203112602]",False
/content/MargDrishti/data/processed/crops/test/u_turn_prohibited/u_turn_prohibited-37_jpeg.rf.a9adc544351abee25c5f5c0e526f8514__594.0.jpg,67,u_turn_prohibited,62,stop,0.014236987568438053,"[62, 33, 22]","[0.014236987568438053, 0.014201316051185131, 0.014197571203112602]",False
/content/MargDrishti/data/processed/crops/test/school_ahead/school_ahead-23_jpg.rf.aa5b30f8375aa1bb8e8f5b5ceae15fc6__595.0.jpg,46,school_ahead,19,guarded_level_crossing,0.027190562337636948,"[19, 41, 55]","[0.027190562337636948, 0.027092279866337776, 0.024136358872056007]",False
/content/MargDrishti/data/processed/crops/test/speed_limit_80/speed_limit_80-46_jpg.rf.a8e7e89d97f6adc1c2b11e81121eca55__596.0.jpg,58,speed_limit_80,47,side_road_left,0.031982965767383575,"[47, 17, 51]","[0.031982965767383575, 0.028702858835458755, 0.026324646547436714]",False
/content/MargDrishti/data/processed/crops/test/give_way/give_way-67_jpg.rf.aac21df06a2ba56c974cf08215486b12__597.0.jpg,18,give_way,47,side_road_left,0.02043015882372856,"[47, 17, 51]","[0.02043015882372856, 0.019587267190217972, 0.018790310248732567]",False
/content/MargDrishti/data/processed/crops/test/steep_descent/steep_descent-41_jpeg.rf.aac265a865b97d59122c01908c6bcd37__598.0.jpg,61,steep_descent,62,stop,0.014236987568438053,"[62, 33, 22]","[0.014236987568438053, 0.014201316051185131, 0.014197571203112602]",False
/content/MargDrishti/data/processed/crops/test/loose_gravel/loose_gravel-23_jpeg.rf.ac53f4b79c104fd7e533f08dfc3193ee__599.0.jpg,28,loose_gravel,62,stop,0.014236987568438053,"[62, 33, 22]","[0.014236987568438053, 0.014201316051185131, 0.014197571203112602]",False
/content/MargDrishti/data/processed/crops/test/horn_prohibited/horn_prohibited-69_jpg.rf.aafc2467aa27b0bc69269c32abc25b66__600.0.jpg,21,horn_prohibited,62,stop,0.014236987568438053,"[62, 33, 22]","[0.014236987568438053, 0.014201316051185131, 0.014197571203112602]",False
/content/MargDrishti/data/processed/crops/test/compulsary_ahead_or_turn_left/compulsary_ahead_or_turn_left-50_png.rf.acb6e5bdb7cb498e0f99becd550d6e3b__601.0.jpg,6,compulsary_ahead_or_turn_left,44,right_turn_prohibited,0.021571818739175797,"[44, 37, 2]","[0.021571818739175797, 0.018640605732798576, 0.018205566331744194]",False
/content/MargDrishti/data/processed/crops/test/chevron_direction/chevron_direction-49_jpg.rf.ab45f88d62c991053dca45fda9b00c70__602.0.jpg,4,chevron_direction,10,compulsary_sound_horn,0.06866424530744553,"[10, 16, 43]","[0.06866424530744553, 0.06120634824037552, 0.05782732740044594]",False
/content/MargDrishti/data/processed/crops/test/restriction_ends/restriction_ends-7_png.rf.accd21c79789c45a73b56e6437c58f7b__603.0.jpg,41,restriction_ends,16,falling_rocks,0.025058185681700706,"[16, 12, 41]","[0.025058185681700706, 0.02098079025745392, 0.02034679800271988]",False
/content/MargDrishti/data/processed/crops/test/all_motor_vehicle_prohibited/all_motor_vehicle_prohibited-36_png.rf.ac5ba0e81b152bbf8169dd9dbc6ce2cc__604.0.jpg,0,all_motor_vehicle_prohibited,67,u_turn_prohibited,0.02884957753121853,"[67, 0, 11]","[0.02884957753121853, 0.02820810116827488, 0.02779296413064003]",False
/content/MargDrishti/data/processed/crops/test/pass_either_side/pass_either_side-1_png.rf.ad1a1ebd49832ba92ef0849ad52fc38d__606.0.jpg,36,pass_either_side,62,stop,0.014236987568438053,"[62, 33, 22]","[0.014236987568438053, 0.014201316051185131, 0.014197571203112602]",False
/content/MargDrishti/data/processed/crops/test/speed_limit_70/speed_limit_70-29_png.rf.acebc8406722cb54094b565c0e1ab551__607.0.jpg,57,speed_limit_70,51,speed_limit_120,0.07041376084089279,"[51, 5, 29]","[0.07041376084089279, 0.06114637106657028, 0.05512601509690285]",False
/content/MargDrishti/data/processed/crops/test/restriction_ends/restriction_ends-12_jpeg.rf.ad365fe45ff2a82a9da54ea65b936a81__608.0.jpg,41,restriction_ends,62,stop,0.014236987568438053,"[62, 33, 22]","[0.014236987568438053, 0.014201316051185131, 0.014197571203112602]",False
/content/MargDrishti/data/processed/crops/test/compulsary_keep_right/compulsary_keep_right-0_jpg.rf.ad1d9ce9ea2f8de2149f847cc621da68__609.0.jpg,9,compulsary_keep_right,22,hospital_ahead,0.01473225001245737,"[22, 9, 1]","[0.01473225001245737, 0.014519231393933296, 0.014487294480204582]",False
/content/MargDrishti/data/processed/crops/test/falling_rocks/falling_rocks-61_jpg.rf.ae62fdf79b6147eca2dc5171a6d24ab1__610.0.jpg,16,falling_rocks,62,stop,0.014236987568438053,"[62, 33, 22]","[0.014236987568438053, 0.014201316051185131, 0.014197571203112602]",False
/content/MargDrishti/data/processed/crops/test/horn_prohibited/horn_prohibited-18_jpg.rf.add56eac800c1bcfc17658ed1581e27d__611.0.jpg,21,horn_prohibited,62,stop,0.014236987568438053,"[62, 33, 22]","[0.014236987568438053, 0.014201316051185131, 0.014197571203112602]",False
/content/MargDrishti/data/processed/crops/test/speed_limit_30/speed_limit_30-52_png.rf.aebaf1e056e20f74f9711acdabeb0f91__612.0.jpg,53,speed_limit_30,62,stop,0.014236987568438053,"[62, 33, 22]","[0.014236987568438053, 0.014201316051185131, 0.014197571203112602]",False
/content/MargDrishti/data/processed/crops/test/no_stopping_or_standing/no_stopping_or_standing-15_jpg.rf.aecbc53725453723fdc66a8073c2b353__613.0.jpg,34,no_stopping_or_standing,62,stop,0.014236987568438053,"[62, 33, 22]","[0.014236987568438053, 0.014201316051185131, 0.014197571203112602]",False
/content/MargDrishti/data/processed/crops/test/speed_limit_120/speed_limit_120-9_png.rf.af397fd0c2922642fb160e11320734a3__614.0.jpg,51,speed_limit_120,62,stop,0.014236987568438053,"[62, 33, 22]","[0.014236987568438053, 0.014201316051185131, 0.014197571203112602]",False
/content/MargDrishti/data/processed/crops/test/left_reverse_bend/left_reverse_bend-21_jpg.rf.afb0b69bcc3b3a09ae0cec9d226efcf4__615.0.jpg,25,left_reverse_bend,62,stop,0.014236987568438053,"[62, 33, 22]","[0.014236987568438053, 0.014201316051185131, 0.014197571203112602]",False
/content/MargDrishti/data/processed/crops/test/speed_limit_80/speed_limit_80-52_png.rf.af9774a6e7d60a769612f1da75f31545__616.0.jpg,58,speed_limit_80,47,side_road_left,0.022774918004870415,"[47, 17, 51]","[0.022774918004870415, 0.02168540097773075, 0.020231271162629128]",False
/content/MargDrishti/data/processed/crops/test/falling_rocks/falling_rocks-7_jpg.rf.afcf0a0700f880781ee7062f40c74930__617.0.jpg,16,falling_rocks,62,stop,0.014236987568438053,"[62, 33, 22]","[0.014236987568438053, 0.014201316051185131, 0.014197571203112602]",False
/content/MargDrishti/data/processed/crops/test/quay_side_or_river_bank/quay_side_or_river_bank-60_jpg.rf.b0434fd39144e199b1b72d73b71c4886__618.0.jpg,40,quay_side_or_river_bank,62,stop,0.014236987568438053,"[62, 33, 22]","[0.014236987568438053, 0.014201316051185131, 0.014197571203112602]",False
/content/MargDrishti/data/processed/crops/test/no_parking/no_parking-48_jpg.rf.b0b51e96da587e1ce3da0bd2e51e1fbc__619.0.jpg,33,no_parking,62,stop,0.014236987568438053,"[62, 33, 22]","[0.014236987568438053, 0.014201316051185131, 0.014197571203112602]",False
/content/MargDrishti/data/processed/crops/test/speed_limit_100/speed_limit_100-17_png.rf.b121140bdba6a1744793a11fccd9b2a1__620.0.jpg,50,speed_limit_100,5,compulsary_ahead,0.03662639483809471,"[5, 29, 51]","[0.03662639483809471, 0.03641457110643387, 0.03514969348907471]",False
/content/MargDrishti/data/processed/crops/test/speed_limit_120/speed_limit_120-65_png.rf.b175db32d3dac9c48aab4b29f1e4cdb4__621.0.jpg,51,speed_limit_120,51,speed_limit_120,0.04672802612185478,"[51, 29, 5]","[0.04672802612185478, 0.04284095764160156, 0.041299592703580856]",True
/content/MargDrishti/data/processed/crops/test/stop/stop-40_png.rf.b3f4b067ffed3ca0fac1f05b59b940c6__622.0.jpg,62,stop,62,stop,0.014236987568438053,"[62, 33, 22]","[0.014236987568438053, 0.014201316051185131, 0.014197571203112602]",True
/content/MargDrishti/data/processed/crops/test/left_turn_prohibited/left_turn_prohibited-30_jpg.rf.b1a2b7cca60554d4442f28b9147b1490__623.0.jpg,26,left_turn_prohibited,62,stop,0.014236987568438053,"[62, 33, 22]","[0.014236987568438053, 0.014201316051185131, 0.014197571203112602]",False
/content/MargDrishti/data/processed/crops/test/cattle_ahead/cattle_ahead-27_png.rf.b3642854226464eea7673f2ab1940cfb__624.0.jpg,3,cattle_ahead,62,stop,0.014236987568438053,"[62, 33, 22]","[0.014236987568438053, 0.014201316051185131, 0.014197571203112602]",False
/content/MargDrishti/data/processed/crops/test/slippery_road/slippery_road-49_png.rf.b1d7948d3f063596e3acab9542c9c324__625.0.jpg,49,slippery_road,62,stop,0.014236987568438053,"[62, 33, 22]","[0.014236987568438053, 0.014201316051185131, 0.014197571203112602]",False
/content/MargDrishti/data/processed/crops/test/right_turn_prohibited/right_turn_prohibited-17_jpg.rf.b1c57149b1681e26c7df007b5a7148fd__626.0.jpg,44,right_turn_prohibited,62,stop,0.014236987568438053,"[62, 33, 22]","[0.014236987568438053, 0.014201316051185131, 0.014197571203112602]",False
/content/MargDrishti/data/processed/crops/test/compulsary_keep_left/compulsary_keep_left-19_jpg.rf.b32c1fa8b9e57bb83f8b08fe7f91de60__627.0.jpg,8,compulsary_keep_left,8,compulsary_keep_left,0.1574101448059082,"[8, 53, 36]","[0.1574101448059082, 0.10419140756130219, 0.08343594521284103]",True
/content/MargDrishti/data/processed/crops/test/cross_road/cross_road-25_jpg.rf.b441afdfb4e02ff0c8c0fc81d6c73261__628.0.jpg,13,cross_road,19,guarded_level_crossing,0.026694059371948242,"[19, 41, 55]","[0.026694059371948242, 0.026602299883961678, 0.023785538971424103]",False
/content/MargDrishti/data/processed/crops/test/right_turn_prohibited/right_turn_prohibited-60_jpg.rf.b2fe3e5979702082b77d3d4b0a2eb47f__629.0.jpg,44,right_turn_prohibited,3,cattle_ahead,0.017560746520757675,"[3, 16, 10]","[0.017560746520757675, 0.017538636922836304, 0.017325645312666893]",False
/content/MargDrishti/data/processed/crops/test/height_limit/height_limit-2_png.rf.b48a1cef1f3d1cd29ba6accb919fa456__630.0.jpg,20,height_limit,62,stop,0.014236987568438053,"[62, 33, 22]","[0.014236987568438053, 0.014201316051185131, 0.014197571203112602]",False
/content/MargDrishti/data/processed/crops/test/chevron_direction/chevron_direction-9_jpg.rf.b4960dffc892db44dc6eed1417dcb59f__631.0.jpg,4,chevron_direction,16,falling_rocks,0.0287917573004961,"[16, 3, 10]","[0.0287917573004961, 0.02873396687209606, 0.02816157415509224]",False
/content/MargDrishti/data/processed/crops/test/stop/stop-4_jpg.rf.b530233e6edeb34b446c4636506e61e4__632.0.jpg,62,stop,62,stop,0.014236987568438053,"[62, 33, 22]","[0.014236987568438053, 0.014201316051185131, 0.014197571203112602]",True
/content/MargDrishti/data/processed/crops/test/width_limit/width_limit-15_png.rf.b600be4ac20c34534c92d0fdb135415d__633.0.jpg,69,width_limit,62,stop,0.014236987568438053,"[62, 33, 22]","[0.014236987568438053, 0.014201316051185131, 0.014197571203112602]",False
/content/MargDrishti/data/processed/crops/test/no_entry/no_entry-37_png.rf.b66904012669bd0d7944cd3fd224bb1c__634.0.jpg,32,no_entry,62,stop,0.014236987568438053,"[62, 33, 22]","[0.014236987568438053, 0.014201316051185131, 0.014197571203112602]",False
/content/MargDrishti/data/processed/crops/test/left_reverse_bend/left_reverse_bend-54_jpg.rf.b6990acd415b4b0ad18c015a6627fcf9__635.0.jpg,25,left_reverse_bend,21,horn_prohibited,0.03063151240348816,"[21, 47, 43]","[0.03063151240348816, 0.02286694571375847, 0.022736717015504837]",False
/content/MargDrishti/data/processed/crops/test/pass_either_side/pass_either_side-3_png.rf.b6307be23c015c50828f10d54d665478__636.0.jpg,36,pass_either_side,62,stop,0.014236987568438053,"[62, 33, 22]","[0.014236987568438053, 0.014201316051185131, 0.014197571203112602]",False
/content/MargDrishti/data/processed/crops/test/speed_limit_30/speed_limit_30-22_png.rf.b644475b56cb002c3d087f8ea6a252b5__637.0.jpg,53,speed_limit_30,62,stop,0.014236987568438053,"[62, 33, 22]","[0.014236987568438053, 0.014201316051185131, 0.014197571203112602]",False
/content/MargDrishti/data/processed/crops/test/pedestrian_crossing/pedestrian_crossing-15_jpg.rf.b7f6f4d8c048e7b5100a44dced5f34a9__638.0.jpg,37,pedestrian_crossing,62,stop,0.014236987568438053,"[62, 33, 22]","[0.014236987568438053, 0.014201316051185131, 0.014197571203112602]",False
/content/MargDrishti/data/processed/crops/test/falling_rocks/falling_rocks-24_jpeg.rf.b74fcd4be7fdbc9c296663a2b587cf2d__639.0.jpg,16,falling_rocks,62,stop,0.014236987568438053,"[62, 33, 22]","[0.014236987568438053, 0.014201316051185131, 0.014197571203112602]",False
/content/MargDrishti/data/processed/crops/test/speed_limit_30/speed_limit_30-34_png.rf.b77666abd15db42d8ad5ba7135898fc5__640.0.jpg,53,speed_limit_30,62,stop,0.014236987568438053,"[62, 33, 22]","[0.014236987568438053, 0.014201316051185131, 0.014197571203112602]",False
/content/MargDrishti/data/processed/crops/test/left_turn_prohibited/left_turn_prohibited-0_jpg.rf.b6ffb0b9642d5c4f80330c20869d92c2__641.0.jpg,26,left_turn_prohibited,62,stop,0.014236987568438053,"[62, 33, 22]","[0.014236987568438053, 0.014201316051185131, 0.014197571203112602]",False
/content/MargDrishti/data/processed/crops/test/hospital_ahead/hospital_ahead-29_png.rf.b8d4b2ff000d784aa9912da95b662fbe__642.0.jpg,22,hospital_ahead,22,hospital_ahead,0.20264257490634918,"[22, 69, 63]","[0.20264257490634918, 0.14072352647781372, 0.09624816477298737]",True
/content/MargDrishti/data/processed/crops/test/men_at_work/men_at_work-68_png.rf.b806a6106c0e762acffaa11ca13d08c3__643.0.jpg,29,men_at_work,16,falling_rocks,0.08449849486351013,"[16, 12, 41]","[0.08449849486351013, 0.04538122937083244, 0.040538985282182693]",False
/content/MargDrishti/data/processed/crops/test/pass_either_side/pass_either_side-63_jpg.rf.b82a07d2d1389ae468fba9cf8b4257b5__644.0.jpg,36,pass_either_side,62,stop,0.014236987568438053,"[62, 33, 22]","[0.014236987568438053, 0.014201316051185131, 0.014197571203112602]",False
/content/MargDrishti/data/processed/crops/test/compulsary_ahead/compulsary_ahead-18_png.rf.b8087e49bd968667a543b7ae8abaf222__645.0.jpg,5,compulsary_ahead,62,stop,0.014236987568438053,"[62, 33, 22]","[0.014236987568438053, 0.014201316051185131, 0.014197571203112602]",False
/content/MargDrishti/data/processed/crops/test/compulsary_keep_left/compulsary_keep_left-6_jpg.rf.b8efdaa1b83f5c46c90ed1800545054d__646.0.jpg,8,compulsary_keep_left,8,compulsary_keep_left,0.03191149979829788,"[8, 53, 36]","[0.03191149979829788, 0.028507312759757042, 0.02688564732670784]",True
/content/MargDrishti/data/processed/crops/test/right_reverse_bend/right_reverse_bend-12_jpeg.rf.b945ea6d5bc437b1d56effb9369e0de0__647.0.jpg,43,right_reverse_bend,70,y_intersection,0.02721056528389454,"[70, 24, 32]","[0.02721056528389454, 0.0224705021828413, 0.022157683968544006]",False
/content/MargDrishti/data/processed/crops/test/compulsary_ahead_or_turn_left/compulsary_ahead_or_turn_left-60_png.rf.b97966004fd8b06f0e482a7f38a19a78__648.0.jpg,6,compulsary_ahead_or_turn_left,62,stop,0.014236987568438053,"[62, 33, 22]","[0.014236987568438053, 0.014201316051185131, 0.014197571203112602]",False
/content/MargDrishti/data/processed/crops/test/compulsary_keep_right/compulsary_keep_right-30_png.rf.b9645e6eb7d30785454569db8c5241aa__649.0.jpg,9,compulsary_keep_right,51,speed_limit_120,0.03948240727186203,"[51, 47, 14]","[0.03948240727186203, 0.03858182951807976, 0.035754021257162094]",False
/content/MargDrishti/data/processed/crops/test/overtaking_prohibited/overtaking_prohibited-5_jpg.rf.b9890982be307cf1abeabb62fa9d9daf__650.0.jpg,35,overtaking_prohibited,47,side_road_left,0.025780823081731796,"[47, 17, 51]","[0.025780823081731796, 0.02419801987707615, 0.022137271240353584]",False
/content/MargDrishti/data/processed/crops/test/left_hand_curve/left_hand_curve-43_png.rf.ba68b15e40c221ad3b0dbca69655dd8b__651.0.jpg,24,left_hand_curve,62,stop,0.014236987568438053,"[62, 33, 22]","[0.014236987568438053, 0.014201316051185131, 0.014197571203112602]",False
/content/MargDrishti/data/processed/crops/test/loose_gravel/loose_gravel-13_jpeg.rf.ba84ba1d722a70b4e980cc55d4b5a77e__652.0.jpg,28,loose_gravel,62,stop,0.014236987568438053,"[62, 33, 22]","[0.014236987568438053, 0.014201316051185131, 0.014197571203112602]",False
/content/MargDrishti/data/processed/crops/test/speed_limit_100/speed_limit_100-59_png.rf.ba25f8f5fb0eca8cec475f6e9a32fd84__653.0.jpg,50,speed_limit_100,62,stop,0.014236987568438053,"[62, 33, 22]","[0.014236987568438053, 0.014201316051185131, 0.014197571203112602]",False
/content/MargDrishti/data/processed/crops/test/no_entry/no_entry-3_jpg.rf.bb42713094f5d132d12538cfecda35a1__654.0.jpg,32,no_entry,62,stop,0.014236987568438053,"[62, 33, 22]","[0.014236987568438053, 0.014201316051185131, 0.014197571203112602]",False
/content/MargDrishti/data/processed/crops/test/pedestrian_crossing/pedestrian_crossing-51_png.rf.bb4bdc52c8fc4dfc37b22f0f3161c386__655.0.jpg,37,pedestrian_crossing,62,stop,0.014236987568438053,"[62, 33, 22]","[0.014236987568438053, 0.014201316051185131, 0.014197571203112602]",False
/content/MargDrishti/data/processed/crops/test/left_hand_curve/left_hand_curve-30_jpg.rf.bb5e4569e1c93531929d6413f7fbbf0c__656.0.jpg,24,left_hand_curve,62,stop,0.014236987568438053,"[62, 33, 22]","[0.014236987568438053, 0.014201316051185131, 0.014197571203112602]",False
/content/MargDrishti/data/processed/crops/test/speed_limit_70/speed_limit_70-61_png.rf.bbb0f707df4d4f5ff699e60fc51fd079__658.0.jpg,57,speed_limit_70,51,speed_limit_120,0.06158909201622009,"[51, 5, 29]","[0.06158909201622009, 0.058637965470552444, 0.05606367066502571]",False
/content/MargDrishti/data/processed/crops/test/speed_limit_120/speed_limit_120-21_png.rf.bdd5a126e6f1827ef45bbda36be09eb8__659.0.jpg,51,speed_limit_120,5,compulsary_ahead,0.04498918354511261,"[5, 51, 29]","[0.04498918354511261, 0.04445529729127884, 0.04282588139176369]",False
/content/MargDrishti/data/processed/crops/test/compulsary_ahead_or_turn_right/compulsary_ahead_or_turn_right-52_png.rf.bc8ff0bb9e361f1a5712a0dc31f0ed8b__660.0.jpg,7,compulsary_ahead_or_turn_right,22,hospital_ahead,0.049901776015758514,"[22, 69, 63]","[0.049901776015758514, 0.042962536215782166, 0.03829943388700485]",False
/content/MargDrishti/data/processed/crops/test/guarded_level_crossing/guarded_level_crossing-38_jpg.rf.bdd61c7723258979c9ed4406d2a1c617__662.0.jpg,19,guarded_level_crossing,62,stop,0.014236987568438053,"[62, 33, 22]","[0.014236987568438053, 0.014201316051185131, 0.014197571203112602]",False
/content/MargDrishti/data/processed/crops/test/speed_limit_20/speed_limit_20-30_png.rf.bea1a543f04a3e49f01952d8efee282a__663.0.jpg,52,speed_limit_20,62,stop,0.014236987568438053,"[62, 33, 22]","[0.014236987568438053, 0.014201316051185131, 0.014197571203112602]",False
/content/MargDrishti/data/processed/crops/test/compulsary_turn_left_ahead/compulsary_turn_left_ahead-56_jpeg.rf.c07e0b66c85b110424c2210339f0a805__664.0.jpg,11,compulsary_turn_left_ahead,62,stop,0.014236987568438053,"[62, 33, 22]","[0.014236987568438053, 0.014201316051185131, 0.014197571203112602]",False
/content/MargDrishti/data/processed/crops/test/give_way/give_way-14_png.rf.bf92cec5af275bd20081afe169c9afb1__665.0.jpg,18,give_way,62,stop,0.014236987568438053,"[62, 33, 22]","[0.014236987568438053, 0.014201316051185131, 0.014197571203112602]",False
/content/MargDrishti/data/processed/crops/test/cross_road/cross_road-28_jpg.rf.bdddb80dfc72f442d90dd6225f043acb__666.0.jpg,13,cross_road,19,guarded_level_crossing,0.01972096785902977,"[19, 41, 55]","[0.01972096785902977, 0.019707752391695976, 0.018641985952854156]",False
/content/MargDrishti/data/processed/crops/test/men_at_work/men_at_work-35_png.rf.bee75701f6072ffd6715f49bddec9f8b__667.0.jpg,29,men_at_work,37,pedestrian_crossing,0.024650681763887405,"[37, 61, 7]","[0.024650681763887405, 0.02456711418926716, 0.02396596595644951]",False
/content/MargDrishti/data/processed/crops/test/speed_limit_70/speed_limit_70-23_jpg.rf.c05029bf41835f1a01043ad2d1367edd__668.0.jpg,57,speed_limit_70,62,stop,0.014236987568438053,"[62, 33, 22]","[0.014236987568438053, 0.014201316051185131, 0.014197571203112602]",False
/content/MargDrishti/data/processed/crops/test/truck_prohibited/truck_prohibited-7_png.rf.be64fafcb30ed76b8b4499765494ea1a__669.0.jpg,65,truck_prohibited,62,stop,0.014236987568438053,"[62, 33, 22]","[0.014236987568438053, 0.014201316051185131, 0.014197571203112602]",False
/content/MargDrishti/data/processed/crops/test/quay_side_or_river_bank/quay_side_or_river_bank-64_png.rf.c200a4d9f6ef1f019bad2e076c28e4ee__670.0.jpg,40,quay_side_or_river_bank,62,stop,0.014236987568438053,"[62, 33, 22]","[0.014236987568438053, 0.014201316051185131, 0.014197571203112602]",False
/content/MargDrishti/data/processed/crops/test/cross_road/cross_road-39_jpg.rf.c11331f3cbe787bd2798e53d5e102428__671.0.jpg,13,cross_road,55,speed_limit_50,0.01882011629641056,"[55, 4, 19]","[0.01882011629641056, 0.01849883608520031, 0.01841488480567932]",False
/content/MargDrishti/data/processed/crops/test/gap_in_median/gap_in_median-41_jpg.rf.c10f7c2f5584fe32f62e4829beffc402__672.0.jpg,17,gap_in_median,62,stop,0.014236987568438053,"[62, 33, 22]","[0.014236987568438053, 0.014201316051185131, 0.014197571203112602]",False
/content/MargDrishti/data/processed/crops/test/falling_rocks/falling_rocks-46_jpeg.rf.c150bd8fb106e00fbc3c3b79f90b7321__673.0.jpg,16,falling_rocks,62,stop,0.014236987568438053,"[62, 33, 22]","[0.014236987568438053, 0.014201316051185131, 0.014197571203112602]",False
/content/MargDrishti/data/processed/crops/test/unguarded_level_crossing/unguarded_level_crossing-30_jpeg.rf.c20e6319707f0c67b9b0a748a3cb38d7__674.0.jpg,68,unguarded_level_crossing,62,stop,0.014236987568438053,"[62, 33, 22]","[0.014236987568438053, 0.014201316051185131, 0.014197571203112602]",False
/content/MargDrishti/data/processed/crops/test/overtaking_prohibited/overtaking_prohibited-6_jpeg.rf.c30ee5680e03695a2b60a61a675f8a5d__675.0.jpg,35,overtaking_prohibited,62,stop,0.014236987568438053,"[62, 33, 22]","[0.014236987568438053, 0.014201316051185131, 0.014197571203112602]",False
/content/MargDrishti/data/processed/crops/test/compulsary_ahead/compulsary_ahead-35_png.rf.c284478ddf14b9ad4c6f28b1f48c3662__676.0.jpg,5,compulsary_ahead,62,stop,0.014236987568438053,"[62, 33, 22]","[0.014236987568438053, 0.014201316051185131, 0.014197571203112602]",False
/content/MargDrishti/data/processed/crops/test/quay_side_or_river_bank/quay_side_or_river_bank-26_jpg.rf.c291299df7ec7fa5b9bec66a77ef4fe7__677.0.jpg,40,quay_side_or_river_bank,62,stop,0.014236987568438053,"[62, 33, 22]","[0.014236987568438053, 0.014201316051185131, 0.014197571203112602]",False
/content/MargDrishti/data/processed/crops/test/horn_prohibited/horn_prohibited-5_jpg.rf.c3359f90a6d8920e2dd3667bc0761963__678.0.jpg,21,horn_prohibited,62,stop,0.014236987568438053,"[62, 33, 22]","[0.014236987568438053, 0.014201316051185131, 0.014197571203112602]",False
/content/MargDrishti/data/processed/crops/test/slippery_road/slippery_road-32_jpg.rf.c4e98f6abfff7d5909a847f03c542deb__679.0.jpg,49,slippery_road,62,stop,0.014236987568438053,"[62, 33, 22]","[0.014236987568438053, 0.014201316051185131, 0.014197571203112602]",False
/content/MargDrishti/data/processed/crops/test/gap_in_median/gap_in_median-12_jpg.rf.c63f9be97b3c51dd2027eafe578b47e5__680.0.jpg,17,gap_in_median,70,y_intersection,0.025788670405745506,"[70, 24, 32]","[0.025788670405745506, 0.02308056317269802, 0.02262839302420616]",False
/content/MargDrishti/data/processed/crops/test/narrow_bridge_ahead/narrow_bridge_ahead-9_jpeg.rf.c339e6fb5d8d03a18f3f5e68bce0faba__681.0.jpg,30,narrow_bridge_ahead,62,stop,0.014236987568438053,"[62, 33, 22]","[0.014236987568438053, 0.014201316051185131, 0.014197571203112602]",False
/content/MargDrishti/data/processed/crops/test/cross_road/cross_road-46_jpg.rf.c64550f85dcbfc1be81e1508de37ab6e__682.0.jpg,13,cross_road,62,stop,0.014236987568438053,"[62, 33, 22]","[0.014236987568438053, 0.014201316051185131, 0.014197571203112602]",False
/content/MargDrishti/data/processed/crops/test/speed_limit_60/speed_limit_60-9_jpg.rf.c67954db3fde6fcf092d08789e8c8529__683.0.jpg,56,speed_limit_60,62,stop,0.014236987568438053,"[62, 33, 22]","[0.014236987568438053, 0.014201316051185131, 0.014197571203112602]",False
/content/MargDrishti/data/processed/crops/test/give_way/give_way-62_jpg.rf.c64c348e13384dbabf483ef4fca4c7aa__684.0.jpg,18,give_way,62,stop,0.014236987568438053,"[62, 33, 22]","[0.014236987568438053, 0.014201316051185131, 0.014197571203112602]",False
/content/MargDrishti/data/processed/crops/test/no_parking/no_parking-72_jpg.rf.c838219a7fe0786a029dad6d15195a2f__685.0.jpg,33,no_parking,62,stop,0.014236987568438053,"[62, 33, 22]","[0.014236987568438053, 0.014201316051185131, 0.014197571203112602]",False
/content/MargDrishti/data/processed/crops/test/no_parking/no_parking-16_jpg.rf.c893a163d9093b73c0749604704fd409__686.0.jpg,33,no_parking,62,stop,0.014236987568438053,"[62, 33, 22]","[0.014236987568438053, 0.014201316051185131, 0.014197571203112602]",False
/content/MargDrishti/data/processed/crops/test/height_limit/height_limit-34_jpg.rf.c8b6aa3805c981c1e8c91b0c0624444b__687.0.jpg,20,height_limit,43,right_reverse_bend,0.02154262736439705,"[43, 12, 2]","[0.02154262736439705, 0.0207856222987175, 0.020189961418509483]",False
/content/MargDrishti/data/processed/crops/test/quay_side_or_river_bank/quay_side_or_river_bank-7_jpg.rf.c8fdfec7d5209da0cd4a606af6ffddec__688.0.jpg,40,quay_side_or_river_bank,62,stop,0.014236987568438053,"[62, 33, 22]","[0.014236987568438053, 0.014201316051185131, 0.014197571203112602]",False
/content/MargDrishti/data/processed/crops/test/u_turn_prohibited/u_turn_prohibited-15_jpg.rf.c8ec8e96845097824c67632de561dec4__689.0.jpg,67,u_turn_prohibited,62,stop,0.014236987568438053,"[62, 33, 22]","[0.014236987568438053, 0.014201316051185131, 0.014197571203112602]",False
/content/MargDrishti/data/processed/crops/test/cross_road/cross_road-0_jpg.rf.c91cedf921fdb90dea79f672454921bb__690.0.jpg,13,cross_road,62,stop,0.014236987568438053,"[62, 33, 22]","[0.014236987568438053, 0.014201316051185131, 0.014197571203112602]",False
/content/MargDrishti/data/processed/crops/test/u_turn/u_turn-1_jpg.rf.c92aa034d2c6f477afe601ec1a78f420__691.0.jpg,66,u_turn,63,t_intersection,0.022949563339352608,"[63, 11, 41]","[0.022949563339352608, 0.02134023793041706, 0.02119501493871212]",False
/content/MargDrishti/data/processed/crops/test/steep_ascent/steep_ascent-38_jpg.rf.c9425e4abed74f1127ee2ef3978ff3fe__692.0.jpg,60,steep_ascent,62,stop,0.014236987568438053,"[62, 33, 22]","[0.014236987568438053, 0.014201316051185131, 0.014197571203112602]",False
/content/MargDrishti/data/processed/crops/test/side_road_left/side_road_left-59_jpg.rf.c9542727373fa148d3c89917b2bd2e2f__693.0.jpg,47,side_road_left,62,stop,0.014236987568438053,"[62, 33, 22]","[0.014236987568438053, 0.014201316051185131, 0.014197571203112602]",False
/content/MargDrishti/data/processed/crops/test/men_at_work/men_at_work-48_png.rf.c926e4d8d5d1b8c89ef64d5a6fb69c6e__694.0.jpg,29,men_at_work,47,side_road_left,0.021051589399576187,"[47, 17, 51]","[0.021051589399576187, 0.020221443846821785, 0.019093435257673264]",False
/content/MargDrishti/data/processed/crops/test/bullock_cart_and_hand_cart_prohibited/bullock_cart_and_hand_cart_prohibited-53_jpeg.rf.ca05cd99c262506f4a8a9f7889b1a7dd__695.0.jpg,2,bullock_cart_and_hand_cart_prohibited,62,stop,0.014236987568438053,"[62, 33, 22]","[0.014236987568438053, 0.014201316051185131, 0.014197571203112602]",False
/content/MargDrishti/data/processed/crops/test/all_motor_vehicle_prohibited/all_motor_vehicle_prohibited-29_jpg.rf.cad37173283c91ad290ed29b4ed6d72c__696.0.jpg,0,all_motor_vehicle_prohibited,62,stop,0.014236987568438053,"[62, 33, 22]","[0.014236987568438053, 0.014201316051185131, 0.014197571203112602]",False
/content/MargDrishti/data/processed/crops/test/narrow_road_ahead/narrow_road_ahead-15_jpg.rf.cb83549f858a34a56de28903a1417c95__697.0.jpg,31,narrow_road_ahead,62,stop,0.014236987568438053,"[62, 33, 22]","[0.014236987568438053, 0.014201316051185131, 0.014197571203112602]",False
/content/MargDrishti/data/processed/crops/test/give_way/give_way-33_png.rf.cb52a2e808aa43451d8222e711d41c37__698.0.jpg,18,give_way,16,falling_rocks,0.022093674167990685,"[16, 57, 68]","[0.022093674167990685, 0.021289680153131485, 0.021192271262407303]",False
/content/MargDrishti/data/processed/crops/test/compulsary_keep_left/compulsary_keep_left-14_jpg.rf.cc2f22d11ae1a0c11239bf8fc4eaa27e__699.0.jpg,8,compulsary_keep_left,8,compulsary_keep_left,0.22530487179756165,"[8, 53, 36]","[0.22530487179756165, 0.13499467074871063, 0.10190221667289734]",True
/content/MargDrishti/data/processed/crops/test/left_hand_curve/left_hand_curve-58_jpg.rf.cc242c753eae0aafd359154089d8f979__700.0.jpg,24,left_hand_curve,70,y_intersection,0.014557520858943462,"[70, 32, 24]","[0.014557520858943462, 0.014550278894603252, 0.014500219374895096]",False
/content/MargDrishti/data/processed/crops/test/side_road_right/side_road_right-7_png.rf.cbc29d9abeec76bcae17ad382c1d7c4b__702.0.jpg,48,side_road_right,62,stop,0.014236987568438053,"[62, 33, 22]","[0.014236987568438053, 0.014201316051185131, 0.014197571203112602]",False
/content/MargDrishti/data/processed/crops/test/y_intersection/y_intersection-27_jpg.rf.cc41d93aac1e858ad8e0d2b6642925c0__703.0.jpg,70,y_intersection,70,y_intersection,0.03627004846930504,"[70, 24, 32]","[0.03627004846930504, 0.029839854687452316, 0.029425716027617455]",True
/content/MargDrishti/data/processed/crops/test/right_hand_curve/right_hand_curve-59_png.rf.ce16871e6c2e601a7d21d620b9b90df7__704.0.jpg,42,right_hand_curve,62,stop,0.014236987568438053,"[62, 33, 22]","[0.014236987568438053, 0.014201316051185131, 0.014197571203112602]",False
/content/MargDrishti/data/processed/crops/test/compulsary_ahead/compulsary_ahead-1_png.rf.cdd7e32eed4da10364bc7a31e4678c95__705.0.jpg,5,compulsary_ahead,62,stop,0.014236987568438053,"[62, 33, 22]","[0.014236987568438053, 0.014201316051185131, 0.014197571203112602]",False
/content/MargDrishti/data/processed/crops/test/speed_limit_60/speed_limit_60-39_png.rf.ce0838da260f1db02caa33098f48222a__706.0.jpg,56,speed_limit_60,62,stop,0.014236987568438053,"[62, 33, 22]","[0.014236987568438053, 0.014201316051185131, 0.014197571203112602]",False
/content/MargDrishti/data/processed/crops/test/bullock_cart_and_hand_cart_prohibited/bullock_cart_and_hand_cart_prohibited-30_jpg.rf.cf9122c59b47bc4afa3314a60560b706__707.0.jpg,2,bullock_cart_and_hand_cart_prohibited,62,stop,0.014236987568438053,"[62, 33, 22]","[0.014236987568438053, 0.014201316051185131, 0.014197571203112602]",False
/content/MargDrishti/data/processed/crops/test/hump_or_rough_road/hump_or_rough_road-20_jpg.rf.cfc9cd0376a9a833ae454774e2de6431__708.0.jpg,23,hump_or_rough_road,62,stop,0.014236987568438053,"[62, 33, 22]","[0.014236987568438053, 0.014201316051185131, 0.014197571203112602]",False
/content/MargDrishti/data/processed/crops/test/narrow_bridge_ahead/narrow_bridge_ahead-68_jpg.rf.cf2306a083706fc86929073e15990075__709.0.jpg,30,narrow_bridge_ahead,62,stop,0.014236987568438053,"[62, 33, 22]","[0.014236987568438053, 0.014201316051185131, 0.014197571203112602]",False
/content/MargDrishti/data/processed/crops/test/length_limit/length_limit-11_jpeg.rf.cf77d9a1a073590721178ce3054c3b52__710.0.jpg,27,length_limit,62,stop,0.014236987568438053,"[62, 33, 22]","[0.014236987568438053, 0.014201316051185131, 0.014197571203112602]",False
/content/MargDrishti/data/processed/crops/test/slippery_road/slippery_road-61_jpg.rf.d0358734c41cedc609c712ae7854bfb0__711.0.jpg,49,slippery_road,62,stop,0.014236987568438053,"[62, 33, 22]","[0.014236987568438053, 0.014201316051185131, 0.014197571203112602]",False
/content/MargDrishti/data/processed/crops/test/give_way/give_way-63_jpg.rf.d012467f78fa30626c6e02937ea4c13b__712.0.jpg,18,give_way,40,quay_side_or_river_bank,0.03886248543858528,"[40, 34, 35]","[0.03886248543858528, 0.03788480535149574, 0.03565347567200661]",False
/content/MargDrishti/data/processed/crops/test/truck_prohibited/truck_prohibited-23_jpeg.rf.d251e64d4f5268476b52d7372ca11f1a__713.0.jpg,65,truck_prohibited,43,right_reverse_bend,0.014556042850017548,"[43, 12, 21]","[0.014556042850017548, 0.014514314942061901, 0.014507753774523735]",False
/content/MargDrishti/data/processed/crops/test/u_turn_prohibited/u_turn_prohibited-43_jpg.rf.d0bf6c27603449208984c393fbb38240__714.0.jpg,67,u_turn_prohibited,62,stop,0.014236987568438053,"[62, 33, 22]","[0.014236987568438053, 0.014201316051185131, 0.014197571203112602]",False
/content/MargDrishti/data/processed/crops/test/compulsary_turn_right_ahead/compulsary_turn_right_ahead-49_png.rf.d1ee3507ac7d45e1b1dbcbae36ef48ae__715.0.jpg,12,compulsary_turn_right_ahead,62,stop,0.014236987568438053,"[62, 33, 22]","[0.014236987568438053, 0.014201316051185131, 0.014197571203112602]",False
/content/MargDrishti/data/processed/crops/test/speed_limit_20/speed_limit_20-32_png.rf.d0640834dd72c10d944e5cda784a881b__716.0.jpg,52,speed_limit_20,62,stop,0.014236987568438053,"[62, 33, 22]","[0.014236987568438053, 0.014201316051185131, 0.014197571203112602]",False
/content/MargDrishti/data/processed/crops/test/left_turn_prohibited/left_turn_prohibited-6_jpg.rf.d1f27411200b5e075c20a5bce593fef3__717.0.jpg,26,left_turn_prohibited,62,stop,0.014236987568438053,"[62, 33, 22]","[0.014236987568438053, 0.014201316051185131, 0.014197571203112602]",False
/content/MargDrishti/data/processed/crops/test/right_turn_prohibited/right_turn_prohibited-29_jpg.rf.d2781a65320c924778508d8e00a32a16__718.0.jpg,44,right_turn_prohibited,62,stop,0.014236987568438053,"[62, 33, 22]","[0.014236987568438053, 0.014201316051185131, 0.014197571203112602]",False
/content/MargDrishti/data/processed/crops/test/roundabout/roundabout-40_jpg.rf.d3d058b449b52166d388962471ccd529__719.0.jpg,45,roundabout,62,stop,0.014236987568438053,"[62, 33, 22]","[0.014236987568438053, 0.014201316051185131, 0.014197571203112602]",False
/content/MargDrishti/data/processed/crops/test/speed_limit_40/speed_limit_40-2_jpg.rf.d2acc2a781ef5e3f04f6db3f4ac055c5__721.0.jpg,54,speed_limit_40,47,side_road_left,0.026640374213457108,"[47, 17, 51]","[0.026640374213457108, 0.024907471612095833, 0.022665176540613174]",False
/content/MargDrishti/data/processed/crops/test/narrow_bridge_ahead/narrow_bridge_ahead-71_jpg.rf.d3837e82c1aed4ce833bb176d70865fc__722.0.jpg,30,narrow_bridge_ahead,62,stop,0.014236987568438053,"[62, 33, 22]","[0.014236987568438053, 0.014201316051185131, 0.014197571203112602]",False
/content/MargDrishti/data/processed/crops/test/guarded_level_crossing/guarded_level_crossing-22_jpg.rf.d405dfa987dc4413bbe03efab87ff8b1__723.0.jpg,19,guarded_level_crossing,62,stop,0.014236987568438053,"[62, 33, 22]","[0.014236987568438053, 0.014201316051185131, 0.014197571203112602]",False
/content/MargDrishti/data/processed/crops/test/stop/stop-42_png.rf.d4daeda3a35d115a4b3eac17f197d1a5__725.0.jpg,62,stop,16,falling_rocks,0.01822640933096409,"[16, 12, 41]","[0.01822640933096409, 0.016884278506040573, 0.01668323203921318]",False
/content/MargDrishti/data/processed/crops/test/cycle_crossing/cycle_crossing-62_jpg.rf.d5456467b5125f00beaacbe5ed9a3aef__726.0.jpg,14,cycle_crossing,62,stop,0.014236987568438053,"[62, 33, 22]","[0.014236987568438053, 0.014201316051185131, 0.014197571203112602]",False
/content/MargDrishti/data/processed/crops/test/horn_prohibited/horn_prohibited-23_jpg.rf.d6c47a5dbd014608a2ec3168396d3dd3__727.0.jpg,21,horn_prohibited,62,stop,0.014236987568438053,"[62, 33, 22]","[0.014236987568438053, 0.014201316051185131, 0.014197571203112602]",False
/content/MargDrishti/data/processed/crops/test/speed_limit_120/speed_limit_120-16_jpeg.rf.d49ed20ce181c871c9281e1f11de3db0__728.0.jpg,51,speed_limit_120,62,stop,0.014236987568438053,"[62, 33, 22]","[0.014236987568438053, 0.014201316051185131, 0.014197571203112602]",False
/content/MargDrishti/data/processed/crops/test/traffic_signal/traffic_signal-42_png.rf.d7290e674172e8dca8854fe3fe067d12__729.0.jpg,64,traffic_signal,70,y_intersection,0.017473503947257996,"[70, 33, 38]","[0.017473503947257996, 0.017114287242293358, 0.016967833042144775]",False
/content/MargDrishti/data/processed/crops/test/slippery_road/slippery_road-54_jpg.rf.d60e31de6edecc4ef6ddc7bb9483ec4b__730.0.jpg,49,slippery_road,36,pass_either_side,0.015488581731915474,"[36, 66, 35]","[0.015488581731915474, 0.01541952509433031, 0.015336201526224613]",False
/content/MargDrishti/data/processed/crops/test/restriction_ends/restriction_ends-10_jpeg.rf.d74dc5ce7b37ff92591fc4bcf02be521__731.0.jpg,41,restriction_ends,16,falling_rocks,0.032168179750442505,"[16, 59, 41]","[0.032168179750442505, 0.030734332278370857, 0.028238335624337196]",False
/content/MargDrishti/data/processed/crops/test/axle_load_limit/axle_load_limit-32_jpg.rf.d79fc2425638c2660dcd4aa43bfa158e__732.0.jpg,1,axle_load_limit,67,u_turn_prohibited,0.019589222967624664,"[67, 0, 11]","[0.019589222967624664, 0.019323814660310745, 0.019264649599790573]",False
/content/MargDrishti/data/processed/crops/test/speed_limit_30/speed_limit_30-56_png.rf.d7c4e6baf403ec4c79123ec3e74dcaa9__733.0.jpg,53,speed_limit_30,62,stop,0.014236987568438053,"[62, 33, 22]","[0.014236987568438053, 0.014201316051185131, 0.014197571203112602]",False
/content/MargDrishti/data/processed/crops/test/no_parking/no_parking-73_jpg.rf.d82cd22313b6dfefe20a0a5d6912cb98__734.0.jpg,33,no_parking,28,loose_gravel,0.016657395288348198,"[28, 66, 13]","[0.016657395288348198, 0.016250958666205406, 0.01583957113325596]",False
/content/MargDrishti/data/processed/crops/test/width_limit/width_limit-46_jpg.rf.d90bb134100e715c7de2809b6356eb83__736.0.jpg,69,width_limit,62,stop,0.014236987568438053,"[62, 33, 22]","[0.014236987568438053, 0.014201316051185131, 0.014197571203112602]",False
/content/MargDrishti/data/processed/crops/test/compulsary_turn_right_ahead/compulsary_turn_right_ahead-11_png.rf.d85063c6be8c9a1b1f0fa4da4073b323__737.0.jpg,12,compulsary_turn_right_ahead,43,right_reverse_bend,0.01631791703402996,"[43, 12, 2]","[0.01631791703402996, 0.016122493892908096, 0.015951985493302345]",False
/content/MargDrishti/data/processed/crops/test/dangerous_dip/dangerous_dip-2_jpg.rf.d971724ccb89ded4d74455db199a43f3__738.0.jpg,15,dangerous_dip,62,stop,0.014236987568438053,"[62, 33, 22]","[0.014236987568438053, 0.014201316051185131, 0.014197571203112602]",False
/content/MargDrishti/data/processed/crops/test/height_limit/height_limit-56_jpg.rf.d97fe223d30c835036a0af998f1945ce__739.0.jpg,20,height_limit,62,stop,0.014236987568438053,"[62, 33, 22]","[0.014236987568438053, 0.014201316051185131, 0.014197571203112602]",False
/content/MargDrishti/data/processed/crops/test/right_hand_curve/right_hand_curve-68_png.rf.d9ed9951c6900e1d6cb835c1a9cdf870__740.0.jpg,42,right_hand_curve,47,side_road_left,0.02305316925048828,"[47, 17, 14]","[0.02305316925048828, 0.02200041338801384, 0.02081059291958809]",False
/content/MargDrishti/data/processed/crops/test/steep_ascent/steep_ascent-31_jpg.rf.da49f657d0d504b6625f6433c982feca__741.0.jpg,60,steep_ascent,62,stop,0.014236987568438053,"[62, 33, 22]","[0.014236987568438053, 0.014201316051185131, 0.014197571203112602]",False
/content/MargDrishti/data/processed/crops/test/restriction_ends/restriction_ends-40_png.rf.da1a94c7f6bbec0c3f630de8dceef61e__742.0.jpg,41,restriction_ends,62,stop,0.014236987568438053,"[62, 33, 22]","[0.014236987568438053, 0.014201316051185131, 0.014197571203112602]",False
/content/MargDrishti/data/processed/crops/test/slippery_road/slippery_road-18_png.rf.dac04abbf945553c446eba93658ad072__743.0.jpg,49,slippery_road,62,stop,0.014236987568438053,"[62, 33, 22]","[0.014236987568438053, 0.014201316051185131, 0.014197571203112602]",False
/content/MargDrishti/data/processed/crops/test/left_turn_prohibited/left_turn_prohibited-7_jpg.rf.daa90c3843c4d59068c5a69d8ce034e1__744.0.jpg,26,left_turn_prohibited,62,stop,0.014236987568438053,"[62, 33, 22]","[0.014236987568438053, 0.014201316051185131, 0.014197571203112602]",False
/content/MargDrishti/data/processed/crops/test/compulsary_keep_right/compulsary_keep_right-16_png.rf.dad0307165d7219dcfadeae31c499c7a__745.0.jpg,9,compulsary_keep_right,16,falling_rocks,0.0364171601831913,"[16, 12, 41]","[0.0364171601831913, 0.027607901021838188, 0.024703454226255417]",False
/content/MargDrishti/data/processed/crops/test/gap_in_median/gap_in_median-33_jpg.rf.daa4e0c44bec1fc88f2d18ac88d4a9c0__746.0.jpg,17,gap_in_median,62,stop,0.014236987568438053,"[62, 33, 22]","[0.014236987568438053, 0.014201316051185131, 0.014197571203112602]",False
/content/MargDrishti/data/processed/crops/test/compulsary_ahead/compulsary_ahead-37_png.rf.dc3dc620e62efb9983e3d751ec083e2a__748.0.jpg,5,compulsary_ahead,29,men_at_work,0.02608441933989525,"[29, 51, 5]","[0.02608441933989525, 0.026016423478722572, 0.024135394021868706]",False
/content/MargDrishti/data/processed/crops/test/side_road_left/side_road_left-1_jpg.rf.dc2b678ea35c813ed0d180ac318ad7df__749.0.jpg,47,side_road_left,62,stop,0.014236987568438053,"[62, 33, 22]","[0.014236987568438053, 0.014201316051185131, 0.014197571203112602]",False
/content/MargDrishti/data/processed/crops/test/side_road_left/side_road_left-17_jpg.rf.dc096813d82b6c972d3aa166873d2f40__750.0.jpg,47,side_road_left,16,falling_rocks,0.04781869798898697,"[16, 12, 41]","[0.04781869798898697, 0.032058920711278915, 0.029837751761078835]",False
/content/MargDrishti/data/processed/crops/test/school_ahead/school_ahead-10_jpg.rf.dcbbed72bd516b2fd187134ec9884ebe__751.0.jpg,46,school_ahead,62,stop,0.014236987568438053,"[62, 33, 22]","[0.014236987568438053, 0.014201316051185131, 0.014197571203112602]",False
/content/MargDrishti/data/processed/crops/test/compulsary_turn_left_ahead/compulsary_turn_left_ahead-14_png.rf.dc87670ceb81d721bf24e98715ba4507__752.0.jpg,11,compulsary_turn_left_ahead,62,stop,0.014236987568438053,"[62, 33, 22]","[0.014236987568438053, 0.014201316051185131, 0.014197571203112602]",False
/content/MargDrishti/data/processed/crops/test/narrow_bridge_ahead/narrow_bridge_ahead-5_png.rf.dd4500ee84e24e320b8ce88e52d4473f__754.0.jpg,30,narrow_bridge_ahead,62,stop,0.014236987568438053,"[62, 33, 22]","[0.014236987568438053, 0.014201316051185131, 0.014197571203112602]",False
/content/MargDrishti/data/processed/crops/test/left_hand_curve/left_hand_curve-13_jpg.rf.dce47fef56f5585aaecb0befdec4cf28__755.0.jpg,24,left_hand_curve,62,stop,0.014236987568438053,"[62, 33, 22]","[0.014236987568438053, 0.014201316051185131, 0.014197571203112602]",False
/content/MargDrishti/data/processed/crops/test/cycle_crossing/cycle_crossing-42_png.rf.ddff532bfea93d002afbcb9a7fe95003__756.0.jpg,14,cycle_crossing,62,stop,0.014236987568438053,"[62, 33, 22]","[0.014236987568438053, 0.014201316051185131, 0.014197571203112602]",False
/content/MargDrishti/data/processed/crops/test/height_limit/height_limit-45_png.rf.debc1bf7df4990e58fb029306098c84d__757.0.jpg,20,height_limit,62,stop,0.014236987568438053,"[62, 33, 22]","[0.014236987568438053, 0.014201316051185131, 0.014197571203112602]",False
/content/MargDrishti/data/processed/crops/test/all_motor_vehicle_prohibited/all_motor_vehicle_prohibited-18_jpg.rf.dff796b9816419b6d17f1ea768720e04__758.0.jpg,0,all_motor_vehicle_prohibited,67,u_turn_prohibited,0.028991345316171646,"[67, 0, 11]","[0.028991345316171646, 0.02834332548081875, 0.027921756729483604]",False
/content/MargDrishti/data/processed/crops/test/petrol_pump_ahead/petrol_pump_ahead-36_jpeg.rf.df4d181c03a06636f172cefbee9bad2e__759.0.jpg,39,petrol_pump_ahead,63,t_intersection,0.05432240292429924,"[63, 43, 34]","[0.05432240292429924, 0.04254648834466934, 0.0403134860098362]",False
/content/MargDrishti/data/processed/crops/test/all_motor_vehicle_prohibited/all_motor_vehicle_prohibited-32_jpg.rf.df66d8638b772fa0eacafef69ad91354__760.0.jpg,0,all_motor_vehicle_prohibited,62,stop,0.014236987568438053,"[62, 33, 22]","[0.014236987568438053, 0.014201316051185131, 0.014197571203112602]",False
/content/MargDrishti/data/processed/crops/test/guarded_level_crossing/guarded_level_crossing-48_jpg.rf.e05baf4aef34be649d32d8e2f8011a04__761.0.jpg,19,guarded_level_crossing,47,side_road_left,0.01469659898430109,"[47, 17, 14]","[0.01469659898430109, 0.014654996804893017, 0.014592582359910011]",False
/content/MargDrishti/data/processed/crops/test/speed_limit_50/speed_limit_50-45_png.rf.e016f151c16270328d2fe81d44d8d7cc__762.0.jpg,55,speed_limit_50,62,stop,0.014236987568438053,"[62, 33, 22]","[0.014236987568438053, 0.014201316051185131, 0.014197571203112602]",False
/content/MargDrishti/data/processed/crops/test/overtaking_prohibited/overtaking_prohibited-29_jpeg.rf.e0aa62d54dc1dc58187131d6474b00ff__763.0.jpg,35,overtaking_prohibited,43,right_reverse_bend,0.018086090683937073,"[43, 12, 2]","[0.018086090683937073, 0.017717543989419937, 0.017414171248674393]",False
/content/MargDrishti/data/processed/crops/test/traffic_signal/traffic_signal-14_jpg.rf.e09f1e4a8fe2ad0e84050ae4b9671d9c__764.0.jpg,64,traffic_signal,62,stop,0.014236987568438053,"[62, 33, 22]","[0.014236987568438053, 0.014201316051185131, 0.014197571203112602]",False
/content/MargDrishti/data/processed/crops/test/compulsary_turn_left_ahead/compulsary_turn_left_ahead-19_jpg.rf.e08e0b2981e3e9951fdc84da7eb5dec8__765.0.jpg,11,compulsary_turn_left_ahead,22,hospital_ahead,0.06563090533018112,"[22, 69, 63]","[0.06563090533018112, 0.05459855869412422, 0.04721256345510483]",False
/content/MargDrishti/data/processed/crops/test/horn_prohibited/horn_prohibited-58_jpg.rf.e0fe8157d294b2b53345d1afaf7ed7ea__766.0.jpg,21,horn_prohibited,62,stop,0.014236987568438053,"[62, 33, 22]","[0.014236987568438053, 0.014201316051185131, 0.014197571203112602]",False
/content/MargDrishti/data/processed/crops/test/narrow_road_ahead/narrow_road_ahead-65_png.rf.e23898c8cd64042932746fd1980b6363__767.0.jpg,31,narrow_road_ahead,51,speed_limit_120,0.03833413124084473,"[51, 29, 5]","[0.03833413124084473, 0.03622172772884369, 0.03586910292506218]",False
/content/MargDrishti/data/processed/crops/test/width_limit/width_limit-23_jpeg.rf.e2050e6c99020f198d94f970f50b927a__768.0.jpg,69,width_limit,62,stop,0.014236987568438053,"[62, 33, 22]","[0.014236987568438053, 0.014201316051185131, 0.014197571203112602]",False
/content/MargDrishti/data/processed/crops/test/gap_in_median/gap_in_median-3_jpg.rf.e1cd7dc720128a37c4969fd1c7984bfd__769.0.jpg,17,gap_in_median,62,stop,0.014236987568438053,"[62, 33, 22]","[0.014236987568438053, 0.014201316051185131, 0.014197571203112602]",False
/content/MargDrishti/data/processed/crops/test/cross_road/cross_road-5_jpg.rf.e167eaa536798ae5461efc72bb0bafa6__770.0.jpg,13,cross_road,62,stop,0.014236987568438053,"[62, 33, 22]","[0.014236987568438053, 0.014201316051185131, 0.014197571203112602]",False
/content/MargDrishti/data/processed/crops/test/unguarded_level_crossing/unguarded_level_crossing-17_jpeg.rf.e322f135b582efcb10e2e524268a44a8__771.0.jpg,68,unguarded_level_crossing,62,stop,0.014236987568438053,"[62, 33, 22]","[0.014236987568438053, 0.014201316051185131, 0.014197571203112602]",False
/content/MargDrishti/data/processed/crops/test/side_road_right/side_road_right-24_jpg.rf.e300ff9c2dfb99ba9f7e2726b1d9b190__772.0.jpg,48,side_road_right,70,y_intersection,0.02252243645489216,"[70, 33, 54]","[0.02252243645489216, 0.021252965554594994, 0.020992035046219826]",False
/content/MargDrishti/data/processed/crops/test/speed_limit_80/speed_limit_80-13_png.rf.e36a1b7f8c739ba835876917e3ee951f__773.0.jpg,58,speed_limit_80,62,stop,0.014236987568438053,"[62, 33, 22]","[0.014236987568438053, 0.014201316051185131, 0.014197571203112602]",False
/content/MargDrishti/data/processed/crops/test/quay_side_or_river_bank/quay_side_or_river_bank-25_jpg.rf.e4b5f82afaee58eae401ef9c2909bd76__774.0.jpg,40,quay_side_or_river_bank,19,guarded_level_crossing,0.052455998957157135,"[19, 41, 55]","[0.052455998957157135, 0.05189026892185211, 0.03992148116230965]",False
/content/MargDrishti/data/processed/crops/test/speed_limit_50/speed_limit_50-11_jpg.rf.e520f49a631a8ac51081d1d875dbe517__775.0.jpg,55,speed_limit_50,35,overtaking_prohibited,0.08983886241912842,"[35, 55, 57]","[0.08983886241912842, 0.08580708503723145, 0.0680290013551712]",False
/content/MargDrishti/data/processed/crops/test/stop/stop-65_png.rf.e28b138cdb0031310334b9b6e51998fe__776.0.jpg,62,stop,62,stop,0.014236987568438053,"[62, 33, 22]","[0.014236987568438053, 0.014201316051185131, 0.014197571203112602]",True
/content/MargDrishti/data/processed/crops/test/width_limit/width_limit-44_jpg.rf.e569518e6f8fe0656d7b8d9875256dfd__777.0.jpg,69,width_limit,62,stop,0.014236987568438053,"[62, 33, 22]","[0.014236987568438053, 0.014201316051185131, 0.014197571203112602]",False
/content/MargDrishti/data/processed/crops/test/compulsary_turn_left_ahead/compulsary_turn_left_ahead-16_png.rf.e3a6a14603133c4d22a3eb30764a98c5__778.0.jpg,11,compulsary_turn_left_ahead,62,stop,0.014236987568438053,"[62, 33, 22]","[0.014236987568438053, 0.014201316051185131, 0.014197571203112602]",False
/content/MargDrishti/data/processed/crops/test/loose_gravel/loose_gravel-6_jpeg.rf.e5c6d3d0bb1f12cb14dcf68f183f7775__779.0.jpg,28,loose_gravel,67,u_turn_prohibited,0.017717059701681137,"[67, 0, 11]","[0.017717059701681137, 0.017514189705252647, 0.017509961500763893]",False
/content/MargDrishti/data/processed/crops/test/compulsary_ahead_or_turn_left/compulsary_ahead_or_turn_left-23_png.rf.e5b98b4488355f7312c3bc89bbfc4556__780.0.jpg,6,compulsary_ahead_or_turn_left,62,stop,0.014236987568438053,"[62, 33, 22]","[0.014236987568438053, 0.014201316051185131, 0.014197571203112602]",False
/content/MargDrishti/data/processed/crops/test/petrol_pump_ahead/petrol_pump_ahead-12_jpeg.rf.e5e3d015486358207212059c368e967f__781.0.jpg,39,petrol_pump_ahead,5,compulsary_ahead,0.02636156603693962,"[5, 58, 50]","[0.02636156603693962, 0.024662433192133904, 0.02384231798350811]",False
/content/MargDrishti/data/processed/crops/test/chevron_direction/chevron_direction-39_jpg.rf.e60239b1f4a2d3b06cf6fea514561dfd__782.0.jpg,4,chevron_direction,16,falling_rocks,0.016137346625328064,"[16, 13, 28]","[0.016137346625328064, 0.015995288267731667, 0.015564643777906895]",False
/content/MargDrishti/data/processed/crops/test/side_road_right/side_road_right-8_jpeg.rf.e690bdd14ae0f986177bcc627c2efd01__783.0.jpg,48,side_road_right,62,stop,0.014236987568438053,"[62, 33, 22]","[0.014236987568438053, 0.014201316051185131, 0.014197571203112602]",False
/content/MargDrishti/data/processed/crops/test/right_reverse_bend/right_reverse_bend-34_jpg.rf.e78a91f53eecb329f0c5a1852d6ef019__784.0.jpg,43,right_reverse_bend,29,men_at_work,0.014228107407689095,"[29, 33, 9]","[0.014228107407689095, 0.014222094789147377, 0.014200659468770027]",False
/content/MargDrishti/data/processed/crops/test/compulsary_ahead_or_turn_right/compulsary_ahead_or_turn_right-12_png.rf.e78dce78e4da65633d5e7b19782d003a__785.0.jpg,7,compulsary_ahead_or_turn_right,62,stop,0.014236987568438053,"[62, 33, 22]","[0.014236987568438053, 0.014201316051185131, 0.014197571203112602]",False
/content/MargDrishti/data/processed/crops/test/right_turn_prohibited/right_turn_prohibited-69_jpg.rf.e7f7582ee2eb15c4eb8ec30dec475d6e__786.0.jpg,44,right_turn_prohibited,62,stop,0.014236987568438053,"[62, 33, 22]","[0.014236987568438053, 0.014201316051185131, 0.014197571203112602]",False
/content/MargDrishti/data/processed/crops/test/right_turn_prohibited/right_turn_prohibited-18_jpg.rf.e8fec90bbb3b0b1e726162263430e840__787.0.jpg,44,right_turn_prohibited,62,stop,0.014236987568438053,"[62, 33, 22]","[0.014236987568438053, 0.014201316051185131, 0.014197571203112602]",False
/content/MargDrishti/data/processed/crops/test/speed_limit_30/speed_limit_30-19_png.rf.e868fdf3f41634f5941d511369a6cf5e__788.0.jpg,53,speed_limit_30,62,stop,0.014236987568438053,"[62, 33, 22]","[0.014236987568438053, 0.014201316051185131, 0.014197571203112602]",False
/content/MargDrishti/data/processed/crops/test/compulsary_turn_left_ahead/compulsary_turn_left_ahead-52_jpeg.rf.e90531e97ab259da2c9c0abad06e7a77__789.0.jpg,11,compulsary_turn_left_ahead,62,stop,0.014236987568438053,"[62, 33, 22]","[0.014236987568438053, 0.014201316051185131, 0.014197571203112602]",False
/content/MargDrishti/data/processed/crops/test/left_turn_prohibited/left_turn_prohibited-4_jpg.rf.e9937573eb55a9f4019f399144a4c53c__790.0.jpg,26,left_turn_prohibited,62,stop,0.014236987568438053,"[62, 33, 22]","[0.014236987568438053, 0.014201316051185131, 0.014197571203112602]",False
/content/MargDrishti/data/processed/crops/test/roundabout/roundabout-49_png.rf.e959b881865a5cf415128a898093b9fe__791.0.jpg,45,roundabout,62,stop,0.014236987568438053,"[62, 33, 22]","[0.014236987568438053, 0.014201316051185131, 0.014197571203112602]",False
/content/MargDrishti/data/processed/crops/test/bullock_cart_and_hand_cart_prohibited/bullock_cart_and_hand_cart_prohibited-57_png.rf.e98979977267fd91aa1eebfc78a23edc__792.0.jpg,2,bullock_cart_and_hand_cart_prohibited,62,stop,0.014236987568438053,"[62, 33, 22]","[0.014236987568438053, 0.014201316051185131, 0.014197571203112602]",False
/content/MargDrishti/data/processed/crops/test/pedestrian_prohibited/pedestrian_prohibited-4_png.rf.e96b174b39a973881a61cfd81fc0ebcf__793.0.jpg,38,pedestrian_prohibited,62,stop,0.014236987568438053,"[62, 33, 22]","[0.014236987568438053, 0.014201316051185131, 0.014197571203112602]",False
/content/MargDrishti/data/processed/crops/test/pedestrian_crossing/pedestrian_crossing-20_jpg.rf.ea0835f706a3df0ae316e6ce2aa4c6b0__794.0.jpg,37,pedestrian_crossing,62,stop,0.014236987568438053,"[62, 33, 22]","[0.014236987568438053, 0.014201316051185131, 0.014197571203112602]",False
/content/MargDrishti/data/processed/crops/test/compulsary_keep_left/compulsary_keep_left-49_jpg.rf.ea981cc1549021242093abff82bd690d__796.0.jpg,8,compulsary_keep_left,62,stop,0.014236987568438053,"[62, 33, 22]","[0.014236987568438053, 0.014201316051185131, 0.014197571203112602]",False
/content/MargDrishti/data/processed/crops/test/speed_limit_60/speed_limit_60-26_png.rf.ead99064d3f1ab6f89d2f6886205ca4c__797.0.jpg,56,speed_limit_60,62,stop,0.014236987568438053,"[62, 33, 22]","[0.014236987568438053, 0.014201316051185131, 0.014197571203112602]",False
/content/MargDrishti/data/processed/crops/test/speed_limit_100/speed_limit_100-45_png.rf.ebf86033004396e3555957726c71939a__798.0.jpg,50,speed_limit_100,62,stop,0.014236987568438053,"[62, 33, 22]","[0.014236987568438053, 0.014201316051185131, 0.014197571203112602]",False
/content/MargDrishti/data/processed/crops/test/left_reverse_bend/left_reverse_bend-37_png.rf.ead2bc4952d363d137538db085a4f271__799.0.jpg,25,left_reverse_bend,5,compulsary_ahead,0.04875859618186951,"[5, 29, 50]","[0.04875859618186951, 0.041383273899555206, 0.03677846118807793]",False
/content/MargDrishti/data/processed/crops/test/narrow_road_ahead/narrow_road_ahead-46_png.rf.eb970e5bd509c4578b0d92cd35d16364__800.0.jpg,31,narrow_road_ahead,16,falling_rocks,0.02724461629986763,"[16, 12, 41]","[0.02724461629986763, 0.022195108234882355, 0.021415622904896736]",False
/content/MargDrishti/data/processed/crops/test/traffic_signal/traffic_signal-1_jpg.rf.ebee733768fb73a36348d3051a52f54e__801.0.jpg,64,traffic_signal,62,stop,0.014236987568438053,"[62, 33, 22]","[0.014236987568438053, 0.014201316051185131, 0.014197571203112602]",False
/content/MargDrishti/data/processed/crops/test/no_stopping_or_standing/no_stopping_or_standing-40_jpg.rf.ed022e2a18d60ec2f97d3c69d97841ba__802.0.jpg,34,no_stopping_or_standing,62,stop,0.014236987568438053,"[62, 33, 22]","[0.014236987568438053, 0.014201316051185131, 0.014197571203112602]",False
/content/MargDrishti/data/processed/crops/test/left_reverse_bend/left_reverse_bend-24_png.rf.eeab5fd1940d3bb39fe443323de0dee0__803.0.jpg,25,left_reverse_bend,16,falling_rocks,0.028159400448203087,"[16, 12, 41]","[0.028159400448203087, 0.02269095741212368, 0.022010162472724915]",False
/content/MargDrishti/data/processed/crops/test/left_turn_prohibited/left_turn_prohibited-9_jpg.rf.ee4ff7b0608c7280911ad865db74c403__804.0.jpg,26,left_turn_prohibited,62,stop,0.014236987568438053,"[62, 33, 22]","[0.014236987568438053, 0.014201316051185131, 0.014197571203112602]",False
/content/MargDrishti/data/processed/crops/test/cross_road/cross_road-16_jpg.rf.edd83a70fbf48cadb8c8ed18665e73ca__805.0.jpg,13,cross_road,62,stop,0.014236987568438053,"[62, 33, 22]","[0.014236987568438053, 0.014201316051185131, 0.014197571203112602]",False
/content/MargDrishti/data/processed/crops/test/hump_or_rough_road/hump_or_rough_road-2_jpg.rf.ed1f680656812dc61b9d0fb632e259ee__806.0.jpg,23,hump_or_rough_road,62,stop,0.014236987568438053,"[62, 33, 22]","[0.014236987568438053, 0.014201316051185131, 0.014197571203112602]",False
/content/MargDrishti/data/processed/crops/test/narrow_road_ahead/narrow_road_ahead-21_jpg.rf.efc377bf84ac561173e7cc79c4136ec9__808.0.jpg,31,narrow_road_ahead,62,stop,0.014236987568438053,"[62, 33, 22]","[0.014236987568438053, 0.014201316051185131, 0.014197571203112602]",False
/content/MargDrishti/data/processed/crops/test/cattle_ahead/cattle_ahead-20_jpg.rf.f0c20a21cc780ec88e921448b80df993__809.0.jpg,3,cattle_ahead,62,stop,0.014236987568438053,"[62, 33, 22]","[0.014236987568438053, 0.014201316051185131, 0.014197571203112602]",False
/content/MargDrishti/data/processed/crops/test/right_turn_prohibited/right_turn_prohibited-24_jpg.rf.efe9a4c34d598ac8f07b1571fe640b73__810.0.jpg,44,right_turn_prohibited,5,compulsary_ahead,0.05571926757693291,"[5, 51, 29]","[0.05571926757693291, 0.05347946286201477, 0.041197940707206726]",False
/content/MargDrishti/data/processed/crops/test/petrol_pump_ahead/petrol_pump_ahead-46_jpg.rf.f0fc76b33267e1fc483e9787f10c31f6__811.0.jpg,39,petrol_pump_ahead,63,t_intersection,0.15029531717300415,"[63, 69, 22]","[0.15029531717300415, 0.13153387606143951, 0.11376532912254333]",False
/content/MargDrishti/data/processed/crops/test/u_turn_prohibited/u_turn_prohibited-1_jpg.rf.f1e94406cece9934023922da2f37a559__812.0.jpg,67,u_turn_prohibited,62,stop,0.014236987568438053,"[62, 33, 22]","[0.014236987568438053, 0.014201316051185131, 0.014197571203112602]",False
/content/MargDrishti/data/processed/crops/test/compulsary_ahead_or_turn_left/compulsary_ahead_or_turn_left-13_png.rf.f16703d0114261c8ac259bf172d9ff52__813.0.jpg,6,compulsary_ahead_or_turn_left,51,speed_limit_120,0.0230938158929348,"[51, 29, 14]","[0.0230938158929348, 0.02215792052447796, 0.021687911823391914]",False
/content/MargDrishti/data/processed/crops/test/guarded_level_crossing/guarded_level_crossing-16_jpg.rf.f12cf17341ed8cc5a42f6f5948b47951__814.0.jpg,19,guarded_level_crossing,62,stop,0.014236987568438053,"[62, 33, 22]","[0.014236987568438053, 0.014201316051185131, 0.014197571203112602]",False
/content/MargDrishti/data/processed/crops/test/all_motor_vehicle_prohibited/all_motor_vehicle_prohibited-27_png.rf.f2204348bf7481d91c206ed1d4acc6eb__815.0.jpg,0,all_motor_vehicle_prohibited,19,guarded_level_crossing,0.02115529030561447,"[19, 41, 55]","[0.02115529030561447, 0.021128010004758835, 0.019735336303710938]",False
/content/MargDrishti/data/processed/crops/test/guarded_level_crossing/guarded_level_crossing-55_png.rf.f24287b52edbae8baff20923ebfce61a__816.0.jpg,19,guarded_level_crossing,62,stop,0.014236987568438053,"[62, 33, 22]","[0.014236987568438053, 0.014201316051185131, 0.014197571203112602]",False
/content/MargDrishti/data/processed/crops/test/roundabout/roundabout-31_jpg.rf.f2648005403ca01cbaf14165d5bc256e__817.0.jpg,45,roundabout,62,stop,0.014236987568438053,"[62, 33, 22]","[0.014236987568438053, 0.014201316051185131, 0.014197571203112602]",False
/content/MargDrishti/data/processed/crops/test/truck_prohibited/truck_prohibited-26_jpg.rf.f269a2598455fa85e29ea4e338e539d4__818.0.jpg,65,truck_prohibited,62,stop,0.014236987568438053,"[62, 33, 22]","[0.014236987568438053, 0.014201316051185131, 0.014197571203112602]",False
/content/MargDrishti/data/processed/crops/test/pass_either_side/pass_either_side-7_jpeg.rf.f2987d2b430a357a12a02777c4233882__819.0.jpg,36,pass_either_side,62,stop,0.014236987568438053,"[62, 33, 22]","[0.014236987568438053, 0.014201316051185131, 0.014197571203112602]",False
/content/MargDrishti/data/processed/crops/test/compulsary_keep_left/compulsary_keep_left-5_jpg.rf.f332b48243f607dbc0d49fa2b1db6b24__820.0.jpg,8,compulsary_keep_left,62,stop,0.014608009718358517,"[62, 8, 53]","[0.014608009718358517, 0.014597429893910885, 0.014514939859509468]",False
/content/MargDrishti/data/processed/crops/test/steep_ascent/steep_ascent-42_jpg.rf.f41e932fab735608bd26adbabe6ae110__821.0.jpg,60,steep_ascent,62,stop,0.014236987568438053,"[62, 33, 22]","[0.014236987568438053, 0.014201316051185131, 0.014197571203112602]",False
/content/MargDrishti/data/processed/crops/test/narrow_road_ahead/narrow_road_ahead-37_jpg.rf.f305326c6e6e5c2f5e34c583d1994590__822.0.jpg,31,narrow_road_ahead,62,stop,0.014236987568438053,"[62, 33, 22]","[0.014236987568438053, 0.014201316051185131, 0.014197571203112602]",False
/content/MargDrishti/data/processed/crops/test/overtaking_prohibited/overtaking_prohibited-48_jpg.rf.f42ce0bd2e7a9e26ee28e93bae0148ee__823.0.jpg,35,overtaking_prohibited,38,pedestrian_prohibited,0.014382199384272099,"[38, 29, 62]","[0.014382199384272099, 0.014359715394675732, 0.014326519332826138]",False
/content/MargDrishti/data/processed/crops/test/compulsary_keep_right/compulsary_keep_right-61_png.rf.f43b83852635d8c49aaae599a8b4fad1__824.0.jpg,9,compulsary_keep_right,22,hospital_ahead,0.02479630522429943,"[22, 69, 63]","[0.02479630522429943, 0.023071259260177612, 0.022034062072634697]",False
/content/MargDrishti/data/processed/crops/test/dangerous_dip/dangerous_dip-12_jpg.rf.f48dc5847b708281e6473f1b9cfd770a__825.0.jpg,15,dangerous_dip,62,stop,0.014236987568438053,"[62, 33, 22]","[0.014236987568438053, 0.014201316051185131, 0.014197571203112602]",False
/content/MargDrishti/data/processed/crops/test/speed_limit_30/speed_limit_30-66_png.rf.f4a1077851398f0e298eddf454e8b568__826.0.jpg,53,speed_limit_30,67,u_turn_prohibited,0.01555983442813158,"[67, 52, 11]","[0.01555983442813158, 0.015484974719583988, 0.015473424457013607]",False
/content/MargDrishti/data/processed/crops/test/speed_limit_120/speed_limit_120-0_png.rf.f53c1698e7b22f821ff638618d356371__827.0.jpg,51,speed_limit_120,62,stop,0.014236987568438053,"[62, 33, 22]","[0.014236987568438053, 0.014201316051185131, 0.014197571203112602]",False
/content/MargDrishti/data/processed/crops/test/no_parking/no_parking-46_jpg.rf.f52e248db939dd0172b9f1d7b5a578a9__828.0.jpg,33,no_parking,62,stop,0.014236987568438053,"[62, 33, 22]","[0.014236987568438053, 0.014201316051185131, 0.014197571203112602]",False
/content/MargDrishti/data/processed/crops/test/u_turn/u_turn-55_jpg.rf.f4c357a39a53b542317fd00397e05b0f__829.0.jpg,66,u_turn,62,stop,0.014236987568438053,"[62, 33, 22]","[0.014236987568438053, 0.014201316051185131, 0.014197571203112602]",False
/content/MargDrishti/data/processed/crops/test/u_turn/u_turn-42_jpg.rf.f5b2ae919e32736e211312a03dc67664__831.0.jpg,66,u_turn,70,y_intersection,0.018380455672740936,"[70, 24, 32]","[0.018380455672740936, 0.017553552985191345, 0.017453929409384727]",False
/content/MargDrishti/data/processed/crops/test/compulsary_turn_left_ahead/compulsary_turn_left_ahead-29_jpg.rf.f610eefc2fe591fa2f46c66b327ba44a__832.0.jpg,11,compulsary_turn_left_ahead,62,stop,0.014236987568438053,"[62, 33, 22]","[0.014236987568438053, 0.014201316051185131, 0.014197571203112602]",False
/content/MargDrishti/data/processed/crops/test/compulsary_ahead_or_turn_right/compulsary_ahead_or_turn_right-57_png.rf.f5d46542a4e45f86530e2f9892a1209b__833.0.jpg,7,compulsary_ahead_or_turn_right,62,stop,0.014236987568438053,"[62, 33, 22]","[0.014236987568438053, 0.014201316051185131, 0.014197571203112602]",False
/content/MargDrishti/data/processed/crops/test/school_ahead/school_ahead-34_jpg.rf.f73f545b50536ae75a529f184cdb67b3__834.0.jpg,46,school_ahead,19,guarded_level_crossing,0.03373168408870697,"[19, 41, 55]","[0.03373168408870697, 0.033537011593580246, 0.028591586276888847]",False
/content/MargDrishti/data/processed/crops/test/cycle_crossing/cycle_crossing-46_png.rf.f7ec623aa02293255723300f723d335c__835.0.jpg,14,cycle_crossing,33,no_parking,0.014210675843060017,"[33, 62, 29]","[0.014210675843060017, 0.0142088383436203, 0.01419506873935461]",False
/content/MargDrishti/data/processed/crops/test/school_ahead/school_ahead-14_jpg.rf.f767dc9655f3991f62efe76cfbd374ea__836.0.jpg,46,school_ahead,62,stop,0.014236987568438053,"[62, 33, 22]","[0.014236987568438053, 0.014201316051185131, 0.014197571203112602]",False
/content/MargDrishti/data/processed/crops/test/narrow_road_ahead/narrow_road_ahead-39_png.rf.f76220d234d327adda22e51fc659456a__837.0.jpg,31,narrow_road_ahead,62,stop,0.014236987568438053,"[62, 33, 22]","[0.014236987568438053, 0.014201316051185131, 0.014197571203112602]",False
/content/MargDrishti/data/processed/crops/test/traffic_signal/traffic_signal-34_png.rf.f78e2c97d8f1842f8017bebf3d61f312__838.0.jpg,64,traffic_signal,47,side_road_left,0.018439186736941338,"[47, 17, 14]","[0.018439186736941338, 0.01796693541109562, 0.0173078291118145]",False
/content/MargDrishti/data/processed/crops/test/falling_rocks/falling_rocks-63_jpg.rf.f8893b101e2a501746c97fa2937a5efd__839.0.jpg,16,falling_rocks,41,restriction_ends,0.014939257875084877,"[41, 19, 33]","[0.014939257875084877, 0.014914212748408318, 0.014830893836915493]",False
/content/MargDrishti/data/processed/crops/test/school_ahead/school_ahead-8_jpg.rf.f8c76c3705f3a0fe4b426fe4a3b79bf5__840.0.jpg,46,school_ahead,62,stop,0.014236987568438053,"[62, 33, 22]","[0.014236987568438053, 0.014201316051185131, 0.014197571203112602]",False
/content/MargDrishti/data/processed/crops/test/steep_descent/steep_descent-12_png.rf.f8db282a707884f70d7f0b632c57e6b1__841.0.jpg,61,steep_descent,62,stop,0.014236987568438053,"[62, 33, 22]","[0.014236987568438053, 0.014201316051185131, 0.014197571203112602]",False
/content/MargDrishti/data/processed/crops/test/speed_limit_70/speed_limit_70-59_png.rf.f8df6d2d1954bc1c57fe1f85c710f42d__842.0.jpg,57,speed_limit_70,62,stop,0.014236987568438053,"[62, 33, 22]","[0.014236987568438053, 0.014201316051185131, 0.014197571203112602]",False
/content/MargDrishti/data/processed/crops/test/roundabout/roundabout-39_jpg.rf.f96adca9252f433c148cc42f62b0b535__843.0.jpg,45,roundabout,62,stop,0.014236987568438053,"[62, 33, 22]","[0.014236987568438053, 0.014201316051185131, 0.014197571203112602]",False
/content/MargDrishti/data/processed/crops/test/petrol_pump_ahead/petrol_pump_ahead-34_png.rf.f977400c61e442fa6fa7504351e61291__844.0.jpg,39,petrol_pump_ahead,43,right_reverse_bend,0.015264778397977352,"[43, 12, 2]","[0.015264778397977352, 0.015163573436439037, 0.015066282823681831]",False
/content/MargDrishti/data/processed/crops/test/compulsary_turn_right_ahead/compulsary_turn_right_ahead-19_png.rf.f9ab5a105cf87383e86bb91278b55eeb__845.0.jpg,12,compulsary_turn_right_ahead,3,cattle_ahead,0.014494144357740879,"[3, 22, 43]","[0.014494144357740879, 0.01448933593928814, 0.014468193054199219]",False
/content/MargDrishti/data/processed/crops/test/quay_side_or_river_bank/quay_side_or_river_bank-65_jpeg.rf.f929bbf348fe9bb5808274d92bdaadb8__846.0.jpg,40,quay_side_or_river_bank,62,stop,0.014236987568438053,"[62, 33, 22]","[0.014236987568438053, 0.014201316051185131, 0.014197571203112602]",False
/content/MargDrishti/data/processed/crops/test/horn_prohibited/horn_prohibited-0_jpg.rf.f9f75c00a9cc0e0b3b8479ecd02e6cf6__847.0.jpg,21,horn_prohibited,48,side_road_right,0.030121035873889923,"[48, 21, 28]","[0.030121035873889923, 0.02371407300233841, 0.023596161976456642]",False
/content/MargDrishti/data/processed/crops/test/compulsary_turn_right_ahead/compulsary_turn_right_ahead-36_png.rf.fa33831033e44e184eb2128d97284802__848.0.jpg,12,compulsary_turn_right_ahead,62,stop,0.014236987568438053,"[62, 33, 22]","[0.014236987568438053, 0.014201316051185131, 0.014197571203112602]",False
/content/MargDrishti/data/processed/crops/test/right_turn_prohibited/right_turn_prohibited-19_jpg.rf.f9da789c323011d5812a563d64437a8e__849.0.jpg,44,right_turn_prohibited,51,speed_limit_120,0.05083724483847618,"[51, 5, 29]","[0.05083724483847618, 0.0502677746117115, 0.03728538379073143]",False
/content/MargDrishti/data/processed/crops/test/compulsary_sound_horn/compulsary_sound_horn-14_jpg.rf.fa64a36673f16094ad8e54e6d4c7daa6__850.0.jpg,10,compulsary_sound_horn,62,stop,0.014236987568438053,"[62, 33, 22]","[0.014236987568438053, 0.014201316051185131, 0.014197571203112602]",False
/content/MargDrishti/data/processed/crops/test/speed_limit_20/speed_limit_20-1_jpg.rf.fa818d6a7dda1e9af78578a165b1f7c9__851.0.jpg,52,speed_limit_20,19,guarded_level_crossing,0.0388709120452404,"[19, 41, 29]","[0.0388709120452404, 0.03668799623847008, 0.03327476605772972]",False
/content/MargDrishti/data/processed/crops/test/compulsary_ahead_or_turn_right/compulsary_ahead_or_turn_right-2_png.rf.fa6b9033f3047f684f9b7b700d2faf5c__852.0.jpg,7,compulsary_ahead_or_turn_right,62,stop,0.014236987568438053,"[62, 33, 22]","[0.014236987568438053, 0.014201316051185131, 0.014197571203112602]",False
/content/MargDrishti/data/processed/crops/test/right_turn_prohibited/right_turn_prohibited-28_jpg.rf.faa39dd1372a55521fec877180a73313__853.0.jpg,44,right_turn_prohibited,62,stop,0.014236987568438053,"[62, 33, 22]","[0.014236987568438053, 0.014201316051185131, 0.014197571203112602]",False
/content/MargDrishti/data/processed/crops/test/speed_limit_50/speed_limit_50-39_png.rf.fb09651ec85b90938a07a34371f82337__854.0.jpg,55,speed_limit_50,62,stop,0.014236987568438053,"[62, 33, 22]","[0.014236987568438053, 0.014201316051185131, 0.014197571203112602]",False
/content/MargDrishti/data/processed/crops/test/all_motor_vehicle_prohibited/all_motor_vehicle_prohibited-17_jpg.rf.fba39c800886c37b72472695ed342657__855.0.jpg,0,all_motor_vehicle_prohibited,52,speed_limit_20,0.01456821896135807,"[52, 67, 11]","[0.01456821896135807, 0.014564120210707188, 0.014527743682265282]",False
/content/MargDrishti/data/processed/crops/test/slippery_road/slippery_road-13_jpg.rf.fbbdee971a25a3ae3d8f248abba9f9a9__856.0.jpg,49,slippery_road,62,stop,0.014236987568438053,"[62, 33, 22]","[0.014236987568438053, 0.014201316051185131, 0.014197571203112602]",False
/content/MargDrishti/data/processed/crops/test/right_reverse_bend/right_reverse_bend-21_jpg.rf.fbd1f6c9dec22cb80053e6845fc62240__857.0.jpg,43,right_reverse_bend,62,stop,0.014236987568438053,"[62, 33, 22]","[0.014236987568438053, 0.014201316051185131, 0.014197571203112602]",False
/content/MargDrishti/data/processed/crops/test/all_motor_vehicle_prohibited/all_motor_vehicle_prohibited-33_JPG.rf.fb5d57a1ffc95dde5dac38bf43f72eae__858.0.jpg,0,all_motor_vehicle_prohibited,62,stop,0.014236987568438053,"[62, 33, 22]","[0.014236987568438053, 0.014201316051185131, 0.014197571203112602]",False
/content/MargDrishti/data/processed/crops/test/compulsary_keep_left/compulsary_keep_left-45_png.rf.fc6e63860f567af8c2e167a89d19542b__859.0.jpg,8,compulsary_keep_left,51,speed_limit_120,0.03686154633760452,"[51, 5, 29]","[0.03686154633760452, 0.03380919247865677, 0.03308669477701187]",False
/content/MargDrishti/data/processed/crops/test/u_turn_prohibited/u_turn_prohibited-36_jpg.rf.fccee9520b66b0e762cfe9c13f95ef82__860.0.jpg,67,u_turn_prohibited,62,stop,0.014236987568438053,"[62, 33, 22]","[0.014236987568438053, 0.014201316051185131, 0.014197571203112602]",False
/content/MargDrishti/data/processed/crops/test/compulsary_keep_left/compulsary_keep_left-32_jpg.rf.fc6879a87039d6ba73c3d820aa93077a__861.0.jpg,8,compulsary_keep_left,8,compulsary_keep_left,0.11173553764820099,"[8, 53, 36]","[0.11173553764820099, 0.08010108768939972, 0.06699828058481216]",True
/content/MargDrishti/data/processed/crops/test/speed_limit_120/speed_limit_120-13_jpeg.rf.fcd27e9053b9a3555e1b42386983c0a8__862.0.jpg,51,speed_limit_120,62,stop,0.014236987568438053,"[62, 33, 22]","[0.014236987568438053, 0.014201316051185131, 0.014197571203112602]",False
/content/MargDrishti/data/processed/crops/test/side_road_right/side_road_right-43_jpg.rf.fd6eaa8edcd12c9703cd34f38b9b3d05__863.0.jpg,48,side_road_right,62,stop,0.014236987568438053,"[62, 33, 22]","[0.014236987568438053, 0.014201316051185131, 0.014197571203112602]",False
/content/MargDrishti/data/processed/crops/test/speed_limit_100/speed_limit_100-30_png.rf.fdb69478a421d28a72df6bf247861d12__864.0.jpg,50,speed_limit_100,5,compulsary_ahead,0.05805439129471779,"[5, 29, 51]","[0.05805439129471779, 0.04695504531264305, 0.045009031891822815]",False
/content/MargDrishti/data/processed/crops/test/compulsary_ahead_or_turn_left/compulsary_ahead_or_turn_left-4_jpg.rf.fd9e724b8004b7eeb2579dc1f9e0fbb2__865.0.jpg,6,compulsary_ahead_or_turn_left,62,stop,0.014236987568438053,"[62, 33, 22]","[0.014236987568438053, 0.014201316051185131, 0.014197571203112602]",False
/content/MargDrishti/data/processed/crops/test/no_parking/no_parking-23_jpg.rf.fdd441a3c2ed22f3a403ea8374d1fd14__866.0.jpg,33,no_parking,62,stop,0.014236987568438053,"[62, 33, 22]","[0.014236987568438053, 0.014201316051185131, 0.014197571203112602]",False
/content/MargDrishti/data/processed/crops/test/speed_limit_120/speed_limit_120-63_png.rf.ff289fa973e5d72e340566eadb68097c__867.0.jpg,51,speed_limit_120,51,speed_limit_120,0.04604720696806908,"[51, 29, 5]","[0.04604720696806908, 0.04200827330350876, 0.04003838822245598]",True
/content/MargDrishti/data/processed/crops/test/axle_load_limit/axle_load_limit-29_jpg.rf.ff5bfe5ec824e59fc531775539d8555c__868.0.jpg,1,axle_load_limit,62,stop,0.014236987568438053,"[62, 33, 22]","[0.014236987568438053, 0.014201316051185131, 0.014197571203112602]",False
/content/MargDrishti/data/processed/crops/test/left_reverse_bend/left_reverse_bend-20_jpg.rf.ffe831fe4c033e94e8f1ea6970b8770a__869.0.jpg,25,left_reverse_bend,62,stop,0.014236987568438053,"[62, 33, 22]","[0.014236987568438053, 0.014201316051185131, 0.014197571203112602]",False
/content/MargDrishti/data/processed/crops/test/narrow_road_ahead/narrow_road_ahead-43_png.rf.ff3ce8cc97b8dafcf7ca98501e8eb6bc__870.0.jpg,31,narrow_road_ahead,62,stop,0.014236987568438053,"[62, 33, 22]","[0.014236987568438053, 0.014201316051185131, 0.014197571203112602]",False
