path,true_idx,true_name,pred_idx,pred_name,confidence,top3_indices,top3_probs,correct
/content/MargDrishti/data/processed/crops/test/no_stopping_or_standing/no_stopping_or_standing-57_jpg.rf.0418ee94c194e36efeed2bac26406363__0.0.jpg,34,no_stopping_or_standing,34,no_stopping_or_standing,0.9116404056549072,"[34, 62, 32]","[0.9116404056549072, 0.08076012134552002, 0.00504352105781436]",True
/content/MargDrishti/data/processed/crops/test/slippery_road/slippery_road-47_png.rf.049f06bd08af457d75dd31aa2b1d8914__1.0.jpg,49,slippery_road,3,cattle_ahead,0.2811318039894104,"[3, 24, 14]","[0.2811318039894104, 0.1865278035402298, 0.11280088871717453]",False
/content/MargDrishti/data/processed/crops/test/overtaking_prohibited/overtaking_prohibited-12_jpg.rf.01da5d854e92036a005dc09147817f47__2.0.jpg,35,overtaking_prohibited,35,overtaking_prohibited,0.9952357411384583,"[35, 21, 2]","[0.9952357411384583, 0.00457674590870738, 0.000165700024808757]",True
/content/MargDrishti/data/processed/crops/test/cattle_ahead/cattle_ahead-25_jpg.rf.0746d45fbf46c067f63e3d12a88c0120__3.0.jpg,3,cattle_ahead,3,cattle_ahead,0.9999982118606567,"[3, 63, 13]","[0.9999982118606567, 1.5999106608433067e-06, 1.525947368463676e-07]",True
/content/MargDrishti/data/processed/crops/test/all_motor_vehicle_prohibited/all_motor_vehicle_prohibited-13_jpg.rf.0889f592fa6098d98bfee5b3b16939c0__4.0.jpg,0,all_motor_vehicle_prohibited,0,all_motor_vehicle_prohibited,0.9999990463256836,"[0, 38, 68]","[0.9999990463256836, 9.619739103072789e-07, 1.3300798684667825e-08]",True
/content/MargDrishti/data/processed/crops/test/pass_either_side/pass_either_side-27_jpg.rf.0400651216882f78f36d6112ecbfb28e__5.0.jpg,36,pass_either_side,36,pass_either_side,0.9999916553497314,"[36, 27, 8]","[0.9999916553497314, 8.097093996184412e-06, 9.82693109108368e-08]",True
/content/MargDrishti/data/processed/crops/test/traffic_signal/traffic_signal-52_png.rf.0907c89e65c3767abf4b2cb72098de91__6.0.jpg,64,traffic_signal,64,traffic_signal,1.0,"[64, 17, 49]","[1.0, 3.013837002185937e-08, 9.783731158563569e-09]",True
/content/MargDrishti/data/processed/crops/test/narrow_bridge_ahead/narrow_bridge_ahead-31_jpeg.rf.007a6e53fe0e1ec0fcde65e5c662e19f__7.0.jpg,30,narrow_bridge_ahead,30,narrow_bridge_ahead,0.9953643083572388,"[30, 13, 37]","[0.9953643083572388, 0.003765261499211192, 0.0006189048290252686]",True
/content/MargDrishti/data/processed/crops/test/pass_either_side/pass_either_side-55_jpg.rf.0199606abae971cd3a9f85eda75c98c2__8.0.jpg,36,pass_either_side,36,pass_either_side,0.9894933700561523,"[36, 22, 8]","[0.9894933700561523, 0.009471405297517776, 0.0005059638060629368]",True
/content/MargDrishti/data/processed/crops/test/stop/stop-43_png.rf.06f95c1d1747191af9626cc43ab8a209__9.0.jpg,62,stop,62,stop,1.0,"[62, 51, 32]","[1.0, 9.719348242898107e-11, 4.6962777416892365e-11]",True
/content/MargDrishti/data/processed/crops/test/quay_side_or_river_bank/quay_side_or_river_bank-56_jpg.rf.018c2f9ad535e652b18eb93da42e6dc5__10.0.jpg,40,quay_side_or_river_bank,40,quay_side_or_river_bank,0.999832034111023,"[40, 28, 68]","[0.999832034111023, 0.0001480284845456481, 1.4683555491501465e-05]",True
/content/MargDrishti/data/processed/crops/test/compulsary_ahead_or_turn_left/compulsary_ahead_or_turn_left-40_png.rf.01cf56bd84a0f2a8c299b69202273f1b__11.0.jpg,6,compulsary_ahead_or_turn_left,6,compulsary_ahead_or_turn_left,0.9999998807907104,"[6, 45, 8]","[0.9999998807907104, 9.362828023995462e-08, 8.562778958109973e-11]",True
/content/MargDrishti/data/processed/crops/test/loose_gravel/loose_gravel-25_jpeg.rf.0316048851cc995789d1396baeba2651__12.0.jpg,28,loose_gravel,28,loose_gravel,0.997785210609436,"[28, 29, 14]","[0.997785210609436, 0.000470680242870003, 0.00046598390326835215]",True
/content/MargDrishti/data/processed/crops/test/left_reverse_bend/left_reverse_bend-56_jpg.rf.00595c45897ab9380b024a578bca58fa__13.0.jpg,25,left_reverse_bend,25,left_reverse_bend,0.9828282594680786,"[25, 49, 13]","[0.9828282594680786, 0.0049224477261304855, 0.004504118114709854]",True
/content/MargDrishti/data/processed/crops/test/unguarded_level_crossing/unguarded_level_crossing-1_jpg.rf.03dc44ae0c8b55a99e17ba31a698f5af__14.0.jpg,68,unguarded_level_crossing,68,unguarded_level_crossing,0.9929603934288025,"[68, 3, 61]","[0.9929603934288025, 0.003671797690913081, 0.0017409364227205515]",True
/content/MargDrishti/data/processed/crops/test/speed_limit_100/speed_limit_100-8_jpg.rf.00c887b207dd2e4ca4800a0ec1c84491__15.0.jpg,50,speed_limit_100,50,speed_limit_100,1.0,"[50, 51, 55]","[1.0, 1.8190926542871466e-10, 8.200211343289965e-12]",True
/content/MargDrishti/data/processed/crops/test/bullock_cart_and_hand_cart_prohibited/bullock_cart_and_hand_cart_prohibited-7_jpeg.rf.00713880fce71f8310e055bf5b47cc65__16.0.jpg,2,bullock_cart_and_hand_cart_prohibited,2,bullock_cart_and_hand_cart_prohibited,0.9991030693054199,"[2, 21, 27]","[0.9991030693054199, 0.00039182096952572465, 0.0003296195645816624]",True
/content/MargDrishti/data/processed/crops/test/slippery_road/slippery_road-43_png.rf.08dadc118192c2c315c8895840a28852__17.0.jpg,49,slippery_road,49,slippery_road,0.9932265877723694,"[49, 24, 3]","[0.9932265877723694, 0.0041975644417107105, 0.00246634753420949]",True
/content/MargDrishti/data/processed/crops/test/school_ahead/school_ahead-41_jpg.rf.0380a3ac9531c1ec1116a260593bcba8__18.0.jpg,46,school_ahead,28,loose_gravel,0.9714945554733276,"[28, 18, 45]","[0.9714945554733276, 0.01923026330769062, 0.006487055215984583]",False
/content/MargDrishti/data/processed/crops/test/all_motor_vehicle_prohibited/all_motor_vehicle_prohibited-57_jpg.rf.05a4f0ec8cba6c82442d358b452af29b__19.0.jpg,0,all_motor_vehicle_prohibited,0,all_motor_vehicle_prohibited,0.9998557567596436,"[0, 35, 65]","[0.9998557567596436, 8.293348219012842e-05, 3.1451832910533994e-05]",True
/content/MargDrishti/data/processed/crops/test/speed_limit_100/speed_limit_100-12_png.rf.011f68db4be6ebd4e60b1bc7df1cb8cc__20.0.jpg,50,speed_limit_100,50,speed_limit_100,0.616375744342804,"[50, 51, 57]","[0.616375744342804, 0.3805697560310364, 0.001545758219435811]",True
/content/MargDrishti/data/processed/crops/test/u_turn/u_turn-59_jpg.rf.071848948699187281cdce117b6a8d8b__21.0.jpg,66,u_turn,66,u_turn,0.9999983310699463,"[66, 31, 25]","[0.9999983310699463, 8.627818033346557e-07, 2.9626860964526713e-07]",True
/content/MargDrishti/data/processed/crops/test/compulsary_keep_right/compulsary_keep_right-55_jpeg.rf.004275d2b041bf903452e88a48ae4427__22.0.jpg,9,compulsary_keep_right,9,compulsary_keep_right,0.9999994039535522,"[9, 11, 7]","[0.9999994039535522, 4.813595069208532e-07, 6.130295560069499e-08]",True
/content/MargDrishti/data/processed/crops/test/right_hand_curve/right_hand_curve-31_jpg.rf.09173d73428cb9d3755bf73d1dd0b50d__23.0.jpg,42,right_hand_curve,63,t_intersection,0.5329842567443848,"[63, 42, 70]","[0.5329842567443848, 0.45608386397361755, 0.009559613652527332]",False
/content/MargDrishti/data/processed/crops/test/compulsary_turn_right_ahead/compulsary_turn_right_ahead-40_png.rf.009fe9aa525e4c953667d31181261873__24.0.jpg,12,compulsary_turn_right_ahead,12,compulsary_turn_right_ahead,0.9988856911659241,"[12, 55, 45]","[0.9988856911659241, 0.0004787022771779448, 0.0004625881847459823]",True
/content/MargDrishti/data/processed/crops/test/stop/stop-49_png.rf.00191c18675c69b2e9a6c42e1d23f42c__25.0.jpg,62,stop,62,stop,1.0,"[62, 51, 32]","[1.0, 4.704893419305023e-11, 2.989591560420557e-11]",True
/content/MargDrishti/data/processed/crops/test/right_hand_curve/right_hand_curve-29_jpg.rf.099bd1485a38dc18043e33f22c30ceb7__26.0.jpg,42,right_hand_curve,42,right_hand_curve,0.505458414554596,"[42, 43, 66]","[0.505458414554596, 0.4860183596611023, 0.0025280381087213755]",True
/content/MargDrishti/data/processed/crops/test/speed_limit_30/speed_limit_30-30_png.rf.0953b6a01b8814577d3be9ca4706f603__27.0.jpg,53,speed_limit_30,53,speed_limit_30,0.9999967813491821,"[53, 55, 58]","[0.9999967813491821, 3.039003786398098e-06, 1.9928266681290552e-07]",True
/content/MargDrishti/data/processed/crops/test/steep_ascent/steep_ascent-32_jpg.rf.097a122f5aba86d2fc3891250be17858__28.0.jpg,60,steep_ascent,19,guarded_level_crossing,0.5578066110610962,"[19, 60, 61]","[0.5578066110610962, 0.3254740238189697, 0.09709786623716354]",False
/content/MargDrishti/data/processed/crops/test/speed_limit_120/speed_limit_120-31_png.rf.09a5f6e2a9ada83f591de2ae553153b4__29.0.jpg,51,speed_limit_120,51,speed_limit_120,0.9754448533058167,"[51, 50, 57]","[0.9754448533058167, 0.02449498325586319, 4.325315967435017e-05]",True
/content/MargDrishti/data/processed/crops/test/slippery_road/slippery_road-57_jpg.rf.09c09f3fc2a7c4623e02869471824530__30.0.jpg,49,slippery_road,49,slippery_road,0.9975528120994568,"[49, 24, 25]","[0.9975528120994568, 0.0022400105372071266, 9.196917380904779e-05]",True
/content/MargDrishti/data/processed/crops/test/no_stopping_or_standing/no_stopping_or_standing-0_jpeg.rf.0c6026c2a0bffcfbd86192871e58b3d4__31.0.jpg,34,no_stopping_or_standing,34,no_stopping_or_standing,0.9998987913131714,"[34, 33, 65]","[0.9998987913131714, 0.00010048465628642589, 5.748279363615438e-07]",True
/content/MargDrishti/data/processed/crops/test/all_motor_vehicle_prohibited/all_motor_vehicle_prohibited-55_jpg.rf.0a89d9d26e02ab286399b0a2dfbeb4ef__32.0.jpg,0,all_motor_vehicle_prohibited,0,all_motor_vehicle_prohibited,1.0,"[0, 46, 38]","[1.0, 3.7309522582518184e-08, 1.3047058544657375e-08]",True
/content/MargDrishti/data/processed/crops/test/left_reverse_bend/left_reverse_bend-19_png.rf.0c5e4a4326cab84351eef6e7478098e8__34.0.jpg,25,left_reverse_bend,25,left_reverse_bend,0.9998958110809326,"[25, 31, 24]","[0.9998958110809326, 7.152129546739161e-05, 2.110376226482913e-05]",True
/content/MargDrishti/data/processed/crops/test/axle_load_limit/axle_load_limit-40_jpg.rf.0c33bee526eb8d518f018a68a1e6301f__35.0.jpg,1,axle_load_limit,1,axle_load_limit,0.9999996423721313,"[1, 0, 27]","[0.9999996423721313, 1.491391543595455e-07, 1.1558503842934442e-07]",True
/content/MargDrishti/data/processed/crops/test/truck_prohibited/truck_prohibited-5_png.rf.0ccdf4c16c2554d61a127ee6760adfce__36.0.jpg,65,truck_prohibited,65,truck_prohibited,0.9985373020172119,"[65, 27, 35]","[0.9985373020172119, 0.0013073049485683441, 7.83807918196544e-05]",True
/content/MargDrishti/data/processed/crops/test/u_turn_prohibited/u_turn_prohibited-40_jpg.rf.0c8dfe51efc3a7b1e7961e1438c504d6__37.0.jpg,67,u_turn_prohibited,67,u_turn_prohibited,0.9985557198524475,"[67, 26, 35]","[0.9985557198524475, 0.0013082382502034307, 5.922760828980245e-05]",True
/content/MargDrishti/data/processed/crops/test/t_intersection/t_intersection-17_jpeg.rf.0ced7ae03d25f9175038ee045b1fb36d__38.0.jpg,63,t_intersection,63,t_intersection,0.9977033734321594,"[63, 70, 59]","[0.9977033734321594, 0.002284698886796832, 1.0786914572236128e-05]",True
/content/MargDrishti/data/processed/crops/test/speed_limit_20/speed_limit_20-44_png.rf.0d262841165fa20c08be0ad755c90af2__39.0.jpg,52,speed_limit_20,52,speed_limit_20,1.0,"[52, 53, 57]","[1.0, 1.1564146973341849e-08, 9.903005526723518e-09]",True
/content/MargDrishti/data/processed/crops/test/narrow_bridge_ahead/narrow_bridge_ahead-72_jpg.rf.0d5d9560d1ec8f4ca5c406c69d191301__40.0.jpg,30,narrow_bridge_ahead,30,narrow_bridge_ahead,0.9997283816337585,"[30, 70, 47]","[0.9997283816337585, 0.00025415487471036613, 1.0012343409471214e-05]",True
/content/MargDrishti/data/processed/crops/test/hospital_ahead/hospital_ahead-7_jpg.rf.0d8defd98b507d76306e90f961bb327f__42.0.jpg,22,hospital_ahead,22,hospital_ahead,0.9999998807907104,"[22, 4, 32]","[0.9999998807907104, 6.01505405484204e-08, 5.3421914003592974e-08]",True
/content/MargDrishti/data/processed/crops/test/chevron_direction/chevron_direction-52_jpg.rf.0e2e93275ef7bb5c90bd87284bc3336e__43.0.jpg,4,chevron_direction,4,chevron_direction,0.9988331198692322,"[4, 22, 18]","[0.9988331198692322, 0.001147700473666191, 1.480585979152238e-05]",True
/content/MargDrishti/data/processed/crops/test/left_hand_curve/left_hand_curve-64_jpg.rf.0da4ceb3ffba657a6a8a82c3c9ee5bae__44.0.jpg,24,left_hand_curve,24,left_hand_curve,0.9999998807907104,"[24, 25, 49]","[0.9999998807907104, 9.239884946055099e-08, 2.097806017786752e-08]",True
/content/MargDrishti/data/processed/crops/test/length_limit/length_limit-38_jpg.rf.0e9f2e8a4c48e1c2db427acf5d8c3683__45.0.jpg,27,length_limit,27,length_limit,1.0,"[27, 2, 33]","[1.0, 9.26391949263028e-12, 6.478159588624299e-12]",True
/content/MargDrishti/data/processed/crops/test/quay_side_or_river_bank/quay_side_or_river_bank-34_jpg.rf.0f772bd5e3ec389f6aff17e52a8606a0__46.0.jpg,40,quay_side_or_river_bank,40,quay_side_or_river_bank,0.9999699592590332,"[40, 61, 28]","[0.9999699592590332, 2.447490805934649e-05, 2.8501215183496242e-06]",True
/content/MargDrishti/data/processed/crops/test/left_reverse_bend/left_reverse_bend-18_jpg.rf.0f7127338dfb43b152a98a1f44ed2769__47.0.jpg,25,left_reverse_bend,25,left_reverse_bend,0.9996155500411987,"[25, 66, 46]","[0.9996155500411987, 0.00020762765780091286, 6.932049291208386e-05]",True
/content/MargDrishti/data/processed/crops/test/dangerous_dip/dangerous_dip-5_jpg.rf.0ea520e269e55350d50b0b186d24644c__48.0.jpg,15,dangerous_dip,60,steep_ascent,0.8226184248924255,"[60, 15, 40]","[0.8226184248924255, 0.11959357559680939, 0.029318848624825478]",False
/content/MargDrishti/data/processed/crops/test/speed_limit_120/speed_limit_120-29_png.rf.10e6cff5f3a1adb4c07a0ca7cde9d2a9__49.0.jpg,51,speed_limit_120,51,speed_limit_120,0.6488299369812012,"[51, 4, 62]","[0.6488299369812012, 0.19271031022071838, 0.13942956924438477]",True
/content/MargDrishti/data/processed/crops/test/slippery_road/slippery_road-30_png.rf.10d9f8d1a3c6f42849dcdc93415c2565__50.0.jpg,49,slippery_road,13,cross_road,0.40547335147857666,"[13, 46, 3]","[0.40547335147857666, 0.16915786266326904, 0.11539244651794434]",False
/content/MargDrishti/data/processed/crops/test/cross_road/cross_road-31_jpg.rf.111598742d2f4af5fdbe9d035a9a0bd1__51.0.jpg,13,cross_road,13,cross_road,0.9999988079071045,"[13, 3, 49]","[0.9999988079071045, 4.6448894863715395e-07, 2.1391720395058655e-07]",True
/content/MargDrishti/data/processed/crops/test/speed_limit_70/speed_limit_70-35_png.rf.11b4173effbd7cc1115e9881f7230b28__52.0.jpg,57,speed_limit_70,57,speed_limit_70,0.9897833466529846,"[57, 55, 58]","[0.9897833466529846, 0.003990247845649719, 0.002312690718099475]",True
/content/MargDrishti/data/processed/crops/test/speed_limit_30/speed_limit_30-16_png.rf.113128bb577c3d6ca268da28fb497ef1__53.0.jpg,53,speed_limit_30,57,speed_limit_70,0.563673198223114,"[57, 55, 53]","[0.563673198223114, 0.40452146530151367, 0.02681725099682808]",False
/content/MargDrishti/data/processed/crops/test/speed_limit_20/speed_limit_20-11_png.rf.120697f7cabd234e7ff701ed563b6696__54.0.jpg,52,speed_limit_20,52,speed_limit_20,1.0,"[52, 53, 57]","[1.0, 9.864359995503946e-09, 4.62525528988067e-09]",True
/content/MargDrishti/data/processed/crops/test/unguarded_level_crossing/unguarded_level_crossing-23_jpeg.rf.11c36ce60f410acb9b191a8e00f21a7d__55.0.jpg,68,unguarded_level_crossing,23,hump_or_rough_road,0.7492393255233765,"[23, 68, 29]","[0.7492393255233765, 0.16135141253471375, 0.059067584574222565]",False
/content/MargDrishti/data/processed/crops/test/cross_road/cross_road-38_jpg.rf.129497bc79136587e7f109ea99fe5fc3__56.0.jpg,13,cross_road,13,cross_road,0.9999998807907104,"[13, 14, 49]","[0.9999998807907104, 4.702872757889054e-08, 2.7465013374694536e-08]",True
/content/MargDrishti/data/processed/crops/test/right_hand_curve/right_hand_curve-58_png.rf.135f98ba974c85b3087d4b45c5d8e2e5__57.0.jpg,42,right_hand_curve,42,right_hand_curve,0.9998918771743774,"[42, 63, 49]","[0.9998918771743774, 6.030398071743548e-05, 3.5862947697751224e-05]",True
/content/MargDrishti/data/processed/crops/test/speed_limit_30/speed_limit_30-3_jpg.rf.13fee685996264d5ff7a65cce58b15a9__58.0.jpg,53,speed_limit_30,20,height_limit,0.29663124680519104,"[20, 38, 46]","[0.29663124680519104, 0.2696729898452759, 0.10267491638660431]",False
/content/MargDrishti/data/processed/crops/test/cattle_ahead/cattle_ahead-35_jpg.rf.145de6d6a037591ef6c0f3f103a0963e__59.0.jpg,3,cattle_ahead,3,cattle_ahead,1.0,"[3, 68, 61]","[1.0, 4.5392415159994925e-08, 3.16281436596455e-08]",True
/content/MargDrishti/data/processed/crops/test/falling_rocks/falling_rocks-18_jpg.rf.14526a46c26e11ff55ee3271f3d3b265__60.0.jpg,16,falling_rocks,16,falling_rocks,0.9999994039535522,"[16, 60, 40]","[0.9999994039535522, 6.131053282842913e-07, 1.95493274901537e-08]",True
/content/MargDrishti/data/processed/crops/test/speed_limit_100/speed_limit_100-15_png.rf.14b6b27cf9db470ce7efad34dafbc9f2__62.0.jpg,50,speed_limit_100,50,speed_limit_100,0.9951536655426025,"[50, 51, 58]","[0.9951536655426025, 0.0035614969674497843, 0.001144327805377543]",True
/content/MargDrishti/data/processed/crops/test/speed_limit_20/speed_limit_20-36_png.rf.147f6e9fb87978bb60d45184d5c04a9e__63.0.jpg,52,speed_limit_20,52,speed_limit_20,0.9999997615814209,"[52, 57, 53]","[0.9999997615814209, 1.4876628995352803e-07, 8.519651828464703e-08]",True
/content/MargDrishti/data/processed/crops/test/t_intersection/t_intersection-21_jpeg.rf.15a66e32c30960a32d98cd4e00cc5ad0__65.0.jpg,63,t_intersection,63,t_intersection,0.8603020906448364,"[63, 70, 59]","[0.8603020906448364, 0.13247323036193848, 0.007221182808279991]",True
/content/MargDrishti/data/processed/crops/test/speed_limit_30/speed_limit_30-39_png.rf.15e2efc40528e14647ce2065039c58cf__66.0.jpg,53,speed_limit_30,53,speed_limit_30,0.9999966621398926,"[53, 52, 54]","[0.9999966621398926, 2.9405632631096523e-06, 2.3252930247963377e-07]",True
/content/MargDrishti/data/processed/crops/test/restriction_ends/restriction_ends-65_png.rf.15ff1390c7cd3300de7c4a18034dcafe__67.0.jpg,41,restriction_ends,41,restriction_ends,1.0,"[41, 7, 42]","[1.0, 3.283612762332604e-18, 1.3833170926344265e-18]",True
/content/MargDrishti/data/processed/crops/test/hospital_ahead/hospital_ahead-9_jpg.rf.16104afde087c0405b98dbc78ec837fa__68.0.jpg,22,hospital_ahead,22,hospital_ahead,0.9999933242797852,"[22, 14, 19]","[0.9999933242797852, 6.347701855702326e-06, 9.478083740077636e-08]",True
/content/MargDrishti/data/processed/crops/test/falling_rocks/falling_rocks-20_jpg.rf.1685f816b3c006d7bf40a58c0573f10e__69.0.jpg,16,falling_rocks,16,falling_rocks,0.9999688863754272,"[16, 60, 46]","[0.9999688863754272, 2.0075103748240508e-05, 4.630599960364634e-06]",True
/content/MargDrishti/data/processed/crops/test/cattle_ahead/cattle_ahead-8_jpg.rf.1730b0a5248516862f02f87ea1ac1a01__70.0.jpg,3,cattle_ahead,3,cattle_ahead,0.9999716281890869,"[3, 60, 25]","[0.9999716281890869, 2.4490520445397124e-05, 3.030644165846752e-06]",True
/content/MargDrishti/data/processed/crops/test/give_way/give_way-17_png.rf.17212ac50a117b47b263f7d8edf2c511__71.0.jpg,18,give_way,18,give_way,0.9999932050704956,"[18, 62, 22]","[0.9999932050704956, 2.7708476864063414e-06, 1.4291586012404878e-06]",True
/content/MargDrishti/data/processed/crops/test/compulsary_ahead_or_turn_left/compulsary_ahead_or_turn_left-48_png.rf.17c699c5620d543fe264643a429cad99__72.0.jpg,6,compulsary_ahead_or_turn_left,6,compulsary_ahead_or_turn_left,1.0,"[6, 8, 45]","[1.0, 2.035299484504094e-09, 5.570878758298647e-10]",True
/content/MargDrishti/data/processed/crops/test/stop/stop-62_png.rf.164e4bca42188c79e723048ecc3a0d71__73.0.jpg,62,stop,62,stop,1.0,"[62, 32, 51]","[1.0, 6.143069126302025e-12, 1.3359006826099695e-12]",True
/content/MargDrishti/data/processed/crops/test/right_turn_prohibited/right_turn_prohibited-45_jpg.rf.17ac2483d50af18b4d05b04ad83cae79__74.0.jpg,44,right_turn_prohibited,44,right_turn_prohibited,0.9937641620635986,"[44, 33, 42]","[0.9937641620635986, 0.006234184373170137, 1.3917901924287435e-06]",True
/content/MargDrishti/data/processed/crops/test/no_parking/no_parking-70_jpg.rf.17460c17d5639903161767b561963c08__76.0.jpg,33,no_parking,33,no_parking,0.6639920473098755,"[33, 42, 46]","[0.6639920473098755, 0.2762843072414398, 0.012093587778508663]",True
/content/MargDrishti/data/processed/crops/test/petrol_pump_ahead/petrol_pump_ahead-19_jpeg.rf.191a2b95b02e6b4ad735f5116865a0dc__77.0.jpg,39,petrol_pump_ahead,39,petrol_pump_ahead,1.0,"[39, 22, 45]","[1.0, 5.5878815463650255e-11, 4.296408267676598e-14]",True
/content/MargDrishti/data/processed/crops/test/no_stopping_or_standing/no_stopping_or_standing-4_jpg.rf.18bdb249f2356c0ddbedc2d20bb14797__78.0.jpg,34,no_stopping_or_standing,34,no_stopping_or_standing,0.999988317489624,"[34, 55, 56]","[0.999988317489624, 4.269108558219159e-06, 2.580438831500942e-06]",True
/content/MargDrishti/data/processed/crops/test/unguarded_level_crossing/unguarded_level_crossing-9_png.rf.19ba1c73a494962dc8016a952bca356a__79.0.jpg,68,unguarded_level_crossing,68,unguarded_level_crossing,0.8763538599014282,"[68, 49, 14]","[0.8763538599014282, 0.08758454024791718, 0.025093667209148407]",True
/content/MargDrishti/data/processed/crops/test/steep_descent/steep_descent-5_jpeg.rf.18feb3947fd5e50066467cb9d0143990__80.0.jpg,61,steep_descent,61,steep_descent,0.9457794427871704,"[61, 40, 28]","[0.9457794427871704, 0.03293076530098915, 0.0062261600978672504]",True
/content/MargDrishti/data/processed/crops/test/pedestrian_prohibited/pedestrian_prohibited-36_jpg.rf.19d0e1f800e04aa790f4d3a56c747c99__81.0.jpg,38,pedestrian_prohibited,38,pedestrian_prohibited,0.9999996423721313,"[38, 0, 31]","[0.9999996423721313, 2.1657112370121467e-07, 9.289608726703591e-08]",True
/content/MargDrishti/data/processed/crops/test/axle_load_limit/axle_load_limit-42_jpg.rf.19e88013b0fd10383de2990310bd5ce8__82.0.jpg,1,axle_load_limit,1,axle_load_limit,1.0,"[1, 0, 69]","[1.0, 4.3595311388644475e-11, 2.280847212488002e-11]",True
/content/MargDrishti/data/processed/crops/test/speed_limit_30/speed_limit_30-62_png.rf.19e9dc38b3305e2ba677f6ee563344c1__83.0.jpg,53,speed_limit_30,53,speed_limit_30,0.9998842477798462,"[53, 58, 55]","[0.9998842477798462, 0.00011160504072904587, 3.6380647543410305e-06]",True
/content/MargDrishti/data/processed/crops/test/compulsary_turn_right_ahead/compulsary_turn_right_ahead-6_jpg.rf.19fbe907451ad35a3916ffdc8036bec5__84.0.jpg,12,compulsary_turn_right_ahead,12,compulsary_turn_right_ahead,0.9999854564666748,"[12, 8, 22]","[0.9999854564666748, 1.4580140486941673e-05, 8.376922266961628e-09]",True
/content/MargDrishti/data/processed/crops/test/cross_road/cross_road-12_jpg.rf.1c360a3cbee307b59ff99b9e3281d60f__85.0.jpg,13,cross_road,13,cross_road,1.0,"[13, 3, 70]","[1.0, 1.936214660824831e-10, 3.967128014981114e-11]",True
/content/MargDrishti/data/processed/crops/test/staggered_intersection/staggered_intersection-48_jpg.rf.1b8a7b4993db0e368a45223b00839abd__86.0.jpg,59,staggered_intersection,59,staggered_intersection,0.9999998807907104,"[59, 63, 47]","[0.9999998807907104, 9.363292008401913e-08, 6.295047683124722e-08]",True
/content/MargDrishti/data/processed/crops/test/speed_limit_70/speed_limit_70-8_jpg.rf.1b801ba93fe5880856dccec072b2cc8e__87.0.jpg,57,speed_limit_70,57,speed_limit_70,0.9999634027481079,"[57, 52, 56]","[0.9999634027481079, 1.8739166989689693e-05, 1.715396501822397e-05]",True
/content/MargDrishti/data/processed/crops/test/hospital_ahead/hospital_ahead-1_jpeg.rf.1c7413f805e663ccde6d1eac9e155e63__88.0.jpg,22,hospital_ahead,22,hospital_ahead,1.0,"[22, 9, 39]","[1.0, 3.4456291986284526e-11, 8.778953258792299e-12]",True
/content/MargDrishti/data/processed/crops/test/right_reverse_bend/right_reverse_bend-27_jpg.rf.1c8ce6eb8d6552d11cd0bd0b5ace184a__89.0.jpg,43,right_reverse_bend,43,right_reverse_bend,0.9959359169006348,"[43, 47, 46]","[0.9959359169006348, 0.0023268547374755144, 0.00035617395769804716]",True
/content/MargDrishti/data/processed/crops/test/hump_or_rough_road/hump_or_rough_road-66_jpg.rf.1c8a96b993f0ee2bcbf95589638b8620__90.0.jpg,23,hump_or_rough_road,23,hump_or_rough_road,0.5956249833106995,"[23, 60, 15]","[0.5956249833106995, 0.4021155536174774, 0.001554465270601213]",True
/content/MargDrishti/data/processed/crops/test/staggered_intersection/staggered_intersection-10_png.rf.1d7f4dd071c540b3f33f75e99549afce__91.0.jpg,59,staggered_intersection,59,staggered_intersection,0.9999997615814209,"[59, 47, 68]","[0.9999997615814209, 8.711913324077614e-08, 6.215184811253494e-08]",True
/content/MargDrishti/data/processed/crops/test/restriction_ends/restriction_ends-3_jpeg.rf.1d56c62283723c63a2a621da8a668dca__92.0.jpg,41,restriction_ends,41,restriction_ends,1.0,"[41, 45, 42]","[1.0, 2.909652702695435e-14, 3.3319188709891433e-15]",True
/content/MargDrishti/data/processed/crops/test/stop/stop-26_jpg.rf.1dcb399e74a7c2586ad3ab6d9331d1cd__93.0.jpg,62,stop,62,stop,0.9998270869255066,"[62, 32, 51]","[0.9998270869255066, 0.00016450548719149083, 4.950868515152251e-06]",True
/content/MargDrishti/data/processed/crops/test/cycle_crossing/cycle_crossing-68_png.rf.1dca711482a38ba64397b03e75e7d915__94.0.jpg,14,cycle_crossing,14,cycle_crossing,0.9940944314002991,"[14, 28, 29]","[0.9940944314002991, 0.005903247743844986, 1.981651166715892e-06]",True
/content/MargDrishti/data/processed/crops/test/compulsary_ahead_or_turn_left/compulsary_ahead_or_turn_left-22_png.rf.1f39dfc926b2628e9ac6ab32ae1eb2e2__95.0.jpg,6,compulsary_ahead_or_turn_left,6,compulsary_ahead_or_turn_left,1.0,"[6, 45, 8]","[1.0, 1.4828299720916205e-13, 1.322240877037065e-14]",True
/content/MargDrishti/data/processed/crops/test/give_way/give_way-4_png.rf.201b0dee177a026be6923045a62ab6a4__97.0.jpg,18,give_way,18,give_way,1.0,"[18, 22, 31]","[1.0, 2.983422536795288e-11, 1.6180693937495327e-11]",True
/content/MargDrishti/data/processed/crops/test/loose_gravel/loose_gravel-10_jpeg.rf.201fa8b332fb74fa78676e6b850dbd85__98.0.jpg,28,loose_gravel,28,loose_gravel,0.9973324537277222,"[28, 68, 14]","[0.9973324537277222, 0.0010815595742315054, 0.0004088445857632905]",True
/content/MargDrishti/data/processed/crops/test/narrow_road_ahead/narrow_road_ahead-27_png.rf.201f991aa4a825211819e5c4a77b1de9__99.0.jpg,31,narrow_road_ahead,31,narrow_road_ahead,0.9469196796417236,"[31, 29, 22]","[0.9469196796417236, 0.014347999356687069, 0.005929552484303713]",True
/content/MargDrishti/data/processed/crops/test/axle_load_limit/axle_load_limit-66_jpg.rf.1ff7a5333f6ba1fba7777cb3a1e2f867__100.0.jpg,1,axle_load_limit,1,axle_load_limit,1.0,"[1, 27, 0]","[1.0, 3.5936958964200016e-10, 1.1808151678671663e-10]",True
/content/MargDrishti/data/processed/crops/test/left_turn_prohibited/left_turn_prohibited-20_jpg.rf.202e0e414c533fb8f0648d185e73313c__101.0.jpg,26,left_turn_prohibited,26,left_turn_prohibited,1.0,"[26, 21, 14]","[1.0, 1.6190343510302796e-09, 1.1038295277820964e-11]",True
/content/MargDrishti/data/processed/crops/test/school_ahead/school_ahead-63_png.rf.20c86d7df0dfc0db6905fa0b49783e24__102.0.jpg,46,school_ahead,46,school_ahead,0.99964439868927,"[46, 37, 14]","[0.99964439868927, 0.00022192719916347414, 0.00011154486855957657]",True
/content/MargDrishti/data/processed/crops/test/dangerous_dip/dangerous_dip-15_jpg.rf.204c670b88c989426e915f8cdf07bf90__103.0.jpg,15,dangerous_dip,15,dangerous_dip,1.0,"[15, 23, 14]","[1.0, 4.986456048072796e-08, 5.248954160208541e-09]",True
/content/MargDrishti/data/processed/crops/test/right_hand_curve/right_hand_curve-8_jpg.rf.21a03686facf94905fc52038078f630a__104.0.jpg,42,right_hand_curve,42,right_hand_curve,0.9999998807907104,"[42, 43, 31]","[0.9999998807907104, 1.0212512790985784e-07, 1.2172448826675009e-08]",True
/content/MargDrishti/data/processed/crops/test/speed_limit_60/speed_limit_60-27_png.rf.2109ef60759c7665924b79d48100b918__105.0.jpg,56,speed_limit_60,56,speed_limit_60,0.9998062252998352,"[56, 51, 57]","[0.9998062252998352, 8.539325790479779e-05, 4.897151666227728e-05]",True
/content/MargDrishti/data/processed/crops/test/truck_prohibited/truck_prohibited-45_jpg.rf.2161aab7f688d8b3cb234c003632d7a6__106.0.jpg,65,truck_prohibited,65,truck_prohibited,0.9997261166572571,"[65, 2, 21]","[0.9997261166572571, 0.00025603140238672495, 1.4651256606157403e-05]",True
/content/MargDrishti/data/processed/crops/test/speed_limit_20/speed_limit_20-9_jpg.rf.21f841fe7c3d7842f2e9ee88e444f405__107.0.jpg,52,speed_limit_20,52,speed_limit_20,0.7610369324684143,"[52, 57, 53]","[0.7610369324684143, 0.23896215856075287, 8.107122084766161e-07]",True
/content/MargDrishti/data/processed/crops/test/narrow_road_ahead/narrow_road_ahead-38_jpg.rf.22881ff490ce515f5990bb0dec74393e__108.0.jpg,31,narrow_road_ahead,31,narrow_road_ahead,0.8926457166671753,"[31, 48, 37]","[0.8926457166671753, 0.04839431867003441, 0.014282324351370335]",True
/content/MargDrishti/data/processed/crops/test/compulsary_turn_left_ahead/compulsary_turn_left_ahead-4_png.rf.22c53d61c341464d890978ec6668bd07__109.0.jpg,11,compulsary_turn_left_ahead,11,compulsary_turn_left_ahead,1.0,"[11, 9, 6]","[1.0, 9.43001839809332e-12, 1.946312441726203e-13]",True
/content/MargDrishti/data/processed/crops/test/compulsary_keep_left/compulsary_keep_left-59_jpg.rf.228bfd9f2dbf108d0c485836f4979ef2__110.0.jpg,8,compulsary_keep_left,8,compulsary_keep_left,1.0,"[8, 12, 7]","[1.0, 1.5548799581210915e-08, 2.488136243263342e-14]",True
/content/MargDrishti/data/processed/crops/test/falling_rocks/falling_rocks-49_jpg.rf.22c6a9ef840f8a8c4848ca1ee3a67817__111.0.jpg,16,falling_rocks,16,falling_rocks,0.9993045330047607,"[16, 68, 60]","[0.9993045330047607, 0.0006251773447729647, 5.005371349398047e-05]",True
/content/MargDrishti/data/processed/crops/test/u_turn_prohibited/u_turn_prohibited-27_jpeg.rf.2350f66c4b031a9c46fa57c7e513339c__112.0.jpg,67,u_turn_prohibited,67,u_turn_prohibited,1.0,"[67, 66, 35]","[1.0, 1.6331460628293826e-09, 9.699741010393836e-10]",True
/content/MargDrishti/data/processed/crops/test/height_limit/height_limit-24_jpg.rf.2623f69c23592c7251f99a82e3c74d8a__113.0.jpg,20,height_limit,20,height_limit,1.0,"[20, 69, 35]","[1.0, 3.222377698008927e-09, 9.072920748032232e-10]",True
/content/MargDrishti/data/processed/crops/test/slippery_road/slippery_road-40_jpg.rf.23c114c8c130fec560d42ac8dbad5696__114.0.jpg,49,slippery_road,49,slippery_road,1.0,"[49, 40, 14]","[1.0, 4.817023224745753e-09, 5.962786514546181e-11]",True
/content/MargDrishti/data/processed/crops/test/no_stopping_or_standing/no_stopping_or_standing-8_jpg.rf.24ca367cc86a6a34f96a62fbc1909f9e__115.0.jpg,34,no_stopping_or_standing,34,no_stopping_or_standing,0.9999434947967529,"[34, 56, 41]","[0.9999434947967529, 2.3114156647352502e-05, 6.458850748458644e-06]",True
/content/MargDrishti/data/processed/crops/test/petrol_pump_ahead/petrol_pump_ahead-22_jpeg.rf.23da4c656b29e0a259301c8d40701940__116.0.jpg,39,petrol_pump_ahead,39,petrol_pump_ahead,0.9996753931045532,"[39, 22, 4]","[0.9996753931045532, 0.0001736937410896644, 0.0001363479532301426]",True
/content/MargDrishti/data/processed/crops/test/guarded_level_crossing/guarded_level_crossing-36_jpeg.rf.268689687fea22fbf0ddb0522a6102c4__117.0.jpg,19,guarded_level_crossing,19,guarded_level_crossing,0.9931000471115112,"[19, 60, 15]","[0.9931000471115112, 0.006482613272964954, 0.0003317618102300912]",True
/content/MargDrishti/data/processed/crops/test/compulsary_sound_horn/compulsary_sound_horn-19_jpg.rf.26372b8cdadb822ae16ff7f511e10bb3__118.0.jpg,10,compulsary_sound_horn,10,compulsary_sound_horn,1.0,"[10, 22, 7]","[1.0, 6.505298077996713e-09, 5.153068638463765e-09]",True
/content/MargDrishti/data/processed/crops/test/y_intersection/y_intersection-10_png.rf.26bd88f7ef61ef83f7c0025d1b0f6dfe__119.0.jpg,70,y_intersection,70,y_intersection,0.999277651309967,"[70, 63, 59]","[0.999277651309967, 0.0007202294655144215, 1.2925409009767463e-06]",True
/content/MargDrishti/data/processed/crops/test/narrow_road_ahead/narrow_road_ahead-45_png.rf.267aaec49d6d0371a95628bbe1d5dab4__120.0.jpg,31,narrow_road_ahead,31,narrow_road_ahead,0.9533538222312927,"[31, 14, 37]","[0.9533538222312927, 0.023213405162096024, 0.01932706870138645]",True
/content/MargDrishti/data/processed/crops/test/axle_load_limit/axle_load_limit-54_jpg.rf.26d3c49fe61b51807d85aedf19f9e93d__121.0.jpg,1,axle_load_limit,1,axle_load_limit,1.0,"[1, 22, 38]","[1.0, 4.856750418502642e-12, 2.5650063670279444e-12]",True
/content/MargDrishti/data/processed/crops/test/speed_limit_50/speed_limit_50-18_png.rf.26e60178196afb5695673508c00d2adf__122.0.jpg,55,speed_limit_50,55,speed_limit_50,0.9999969005584717,"[55, 53, 58]","[0.9999969005584717, 2.238870592918829e-06, 8.420591370850161e-07]",True
/content/MargDrishti/data/processed/crops/test/height_limit/height_limit-18_jpeg.rf.26f3175d7c5aea09c74772fdd73c5d26__123.0.jpg,20,height_limit,28,loose_gravel,0.6227028369903564,"[28, 14, 29]","[0.6227028369903564, 0.31409981846809387, 0.0288604274392128]",False
/content/MargDrishti/data/processed/crops/test/speed_limit_80/speed_limit_80-24_png.rf.27a003f35989c637d74399e3ea04234e__124.0.jpg,58,speed_limit_80,58,speed_limit_80,0.7137318253517151,"[58, 53, 56]","[0.7137318253517151, 0.20298944413661957, 0.03943163529038429]",True
/content/MargDrishti/data/processed/crops/test/speed_limit_70/speed_limit_70-49_png.rf.280a9957a06a82d1ca03274fdc52957d__125.0.jpg,57,speed_limit_70,57,speed_limit_70,0.9966160655021667,"[57, 50, 52]","[0.9966160655021667, 0.002331025432795286, 0.0004869127878919244]",True
/content/MargDrishti/data/processed/crops/test/right_turn_prohibited/right_turn_prohibited-32_jpg.rf.28282fb6b06f79fca1dbfadca6b84127__126.0.jpg,44,right_turn_prohibited,44,right_turn_prohibited,0.9993962049484253,"[44, 33, 0]","[0.9993962049484253, 0.0006037300336174667, 5.32353494619997e-10]",True
/content/MargDrishti/data/processed/crops/test/dangerous_dip/dangerous_dip-6_png.rf.284aa86ecc7b6573e370795bbf0bbe39__127.0.jpg,15,dangerous_dip,15,dangerous_dip,0.9998151659965515,"[15, 28, 31]","[0.9998151659965515, 0.00017776081222109497, 3.862318862957181e-06]",True
/content/MargDrishti/data/processed/crops/test/hump_or_rough_road/hump_or_rough_road-52_jpg.rf.27843b139b296e618f1a3f588beab1e2__128.0.jpg,23,hump_or_rough_road,23,hump_or_rough_road,1.0,"[23, 15, 61]","[1.0, 4.163454025984947e-09, 2.2243948349931486e-10]",True
/content/MargDrishti/data/processed/crops/test/school_ahead/school_ahead-43_jpg.rf.290dacc8f8624578839ff47a8b076d5d__129.0.jpg,46,school_ahead,46,school_ahead,0.9999175071716309,"[46, 16, 19]","[0.9999175071716309, 4.543165778159164e-05, 1.627562232897617e-05]",True
/content/MargDrishti/data/processed/crops/test/steep_descent/steep_descent-19_jpg.rf.28fe10f2b2d1eff22a48f8e6b170aa28__130.0.jpg,61,steep_descent,61,steep_descent,0.9163252115249634,"[61, 46, 4]","[0.9163252115249634, 0.016987662762403488, 0.01573849841952324]",True
/content/MargDrishti/data/processed/crops/test/bullock_cart_and_hand_cart_prohibited/bullock_cart_and_hand_cart_prohibited-8_jpg.rf.29f2bcf92775a941d9b139fbe6666427__131.0.jpg,2,bullock_cart_and_hand_cart_prohibited,2,bullock_cart_and_hand_cart_prohibited,0.9995718598365784,"[2, 35, 65]","[0.9995718598365784, 0.00027678770129568875, 0.00010622592526488006]",True
/content/MargDrishti/data/processed/crops/test/compulsary_keep_right/compulsary_keep_right-37_png.rf.2a596bd65a7323694360d30ba9ad5178__132.0.jpg,9,compulsary_keep_right,9,compulsary_keep_right,0.9999415874481201,"[9, 11, 45]","[0.9999415874481201, 2.6378675102023408e-05, 1.053708456311142e-05]",True
/content/MargDrishti/data/processed/crops/test/u_turn_prohibited/u_turn_prohibited-24_jpg.rf.2a42317c9a2a49cc453851525a03d2fa__133.0.jpg,67,u_turn_prohibited,67,u_turn_prohibited,0.9989649057388306,"[67, 33, 66]","[0.9989649057388306, 0.0006299716769717634, 0.0002928207104559988]",True
/content/MargDrishti/data/processed/crops/test/right_hand_curve/right_hand_curve-30_jpg.rf.2b4fdb0a5b9e06bf6d74eb6f3aea4df2__134.0.jpg,42,right_hand_curve,42,right_hand_curve,0.9999997615814209,"[42, 43, 49]","[0.9999997615814209, 2.870087030260038e-07, 2.6686228782324406e-09]",True
/content/MargDrishti/data/processed/crops/test/cattle_ahead/cattle_ahead-21_jpg.rf.29e348f62c99662094de833899bef472__135.0.jpg,3,cattle_ahead,3,cattle_ahead,0.9999996423721313,"[3, 13, 49]","[0.9999996423721313, 2.6919678930426016e-07, 9.966333891497925e-08]",True
/content/MargDrishti/data/processed/crops/test/school_ahead/school_ahead-19_jpg.rf.2b6bc408c6a4caec9a701e6fa7f2a27d__136.0.jpg,46,school_ahead,46,school_ahead,0.9989916682243347,"[46, 14, 37]","[0.9989916682243347, 0.0009251474984921515, 7.584070408483967e-05]",True
/content/MargDrishti/data/processed/crops/test/height_limit/height_limit-10_png.rf.2b7834e87a56de094c9d90936bf87b6a__137.0.jpg,20,height_limit,20,height_limit,1.0,"[20, 69, 27]","[1.0, 5.585766515991963e-09, 1.5462057632517623e-12]",True
/content/MargDrishti/data/processed/crops/test/cattle_ahead/cattle_ahead-5_jpg.rf.2bf9c249ab21abb906f3f57b4b9923fa__138.0.jpg,3,cattle_ahead,3,cattle_ahead,0.9999998807907104,"[3, 61, 15]","[0.9999998807907104, 6.84744421164396e-08, 4.173314849253984e-08]",True
/content/MargDrishti/data/processed/crops/test/compulsary_ahead_or_turn_left/compulsary_ahead_or_turn_left-6_png.rf.2c556b547e694e8f3bddf7e7fd6f2277__139.0.jpg,6,compulsary_ahead_or_turn_left,6,compulsary_ahead_or_turn_left,1.0,"[6, 45, 8]","[1.0, 1.1548315637099904e-09, 1.4030119947772146e-11]",True
/content/MargDrishti/data/processed/crops/test/side_road_left/side_road_left-58_jpeg.rf.2b86405df659181d8f301ab512ab72ef__140.0.jpg,47,side_road_left,47,side_road_left,0.9999874830245972,"[47, 17, 43]","[0.9999874830245972, 8.843716386763845e-06, 2.1068121895950753e-06]",True
/content/MargDrishti/data/processed/crops/test/compulsary_ahead/compulsary_ahead-12_png.rf.2c5dc810cf0e70b16e51696af4269888__141.0.jpg,5,compulsary_ahead,5,compulsary_ahead,0.9999986886978149,"[5, 12, 11]","[0.9999986886978149, 6.709864237564034e-07, 5.293577487464063e-07]",True
/content/MargDrishti/data/processed/crops/test/falling_rocks/falling_rocks-10_jpeg.rf.2cbcf1993d3f5ebc664f8eb4f51ee022__142.0.jpg,16,falling_rocks,16,falling_rocks,0.9998619556427002,"[16, 28, 66]","[0.9998619556427002, 5.729061012971215e-05, 3.722003384609707e-05]",True
/content/MargDrishti/data/processed/crops/test/quay_side_or_river_bank/quay_side_or_river_bank-39_jpg.rf.2cf677c38bdaf6adb10653782adac9ab__143.0.jpg,40,quay_side_or_river_bank,40,quay_side_or_river_bank,0.662028968334198,"[40, 61, 15]","[0.662028968334198, 0.33543661236763, 0.002328330185264349]",True
/content/MargDrishti/data/processed/crops/test/speed_limit_60/speed_limit_60-11_jpg.rf.2cfa2841ebbc36c49d6d088bc63c2889__144.0.jpg,56,speed_limit_60,58,speed_limit_80,0.5103758573532104,"[58, 56, 55]","[0.5103758573532104, 0.4871619641780853, 0.0021746866405010223]",False
/content/MargDrishti/data/processed/crops/test/compulsary_turn_left_ahead/compulsary_turn_left_ahead-54_png.rf.2d53d2679c689ad8d3921bfb8a0496ae__146.0.jpg,11,compulsary_turn_left_ahead,11,compulsary_turn_left_ahead,1.0,"[11, 9, 7]","[1.0, 5.013286452637544e-10, 3.667176284860574e-10]",True
/content/MargDrishti/data/processed/crops/test/falling_rocks/falling_rocks-58_jpg.rf.2e723fc9892e51beeea8c30c24da2003__147.0.jpg,16,falling_rocks,16,falling_rocks,0.9999995231628418,"[16, 40, 14]","[0.9999995231628418, 5.318889293448592e-07, 3.790513858348277e-08]",True
/content/MargDrishti/data/processed/crops/test/compulsary_sound_horn/compulsary_sound_horn-16_jpg.rf.2dec229531d5c1aa185a4b59e04725b7__148.0.jpg,10,compulsary_sound_horn,10,compulsary_sound_horn,0.9976230263710022,"[10, 7, 9]","[0.9976230263710022, 0.002345266053453088, 2.017623592109885e-05]",True
/content/MargDrishti/data/processed/crops/test/pedestrian_crossing/pedestrian_crossing-26_jpg.rf.2ea8e5483d3ade080d841bf84be91ca4__149.0.jpg,37,pedestrian_crossing,37,pedestrian_crossing,0.972981870174408,"[37, 59, 14]","[0.972981870174408, 0.02261756733059883, 0.0013499633641913533]",True
/content/MargDrishti/data/processed/crops/test/staggered_intersection/staggered_intersection-26_png.rf.2ea093cafda71a8da8f2c59c57359f2a__150.0.jpg,59,staggered_intersection,59,staggered_intersection,0.9999998807907104,"[59, 47, 63]","[0.9999998807907104, 9.556620739203936e-08, 5.382855938762532e-09]",True
/content/MargDrishti/data/processed/crops/test/t_intersection/t_intersection-36_jpg.rf.2eceedd840d99eed0eb5c7af3e52c0c3__151.0.jpg,63,t_intersection,3,cattle_ahead,0.764946699142456,"[3, 63, 48]","[0.764946699142456, 0.2221413552761078, 0.0027909441851079464]",False
/content/MargDrishti/data/processed/crops/test/no_entry/no_entry-18_jpg.rf.2ec15ed7db3b3d51c91b3291155ee97d__152.0.jpg,32,no_entry,32,no_entry,0.9988235831260681,"[32, 62, 60]","[0.9988235831260681, 0.001176353543996811, 7.90992338295382e-09]",True
/content/MargDrishti/data/processed/crops/test/pass_either_side/pass_either_side-42_jpg.rf.2ee1d7b0594e1b2193dbe6766acd5ff0__153.0.jpg,36,pass_either_side,36,pass_either_side,0.9999998807907104,"[36, 12, 6]","[0.9999998807907104, 1.1216315698447943e-07, 2.4286461730582687e-09]",True
/content/MargDrishti/data/processed/crops/test/side_road_left/side_road_left-12_jpg.rf.2f39705fc2f51a9002ad8b817c6e278c__154.0.jpg,47,side_road_left,47,side_road_left,0.7274501919746399,"[47, 70, 17]","[0.7274501919746399, 0.10426980257034302, 0.055711910128593445]",True
/content/MargDrishti/data/processed/crops/test/cycle_crossing/cycle_crossing-41_jpg.rf.2f483bad1b88a388b7d976f497b6e7de__155.0.jpg,14,cycle_crossing,14,cycle_crossing,0.999744713306427,"[14, 28, 19]","[0.999744713306427, 0.0002326808898942545, 1.4609362551709637e-05]",True
/content/MargDrishti/data/processed/crops/test/narrow_road_ahead/narrow_road_ahead-68_jpg.rf.2f7a925a7f4fecf5df88db2a82223125__156.0.jpg,31,narrow_road_ahead,66,u_turn,0.6254966855049133,"[66, 31, 57]","[0.6254966855049133, 0.15416644513607025, 0.06258665770292282]",False
/content/MargDrishti/data/processed/crops/test/traffic_signal/traffic_signal-4_jpg.rf.2ffde25e96684338c1023d80fcfb7cde__157.0.jpg,64,traffic_signal,64,traffic_signal,0.9999895095825195,"[64, 62, 4]","[0.9999895095825195, 6.436310286517255e-06, 2.0679219687735895e-06]",True
/content/MargDrishti/data/processed/crops/test/speed_limit_60/speed_limit_60-10_jpg.rf.313bc6fe35234eff2ae6370ec5eb9b20__158.0.jpg,56,speed_limit_60,56,speed_limit_60,0.9933637380599976,"[56, 58, 55]","[0.9933637380599976, 0.0066201635636389256, 1.5341027392423712e-05]",True
/content/MargDrishti/data/processed/crops/test/pass_either_side/pass_either_side-12_jpeg.rf.312c721f979bf56e225c246e093d40c5__159.0.jpg,36,pass_either_side,36,pass_either_side,1.0,"[36, 22, 12]","[1.0, 3.735452480668755e-08, 1.1274028821617321e-08]",True
/content/MargDrishti/data/processed/crops/test/speed_limit_50/speed_limit_50-30_png.rf.30e758eb915fe8e818dc2230c743b3a6__160.0.jpg,55,speed_limit_50,55,speed_limit_50,0.9999861717224121,"[55, 53, 58]","[0.9999861717224121, 1.3472570572048426e-05, 1.650374201744853e-07]",True
/content/MargDrishti/data/processed/crops/test/no_parking/no_parking-42_jpg.rf.32d58dfc524fba4475d4dff3a8c4f5d1__161.0.jpg,33,no_parking,33,no_parking,1.0,"[33, 27, 44]","[1.0, 9.902245690085465e-10, 1.5148728105263132e-10]",True
/content/MargDrishti/data/processed/crops/test/falling_rocks/falling_rocks-29_jpg.rf.31ea52d4a56a329a5262f075c93baafe__162.0.jpg,16,falling_rocks,16,falling_rocks,0.9996393918991089,"[16, 23, 37]","[0.9996393918991089, 9.293054608860984e-05, 6.030508302501403e-05]",True
/content/MargDrishti/data/processed/crops/test/width_limit/width_limit-28_jpg.rf.31d1b951d5155c6b8f35b644e343e924__164.0.jpg,69,width_limit,52,speed_limit_20,0.6294681429862976,"[52, 69, 1]","[0.6294681429862976, 0.3701680600643158, 0.00015748824807815254]",False
/content/MargDrishti/data/processed/crops/test/cross_road/cross_road-34_jpg.rf.32e6be62e0882c924a2a01674871b219__165.0.jpg,13,cross_road,13,cross_road,1.0,"[13, 49, 30]","[1.0, 7.420829284399133e-09, 6.723163359367845e-09]",True
/content/MargDrishti/data/processed/crops/test/school_ahead/school_ahead-2_jpg.rf.331c1a5ea7eb7beab80eb1f8867e3a31__166.0.jpg,46,school_ahead,46,school_ahead,0.9998457431793213,"[46, 37, 30]","[0.9998457431793213, 7.112450839485973e-05, 6.665109685854986e-05]",True
/content/MargDrishti/data/processed/crops/test/hump_or_rough_road/hump_or_rough_road-53_jpg.rf.33715adf92a6e3e8a28ab27a534a64ae__167.0.jpg,23,hump_or_rough_road,23,hump_or_rough_road,0.9975448250770569,"[23, 3, 60]","[0.9975448250770569, 0.002086973050609231, 0.0001931651058839634]",True
/content/MargDrishti/data/processed/crops/test/compulsary_keep_right/compulsary_keep_right-7_png.rf.34136bca2758b218a4aa6a28582250e7__168.0.jpg,9,compulsary_keep_right,9,compulsary_keep_right,0.9998466968536377,"[9, 7, 56]","[0.9998466968536377, 3.725152782863006e-05, 2.4953649699455127e-05]",True
/content/MargDrishti/data/processed/crops/test/side_road_right/side_road_right-28_jpg.rf.34195ce18ba06a6c11a0f9d00d4668df__169.0.jpg,48,side_road_right,48,side_road_right,0.9949721097946167,"[48, 59, 63]","[0.9949721097946167, 0.004518446512520313, 0.0004897349281236529]",True
/content/MargDrishti/data/processed/crops/test/guarded_level_crossing/guarded_level_crossing-20_jpg.rf.34584a4f12bda8be230b5e8007f14aa4__170.0.jpg,19,guarded_level_crossing,19,guarded_level_crossing,0.9999039173126221,"[19, 60, 68]","[0.9999039173126221, 7.51467450754717e-05, 1.804220119083766e-05]",True
/content/MargDrishti/data/processed/crops/test/speed_limit_40/speed_limit_40-30_jpg.rf.346963ec85ac91b92e4a4a3da790b2d0__171.0.jpg,54,speed_limit_40,54,speed_limit_40,0.9999997615814209,"[54, 56, 52]","[0.9999997615814209, 2.536299348321336e-07, 3.028628725587623e-08]",True
/content/MargDrishti/data/processed/crops/test/compulsary_keep_left/compulsary_keep_left-58_jpg.rf.35932bcf415d52f41e27cbff7c5083fe__172.0.jpg,8,compulsary_keep_left,8,compulsary_keep_left,1.0,"[8, 12, 10]","[1.0, 1.0465354971511687e-10, 1.4950623204723623e-12]",True
/content/MargDrishti/data/processed/crops/test/speed_limit_120/speed_limit_120-64_png.rf.35c96b3a328e7ed001608b752e9dbea4__173.0.jpg,51,speed_limit_120,51,speed_limit_120,0.8571681380271912,"[51, 50, 58]","[0.8571681380271912, 0.14118188619613647, 0.0005832389579154551]",True
/content/MargDrishti/data/processed/crops/test/chevron_direction/chevron_direction-38_jpg.rf.369098b05dfcbcaff7633ec7284684fd__174.0.jpg,4,chevron_direction,4,chevron_direction,0.9996603727340698,"[4, 18, 45]","[0.9996603727340698, 0.00033427265589125454, 1.91496405932412e-06]",True
/content/MargDrishti/data/processed/crops/test/compulsary_ahead_or_turn_right/compulsary_ahead_or_turn_right-41_png.rf.36310a1d48c30c4c350a6066bab400c3__175.0.jpg,7,compulsary_ahead_or_turn_right,7,compulsary_ahead_or_turn_right,1.0,"[7, 9, 5]","[1.0, 6.729176660336122e-10, 5.6477246490604927e-11]",True
/content/MargDrishti/data/processed/crops/test/speed_limit_80/speed_limit_80-22_png.rf.36d045ee95cb288ceba8b6a010137125__176.0.jpg,58,speed_limit_80,58,speed_limit_80,0.9992052912712097,"[58, 55, 53]","[0.9992052912712097, 0.0007901940844021738, 2.1879288851778256e-06]",True
/content/MargDrishti/data/processed/crops/test/all_motor_vehicle_prohibited/all_motor_vehicle_prohibited-66_jpg.rf.36422ab481eff51a7abb4b7f3426e1ce__177.0.jpg,0,all_motor_vehicle_prohibited,0,all_motor_vehicle_prohibited,0.9983354210853577,"[0, 62, 50]","[0.9983354210853577, 0.0004389609966892749, 0.000358009769115597]",True
/content/MargDrishti/data/processed/crops/test/no_parking/no_parking-28_jpeg.rf.36fa078b058bd0a4e4f9090f8474d57b__178.0.jpg,33,no_parking,62,stop,0.25270676612854004,"[62, 32, 51]","[0.25270676612854004, 0.14502011239528656, 0.14378254115581512]",False
/content/MargDrishti/data/processed/crops/test/u_turn/u_turn-47_jpg.rf.375c73fb879884220c758d12dfe1aa37__179.0.jpg,66,u_turn,66,u_turn,0.9999990463256836,"[66, 45, 30]","[0.9999990463256836, 3.659220340068714e-07, 2.27087014081917e-07]",True
/content/MargDrishti/data/processed/crops/test/pedestrian_crossing/pedestrian_crossing-36_png.rf.38af51545c268223e7b257d481c77866__180.0.jpg,37,pedestrian_crossing,37,pedestrian_crossing,1.0,"[37, 46, 30]","[1.0, 1.2255127579408054e-08, 6.6329333137105095e-09]",True
/content/MargDrishti/data/processed/crops/test/dangerous_dip/dangerous_dip-26_jpeg.rf.37f0b8476a147b5aba773ce7768abafb__181.0.jpg,15,dangerous_dip,15,dangerous_dip,0.9999328851699829,"[15, 23, 19]","[0.9999328851699829, 5.7939207181334496e-05, 6.065266006771708e-06]",True
/content/MargDrishti/data/processed/crops/test/y_intersection/y_intersection-42_jpeg.rf.37dd0b534f3589a7dd29fe18e1387061__182.0.jpg,70,y_intersection,70,y_intersection,0.9998787641525269,"[70, 63, 59]","[0.9998787641525269, 0.00011794434249168262, 1.110942775994772e-06]",True
/content/MargDrishti/data/processed/crops/test/left_turn_prohibited/left_turn_prohibited-68_jpg.rf.374330b63f8b71bae7f7ea3009e0d312__183.0.jpg,26,left_turn_prohibited,26,left_turn_prohibited,0.9999996423721313,"[26, 67, 46]","[0.9999996423721313, 1.826590647624471e-07, 1.159652924798138e-07]",True
/content/MargDrishti/data/processed/crops/test/roundabout/roundabout-1_jpg.rf.3800b10955788a00dee4ca928cc9e556__184.0.jpg,45,roundabout,45,roundabout,0.979152262210846,"[45, 51, 67]","[0.979152262210846, 0.009748131968080997, 0.002478057285770774]",True
/content/MargDrishti/data/processed/crops/test/no_entry/no_entry-68_jpg.rf.393a0f199b7e9317efd42be83e04760f__185.0.jpg,32,no_entry,32,no_entry,0.9911284446716309,"[32, 62, 2]","[0.9911284446716309, 0.008869906887412071, 5.401049634201627e-07]",True
/content/MargDrishti/data/processed/crops/test/speed_limit_100/speed_limit_100-43_png.rf.393683706e6c6ec9e8915558c668b94a__186.0.jpg,50,speed_limit_100,50,speed_limit_100,0.9932326078414917,"[50, 51, 58]","[0.9932326078414917, 0.006767362356185913, 4.880587667344116e-08]",True
/content/MargDrishti/data/processed/crops/test/compulsary_ahead/compulsary_ahead-36_png.rf.3953cfe6dce88dd02b7dce5fa534a136__187.0.jpg,5,compulsary_ahead,5,compulsary_ahead,0.9999953508377075,"[5, 12, 11]","[0.9999953508377075, 4.5567644519906025e-06, 1.290031690359683e-07]",True
/content/MargDrishti/data/processed/crops/test/roundabout/roundabout-11_jpg.rf.38e5ddf38994c404646fc95d6b1a1e41__188.0.jpg,45,roundabout,45,roundabout,0.9988357424736023,"[45, 66, 40]","[0.9988357424736023, 0.00042567364289425313, 0.0002601128362584859]",True
/content/MargDrishti/data/processed/crops/test/right_reverse_bend/right_reverse_bend-55_jpg.rf.39d03c86a760c91fda13d9c8d7744df8__189.0.jpg,43,right_reverse_bend,43,right_reverse_bend,1.0,"[43, 40, 47]","[1.0, 2.2701820891896096e-12, 6.362048474845006e-13]",True
/content/MargDrishti/data/processed/crops/test/side_road_right/side_road_right-37_jpeg.rf.39927431192029573da5fbc9833621f9__190.0.jpg,48,side_road_right,48,side_road_right,0.6203562021255493,"[48, 3, 63]","[0.6203562021255493, 0.2747170031070709, 0.03436112403869629]",True
/content/MargDrishti/data/processed/crops/test/y_intersection/y_intersection-36_jpg.rf.39e94a69974864e6f43b6b63c928df13__191.0.jpg,70,y_intersection,70,y_intersection,0.9949512481689453,"[70, 63, 64]","[0.9949512481689453, 0.005048648454248905, 7.012906877434943e-08]",True
/content/MargDrishti/data/processed/crops/test/men_at_work/men_at_work-37_png.rf.3a1e56312ddb1dcf243fb60f32247d30__192.0.jpg,29,men_at_work,29,men_at_work,0.999998927116394,"[29, 37, 23]","[0.999998927116394, 5.183775328987394e-07, 2.78852212431957e-07]",True
/content/MargDrishti/data/processed/crops/test/speed_limit_20/speed_limit_20-50_png.rf.3a615ecc89a5afb2fac6500bfa996793__193.0.jpg,52,speed_limit_20,52,speed_limit_20,0.9999961853027344,"[52, 53, 57]","[0.9999961853027344, 2.2914578039490152e-06, 1.5285521612895536e-06]",True
/content/MargDrishti/data/processed/crops/test/u_turn_prohibited/u_turn_prohibited-28_jpg.rf.3ab81db1dadd32dcef89dfb70ca8d1d9__194.0.jpg,67,u_turn_prohibited,67,u_turn_prohibited,0.999518632888794,"[67, 26, 66]","[0.999518632888794, 0.00030083386809565127, 0.00012591396807692945]",True
/content/MargDrishti/data/processed/crops/test/cattle_ahead/cattle_ahead-42_jpg.rf.3a4d7c57b6489412d37706641ab36c93__195.0.jpg,3,cattle_ahead,3,cattle_ahead,0.9997847676277161,"[3, 63, 19]","[0.9997847676277161, 0.0001025386227411218, 7.230577466543764e-05]",True
/content/MargDrishti/data/processed/crops/test/speed_limit_30/speed_limit_30-20_png.rf.3a2b8fae59c573b602d22f1570533cb2__196.0.jpg,53,speed_limit_30,53,speed_limit_30,0.9990391731262207,"[53, 58, 52]","[0.9990391731262207, 0.0008601834415458143, 5.838023207616061e-05]",True
/content/MargDrishti/data/processed/crops/test/all_motor_vehicle_prohibited/all_motor_vehicle_prohibited-4_jpg.rf.3b42c78e673298e360fc845c8e9a2a44__197.0.jpg,0,all_motor_vehicle_prohibited,0,all_motor_vehicle_prohibited,0.9967591166496277,"[0, 2, 67]","[0.9967591166496277, 0.0028949114494025707, 0.0001755193661665544]",True
/content/MargDrishti/data/processed/crops/test/school_ahead/school_ahead-12_jpg.rf.3b37dc37586cd2a04f495457f75caa7b__198.0.jpg,46,school_ahead,46,school_ahead,0.9913560152053833,"[46, 13, 37]","[0.9913560152053833, 0.003386065363883972, 0.0014171371003612876]",True
/content/MargDrishti/data/processed/crops/test/all_motor_vehicle_prohibited/all_motor_vehicle_prohibited-45_jpg.rf.3c7a0e8de3f5d617208ff1c84f383e3f__199.0.jpg,0,all_motor_vehicle_prohibited,65,truck_prohibited,0.7419781684875488,"[65, 2, 35]","[0.7419781684875488, 0.09161647409200668, 0.05829721689224243]",False
/content/MargDrishti/data/processed/crops/test/speed_limit_30/speed_limit_30-17_png.rf.3d47f8ce18f2439e6b973eff3c25c340__200.0.jpg,53,speed_limit_30,53,speed_limit_30,0.9912260174751282,"[53, 58, 55]","[0.9912260174751282, 0.00697277532890439, 0.0015656065661460161]",True
/content/MargDrishti/data/processed/crops/test/right_hand_curve/right_hand_curve-23_jpg.rf.3bd3198a43f5686576ac8a63ab2e0970__201.0.jpg,42,right_hand_curve,42,right_hand_curve,0.9999998807907104,"[42, 29, 43]","[0.9999998807907104, 3.7510808681417984e-08, 3.000873149971994e-08]",True
/content/MargDrishti/data/processed/crops/test/left_turn_prohibited/left_turn_prohibited-21_jpg.rf.3b9332546b7e7689b8032dc01f1514df__202.0.jpg,26,left_turn_prohibited,26,left_turn_prohibited,1.0,"[26, 21, 14]","[1.0, 3.5577150114818323e-09, 3.0963037689346606e-11]",True
/content/MargDrishti/data/processed/crops/test/speed_limit_30/speed_limit_30-24_png.rf.3cc2be026ff33e16491e6fb2c0831ccb__203.0.jpg,53,speed_limit_30,53,speed_limit_30,0.9993461966514587,"[53, 58, 52]","[0.9993461966514587, 0.00043206452392041683, 0.00016586871061008424]",True
/content/MargDrishti/data/processed/crops/test/school_ahead/school_ahead-53_png.rf.3c8c5b37fe98402a4db0c5887e1e6bf7__204.0.jpg,46,school_ahead,29,men_at_work,0.8323041796684265,"[29, 30, 14]","[0.8323041796684265, 0.06853536516427994, 0.06636419147253036]",False
/content/MargDrishti/data/processed/crops/test/school_ahead/school_ahead-32_jpg.rf.3dc439e9d1a8e29b3c46b10eb8f660bc__205.0.jpg,46,school_ahead,46,school_ahead,0.9999852180480957,"[46, 70, 61]","[0.9999852180480957, 1.3658240277436562e-05, 4.7239774403351475e-07]",True
/content/MargDrishti/data/processed/crops/test/narrow_bridge_ahead/narrow_bridge_ahead-69_jpg.rf.3db8018aa11671a7eb218d2f9f136373__206.0.jpg,30,narrow_bridge_ahead,30,narrow_bridge_ahead,0.6838831901550293,"[30, 37, 70]","[0.6838831901550293, 0.23039746284484863, 0.07722803205251694]",True
/content/MargDrishti/data/processed/crops/test/compulsary_ahead/compulsary_ahead-32_png.rf.3dd6ad19171aec9acbbd8817b89e6c8b__207.0.jpg,5,compulsary_ahead,5,compulsary_ahead,1.0,"[5, 11, 12]","[1.0, 7.144604019515555e-09, 5.158503624258515e-10]",True
/content/MargDrishti/data/processed/crops/test/compulsary_sound_horn/compulsary_sound_horn-17_jpg.rf.3df945924cec503a1f9ead546bd664a7__208.0.jpg,10,compulsary_sound_horn,10,compulsary_sound_horn,0.9985572695732117,"[10, 7, 9]","[0.9985572695732117, 0.0014264567289501429, 3.690648554766085e-06]",True
/content/MargDrishti/data/processed/crops/test/speed_limit_70/speed_limit_70-53_png.rf.3f951e235defcb7b9acd881388bc43d0__209.0.jpg,57,speed_limit_70,57,speed_limit_70,0.9999971389770508,"[57, 53, 51]","[0.9999971389770508, 2.8201327495480655e-06, 3.3893076789581755e-08]",True
/content/MargDrishti/data/processed/crops/test/no_stopping_or_standing/no_stopping_or_standing-44_jpg.rf.40bfe4e86cd7d11fea237dc75da80fbc__210.0.jpg,34,no_stopping_or_standing,34,no_stopping_or_standing,0.9999109506607056,"[34, 33, 10]","[0.9999109506607056, 3.1566738471155986e-05, 1.6482510545756668e-05]",True
/content/MargDrishti/data/processed/crops/test/width_limit/width_limit-43_jpg.rf.40884d97bea362df7f2eac48fd9d047d__211.0.jpg,69,width_limit,69,width_limit,1.0,"[69, 35, 27]","[1.0, 5.03217414404844e-08, 2.1391102777990056e-10]",True
/content/MargDrishti/data/processed/crops/test/horn_prohibited/horn_prohibited-54_jpg.rf.3eb006c3154c46c91784d687cc6b64b9__212.0.jpg,21,horn_prohibited,21,horn_prohibited,0.9999969005584717,"[21, 18, 14]","[0.9999969005584717, 2.733551127676037e-06, 1.6881865860796097e-07]",True
/content/MargDrishti/data/processed/crops/test/hump_or_rough_road/hump_or_rough_road-16_jpg.rf.41141101164a05eeaf33fa14e80a5752__213.0.jpg,23,hump_or_rough_road,23,hump_or_rough_road,0.7666199207305908,"[23, 15, 60]","[0.7666199207305908, 0.21439747512340546, 0.01827932707965374]",True
/content/MargDrishti/data/processed/crops/test/length_limit/length_limit-7_jpeg.rf.412c087ed369b6fc66533a0bbd3c7fca__214.0.jpg,27,length_limit,27,length_limit,0.9997804760932922,"[27, 65, 35]","[0.9997804760932922, 0.00021914088574703783, 3.0955385454944917e-07]",True
/content/MargDrishti/data/processed/crops/test/no_parking/no_parking-0_jpg.rf.41548ce4d74629af8b92dc7dfe77755f__215.0.jpg,33,no_parking,33,no_parking,0.2929706871509552,"[33, 46, 54]","[0.2929706871509552, 0.17740954458713531, 0.11391729861497879]",True
/content/MargDrishti/data/processed/crops/test/unguarded_level_crossing/unguarded_level_crossing-22_png.rf.416c89d3c8314bd2f0c089c18e9c1dab__216.0.jpg,68,unguarded_level_crossing,68,unguarded_level_crossing,0.9998286962509155,"[68, 61, 19]","[0.9998286962509155, 0.00015206112584564835, 1.1638007890724111e-05]",True
/content/MargDrishti/data/processed/crops/test/u_turn_prohibited/u_turn_prohibited-64_jpeg.rf.42050fe0b988abe7905ef6e4006c1e50__217.0.jpg,67,u_turn_prohibited,51,speed_limit_120,0.39934632182121277,"[51, 14, 4]","[0.39934632182121277, 0.28780725598335266, 0.06577031314373016]",False
/content/MargDrishti/data/processed/crops/test/compulsary_keep_left/compulsary_keep_left-11_jpg.rf.41dd7a876b3a8d28934b2abdc4d8462b__218.0.jpg,8,compulsary_keep_left,8,compulsary_keep_left,1.0,"[8, 12, 6]","[1.0, 5.1581494338402006e-14, 4.364076864270951e-17]",True
/content/MargDrishti/data/processed/crops/test/u_turn/u_turn-15_jpg.rf.41ed6c081096fc9db3c8f3f2bbce5031__219.0.jpg,66,u_turn,66,u_turn,0.992668092250824,"[66, 31, 48]","[0.992668092250824, 0.007289318833500147, 1.1828713468275964e-05]",True
/content/MargDrishti/data/processed/crops/test/gap_in_median/gap_in_median-39_jpg.rf.4173281c37601a741eb9346f79709b6f__220.0.jpg,17,gap_in_median,17,gap_in_median,0.9999986886978149,"[17, 37, 47]","[0.9999986886978149, 7.723153316874232e-07, 3.6514066437121073e-07]",True
/content/MargDrishti/data/processed/crops/test/speed_limit_70/speed_limit_70-45_jpg.rf.42d93a17c3bac949486de87f6771c67f__221.0.jpg,57,speed_limit_70,57,speed_limit_70,0.9999995231628418,"[57, 52, 53]","[0.9999995231628418, 5.27246129422565e-07, 8.49004824776678e-11]",True
/content/MargDrishti/data/processed/crops/test/quay_side_or_river_bank/quay_side_or_river_bank-35_jpeg.rf.426d10c78f49388d41930e835181c474__222.0.jpg,40,quay_side_or_river_bank,40,quay_side_or_river_bank,0.9999988079071045,"[40, 68, 28]","[0.9999988079071045, 9.346648539576563e-07, 2.5468014541729644e-07]",True
/content/MargDrishti/data/processed/crops/test/hospital_ahead/hospital_ahead-47_jpeg.rf.42f2e225253c747e7809b6b0b1adff4a__223.0.jpg,22,hospital_ahead,22,hospital_ahead,1.0,"[22, 39, 9]","[1.0, 6.818199217023535e-12, 3.617678259824203e-13]",True
/content/MargDrishti/data/processed/crops/test/left_hand_curve/left_hand_curve-25_jpg.rf.4261507637a1fbd911928cba13539d1b__224.0.jpg,24,left_hand_curve,24,left_hand_curve,0.9999982118606567,"[24, 47, 49]","[0.9999982118606567, 1.7363620372634614e-06, 5.84668491399043e-08]",True
/content/MargDrishti/data/processed/crops/test/compulsary_sound_horn/compulsary_sound_horn-40_jpg.rf.43f9a3ca920ee26e621e58d05e11f8a4__225.0.jpg,10,compulsary_sound_horn,10,compulsary_sound_horn,0.9997146725654602,"[10, 9, 7]","[0.9997146725654602, 0.000277214014204219, 4.2368396862002555e-06]",True
/content/MargDrishti/data/processed/crops/test/side_road_left/side_road_left-49_jpg.rf.43f55fb11074fd160cffa74c95b90df1__226.0.jpg,47,side_road_left,47,side_road_left,0.9999850988388062,"[47, 59, 17]","[0.9999850988388062, 1.1781977264035959e-05, 1.2722617839244776e-06]",True
/content/MargDrishti/data/processed/crops/test/give_way/give_way-10_png.rf.443e4177c3512bf0a00913ce45ae8264__227.0.jpg,18,give_way,18,give_way,0.9999672174453735,"[18, 23, 29]","[0.9999672174453735, 2.3330459953285754e-05, 5.131545549375005e-06]",True
/content/MargDrishti/data/processed/crops/test/speed_limit_70/speed_limit_70-62_png.rf.441bd0c0748b5dc8266b9ac74b14e8ba__228.0.jpg,57,speed_limit_70,57,speed_limit_70,0.9956223368644714,"[57, 51, 55]","[0.9956223368644714, 0.0033865522127598524, 0.0004760402662213892]",True
/content/MargDrishti/data/processed/crops/test/left_reverse_bend/left_reverse_bend-12_png.rf.44b098983484c72c86c5b5ab41cf39d3__229.0.jpg,25,left_reverse_bend,24,left_hand_curve,0.6363680958747864,"[24, 25, 31]","[0.6363680958747864, 0.2878248393535614, 0.024917252361774445]",False
/content/MargDrishti/data/processed/crops/test/restriction_ends/restriction_ends-21_png.rf.44b727ca2681dff72294380685f82df5__230.0.jpg,41,restriction_ends,41,restriction_ends,0.9999980926513672,"[41, 55, 56]","[0.9999980926513672, 1.681731419012067e-06, 1.2652428438286734e-07]",True
/content/MargDrishti/data/processed/crops/test/speed_limit_70/speed_limit_70-2_jpg.rf.44ea652eb79cfa0d1f440682e1def674__231.0.jpg,57,speed_limit_70,57,speed_limit_70,0.9999997615814209,"[57, 52, 5]","[0.9999997615814209, 2.821432758537412e-07, 6.388325424211416e-09]",True
/content/MargDrishti/data/processed/crops/test/width_limit/width_limit-40_jpg.rf.448bd076a3be84f886d0c1f529c0134b__232.0.jpg,69,width_limit,69,width_limit,0.9999972581863403,"[69, 27, 20]","[0.9999972581863403, 2.4502955966454465e-06, 2.1475393907621765e-07]",True
/content/MargDrishti/data/processed/crops/test/restriction_ends/restriction_ends-46_png.rf.451cdc566a0db5246da56afb187129ea__233.0.jpg,41,restriction_ends,41,restriction_ends,1.0,"[41, 45, 7]","[1.0, 3.7990204759807966e-08, 3.155493288886646e-08]",True
/content/MargDrishti/data/processed/crops/test/speed_limit_30/speed_limit_30-7_jpg.rf.45030d30846c4d80af334693b5827f5e__234.0.jpg,53,speed_limit_30,53,speed_limit_30,0.9657121300697327,"[53, 58, 51]","[0.9657121300697327, 0.031483571976423264, 0.0011745286174118519]",True
/content/MargDrishti/data/processed/crops/test/cycle_crossing/cycle_crossing-51_png.rf.44ee0beb7e8f4621488d269c89157e80__235.0.jpg,14,cycle_crossing,14,cycle_crossing,0.7644909620285034,"[14, 49, 24]","[0.7644909620285034, 0.19977545738220215, 0.024179643020033836]",True
/content/MargDrishti/data/processed/crops/test/left_turn_prohibited/left_turn_prohibited-26_jpg.rf.455fb4cec37f6031d2ccaf72e60febb0__236.0.jpg,26,left_turn_prohibited,26,left_turn_prohibited,0.9999997615814209,"[26, 21, 14]","[0.9999997615814209, 1.87970712772767e-07, 3.07334921956226e-08]",True
/content/MargDrishti/data/processed/crops/test/cycle_crossing/cycle_crossing-14_jpg.rf.468761e9a6b353a45137b6856bcf63ce__237.0.jpg,14,cycle_crossing,14,cycle_crossing,0.9876804351806641,"[14, 28, 19]","[0.9876804351806641, 0.012089881114661694, 0.00020601600408554077]",True
/content/MargDrishti/data/processed/crops/test/speed_limit_80/speed_limit_80-40_png.rf.46eeea787850a154758c7081ad4eb2d9__238.0.jpg,58,speed_limit_80,58,speed_limit_80,0.5257450938224792,"[58, 51, 50]","[0.5257450938224792, 0.3724142909049988, 0.07720530778169632]",True
/content/MargDrishti/data/processed/crops/test/falling_rocks/falling_rocks-23_jpeg.rf.478432c2a1d2bb1bcf93740af0f48e17__239.0.jpg,16,falling_rocks,61,steep_descent,0.6140119433403015,"[61, 46, 16]","[0.6140119433403015, 0.10669008642435074, 0.06848621368408203]",False
/content/MargDrishti/data/processed/crops/test/guarded_level_crossing/guarded_level_crossing-30_jpg.rf.46d69e20c36c7babae6a33faae4cc59a__240.0.jpg,19,guarded_level_crossing,19,guarded_level_crossing,0.9975922703742981,"[19, 15, 60]","[0.9975922703742981, 0.0012335513019934297, 0.000797575747128576]",True
/content/MargDrishti/data/processed/crops/test/compulsary_keep_left/compulsary_keep_left-55_jpg.rf.47b6187090775389744ad769a5945c9c__241.0.jpg,8,compulsary_keep_left,8,compulsary_keep_left,0.9999991655349731,"[8, 12, 34]","[0.9999991655349731, 3.9969469867173757e-07, 3.538590647167439e-07]",True
/content/MargDrishti/data/processed/crops/test/all_motor_vehicle_prohibited/all_motor_vehicle_prohibited-38_png.rf.47eceecebdbaee53f72c362e9ce19bdd__242.0.jpg,0,all_motor_vehicle_prohibited,0,all_motor_vehicle_prohibited,1.0,"[0, 38, 49]","[1.0, 5.182483775456603e-08, 6.667790319880851e-09]",True
/content/MargDrishti/data/processed/crops/test/roundabout/roundabout-16_jpg.rf.485510f8281630b58b16b05daeebf08c__243.0.jpg,45,roundabout,45,roundabout,1.0,"[45, 66, 15]","[1.0, 8.789656114061017e-09, 2.5229877215204866e-11]",True
/content/MargDrishti/data/processed/crops/test/petrol_pump_ahead/petrol_pump_ahead-56_png.rf.47a8c2436368ef9766feec50d07111e7__244.0.jpg,39,petrol_pump_ahead,39,petrol_pump_ahead,0.9999041557312012,"[39, 22, 25]","[0.9999041557312012, 9.578456956660375e-05, 1.0772069347630975e-10]",True
/content/MargDrishti/data/processed/crops/test/traffic_signal/traffic_signal-8_jpg.rf.48a499a3d7de330095b305f415f56d73__245.0.jpg,64,traffic_signal,64,traffic_signal,0.9999992847442627,"[64, 47, 70]","[0.9999992847442627, 2.481739898030355e-07, 1.7769905014120013e-07]",True
/content/MargDrishti/data/processed/crops/test/speed_limit_40/speed_limit_40-36_jpg.rf.49a325b54e118f2518fcb87d45aec6b1__246.0.jpg,54,speed_limit_40,54,speed_limit_40,0.9996634721755981,"[54, 56, 58]","[0.9996634721755981, 0.0002403138787485659, 4.075577817275189e-05]",True
/content/MargDrishti/data/processed/crops/test/right_turn_prohibited/right_turn_prohibited-31_jpg.rf.48ee1e8210dad2f0c8bd2e6c7d73e5f0__247.0.jpg,44,right_turn_prohibited,44,right_turn_prohibited,0.9963178634643555,"[44, 33, 32]","[0.9963178634643555, 0.003666954580694437, 1.030476141750114e-05]",True
/content/MargDrishti/data/processed/crops/test/restriction_ends/restriction_ends-45_png.rf.494f36a69808cadb9eb9bad88dcd13e8__248.0.jpg,41,restriction_ends,41,restriction_ends,0.9999688863754272,"[41, 42, 45]","[0.9999688863754272, 9.940124982676934e-06, 8.530120794603135e-06]",True
/content/MargDrishti/data/processed/crops/test/left_reverse_bend/left_reverse_bend-27_png.rf.49e0c29f536086ee97a573d2ccfda3c0__250.0.jpg,25,left_reverse_bend,25,left_reverse_bend,0.9999332427978516,"[25, 31, 24]","[0.9999332427978516, 3.6827041185460985e-05, 2.7106356355943717e-05]",True
/content/MargDrishti/data/processed/crops/test/roundabout/roundabout-23_jpg.rf.4a38ceeb8660b2df88a9bd7c433b8f56__251.0.jpg,45,roundabout,45,roundabout,1.0,"[45, 66, 28]","[1.0, 3.998791228698728e-11, 1.6133473680277066e-12]",True
/content/MargDrishti/data/processed/crops/test/speed_limit_20/speed_limit_20-17_png.rf.49db9c9fcea0894698b8a334ba947e51__252.0.jpg,52,speed_limit_20,52,speed_limit_20,0.999873161315918,"[52, 53, 54]","[0.999873161315918, 0.00012467651686165482, 9.7714234925661e-07]",True
/content/MargDrishti/data/processed/crops/test/narrow_bridge_ahead/narrow_bridge_ahead-70_jpg.rf.4a84b85ad36698580998ef7a4e2bb189__253.0.jpg,30,narrow_bridge_ahead,30,narrow_bridge_ahead,0.9999531507492065,"[30, 70, 13]","[0.9999531507492065, 4.1142386180581525e-05, 3.1687741284258664e-06]",True
/content/MargDrishti/data/processed/crops/test/no_entry/no_entry-49_jpg.rf.4ad07b8cabae18a4590e1b8abb151ac5__254.0.jpg,32,no_entry,32,no_entry,0.9995772242546082,"[32, 62, 51]","[0.9995772242546082, 0.0004227104946039617, 1.802152738150653e-08]",True
/content/MargDrishti/data/processed/crops/test/school_ahead/school_ahead-52_jpg.rf.4b1008a1b105d4fad4a80cacc5420d1c__255.0.jpg,46,school_ahead,46,school_ahead,0.8317838311195374,"[46, 30, 37]","[0.8317838311195374, 0.13370072841644287, 0.019476275891065598]",True
/content/MargDrishti/data/processed/crops/test/cross_road/cross_road-47_jpg.rf.4a70ec97f8a693f433bfc905b326c793__256.0.jpg,13,cross_road,13,cross_road,0.9999964237213135,"[13, 46, 30]","[0.9999964237213135, 1.3887240584153915e-06, 1.0422927516628988e-06]",True
/content/MargDrishti/data/processed/crops/test/right_hand_curve/right_hand_curve-12_jpg.rf.4b946169572114c1ea2d29db54cd45c2__257.0.jpg,42,right_hand_curve,42,right_hand_curve,0.999993085861206,"[42, 45, 66]","[0.999993085861206, 2.5230344817828154e-06, 1.6937430018515442e-06]",True
/content/MargDrishti/data/processed/crops/test/speed_limit_100/speed_limit_100-47_png.rf.4b9249c6a87e860854d25e808cc3060f__258.0.jpg,50,speed_limit_100,50,speed_limit_100,0.8954741954803467,"[50, 51, 58]","[0.8954741954803467, 0.09283443540334702, 0.004565815906971693]",True
/content/MargDrishti/data/processed/crops/test/chevron_direction/chevron_direction-45_jpg.rf.4b4e3a7d4e572964000e4a8c5f8578c4__259.0.jpg,4,chevron_direction,4,chevron_direction,1.0,"[4, 45, 18]","[1.0, 1.0197914561416166e-11, 4.622681144123009e-12]",True
/content/MargDrishti/data/processed/crops/test/speed_limit_20/speed_limit_20-16_jpg.rf.4b5a5631c1dc7a125e77440f624d745f__260.0.jpg,52,speed_limit_20,52,speed_limit_20,0.9997803568840027,"[52, 54, 51]","[0.9997803568840027, 0.00021373278286773711, 1.43498857596569e-06]",True
/content/MargDrishti/data/processed/crops/test/compulsary_sound_horn/compulsary_sound_horn-29_jpg.rf.4bb4c3cd72b1db9a2a7ae17493bcea65__261.0.jpg,10,compulsary_sound_horn,10,compulsary_sound_horn,0.9995881915092468,"[10, 9, 7]","[0.9995881915092468, 0.00035525421844795346, 3.067434226977639e-05]",True
/content/MargDrishti/data/processed/crops/test/t_intersection/t_intersection-40_jpg.rf.4bc78a874b5ef5e3c9450497dbb9a6c0__262.0.jpg,63,t_intersection,64,traffic_signal,0.8006631135940552,"[64, 47, 63]","[0.8006631135940552, 0.06868130713701248, 0.06532051414251328]",False
/content/MargDrishti/data/processed/crops/test/right_turn_prohibited/right_turn_prohibited-5_jpg.rf.4c39ed442995fc760e90ee50d6fe8712__264.0.jpg,44,right_turn_prohibited,44,right_turn_prohibited,0.9978362917900085,"[44, 33, 41]","[0.9978362917900085, 0.0009342197445221245, 0.0005301575874909759]",True
/content/MargDrishti/data/processed/crops/test/traffic_signal/traffic_signal-16_jpg.rf.4e2787361fc6c1e06f498ebf8c44cfca__265.0.jpg,64,traffic_signal,64,traffic_signal,0.9997125267982483,"[64, 59, 49]","[0.9997125267982483, 0.00022698850079905242, 1.6030888218665496e-05]",True
/content/MargDrishti/data/processed/crops/test/height_limit/height_limit-6_png.rf.4d07237aaaa8917cd239c4c13a4cfce2__267.0.jpg,20,height_limit,20,height_limit,0.9971199035644531,"[20, 48, 14]","[0.9971199035644531, 0.0009658809285610914, 0.0008154472452588379]",True
/content/MargDrishti/data/processed/crops/test/give_way/give_way-2_png.rf.4bf87c10179f9e33e8f50fdc0b530233__268.0.jpg,18,give_way,18,give_way,1.0,"[18, 4, 45]","[1.0, 2.6427146061769324e-13, 7.645215620381276e-16]",True
/content/MargDrishti/data/processed/crops/test/loose_gravel/loose_gravel-11_png.rf.4e3fff4ef4e3818e6a4829e636c163cd__269.0.jpg,28,loose_gravel,28,loose_gravel,0.99769526720047,"[28, 15, 29]","[0.99769526720047, 0.0010650035692378879, 0.00044901762157678604]",True
/content/MargDrishti/data/processed/crops/test/u_turn_prohibited/u_turn_prohibited-45_jpg.rf.4e5d246ce1c6f01a653f07e5d7eaa585__270.0.jpg,67,u_turn_prohibited,67,u_turn_prohibited,0.9999955892562866,"[67, 33, 66]","[0.9999955892562866, 4.389502009871649e-06, 4.950414123072733e-08]",True
/content/MargDrishti/data/processed/crops/test/left_turn_prohibited/left_turn_prohibited-22_jpg.rf.4ee5c9a80992a1d0b584c5efefcd3bcf__271.0.jpg,26,left_turn_prohibited,26,left_turn_prohibited,0.9999998807907104,"[26, 21, 14]","[0.9999998807907104, 1.4532014347423683e-07, 5.888517051744202e-08]",True
/content/MargDrishti/data/processed/crops/test/all_motor_vehicle_prohibited/all_motor_vehicle_prohibited-37_png.rf.4f5e59e4f744ec3fe0918e39230bdd78__272.0.jpg,0,all_motor_vehicle_prohibited,0,all_motor_vehicle_prohibited,0.9998538494110107,"[0, 38, 20]","[0.9998538494110107, 0.00014393073797691613, 1.202358134833048e-06]",True
/content/MargDrishti/data/processed/crops/test/compulsary_ahead_or_turn_right/compulsary_ahead_or_turn_right-23_jpg.rf.4f0a79201d838613c16ea3d0e64814c9__273.0.jpg,7,compulsary_ahead_or_turn_right,12,compulsary_turn_right_ahead,0.34989574551582336,"[12, 7, 5]","[0.34989574551582336, 0.3246135711669922, 0.32357165217399597]",False
/content/MargDrishti/data/processed/crops/test/hospital_ahead/hospital_ahead-56_jpg.rf.4f286bd8a9f63dda8406ffb12efbba87__274.0.jpg,22,hospital_ahead,22,hospital_ahead,1.0,"[22, 39, 45]","[1.0, 5.014946324877201e-08, 3.926239284320239e-14]",True
/content/MargDrishti/data/processed/crops/test/speed_limit_70/speed_limit_70-27_jpg.rf.4f0f5e99f9478515344d24d8cd7bc04c__275.0.jpg,57,speed_limit_70,57,speed_limit_70,1.0,"[57, 52, 53]","[1.0, 6.768763067405148e-13, 2.54818528880622e-14]",True
/content/MargDrishti/data/processed/crops/test/dangerous_dip/dangerous_dip-3_jpg.rf.5000406c61e49c30870273fd103f62ea__276.0.jpg,15,dangerous_dip,15,dangerous_dip,0.351872980594635,"[15, 60, 69]","[0.351872980594635, 0.2372068613767624, 0.1403694897890091]",True
/content/MargDrishti/data/processed/crops/test/truck_prohibited/truck_prohibited-36_jpg.rf.50d0c55bf403b82879b18d572e3f0080__277.0.jpg,65,truck_prohibited,65,truck_prohibited,0.9953077435493469,"[65, 0, 35]","[0.9953077435493469, 0.004615479614585638, 6.314228085102513e-05]",True
/content/MargDrishti/data/processed/crops/test/t_intersection/t_intersection-22_jpeg.rf.503f63907e0573581eda277b992499d9__278.0.jpg,63,t_intersection,63,t_intersection,0.98509281873703,"[63, 70, 59]","[0.98509281873703, 0.01479271799325943, 8.90886876732111e-05]",True
/content/MargDrishti/data/processed/crops/test/pass_either_side/pass_either_side-44_jpeg.rf.511d3a33822d1919a840b46778af88e0__279.0.jpg,36,pass_either_side,10,compulsary_sound_horn,0.9994379878044128,"[10, 9, 7]","[0.9994379878044128, 0.0005236325087025762, 2.420894270471763e-05]",False
/content/MargDrishti/data/processed/crops/test/height_limit/height_limit-49_jpeg.rf.516ca16b0a9a917d88b8e28b0887002c__280.0.jpg,20,height_limit,20,height_limit,1.0,"[20, 45, 57]","[1.0, 8.401073170460904e-10, 2.1221427393136594e-11]",True
/content/MargDrishti/data/processed/crops/test/truck_prohibited/truck_prohibited-29_jpeg.rf.52ee3838d903637ce1daa100184c82f3__281.0.jpg,65,truck_prohibited,65,truck_prohibited,0.9990416169166565,"[65, 2, 35]","[0.9990416169166565, 0.0005661191535182297, 0.00037734617944806814]",True
/content/MargDrishti/data/processed/crops/test/narrow_bridge_ahead/narrow_bridge_ahead-28_jpg.rf.52d1b716df7b0383420a91f92d841560__282.0.jpg,30,narrow_bridge_ahead,30,narrow_bridge_ahead,1.0,"[30, 31, 70]","[1.0, 1.7762519233244234e-10, 4.392952668297312e-11]",True
/content/MargDrishti/data/processed/crops/test/loose_gravel/loose_gravel-31_png.rf.5222ff00fd0bf94b99265377c3ad99cb__283.0.jpg,28,loose_gravel,28,loose_gravel,0.999935507774353,"[28, 14, 29]","[0.999935507774353, 6.335436046356335e-05, 7.904724839136179e-07]",True
/content/MargDrishti/data/processed/crops/test/side_road_right/side_road_right-17_jpeg.rf.5255c65ece117c133fbd82286f534fe9__284.0.jpg,48,side_road_right,48,side_road_right,0.999997615814209,"[48, 59, 17]","[0.999997615814209, 2.3590894215885783e-06, 6.992460832577763e-09]",True
/content/MargDrishti/data/processed/crops/test/side_road_right/side_road_right-0_jpg.rf.5383394f1cf0b9946bf3e5fdc08ca025__285.0.jpg,48,side_road_right,48,side_road_right,0.9998687505722046,"[48, 63, 70]","[0.9998687505722046, 0.0001231325150001794, 5.774432793259621e-06]",True
/content/MargDrishti/data/processed/crops/test/compulsary_turn_right_ahead/compulsary_turn_right_ahead-48_png.rf.534b29bb2d156af946d72f9826ac17df__286.0.jpg,12,compulsary_turn_right_ahead,12,compulsary_turn_right_ahead,1.0,"[12, 5, 8]","[1.0, 4.7632924271567845e-09, 7.440837945793533e-10]",True
/content/MargDrishti/data/processed/crops/test/overtaking_prohibited/overtaking_prohibited-17_jpeg.rf.546c19e76ec7e2445818b8e469721647__287.0.jpg,35,overtaking_prohibited,35,overtaking_prohibited,0.982857346534729,"[35, 26, 0]","[0.982857346534729, 0.01099618524312973, 0.00481929536908865]",True
/content/MargDrishti/data/processed/crops/test/left_turn_prohibited/left_turn_prohibited-15_jpg.rf.537ac61928f77257b26d2adf68d047f8__288.0.jpg,26,left_turn_prohibited,26,left_turn_prohibited,0.9999998807907104,"[26, 14, 21]","[0.9999998807907104, 1.2738121313304873e-07, 3.740300158483478e-08]",True
/content/MargDrishti/data/processed/crops/test/compulsary_turn_left_ahead/compulsary_turn_left_ahead-28_jpg.rf.558713ed0ef98f6a41f5fa9013836510__289.0.jpg,11,compulsary_turn_left_ahead,11,compulsary_turn_left_ahead,0.9999992847442627,"[11, 9, 7]","[0.9999992847442627, 4.738668053505535e-07, 2.8746327984663367e-07]",True
/content/MargDrishti/data/processed/crops/test/give_way/give_way-27_png.rf.54bebe99f6ba19993c6080c0380f8bfc__290.0.jpg,18,give_way,18,give_way,1.0,"[18, 22, 15]","[1.0, 1.5046717649624952e-08, 2.7361948262694114e-09]",True
/content/MargDrishti/data/processed/crops/test/roundabout/roundabout-26_png.rf.56a54d67a55ec8b7b3b21a82c470fffd__291.0.jpg,45,roundabout,45,roundabout,0.9838497638702393,"[45, 6, 51]","[0.9838497638702393, 0.016140373423695564, 5.319903721101582e-06]",True
/content/MargDrishti/data/processed/crops/test/height_limit/height_limit-11_jpeg.rf.55bb95ea8955453be45881f175b1a7f0__292.0.jpg,20,height_limit,20,height_limit,1.0,"[20, 35, 45]","[1.0, 1.76428717555549e-12, 1.8818524212885213e-13]",True
/content/MargDrishti/data/processed/crops/test/cycle_crossing/cycle_crossing-29_png.rf.56c474fbd9611ab2d36b212b38ecf062__293.0.jpg,14,cycle_crossing,14,cycle_crossing,0.9994683861732483,"[14, 3, 24]","[0.9994683861732483, 0.00016713410150259733, 0.00010364913032390177]",True
/content/MargDrishti/data/processed/crops/test/overtaking_prohibited/overtaking_prohibited-49_jpg.rf.56ed2b0f3e3a243ac7b0750f060dae7c__294.0.jpg,35,overtaking_prohibited,35,overtaking_prohibited,0.2722380459308624,"[35, 55, 45]","[0.2722380459308624, 0.13242605328559875, 0.09779727458953857]",True
/content/MargDrishti/data/processed/crops/test/u_turn/u_turn-50_jpg.rf.56e36c4252d4379907b528ea7e489a28__295.0.jpg,66,u_turn,66,u_turn,1.0,"[66, 31, 45]","[1.0, 4.5481951538306475e-11, 1.3078056866622223e-11]",True
/content/MargDrishti/data/processed/crops/test/right_hand_curve/right_hand_curve-6_jpg.rf.572640d75520f7236ebdb0bf6fa04aa1__296.0.jpg,42,right_hand_curve,42,right_hand_curve,0.9999983310699463,"[42, 43, 29]","[0.9999983310699463, 7.649840085832693e-07, 5.785763050880632e-07]",True
/content/MargDrishti/data/processed/crops/test/compulsary_keep_left/compulsary_keep_left-1_png.rf.57d1741583c2c1f4f2f79a13ebf16ad7__297.0.jpg,8,compulsary_keep_left,8,compulsary_keep_left,1.0,"[8, 22, 5]","[1.0, 2.291343781379851e-10, 8.838922649356817e-11]",True
/content/MargDrishti/data/processed/crops/test/men_at_work/men_at_work-45_png.rf.577ba1d4aa5020dfced679f0ea54f812__298.0.jpg,29,men_at_work,29,men_at_work,0.999998927116394,"[29, 13, 64]","[0.999998927116394, 5.8291260529586e-07, 2.409438479844539e-07]",True
/content/MargDrishti/data/processed/crops/test/axle_load_limit/axle_load_limit-11_jpeg.rf.5740b565cdb5238c519a30719034fe43__300.0.jpg,1,axle_load_limit,1,axle_load_limit,0.5106176137924194,"[1, 27, 51]","[0.5106176137924194, 0.374315083026886, 0.05961250513792038]",True
/content/MargDrishti/data/processed/crops/test/unguarded_level_crossing/unguarded_level_crossing-3_jpg.rf.584c6f695dde5345c3cdc7f572ec6090__301.0.jpg,68,unguarded_level_crossing,68,unguarded_level_crossing,0.9999960660934448,"[68, 61, 16]","[0.9999960660934448, 3.29969884660386e-06, 2.7368025712348754e-07]",True
/content/MargDrishti/data/processed/crops/test/stop/stop-55_png.rf.58674348948c04d308ad969080c10ab0__302.0.jpg,62,stop,62,stop,1.0,"[62, 32, 51]","[1.0, 3.165091105872264e-11, 2.1307033828271704e-12]",True
/content/MargDrishti/data/processed/crops/test/right_reverse_bend/right_reverse_bend-45_jpg.rf.589625f0e8d86791f23c747ea20a67f6__303.0.jpg,43,right_reverse_bend,43,right_reverse_bend,0.9818806648254395,"[43, 3, 15]","[0.9818806648254395, 0.018013466149568558, 9.029114880831912e-05]",True
/content/MargDrishti/data/processed/crops/test/compulsary_sound_horn/compulsary_sound_horn-1_jpg.rf.5855545cbaf0b92d0b817d5bea96504d__304.0.jpg,10,compulsary_sound_horn,10,compulsary_sound_horn,0.9998157620429993,"[10, 9, 7]","[0.9998157620429993, 0.0001487815607106313, 2.826404306688346e-05]",True
/content/MargDrishti/data/processed/crops/test/speed_limit_120/speed_limit_120-27_png.rf.58b091718bc10867f1f7fcaa82500494__305.0.jpg,51,speed_limit_120,51,speed_limit_120,0.999990701675415,"[51, 50, 58]","[0.999990701675415, 8.350036296178587e-06, 6.531197414005874e-07]",True
/content/MargDrishti/data/processed/crops/test/compulsary_turn_left_ahead/compulsary_turn_left_ahead-42_png.rf.58cab74cd8140f3150cf149f44c049fe__306.0.jpg,11,compulsary_turn_left_ahead,11,compulsary_turn_left_ahead,0.9999996423721313,"[11, 7, 12]","[0.9999996423721313, 1.3484063288160542e-07, 3.169982321082898e-08]",True
/content/MargDrishti/data/processed/crops/test/pedestrian_crossing/pedestrian_crossing-60_jpg.rf.58fb8887544e4d28ca157673f74ca518__307.0.jpg,37,pedestrian_crossing,37,pedestrian_crossing,0.9999997615814209,"[37, 46, 19]","[0.9999997615814209, 2.5438427542212594e-07, 3.97356956227668e-08]",True
/content/MargDrishti/data/processed/crops/test/pedestrian_crossing/pedestrian_crossing-32_png.rf.5a7ad990d60dc46c4b8f03427f281ab0__308.0.jpg,37,pedestrian_crossing,37,pedestrian_crossing,0.9999995231628418,"[37, 46, 31]","[0.9999995231628418, 4.099330226381426e-07, 5.173207640041255e-08]",True
/content/MargDrishti/data/processed/crops/test/no_entry/no_entry-44_jpg.rf.5aac8adcee814fd256c3038fdfaa55d4__309.0.jpg,32,no_entry,32,no_entry,0.9999998807907104,"[32, 62, 30]","[0.9999998807907104, 6.8655701568332e-08, 1.0215228185908587e-13]",True
/content/MargDrishti/data/processed/crops/test/left_reverse_bend/left_reverse_bend-14_png.rf.590a6f2b57b009e3eb1da160a069cdeb__310.0.jpg,25,left_reverse_bend,3,cattle_ahead,0.6922153234481812,"[3, 25, 24]","[0.6922153234481812, 0.19390584528446198, 0.04926817864179611]",False
/content/MargDrishti/data/processed/crops/test/bullock_cart_and_hand_cart_prohibited/bullock_cart_and_hand_cart_prohibited-40_jpg.rf.5abe78a5257ec05b1792f98044998349__311.0.jpg,2,bullock_cart_and_hand_cart_prohibited,2,bullock_cart_and_hand_cart_prohibited,0.9999873638153076,"[2, 0, 52]","[0.9999873638153076, 5.355448593036272e-06, 2.7694682103174273e-06]",True
/content/MargDrishti/data/processed/crops/test/compulsary_turn_right_ahead/compulsary_turn_right_ahead-33_png.rf.5b73099de8ab360f9208486261f67739__312.0.jpg,12,compulsary_turn_right_ahead,12,compulsary_turn_right_ahead,0.9999840259552002,"[12, 8, 11]","[0.9999840259552002, 1.4507384548778646e-05, 1.1513969866427942e-06]",True
/content/MargDrishti/data/processed/crops/test/speed_limit_60/speed_limit_60-31_jpg.rf.5b768644a9f34c0e4e30e4b67febc14d__313.0.jpg,56,speed_limit_60,56,speed_limit_60,0.9997754693031311,"[56, 55, 54]","[0.9997754693031311, 0.00013822173059452325, 4.735390393761918e-05]",True
/content/MargDrishti/data/processed/crops/test/give_way/give_way-9_png.rf.5bb980541b000f1d9fabd8b4ffbeb8cd__314.0.jpg,18,give_way,18,give_way,0.9999744892120361,"[18, 4, 29]","[0.9999744892120361, 2.0525059881038032e-05, 2.7433170544099994e-06]",True
/content/MargDrishti/data/processed/crops/test/cycle_crossing/cycle_crossing-20_jpg.rf.5d0d3b2c00b1e1fa7b3732f4878d1c75__315.0.jpg,14,cycle_crossing,28,loose_gravel,0.4918707609176636,"[28, 14, 15]","[0.4918707609176636, 0.47399473190307617, 0.016402902081608772]",False
/content/MargDrishti/data/processed/crops/test/speed_limit_40/speed_limit_40-45_jpg.rf.5bdd168b63d460430e72dcfabf7331a7__316.0.jpg,54,speed_limit_40,54,speed_limit_40,0.9999773502349854,"[54, 52, 56]","[0.9999773502349854, 2.0465600755414926e-05, 1.015743009702419e-06]",True
/content/MargDrishti/data/processed/crops/test/length_limit/length_limit-25_png.rf.5eae83bfb64e787a231526af9136325a__317.0.jpg,27,length_limit,27,length_limit,0.9999957084655762,"[27, 1, 2]","[0.9999957084655762, 1.654600168876641e-06, 1.4625042012994527e-06]",True
/content/MargDrishti/data/processed/crops/test/right_turn_prohibited/right_turn_prohibited-3_jpg.rf.5d72ab144723f0004de9b60865ce898c__318.0.jpg,44,right_turn_prohibited,44,right_turn_prohibited,0.999347984790802,"[44, 57, 42]","[0.999347984790802, 0.000300975312711671, 0.0002941905986517668]",True
/content/MargDrishti/data/processed/crops/test/left_hand_curve/left_hand_curve-23_jpg.rf.5d1a8896acb8737673b9deb583392f0c__319.0.jpg,24,left_hand_curve,24,left_hand_curve,0.9999998807907104,"[24, 25, 3]","[0.9999998807907104, 8.848871146938109e-08, 3.930319536493698e-08]",True
/content/MargDrishti/data/processed/crops/test/truck_prohibited/truck_prohibited-22_png.rf.5e8825b78da47f5e77fa31297527aaa1__320.0.jpg,65,truck_prohibited,65,truck_prohibited,0.5561212301254272,"[65, 35, 2]","[0.5561212301254272, 0.4079459309577942, 0.026972105726599693]",True
/content/MargDrishti/data/processed/crops/test/guarded_level_crossing/guarded_level_crossing-34_jpg.rf.5ee3a6dbcf3034a228baaa06904dbdc4__321.0.jpg,19,guarded_level_crossing,19,guarded_level_crossing,0.9867318272590637,"[19, 15, 61]","[0.9867318272590637, 0.004633517004549503, 0.002406582934781909]",True
/content/MargDrishti/data/processed/crops/test/horn_prohibited/horn_prohibited-44_jpg.rf.5ecee40817d104c69ec4d1b33e46db42__322.0.jpg,21,horn_prohibited,21,horn_prohibited,0.9999995231628418,"[21, 35, 22]","[0.9999995231628418, 3.930923071493453e-07, 1.1290340751202166e-07]",True
/content/MargDrishti/data/processed/crops/test/speed_limit_40/speed_limit_40-12_jpg.rf.5f1737c29cbe6858533ea5752d6ef0ae__323.0.jpg,54,speed_limit_40,54,speed_limit_40,0.9999756813049316,"[54, 56, 53]","[0.9999756813049316, 1.1396094123483635e-05, 3.0382268505491083e-06]",True
/content/MargDrishti/data/processed/crops/test/length_limit/length_limit-37_jpg.rf.5f90a138ba3d1b8e484cc4f7cfe0bcfe__324.0.jpg,27,length_limit,27,length_limit,0.9999998807907104,"[27, 0, 2]","[0.9999998807907104, 9.235779430127877e-08, 5.463325347676573e-10]",True
/content/MargDrishti/data/processed/crops/test/compulsary_sound_horn/compulsary_sound_horn-21_jpg.rf.60955941b4776cadcb132e866470ac27__325.0.jpg,10,compulsary_sound_horn,10,compulsary_sound_horn,0.9995719790458679,"[10, 9, 41]","[0.9995719790458679, 0.0003791004419326782, 1.4914704479451757e-05]",True
/content/MargDrishti/data/processed/crops/test/pedestrian_prohibited/pedestrian_prohibited-19_jpeg.rf.606391e73c5d1afeec784eb597d3e760__326.0.jpg,38,pedestrian_prohibited,35,overtaking_prohibited,0.4758959412574768,"[35, 38, 20]","[0.4758959412574768, 0.19750817120075226, 0.15337464213371277]",False
/content/MargDrishti/data/processed/crops/test/height_limit/height_limit-55_png.rf.5f98c5ad6858fbb239738a9fafd5d662__327.0.jpg,20,height_limit,20,height_limit,1.0,"[20, 35, 69]","[1.0, 9.5828640161999e-13, 8.912010669367976e-13]",True
/content/MargDrishti/data/processed/crops/test/falling_rocks/falling_rocks-41_jpeg.rf.60af2c1b4838a9d78c785c45ed555e61__328.0.jpg,16,falling_rocks,16,falling_rocks,0.9997444748878479,"[16, 46, 29]","[0.9997444748878479, 0.00018591208208817989, 4.499699571169913e-05]",True
/content/MargDrishti/data/processed/crops/test/roundabout/roundabout-4_jpg.rf.61adfea0f3b77e364d609c8d37ba99df__329.0.jpg,45,roundabout,45,roundabout,0.9894344210624695,"[45, 4, 27]","[0.9894344210624695, 0.0028236820362508297, 0.002520596142858267]",True
/content/MargDrishti/data/processed/crops/test/cycle_crossing/cycle_crossing-19_jpg.rf.60c2c81248aea2b516b2b2b7b6e11087__330.0.jpg,14,cycle_crossing,14,cycle_crossing,0.9944023489952087,"[14, 28, 19]","[0.9944023489952087, 0.00537910545244813, 0.00014243528130464256]",True
/content/MargDrishti/data/processed/crops/test/left_turn_prohibited/left_turn_prohibited-8_jpg.rf.61cb87d59bdba912d7dec6d9ebc636e7__331.0.jpg,26,left_turn_prohibited,26,left_turn_prohibited,1.0,"[26, 55, 66]","[1.0, 3.297062622920066e-10, 1.5318879498238402e-10]",True
/content/MargDrishti/data/processed/crops/test/u_turn_prohibited/u_turn_prohibited-66_jpeg.rf.61f0ede12c07c2e33fb3f0224468c609__332.0.jpg,67,u_turn_prohibited,67,u_turn_prohibited,0.9999994039535522,"[67, 66, 33]","[0.9999994039535522, 3.4606605936460255e-07, 2.4607345494587207e-07]",True
/content/MargDrishti/data/processed/crops/test/roundabout/roundabout-12_jpg.rf.626604862838121b87c6ccd4b8219fd0__335.0.jpg,45,roundabout,45,roundabout,0.999795138835907,"[45, 40, 46]","[0.999795138835907, 0.00012141845945734531, 4.905604146188125e-05]",True
/content/MargDrishti/data/processed/crops/test/guarded_level_crossing/guarded_level_crossing-45_jpg.rf.62577c11513ccb91ebe43e89a1bf04ce__336.0.jpg,19,guarded_level_crossing,19,guarded_level_crossing,0.9999827146530151,"[19, 14, 29]","[0.9999827146530151, 6.12441499470151e-06, 4.75335127703147e-06]",True
/content/MargDrishti/data/processed/crops/test/dangerous_dip/dangerous_dip-47_jpg.rf.62b6443d531bdd7a0852cb49dda42a6b__337.0.jpg,15,dangerous_dip,15,dangerous_dip,1.0,"[15, 23, 28]","[1.0, 5.2183182219778246e-09, 4.4954004962960425e-09]",True
/content/MargDrishti/data/processed/crops/test/compulsary_sound_horn/compulsary_sound_horn-9_jpg.rf.62ffc2530430593227ddb15e0d79629d__338.0.jpg,10,compulsary_sound_horn,10,compulsary_sound_horn,0.9999997615814209,"[10, 7, 9]","[0.9999997615814209, 2.174996751591607e-07, 6.404844654639419e-09]",True
/content/MargDrishti/data/processed/crops/test/compulsary_ahead_or_turn_left/compulsary_ahead_or_turn_left-51_png.rf.62665219b18ecb83b068244360662467__339.0.jpg,6,compulsary_ahead_or_turn_left,6,compulsary_ahead_or_turn_left,0.9992517828941345,"[6, 11, 5]","[0.9992517828941345, 0.000748214079067111, 2.1062551702755172e-09]",True
/content/MargDrishti/data/processed/crops/test/quay_side_or_river_bank/quay_side_or_river_bank-53_jpg.rf.62c5293756e55394a8717417db4b216a__340.0.jpg,40,quay_side_or_river_bank,40,quay_side_or_river_bank,1.0,"[40, 61, 28]","[1.0, 9.496922137586239e-10, 2.5203292230990826e-10]",True
/content/MargDrishti/data/processed/crops/test/axle_load_limit/axle_load_limit-38_jpg.rf.6379ce3544f5bee1fbe2e29030cff54f__341.0.jpg,1,axle_load_limit,1,axle_load_limit,1.0,"[1, 27, 60]","[1.0, 9.631583308689073e-10, 1.6044183343000284e-11]",True
/content/MargDrishti/data/processed/crops/test/compulsary_ahead/compulsary_ahead-26_png.rf.632412a0c96ff289524ccad4f128f4b1__342.0.jpg,5,compulsary_ahead,5,compulsary_ahead,1.0,"[5, 12, 11]","[1.0, 2.9376044707873916e-08, 3.4731535425436277e-09]",True
/content/MargDrishti/data/processed/crops/test/compulsary_keep_left/compulsary_keep_left-33_jpg.rf.6345cfa87e5d28d2286537d8ce79f8fc__343.0.jpg,8,compulsary_keep_left,8,compulsary_keep_left,1.0,"[8, 5, 12]","[1.0, 1.9488329353056777e-11, 4.3601092788309037e-13]",True
/content/MargDrishti/data/processed/crops/test/left_turn_prohibited/left_turn_prohibited-34_jpg.rf.640a8049e6774cbb96330a85d1e3a6c7__344.0.jpg,26,left_turn_prohibited,26,left_turn_prohibited,1.0,"[26, 14, 67]","[1.0, 4.4992778391872434e-09, 3.4844203078421288e-09]",True
/content/MargDrishti/data/processed/crops/test/side_road_left/side_road_left-31_jpg.rf.65ffb407592411e0bedfa40365e1cda2__345.0.jpg,47,side_road_left,47,side_road_left,0.514964759349823,"[47, 64, 48]","[0.514964759349823, 0.26282182335853577, 0.04667507857084274]",True
/content/MargDrishti/data/processed/crops/test/axle_load_limit/axle_load_limit-0_jpg.rf.65363090eb9927d19d416a83e99a14a1__346.0.jpg,1,axle_load_limit,1,axle_load_limit,1.0,"[1, 27, 69]","[1.0, 3.927568773681722e-12, 1.6813733565157474e-12]",True
/content/MargDrishti/data/processed/crops/test/traffic_signal/traffic_signal-26_png.rf.64afd0f7433bd793e8c51a8f90397fc5__347.0.jpg,64,traffic_signal,64,traffic_signal,0.9999918937683105,"[64, 17, 14]","[0.9999918937683105, 7.571761670988053e-06, 2.1253603676996136e-07]",True
/content/MargDrishti/data/processed/crops/test/truck_prohibited/truck_prohibited-41_jpg.rf.663c34a9fc0ad369bdd2f5183da1c8da__348.0.jpg,65,truck_prohibited,65,truck_prohibited,0.9757146239280701,"[65, 27, 21]","[0.9757146239280701, 0.022433273494243622, 0.0016931818099692464]",True
/content/MargDrishti/data/processed/crops/test/restriction_ends/restriction_ends-42_png.rf.64c8e648ebce14e9375b756c61e1009d__349.0.jpg,41,restriction_ends,41,restriction_ends,0.9999926090240479,"[41, 42, 45]","[0.9999926090240479, 5.530744601855986e-06, 1.5900678818070446e-06]",True
/content/MargDrishti/data/processed/crops/test/no_parking/no_parking-26_jpeg.rf.669e6ce8998dbde4eff964af8a72d8cb__350.0.jpg,33,no_parking,33,no_parking,1.0,"[33, 67, 27]","[1.0, 5.973277932224102e-16, 2.251299489051847e-16]",True
/content/MargDrishti/data/processed/crops/test/compulsary_turn_left_ahead/compulsary_turn_left_ahead-34_png.rf.67e056ee822782145a83a8cfc9b05340__351.0.jpg,11,compulsary_turn_left_ahead,11,compulsary_turn_left_ahead,1.0,"[11, 9, 7]","[1.0, 1.9948123014534858e-11, 1.6864118337466677e-13]",True
/content/MargDrishti/data/processed/crops/test/height_limit/height_limit-22_jpeg.rf.6740c2a50b90df5e16889af9353b4882__352.0.jpg,20,height_limit,20,height_limit,0.7816883325576782,"[20, 51, 62]","[0.7816883325576782, 0.1063276082277298, 0.04888996481895447]",True
/content/MargDrishti/data/processed/crops/test/compulsary_turn_left_ahead/compulsary_turn_left_ahead-3_png.rf.679680e810028643493332c3dd0da015__354.0.jpg,11,compulsary_turn_left_ahead,11,compulsary_turn_left_ahead,1.0,"[11, 9, 6]","[1.0, 2.572632662456442e-10, 1.7063250118409812e-11]",True
/content/MargDrishti/data/processed/crops/test/speed_limit_20/speed_limit_20-2_jpg.rf.68704574ddc8e3b0920a9091ed16afe8__355.0.jpg,52,speed_limit_20,52,speed_limit_20,0.9999997615814209,"[52, 57, 58]","[0.9999997615814209, 1.8059182593788137e-07, 5.247470902247642e-09]",True
/content/MargDrishti/data/processed/crops/test/u_turn/u_turn-20_jpg.rf.671dff63eab6e51cefa06913f4fb8a80__356.0.jpg,66,u_turn,66,u_turn,0.9999808073043823,"[66, 70, 15]","[0.9999808073043823, 3.967648353864206e-06, 3.5144673802278703e-06]",True
/content/MargDrishti/data/processed/crops/test/stop/stop-56_png.rf.6963817635be6bde259727f3cfa42333__357.0.jpg,62,stop,62,stop,1.0,"[62, 32, 18]","[1.0, 6.382458363901611e-12, 5.70901995382983e-13]",True
/content/MargDrishti/data/processed/crops/test/chevron_direction/chevron_direction-21_jpg.rf.69f3a71d0d36e53cb543f818fdcba11e__358.0.jpg,4,chevron_direction,4,chevron_direction,1.0,"[4, 51, 0]","[1.0, 7.573685567585642e-10, 6.800944252205454e-10]",True
/content/MargDrishti/data/processed/crops/test/quay_side_or_river_bank/quay_side_or_river_bank-6_jpg.rf.68e6a5926c7a3d4199a64d117d09704a__359.0.jpg,40,quay_side_or_river_bank,40,quay_side_or_river_bank,0.9953413009643555,"[40, 14, 45]","[0.9953413009643555, 0.003133145160973072, 0.0005175962578505278]",True
/content/MargDrishti/data/processed/crops/test/right_reverse_bend/right_reverse_bend-42_jpg.rf.6a484fcc835ad81130eb5ec27f70c426__361.0.jpg,43,right_reverse_bend,43,right_reverse_bend,0.9983792304992676,"[43, 70, 3]","[0.9983792304992676, 0.0007522105588577688, 0.0004149001615587622]",True
/content/MargDrishti/data/processed/crops/test/gap_in_median/gap_in_median-26_jpg.rf.6a376042ed2d4f39156e3a87ff5ddc1a__362.0.jpg,17,gap_in_median,17,gap_in_median,1.0,"[17, 47, 62]","[1.0, 3.2419511519776734e-09, 1.7062908863607618e-09]",True
/content/MargDrishti/data/processed/crops/test/hospital_ahead/hospital_ahead-2_jpeg.rf.6ac666f54e2f41893497884bea4d9b84__363.0.jpg,22,hospital_ahead,22,hospital_ahead,1.0,"[22, 9, 10]","[1.0, 2.477200690406828e-19, 1.4303607152266955e-20]",True
/content/MargDrishti/data/processed/crops/test/speed_limit_50/speed_limit_50-5_jpg.rf.6a945559406468a71149414caf990272__364.0.jpg,55,speed_limit_50,55,speed_limit_50,0.927802324295044,"[55, 56, 53]","[0.927802324295044, 0.03846488147974014, 0.03158656507730484]",True
/content/MargDrishti/data/processed/crops/test/falling_rocks/falling_rocks-54_jpeg.rf.6b48936c9a3ac8abb9e6356c720b0c89__365.0.jpg,16,falling_rocks,16,falling_rocks,0.9999444484710693,"[16, 29, 46]","[0.9999444484710693, 4.320875814300962e-05, 1.0606002433632966e-05]",True
/content/MargDrishti/data/processed/crops/test/left_reverse_bend/left_reverse_bend-51_jpg.rf.6acd46350dc78b61dc37093a30fea57d__366.0.jpg,25,left_reverse_bend,25,left_reverse_bend,1.0,"[25, 24, 30]","[1.0, 1.1156782164789547e-08, 2.7752258269231334e-09]",True
/content/MargDrishti/data/processed/crops/test/bullock_cart_and_hand_cart_prohibited/bullock_cart_and_hand_cart_prohibited-6_png.rf.6b190d792f9a44d80313da1f1692e38f__367.0.jpg,2,bullock_cart_and_hand_cart_prohibited,2,bullock_cart_and_hand_cart_prohibited,0.9999938011169434,"[2, 21, 27]","[0.9999938011169434, 3.5385835417400813e-06, 2.36347386817215e-06]",True
/content/MargDrishti/data/processed/crops/test/compulsary_sound_horn/compulsary_sound_horn-4_jpg.rf.6b489c0891875e95792fcf5f2f1ffa68__368.0.jpg,10,compulsary_sound_horn,10,compulsary_sound_horn,0.9988981485366821,"[10, 7, 9]","[0.9988981485366821, 0.0010639997199177742, 1.6284524463117123e-05]",True
/content/MargDrishti/data/processed/crops/test/narrow_road_ahead/narrow_road_ahead-50_png.rf.6b68e9e4bd2dffc0cc91cac7ece41e09__369.0.jpg,31,narrow_road_ahead,31,narrow_road_ahead,0.999969482421875,"[31, 30, 66]","[0.999969482421875, 2.223282899649348e-05, 5.861915269633755e-06]",True
/content/MargDrishti/data/processed/crops/test/no_stopping_or_standing/no_stopping_or_standing-33_jpg.rf.6b88ee50371f911c60084da7e4a89b67__370.0.jpg,34,no_stopping_or_standing,34,no_stopping_or_standing,1.0,"[34, 8, 33]","[1.0, 1.5053664981223847e-08, 7.522533707060575e-10]",True
/content/MargDrishti/data/processed/crops/test/u_turn/u_turn-43_jpg.rf.6b9ffbaded30d9a080d535a0645233bd__371.0.jpg,66,u_turn,66,u_turn,0.9957743287086487,"[66, 31, 46]","[0.9957743287086487, 0.0034611572045832872, 0.0006101587205193937]",True
/content/MargDrishti/data/processed/crops/test/no_stopping_or_standing/no_stopping_or_standing-54_jpg.rf.6b7151dc5d2ce36245a8fd90a4376ec9__372.0.jpg,34,no_stopping_or_standing,34,no_stopping_or_standing,0.9999995231628418,"[34, 33, 21]","[0.9999995231628418, 3.921065001577517e-07, 2.5602641784416846e-08]",True
/content/MargDrishti/data/processed/crops/test/pass_either_side/pass_either_side-4_jpeg.rf.6bf23d60371e418b885a6563284011ba__373.0.jpg,36,pass_either_side,36,pass_either_side,1.0,"[36, 22, 8]","[1.0, 1.7384119699315193e-09, 2.1148099937917664e-10]",True
/content/MargDrishti/data/processed/crops/test/compulsary_turn_left_ahead/compulsary_turn_left_ahead-37_png.rf.6bfc1d5a23756fc04ae9043b18937d7c__374.0.jpg,11,compulsary_turn_left_ahead,11,compulsary_turn_left_ahead,1.0,"[11, 9, 7]","[1.0, 1.5189727253783758e-10, 1.4005741011402506e-10]",True
/content/MargDrishti/data/processed/crops/test/axle_load_limit/axle_load_limit-53_jpg.rf.6bc568ed01c5e7bc7a107edc6f5279b8__375.0.jpg,1,axle_load_limit,1,axle_load_limit,1.0,"[1, 22, 0]","[1.0, 8.801889772591664e-12, 7.889060932297909e-12]",True
/content/MargDrishti/data/processed/crops/test/horn_prohibited/horn_prohibited-17_jpg.rf.6be296a5843d13f1861ad81f6d847a66__376.0.jpg,21,horn_prohibited,21,horn_prohibited,1.0,"[21, 2, 35]","[1.0, 4.311806378609617e-08, 7.532372059415593e-09]",True
/content/MargDrishti/data/processed/crops/test/right_reverse_bend/right_reverse_bend-2_png.rf.6caaf860902ca302afff8fbaff91dce5__377.0.jpg,43,right_reverse_bend,43,right_reverse_bend,1.0,"[43, 66, 3]","[1.0, 1.042278852743557e-13, 3.141651765871541e-15]",True
/content/MargDrishti/data/processed/crops/test/side_road_right/side_road_right-4_png.rf.6c3fa6ea218fcbd01018e0174dd133c6__378.0.jpg,48,side_road_right,59,staggered_intersection,0.9582892060279846,"[59, 48, 63]","[0.9582892060279846, 0.04096168279647827, 0.0006602122448384762]",False
/content/MargDrishti/data/processed/crops/test/compulsary_keep_right/compulsary_keep_right-50_png.rf.6cce2b043ed99a371fbb02138f59bbb1__379.0.jpg,9,compulsary_keep_right,9,compulsary_keep_right,0.9995449185371399,"[9, 34, 11]","[0.9995449185371399, 0.0003648509446065873, 4.734614412882365e-05]",True
/content/MargDrishti/data/processed/crops/test/side_road_left/side_road_left-61_jpg.rf.6c31b7c667d33b5f4c248836699db5cc__380.0.jpg,47,side_road_left,47,side_road_left,0.9999945163726807,"[47, 59, 63]","[0.9999945163726807, 4.646329671231797e-06, 4.903995431959629e-07]",True
/content/MargDrishti/data/processed/crops/test/restriction_ends/restriction_ends-14_jpg.rf.6cdb1ab0001519a9d226360096499eda__381.0.jpg,41,restriction_ends,41,restriction_ends,0.9986099004745483,"[41, 42, 7]","[0.9986099004745483, 0.0013898512115702033, 2.2275855826592306e-07]",True
/content/MargDrishti/data/processed/crops/test/guarded_level_crossing/guarded_level_crossing-13_jpeg.rf.6d1f586150e097131edcb3c84d37a8d4__382.0.jpg,19,guarded_level_crossing,19,guarded_level_crossing,0.9968934059143066,"[19, 60, 3]","[0.9968934059143066, 0.0025511477142572403, 0.0004865223600063473]",True
/content/MargDrishti/data/processed/crops/test/compulsary_turn_right_ahead/compulsary_turn_right_ahead-37_png.rf.6d36f1a655a603965f2afb1b5d2f3e9d__383.0.jpg,12,compulsary_turn_right_ahead,12,compulsary_turn_right_ahead,0.9998791217803955,"[12, 5, 34]","[0.9998791217803955, 5.327421968104318e-05, 2.6182444344158284e-05]",True
/content/MargDrishti/data/processed/crops/test/compulsary_keep_right/compulsary_keep_right-21_png.rf.6ce2e780d6436475a73b2b69fd56ca44__384.0.jpg,9,compulsary_keep_right,9,compulsary_keep_right,1.0,"[9, 11, 7]","[1.0, 4.1537058237395286e-09, 2.1040352793377792e-10]",True
/content/MargDrishti/data/processed/crops/test/right_turn_prohibited/right_turn_prohibited-68_jpg.rf.6dae26aeae1c158cc55575a5811ac97b__386.0.jpg,44,right_turn_prohibited,44,right_turn_prohibited,0.9999982118606567,"[44, 33, 57]","[0.9999982118606567, 1.765316028468078e-06, 1.3640641505219264e-08]",True
/content/MargDrishti/data/processed/crops/test/narrow_road_ahead/narrow_road_ahead-33_jpg.rf.6ded597a14f88cd59555732580eacc69__387.0.jpg,31,narrow_road_ahead,31,narrow_road_ahead,1.0,"[31, 30, 37]","[1.0, 6.469626533820913e-16, 4.82880830675027e-16]",True
/content/MargDrishti/data/processed/crops/test/speed_limit_70/speed_limit_70-22_jpg.rf.6dfb9f9161712146ec08321ab9ef1941__389.0.jpg,57,speed_limit_70,57,speed_limit_70,0.9998652935028076,"[57, 52, 56]","[0.9998652935028076, 0.00013462550123222172, 9.099117903588194e-09]",True
/content/MargDrishti/data/processed/crops/test/speed_limit_60/speed_limit_60-43_png.rf.6f556fe7f3181d5b31e4901c72548829__391.0.jpg,56,speed_limit_60,55,speed_limit_50,0.570081889629364,"[55, 57, 56]","[0.570081889629364, 0.2685292959213257, 0.11571571230888367]",False
/content/MargDrishti/data/processed/crops/test/height_limit/height_limit-21_jpg.rf.6eaa88a95f9e256c7ef8c095854ee606__392.0.jpg,20,height_limit,64,traffic_signal,0.8491067886352539,"[64, 59, 17]","[0.8491067886352539, 0.08157074451446533, 0.03271176293492317]",False
/content/MargDrishti/data/processed/crops/test/speed_limit_30/speed_limit_30-31_png.rf.6f75eba03acaf30feb87a7e5a5c85fee__393.0.jpg,53,speed_limit_30,53,speed_limit_30,0.9593562483787537,"[53, 54, 52]","[0.9593562483787537, 0.015812315046787262, 0.01342321839183569]",True
/content/MargDrishti/data/processed/crops/test/school_ahead/school_ahead-31_jpg.rf.705d6293b34602cee0624eff22aa2659__394.0.jpg,46,school_ahead,48,side_road_right,0.8140237927436829,"[48, 46, 70]","[0.8140237927436829, 0.16015365719795227, 0.006338087376207113]",False
/content/MargDrishti/data/processed/crops/test/traffic_signal/traffic_signal-11_jpg.rf.700ab7059a9e25b535747188f1db808e__395.0.jpg,64,traffic_signal,64,traffic_signal,0.16763056814670563,"[64, 34, 63]","[0.16763056814670563, 0.1423591524362564, 0.11178915947675705]",True
/content/MargDrishti/data/processed/crops/test/compulsary_ahead_or_turn_left/compulsary_ahead_or_turn_left-9_jpg.rf.6fb2877b9c47581d3b8f98da115a90cb__396.0.jpg,6,compulsary_ahead_or_turn_left,6,compulsary_ahead_or_turn_left,1.0,"[6, 8, 45]","[1.0, 2.058958038786418e-12, 1.4398462136865227e-15]",True
/content/MargDrishti/data/processed/crops/test/y_intersection/y_intersection-23_jpeg.rf.70c90ccbd2ca33180bd7d03e0fb4361a__397.0.jpg,70,y_intersection,70,y_intersection,0.9917986392974854,"[70, 63, 59]","[0.9917986392974854, 0.0069131809286773205, 0.0009811691707000136]",True
/content/MargDrishti/data/processed/crops/test/no_entry/no_entry-10_jpg.rf.7158a0a64b852ac18684404aeb3acdcc__398.0.jpg,32,no_entry,32,no_entry,0.9873599410057068,"[32, 62, 14]","[0.9873599410057068, 0.010186578147113323, 0.0004067422996740788]",True
/content/MargDrishti/data/processed/crops/test/steep_descent/steep_descent-34_jpg.rf.71c594fd8d844fefb0d242753c2e273c__399.0.jpg,61,steep_descent,61,steep_descent,1.0,"[61, 40, 15]","[1.0, 3.7288144794089817e-10, 3.36922465838177e-13]",True
/content/MargDrishti/data/processed/crops/test/no_parking/no_parking-50_jpg.rf.73a18ab4352a6a3aa8a9cd2e0a10c602__400.0.jpg,33,no_parking,33,no_parking,0.9994813799858093,"[33, 34, 65]","[0.9994813799858093, 0.0005185718182474375, 4.779420947897961e-08]",True
/content/MargDrishti/data/processed/crops/test/stop/stop-72_png.rf.720eed8eae6139758c79607d6110b202__401.0.jpg,62,stop,62,stop,1.0,"[62, 32, 31]","[1.0, 8.891717917514086e-10, 1.907192875849617e-10]",True
/content/MargDrishti/data/processed/crops/test/falling_rocks/falling_rocks-32_jpeg.rf.739da10bfe726c9398be9eac6cac0d35__402.0.jpg,16,falling_rocks,16,falling_rocks,0.9994916915893555,"[16, 37, 29]","[0.9994916915893555, 0.0004121179226785898, 4.575704952003434e-05]",True
/content/MargDrishti/data/processed/crops/test/hump_or_rough_road/hump_or_rough_road-67_jpg.rf.73c59b2374515b41f9f0c3aa2e0034f0__403.0.jpg,23,hump_or_rough_road,23,hump_or_rough_road,0.9933009147644043,"[23, 15, 61]","[0.9933009147644043, 0.006691749673336744, 3.729660420503933e-06]",True
/content/MargDrishti/data/processed/crops/test/u_turn/u_turn-27_jpg.rf.73e1b2274a7c8b69521e74083066eabd__404.0.jpg,66,u_turn,66,u_turn,0.9999444484710693,"[66, 31, 45]","[0.9999444484710693, 5.3855568694416434e-05, 1.2703756055998383e-06]",True
/content/MargDrishti/data/processed/crops/test/width_limit/width_limit-2_png.rf.73ec4ae70c9f9629bc1414083ac4830c__405.0.jpg,69,width_limit,69,width_limit,0.9999427795410156,"[69, 27, 1]","[0.9999427795410156, 5.2565286750905216e-05, 3.4113522815459874e-06]",True
/content/MargDrishti/data/processed/crops/test/gap_in_median/gap_in_median-32_jpg.rf.7431ba0c538da1b8b6d3ad25bc691ad2__406.0.jpg,17,gap_in_median,17,gap_in_median,0.9999983310699463,"[17, 64, 47]","[0.9999983310699463, 7.035255293885712e-07, 2.7976227556791855e-07]",True
/content/MargDrishti/data/processed/crops/test/staggered_intersection/staggered_intersection-14_jpeg.rf.74ee3794b556379a76aacaf0abc42905__407.0.jpg,59,staggered_intersection,59,staggered_intersection,0.9667383432388306,"[59, 48, 47]","[0.9667383432388306, 0.029926441609859467, 0.0031563814263790846]",True
/content/MargDrishti/data/processed/crops/test/u_turn/u_turn-31_jpg.rf.757d92664105bbb15db804a62d990727__408.0.jpg,66,u_turn,66,u_turn,0.9999642372131348,"[66, 67, 45]","[0.9999642372131348, 3.5683118767337874e-05, 7.028922510698976e-08]",True
/content/MargDrishti/data/processed/crops/test/falling_rocks/falling_rocks-60_jpg.rf.764d4a637b9d8ad7302878ab7c82db5f__409.0.jpg,16,falling_rocks,16,falling_rocks,0.28731638193130493,"[16, 46, 14]","[0.28731638193130493, 0.21735328435897827, 0.2117331475019455]",True
/content/MargDrishti/data/processed/crops/test/speed_limit_80/speed_limit_80-57_jpg.rf.765485877fa9116f0a90f9503658b4a6__410.0.jpg,58,speed_limit_80,58,speed_limit_80,0.9901149272918701,"[58, 53, 56]","[0.9901149272918701, 0.005603482015430927, 0.0020937826484441757]",True
/content/MargDrishti/data/processed/crops/test/speed_limit_120/speed_limit_120-30_png.rf.75e1573786fcd71f370b25a14c4c181c__411.0.jpg,51,speed_limit_120,51,speed_limit_120,0.9750935435295105,"[51, 50, 57]","[0.9750935435295105, 0.0248365867882967, 5.6208809837698936e-05]",True
/content/MargDrishti/data/processed/crops/test/side_road_left/side_road_left-60_jpg.rf.75f7497308bb8e81ae563ec0a4fdab6f__412.0.jpg,47,side_road_left,47,side_road_left,0.4044399857521057,"[47, 64, 31]","[0.4044399857521057, 0.3501463532447815, 0.13132335245609283]",True
/content/MargDrishti/data/processed/crops/test/u_turn_prohibited/u_turn_prohibited-29_jpg.rf.7693fdf2f2235b72e86b015919be3350__413.0.jpg,67,u_turn_prohibited,67,u_turn_prohibited,0.9997616410255432,"[67, 26, 33]","[0.9997616410255432, 0.00016456673620268703, 3.455458863754757e-05]",True
/content/MargDrishti/data/processed/crops/test/pedestrian_prohibited/pedestrian_prohibited-23_jpeg.rf.766d341e508fb04a61cb726ab6ae4a61__414.0.jpg,38,pedestrian_prohibited,38,pedestrian_prohibited,0.9999986886978149,"[38, 20, 37]","[0.9999986886978149, 5.839290793119289e-07, 2.7342215958015004e-07]",True
/content/MargDrishti/data/processed/crops/test/hump_or_rough_road/hump_or_rough_road-57_jpg.rf.766117654d4a9a591b54764581fbf6ae__415.0.jpg,23,hump_or_rough_road,23,hump_or_rough_road,0.9963816404342651,"[23, 15, 61]","[0.9963816404342651, 0.0018873633816838264, 0.0017140659037977457]",True
/content/MargDrishti/data/processed/crops/test/petrol_pump_ahead/petrol_pump_ahead-23_jpeg.rf.772768d975d6e8e4cbbbe0f909c71384__416.0.jpg,39,petrol_pump_ahead,39,petrol_pump_ahead,1.0,"[39, 22, 20]","[1.0, 3.252884894777708e-08, 2.0050706429387832e-14]",True
/content/MargDrishti/data/processed/crops/test/restriction_ends/restriction_ends-39_jpg.rf.77f5d4ff9980e5f7ad37d7deac372ed9__418.0.jpg,41,restriction_ends,41,restriction_ends,1.0,"[41, 7, 45]","[1.0, 2.4854216720739813e-15, 7.015560311801093e-17]",True
/content/MargDrishti/data/processed/crops/test/overtaking_prohibited/overtaking_prohibited-27_jpg.rf.788395397f6436e6aa70ee588564abf7__419.0.jpg,35,overtaking_prohibited,35,overtaking_prohibited,0.9994218349456787,"[35, 69, 2]","[0.9994218349456787, 0.0002930588962044567, 0.0001241077552549541]",True
/content/MargDrishti/data/processed/crops/test/no_stopping_or_standing/no_stopping_or_standing-1_jpeg.rf.78cc303d93cf4538eeae2765de4ee75b__420.0.jpg,34,no_stopping_or_standing,34,no_stopping_or_standing,0.9384708404541016,"[34, 33, 65]","[0.9384708404541016, 0.06152801960706711, 1.1045850669688662e-06]",True
/content/MargDrishti/data/processed/crops/test/restriction_ends/restriction_ends-5_jpeg.rf.777b0354ed292196326fc718dc396e55__421.0.jpg,41,restriction_ends,41,restriction_ends,0.9998778104782104,"[41, 42, 8]","[0.9998778104782104, 0.00012154760042903945, 4.316555930472532e-07]",True
/content/MargDrishti/data/processed/crops/test/speed_limit_50/speed_limit_50-24_png.rf.78fe12ee70bcce04051e84b56d377512__422.0.jpg,55,speed_limit_50,55,speed_limit_50,0.5453628897666931,"[55, 58, 53]","[0.5453628897666931, 0.19808702170848846, 0.11176467686891556]",True
/content/MargDrishti/data/processed/crops/test/speed_limit_20/speed_limit_20-21_png.rf.799bcd561b57690e3c78fc068397c218__423.0.jpg,52,speed_limit_20,52,speed_limit_20,1.0,"[52, 53, 57]","[1.0, 1.0986750571817527e-11, 1.4726128573939318e-13]",True
/content/MargDrishti/data/processed/crops/test/left_turn_prohibited/left_turn_prohibited-18_jpg.rf.7a0260a3d12613aa905b5ecf6e141b31__424.0.jpg,26,left_turn_prohibited,26,left_turn_prohibited,1.0,"[26, 21, 14]","[1.0, 2.6126452112862353e-08, 3.4614282551359565e-09]",True
/content/MargDrishti/data/processed/crops/test/narrow_road_ahead/narrow_road_ahead-19_jpg.rf.78f81396edccfff809c54aa56856473e__425.0.jpg,31,narrow_road_ahead,31,narrow_road_ahead,0.9999322891235352,"[31, 66, 30]","[0.9999322891235352, 5.765464447904378e-05, 9.997094821301289e-06]",True
/content/MargDrishti/data/processed/crops/test/speed_limit_120/speed_limit_120-33_png.rf.7a1595a719b3b432e5452a02ed2eb2af__426.0.jpg,51,speed_limit_120,51,speed_limit_120,0.9999986886978149,"[51, 50, 57]","[0.9999986886978149, 1.1211526498300373e-06, 1.1177817071938989e-07]",True
/content/MargDrishti/data/processed/crops/test/guarded_level_crossing/guarded_level_crossing-56_jpg.rf.7a0a154ba3ecdb005fdeb176908ed828__427.0.jpg,19,guarded_level_crossing,19,guarded_level_crossing,0.7815465331077576,"[19, 3, 15]","[0.7815465331077576, 0.2161196917295456, 0.0009725451236590743]",True
/content/MargDrishti/data/processed/crops/test/truck_prohibited/truck_prohibited-21_jpeg.rf.7a66e8fcbf9fb59960b5be1e567066f8__428.0.jpg,65,truck_prohibited,65,truck_prohibited,0.9893791079521179,"[65, 27, 35]","[0.9893791079521179, 0.007167991250753403, 0.0033140331506729126]",True
/content/MargDrishti/data/processed/crops/test/pedestrian_prohibited/pedestrian_prohibited-31_jpg.rf.7af04ac46958d0653033add862bfc97e__429.0.jpg,38,pedestrian_prohibited,38,pedestrian_prohibited,1.0,"[38, 0, 37]","[1.0, 9.081719751224959e-13, 3.419522152416088e-13]",True
/content/MargDrishti/data/processed/crops/test/compulsary_sound_horn/compulsary_sound_horn-7_jpg.rf.7a9855e7338e859d897c6ea9bc37a96e__430.0.jpg,10,compulsary_sound_horn,21,horn_prohibited,1.0,"[21, 27, 69]","[1.0, 1.4647638657550033e-09, 5.937277336443003e-10]",False
/content/MargDrishti/data/processed/crops/test/no_stopping_or_standing/no_stopping_or_standing-36_jpg.rf.7b31597bb2e66ed71f201f124923e46e__431.0.jpg,34,no_stopping_or_standing,34,no_stopping_or_standing,0.9999544620513916,"[34, 9, 4]","[0.9999544620513916, 2.1303743778844364e-05, 9.201154171023518e-06]",True
/content/MargDrishti/data/processed/crops/test/speed_limit_30/speed_limit_30-35_png.rf.7b35bbdb42a5603461387ff274ce4e4e__432.0.jpg,53,speed_limit_30,53,speed_limit_30,0.9999998807907104,"[53, 58, 55]","[0.9999998807907104, 6.094948901136377e-08, 1.2359303802611521e-08]",True
/content/MargDrishti/data/processed/crops/test/speed_limit_100/speed_limit_100-28_png.rf.7b5379eaaf673edcab0628ff8404448d__433.0.jpg,50,speed_limit_100,50,speed_limit_100,0.8308481574058533,"[50, 51, 57]","[0.8308481574058533, 0.16899000108242035, 0.00011367268598405644]",True
/content/MargDrishti/data/processed/crops/test/school_ahead/school_ahead-35_jpg.rf.7b51c3ae86ed75677247fad5b4d854e9__434.0.jpg,46,school_ahead,46,school_ahead,0.9992697834968567,"[46, 14, 49]","[0.9992697834968567, 0.000602207554038614, 3.7740086554549634e-05]",True
/content/MargDrishti/data/processed/crops/test/speed_limit_80/speed_limit_80-41_png.rf.7bc78a34de7edad68b133106f4641035__435.0.jpg,58,speed_limit_80,58,speed_limit_80,0.9999517202377319,"[58, 55, 53]","[0.9999517202377319, 4.397671000333503e-05, 2.828826154654962e-06]",True
/content/MargDrishti/data/processed/crops/test/side_road_right/side_road_right-35_jpg.rf.7bd8c9811b02354718cb931511a131e5__436.0.jpg,48,side_road_right,48,side_road_right,1.0,"[48, 70, 59]","[1.0, 4.474169923440741e-09, 4.265424458083089e-09]",True
/content/MargDrishti/data/processed/crops/test/cross_road/cross_road-57_jpg.rf.7bdc1db4b15f4c2199f61865eb48148e__437.0.jpg,13,cross_road,13,cross_road,0.9902734160423279,"[13, 59, 47]","[0.9902734160423279, 0.0036577170249074697, 0.002134145935997367]",True
/content/MargDrishti/data/processed/crops/test/width_limit/width_limit-25_jpeg.rf.7bfbe649ae7822d4e38a800cf4dc0421__438.0.jpg,69,width_limit,69,width_limit,0.9797582626342773,"[69, 55, 27]","[0.9797582626342773, 0.015164787881076336, 0.002226767595857382]",True
/content/MargDrishti/data/processed/crops/test/side_road_left/side_road_left-55_jpg.rf.7c6e305ca09c6ba1c76b6df8387459ad__439.0.jpg,47,side_road_left,47,side_road_left,0.991678774356842,"[47, 59, 70]","[0.991678774356842, 0.007669020909816027, 0.000561848864890635]",True
/content/MargDrishti/data/processed/crops/test/chevron_direction/chevron_direction-35_jpg.rf.7c08054e901430600e23972b224099ac__440.0.jpg,4,chevron_direction,4,chevron_direction,0.999980092048645,"[4, 62, 64]","[0.999980092048645, 1.6807864085421897e-05, 1.2585142030729912e-06]",True
/content/MargDrishti/data/processed/crops/test/speed_limit_80/speed_limit_80-44_jpg.rf.7c9481f4be10be43f58619942a142acf__441.0.jpg,58,speed_limit_80,58,speed_limit_80,0.9005834460258484,"[58, 56, 53]","[0.9005834460258484, 0.09574038535356522, 0.003172262804582715]",True
/content/MargDrishti/data/processed/crops/test/u_turn_prohibited/u_turn_prohibited-13_jpg.rf.7cbee1218aa83826ae8737ebbea01c78__442.0.jpg,67,u_turn_prohibited,67,u_turn_prohibited,0.9999433755874634,"[67, 66, 44]","[0.9999433755874634, 3.363955329405144e-05, 2.015616155404132e-05]",True
/content/MargDrishti/data/processed/crops/test/school_ahead/school_ahead-37_jpg.rf.7ca59637a4a3a361248d923ad8ebaf44__443.0.jpg,46,school_ahead,46,school_ahead,0.9077475070953369,"[46, 13, 30]","[0.9077475070953369, 0.036787375807762146, 0.022873366251587868]",True
/content/MargDrishti/data/processed/crops/test/no_parking/no_parking-1_jpg.rf.7d2272175e9bd1d39f768695e6e71c42__444.0.jpg,33,no_parking,33,no_parking,1.0,"[33, 27, 44]","[1.0, 3.165917875080915e-11, 2.909113401561303e-11]",True
/content/MargDrishti/data/processed/crops/test/width_limit/width_limit-47_jpg.rf.7e31d97b9ff5a548fcbf0e7d57ff1aa8__445.0.jpg,69,width_limit,69,width_limit,0.9570226669311523,"[69, 27, 20]","[0.9570226669311523, 0.02013130858540535, 0.005529617425054312]",True
/content/MargDrishti/data/processed/crops/test/give_way/give_way-66_jpg.rf.7e88037cd87e3fbcbfb6ee1681a5f8c4__447.0.jpg,18,give_way,18,give_way,0.9999985694885254,"[18, 45, 4]","[0.9999985694885254, 1.4770887446502456e-06, 2.7252232470686977e-08]",True
/content/MargDrishti/data/processed/crops/test/pedestrian_crossing/pedestrian_crossing-25_jpg.rf.7e60b0126ecaacfafbb3522ecc3794ab__448.0.jpg,37,pedestrian_crossing,37,pedestrian_crossing,0.9994736313819885,"[37, 47, 59]","[0.9994736313819885, 0.00028315000236034393, 0.0002316642930964008]",True
/content/MargDrishti/data/processed/crops/test/left_hand_curve/left_hand_curve-50_png.rf.7ee6ffc56310ccaf1bac1887d6dfdfc3__449.0.jpg,24,left_hand_curve,24,left_hand_curve,1.0,"[24, 49, 15]","[1.0, 3.751852162281466e-09, 5.255552659733098e-10]",True
/content/MargDrishti/data/processed/crops/test/petrol_pump_ahead/petrol_pump_ahead-43_jpg.rf.7f26bc4b58fd8a5de6ffe5dd6ca5495c__450.0.jpg,39,petrol_pump_ahead,39,petrol_pump_ahead,0.9870180487632751,"[39, 22, 10]","[0.9870180487632751, 0.012980257160961628, 5.087277941129287e-07]",True
/content/MargDrishti/data/processed/crops/test/pedestrian_prohibited/pedestrian_prohibited-25_jpeg.rf.7f41a326e7e4a17b749aadcd73ecf261__451.0.jpg,38,pedestrian_prohibited,38,pedestrian_prohibited,0.9999998807907104,"[38, 46, 0]","[0.9999998807907104, 1.1223206541899344e-07, 8.133258511122676e-09]",True
/content/MargDrishti/data/processed/crops/test/speed_limit_30/speed_limit_30-14_jpg.rf.7ecd2e93b805630d709b124c678c8995__452.0.jpg,53,speed_limit_30,53,speed_limit_30,1.0,"[53, 55, 58]","[1.0, 3.204977616633187e-08, 5.169969452545331e-10]",True
/content/MargDrishti/data/processed/crops/test/quay_side_or_river_bank/quay_side_or_river_bank-20_jpg.rf.7f64c83d40876596bb51d3737f09a7e1__453.0.jpg,40,quay_side_or_river_bank,40,quay_side_or_river_bank,0.9999997615814209,"[40, 28, 49]","[0.9999997615814209, 5.247523660045772e-08, 2.7694257553889656e-08]",True
/content/MargDrishti/data/processed/crops/test/falling_rocks/falling_rocks-5_jpg.rf.7fb95832e692239ff88fac175c4be967__454.0.jpg,16,falling_rocks,16,falling_rocks,0.9995452761650085,"[16, 40, 68]","[0.9995452761650085, 0.00034967699320986867, 3.58192810381297e-05]",True
/content/MargDrishti/data/processed/crops/test/right_reverse_bend/right_reverse_bend-48_jpg.rf.7fef1f57ebd7f2fd2bc40a37179040ae__455.0.jpg,43,right_reverse_bend,43,right_reverse_bend,1.0,"[43, 3, 47]","[1.0, 1.778008350359489e-13, 1.817333328773098e-15]",True
/content/MargDrishti/data/processed/crops/test/cycle_crossing/cycle_crossing-49_png.rf.7f8d64af08eddd949f8639447c0c32d3__456.0.jpg,14,cycle_crossing,14,cycle_crossing,0.991477906703949,"[14, 24, 37]","[0.991477906703949, 0.006292670499533415, 0.00028604830731637776]",True
/content/MargDrishti/data/processed/crops/test/axle_load_limit/axle_load_limit-10_png.rf.802e79b19d308af5bb7b435883c8277d__457.0.jpg,1,axle_load_limit,1,axle_load_limit,0.9999996423721313,"[1, 27, 51]","[0.9999996423721313, 1.6716975892450137e-07, 1.0555015705904225e-07]",True
/content/MargDrishti/data/processed/crops/test/hump_or_rough_road/hump_or_rough_road-19_jpg.rf.806c049ef857a1ca2848f093065e98c2__458.0.jpg,23,hump_or_rough_road,23,hump_or_rough_road,0.9999806880950928,"[23, 15, 61]","[0.9999806880950928, 6.884760750835994e-06, 6.709848548780428e-06]",True
/content/MargDrishti/data/processed/crops/test/slippery_road/slippery_road-38_jpg.rf.808579ac1f33dc4779ef4987e315eefa__459.0.jpg,49,slippery_road,49,slippery_road,0.9994764924049377,"[49, 40, 3]","[0.9994764924049377, 0.00041330026579089463, 4.015974627691321e-05]",True
/content/MargDrishti/data/processed/crops/test/side_road_right/side_road_right-45_jpg.rf.80ae0e3d31a0060cb054bcf970c88bf2__460.0.jpg,48,side_road_right,48,side_road_right,0.6970134973526001,"[48, 64, 37]","[0.6970134973526001, 0.10144276916980743, 0.09635739028453827]",True
/content/MargDrishti/data/processed/crops/test/speed_limit_120/speed_limit_120-53_png.rf.815c5639f7ba3ed3da631d83d21df2e6__461.0.jpg,51,speed_limit_120,51,speed_limit_120,0.999711811542511,"[51, 58, 50]","[0.999711811542511, 0.00017976458184421062, 0.00010593554907245561]",True
/content/MargDrishti/data/processed/crops/test/speed_limit_80/speed_limit_80-35_jpg.rf.81731aff2e2b74a4ce5b48f230efaf46__462.0.jpg,58,speed_limit_80,56,speed_limit_60,0.8042668700218201,"[56, 58, 51]","[0.8042668700218201, 0.14952829480171204, 0.022760625928640366]",False
/content/MargDrishti/data/processed/crops/test/quay_side_or_river_bank/quay_side_or_river_bank-28_jpg.rf.80c802ac9c9e353a91f739e88a6d6227__463.0.jpg,40,quay_side_or_river_bank,40,quay_side_or_river_bank,0.9999897480010986,"[40, 68, 28]","[0.9999897480010986, 5.008022526453715e-06, 2.7869668883795384e-06]",True
/content/MargDrishti/data/processed/crops/test/narrow_bridge_ahead/narrow_bridge_ahead-32_jpg.rf.817d11d50a024f34ecb204645d4ad1a8__464.0.jpg,30,narrow_bridge_ahead,30,narrow_bridge_ahead,1.0,"[30, 13, 70]","[1.0, 7.046509487018682e-10, 1.6615678277709378e-10]",True
/content/MargDrishti/data/processed/crops/test/compulsary_ahead/compulsary_ahead-11_png.rf.81b45689ea1e8ddf42edf5b8065366ea__465.0.jpg,5,compulsary_ahead,5,compulsary_ahead,0.9999997615814209,"[5, 11, 12]","[0.9999997615814209, 1.0705192465820801e-07, 9.05902552972293e-08]",True
/content/MargDrishti/data/processed/crops/test/restriction_ends/restriction_ends-64_png.rf.81faf9621ba1afb29a13185c537d31d2__466.0.jpg,41,restriction_ends,41,restriction_ends,0.9999998807907104,"[41, 42, 8]","[0.9999998807907104, 1.5985139611984778e-07, 5.872009822827096e-11]",True
/content/MargDrishti/data/processed/crops/test/men_at_work/men_at_work-52_png.rf.82896e62fa163d180551a6d287c8bf54__467.0.jpg,29,men_at_work,29,men_at_work,0.9997286200523376,"[29, 42, 16]","[0.9997286200523376, 0.00016154006880242378, 4.329483272158541e-05]",True
/content/MargDrishti/data/processed/crops/test/cross_road/cross_road-11_jpg.rf.8258baa7604093ec244c3d9907832139__468.0.jpg,13,cross_road,13,cross_road,0.9999998807907104,"[13, 46, 30]","[0.9999998807907104, 8.562334841144548e-08, 2.2574313973677818e-08]",True
/content/MargDrishti/data/processed/crops/test/guarded_level_crossing/guarded_level_crossing-29_png.rf.82f6d5fe269b65b594d082f10b924c97__469.0.jpg,19,guarded_level_crossing,19,guarded_level_crossing,0.9977165460586548,"[19, 14, 3]","[0.9977165460586548, 0.001707345829345286, 0.0004001544148195535]",True
/content/MargDrishti/data/processed/crops/test/stop/stop-15_jpg.rf.8309bb8ab14c5bb4f3dfa974015f3137__470.0.jpg,62,stop,62,stop,1.0,"[62, 32, 51]","[1.0, 2.14562478895175e-09, 4.1947119389096343e-11]",True
/content/MargDrishti/data/processed/crops/test/speed_limit_120/speed_limit_120-36_png.rf.83374d94e3481dad0355cd283d3ee60d__471.0.jpg,51,speed_limit_120,51,speed_limit_120,0.9999996423721313,"[51, 50, 57]","[0.9999996423721313, 3.5326513625477673e-07, 3.1940221134618696e-08]",True
/content/MargDrishti/data/processed/crops/test/traffic_signal/traffic_signal-62_png.rf.834b1ba033de3aeccd11e54bbe8007ae__472.0.jpg,64,traffic_signal,64,traffic_signal,0.9999951124191284,"[64, 47, 49]","[0.9999951124191284, 3.3821067972894525e-06, 7.943329478621308e-07]",True
/content/MargDrishti/data/processed/crops/test/cycle_crossing/cycle_crossing-23_jpg.rf.83d8a33d47f787a57b8760814abac50a__473.0.jpg,14,cycle_crossing,14,cycle_crossing,0.9999943971633911,"[14, 28, 40]","[0.9999943971633911, 2.478663645888446e-06, 2.2253202587307896e-06]",True
/content/MargDrishti/data/processed/crops/test/height_limit/height_limit-19_jpg.rf.83b90aa989d13c58f442a4e0a225926e__475.0.jpg,20,height_limit,64,traffic_signal,0.8349136710166931,"[64, 59, 70]","[0.8349136710166931, 0.09432949870824814, 0.03112621419131756]",False
/content/MargDrishti/data/processed/crops/test/loose_gravel/loose_gravel-16_jpeg.rf.83c2699dfe0027b54a5457402de1618c__476.0.jpg,28,loose_gravel,60,steep_ascent,0.6580475568771362,"[60, 61, 15]","[0.6580475568771362, 0.32591068744659424, 0.0052732182666659355]",False
/content/MargDrishti/data/processed/crops/test/no_stopping_or_standing/no_stopping_or_standing-49_jpg.rf.83db5db63e0941b5b7b28217797517d2__477.0.jpg,34,no_stopping_or_standing,34,no_stopping_or_standing,0.9999997615814209,"[34, 33, 4]","[0.9999997615814209, 1.1453188619725552e-07, 6.628609838799093e-08]",True
/content/MargDrishti/data/processed/crops/test/compulsary_keep_right/compulsary_keep_right-23_png.rf.84238a430c774fe4be7092ba1fd572ae__478.0.jpg,9,compulsary_keep_right,9,compulsary_keep_right,0.9999991655349731,"[9, 11, 7]","[0.9999991655349731, 8.245222034020117e-07, 1.678712635566626e-08]",True
/content/MargDrishti/data/processed/crops/test/left_hand_curve/left_hand_curve-45_png.rf.846220b86204fcb98fb0f877f1f0350e__479.0.jpg,24,left_hand_curve,24,left_hand_curve,0.9999998807907104,"[24, 49, 14]","[0.9999998807907104, 1.2156910145222355e-07, 2.291843870239063e-08]",True
/content/MargDrishti/data/processed/crops/test/pass_either_side/pass_either_side-11_png.rf.83e92a9d03a0fd31b0b6ccc23b0889bb__480.0.jpg,36,pass_either_side,36,pass_either_side,1.0,"[36, 12, 10]","[1.0, 9.726942806764782e-09, 3.930213043901176e-09]",True
/content/MargDrishti/data/processed/crops/test/truck_prohibited/truck_prohibited-16_jpeg.rf.849ea16a27bbdb9797da2a96ac614a63__481.0.jpg,65,truck_prohibited,65,truck_prohibited,0.9661890864372253,"[65, 27, 2]","[0.9661890864372253, 0.0328214131295681, 0.0006058891303837299]",True
/content/MargDrishti/data/processed/crops/test/u_turn/u_turn-37_jpg.rf.84af58acc27cfc7c35e1d4fa3e511a08__482.0.jpg,66,u_turn,66,u_turn,0.9987784028053284,"[66, 45, 31]","[0.9987784028053284, 0.00048302047071047127, 0.00013333595416042954]",True
/content/MargDrishti/data/processed/crops/test/all_motor_vehicle_prohibited/all_motor_vehicle_prohibited-48_jpg.rf.84eb5669734d88bd4a842dfbb6c59f16__483.0.jpg,0,all_motor_vehicle_prohibited,0,all_motor_vehicle_prohibited,0.9999998807907104,"[0, 38, 67]","[0.9999998807907104, 7.539389912381012e-08, 1.4901647693577047e-09]",True
/content/MargDrishti/data/processed/crops/test/compulsary_ahead/compulsary_ahead-5_png.rf.849c1cf58662047123f10564030b1c33__484.0.jpg,5,compulsary_ahead,5,compulsary_ahead,0.9999969005584717,"[5, 12, 11]","[0.9999969005584717, 3.0585777039959794e-06, 1.8793045342135883e-08]",True
/content/MargDrishti/data/processed/crops/test/speed_limit_50/speed_limit_50-32_png.rf.85737563a9dc4a044c2c0148dc6543ef__485.0.jpg,55,speed_limit_50,55,speed_limit_50,0.9999973773956299,"[55, 58, 53]","[0.9999973773956299, 1.4751922208233736e-06, 1.0395261824669433e-06]",True
/content/MargDrishti/data/processed/crops/test/compulsary_sound_horn/compulsary_sound_horn-41_jpg.rf.86c8028579f770dafe10da77a8fed04d__486.0.jpg,10,compulsary_sound_horn,10,compulsary_sound_horn,0.9999676942825317,"[10, 9, 7]","[0.9999676942825317, 2.9430635549942963e-05, 2.604508381409687e-06]",True
/content/MargDrishti/data/processed/crops/test/pass_either_side/pass_either_side-20_jpg.rf.8667bd5792fa65c283d62018c4d40ada__487.0.jpg,36,pass_either_side,36,pass_either_side,0.9999953508377075,"[36, 57, 35]","[0.9999953508377075, 4.339313363743713e-06, 1.518844783277018e-07]",True
/content/MargDrishti/data/processed/crops/test/u_turn/u_turn-38_jpg.rf.8540df8db2d052fb1eee5362d8fe21ce__488.0.jpg,66,u_turn,66,u_turn,0.999017596244812,"[66, 45, 31]","[0.999017596244812, 0.00043683775584213436, 9.70658875303343e-05]",True
/content/MargDrishti/data/processed/crops/test/truck_prohibited/truck_prohibited-14_jpeg.rf.86e1c3fe833d617596af0d48844f41e6__489.0.jpg,65,truck_prohibited,65,truck_prohibited,0.9229277968406677,"[65, 27, 35]","[0.9229277968406677, 0.07588919252157211, 0.0009554261341691017]",True
/content/MargDrishti/data/processed/crops/test/restriction_ends/restriction_ends-35_png.rf.86f56747fe75011ad2ab2af29f879fcd__490.0.jpg,41,restriction_ends,41,restriction_ends,0.9999977350234985,"[41, 42, 57]","[0.9999977350234985, 9.627839290260454e-07, 4.3741894728555053e-07]",True
/content/MargDrishti/data/processed/crops/test/hump_or_rough_road/hump_or_rough_road-64_jpg.rf.87306268c961f4879f3607bd20c8c054__491.0.jpg,23,hump_or_rough_road,15,dangerous_dip,0.47544988989830017,"[15, 23, 61]","[0.47544988989830017, 0.46294543147087097, 0.05255420506000519]",False
/content/MargDrishti/data/processed/crops/test/school_ahead/school_ahead-25_jpg.rf.87704afd4bb70d88c2b9ff13ab218e8c__492.0.jpg,46,school_ahead,46,school_ahead,1.0,"[46, 37, 13]","[1.0, 6.482841818922225e-09, 4.02643207664255e-09]",True
/content/MargDrishti/data/processed/crops/test/hospital_ahead/hospital_ahead-59_jpg.rf.8813b5aec06a71a6e1b43a18310bd853__493.0.jpg,22,hospital_ahead,22,hospital_ahead,1.0,"[22, 39, 9]","[1.0, 7.255799693711706e-13, 1.1276799766213736e-16]",True
/content/MargDrishti/data/processed/crops/test/pedestrian_crossing/pedestrian_crossing-45_jpg.rf.86fd0b16aa464075e31fbcf0f7ce5a4f__494.0.jpg,37,pedestrian_crossing,37,pedestrian_crossing,0.973595380783081,"[37, 29, 16]","[0.973595380783081, 0.02119429223239422, 0.0046031116507947445]",True
/content/MargDrishti/data/processed/crops/test/right_reverse_bend/right_reverse_bend-50_jpg.rf.8735274ca42ca41fc604176d1c7b99a2__495.0.jpg,43,right_reverse_bend,43,right_reverse_bend,1.0,"[43, 40, 3]","[1.0, 7.523823686468589e-14, 1.6811120502396512e-14]",True
/content/MargDrishti/data/processed/crops/test/speed_limit_60/speed_limit_60-53_jpg.rf.8843c7b52e446bef5c80206e2a965940__496.0.jpg,56,speed_limit_60,56,speed_limit_60,0.9784774780273438,"[56, 58, 52]","[0.9784774780273438, 0.010008777491748333, 0.002374562667682767]",True
/content/MargDrishti/data/processed/crops/test/school_ahead/school_ahead-60_png.rf.88960f73e4bde79f0e1a63a7121f45c5__497.0.jpg,46,school_ahead,46,school_ahead,0.9939146637916565,"[46, 40, 29]","[0.9939146637916565, 0.002194004599004984, 0.001277739298529923]",True
/content/MargDrishti/data/processed/crops/test/pass_either_side/pass_either_side-47_jpg.rf.8897d92353d70944b76eaa72d80cd8b3__498.0.jpg,36,pass_either_side,36,pass_either_side,1.0,"[36, 10, 12]","[1.0, 4.0797516476231976e-08, 3.4633650614068756e-08]",True
/content/MargDrishti/data/processed/crops/test/right_turn_prohibited/right_turn_prohibited-37_jpg.rf.88ac992ef55ff1656cc624c8ee1e5044__499.0.jpg,44,right_turn_prohibited,44,right_turn_prohibited,0.9999865293502808,"[44, 32, 26]","[0.9999865293502808, 3.908732651325408e-06, 2.043700987996999e-06]",True
/content/MargDrishti/data/processed/crops/test/narrow_bridge_ahead/narrow_bridge_ahead-19_jpg.rf.88d137cf9b3c2de214d681b570860aea__500.0.jpg,30,narrow_bridge_ahead,30,narrow_bridge_ahead,0.999976634979248,"[30, 70, 31]","[0.999976634979248, 8.902685294742696e-06, 7.024205388006521e-06]",True
/content/MargDrishti/data/processed/crops/test/compulsary_sound_horn/compulsary_sound_horn-26_jpg.rf.88c73a17f6d98f4ffc5e0533d4362917__501.0.jpg,10,compulsary_sound_horn,10,compulsary_sound_horn,0.9745815992355347,"[10, 9, 23]","[0.9745815992355347, 0.012157010845839977, 0.004329270217567682]",True
/content/MargDrishti/data/processed/crops/test/traffic_signal/traffic_signal-23_jpg.rf.897f1cc09611c8c0956f58e1d18e38ad__502.0.jpg,64,traffic_signal,64,traffic_signal,0.9993182420730591,"[64, 59, 47]","[0.9993182420730591, 0.0006586354575119913, 7.493212706322083e-06]",True
/content/MargDrishti/data/processed/crops/test/t_intersection/t_intersection-20_png.rf.899086ebc4ac2cde138ff6eae88d20ec__503.0.jpg,63,t_intersection,70,y_intersection,0.9999904632568359,"[70, 55, 16]","[0.9999904632568359, 8.827817509882152e-06, 3.5930705166720145e-07]",False
/content/MargDrishti/data/processed/crops/test/pedestrian_crossing/pedestrian_crossing-37_png.rf.895f45d27eae204226a4304237aa3072__504.0.jpg,37,pedestrian_crossing,37,pedestrian_crossing,1.0,"[37, 46, 31]","[1.0, 2.835100154641168e-09, 7.404170609959237e-10]",True
/content/MargDrishti/data/processed/crops/test/dangerous_dip/dangerous_dip-16_jpg.rf.89e2a51faa3484bd02529567d4920b43__505.0.jpg,15,dangerous_dip,15,dangerous_dip,0.9999833106994629,"[15, 45, 19]","[0.9999833106994629, 1.635436638025567e-05, 3.311261878025107e-07]",True
/content/MargDrishti/data/processed/crops/test/right_hand_curve/right_hand_curve-50_png.rf.89914d78f87d3ed5e0acb357720e53fe__506.0.jpg,42,right_hand_curve,42,right_hand_curve,0.9999974966049194,"[42, 43, 63]","[0.9999974966049194, 1.7474992546340218e-06, 2.2080928374634823e-07]",True
/content/MargDrishti/data/processed/crops/test/pass_either_side/pass_either_side-54_jpg.rf.89fbd5aa013dd8eeea57529024ce55a6__507.0.jpg,36,pass_either_side,36,pass_either_side,1.0,"[36, 12, 45]","[1.0, 4.074716397628464e-10, 1.7426304843581875e-10]",True
/content/MargDrishti/data/processed/crops/test/speed_limit_120/speed_limit_120-60_png.rf.89fad1c7527fb0e0155749900be0852a__508.0.jpg,51,speed_limit_120,51,speed_limit_120,0.9822404980659485,"[51, 50, 57]","[0.9822404980659485, 0.016585025936365128, 0.00040874764090403914]",True
/content/MargDrishti/data/processed/crops/test/length_limit/length_limit-4_png.rf.8af8b67bef3f9fcdb782bf714263081a__509.0.jpg,27,length_limit,27,length_limit,1.0,"[27, 35, 65]","[1.0, 1.4665774150657285e-10, 3.7448419365482266e-11]",True
/content/MargDrishti/data/processed/crops/test/no_stopping_or_standing/no_stopping_or_standing-58_jpg.rf.8b07a641187f251a84da5e913e3b7ccb__510.0.jpg,34,no_stopping_or_standing,34,no_stopping_or_standing,1.0,"[34, 33, 62]","[1.0, 3.5638429096707114e-08, 6.2182179405567695e-09]",True
/content/MargDrishti/data/processed/crops/test/men_at_work/men_at_work-3_jpeg.rf.8b048d0933cc31961408d200d1f0632e__511.0.jpg,29,men_at_work,29,men_at_work,0.999942421913147,"[29, 37, 30]","[0.999942421913147, 5.708148455596529e-05, 4.547587479919457e-07]",True
/content/MargDrishti/data/processed/crops/test/no_entry/no_entry-52_jpg.rf.8b445ed4c51a111260f60bc4930f29ff__512.0.jpg,32,no_entry,32,no_entry,0.9999758005142212,"[32, 62, 3]","[0.9999758005142212, 2.4141394533216953e-05, 7.93483234673431e-09]",True
/content/MargDrishti/data/processed/crops/test/speed_limit_60/speed_limit_60-44_jpg.rf.8c56cb0dae7faba5b679a8d0f580f209__513.0.jpg,56,speed_limit_60,56,speed_limit_60,0.9965510368347168,"[56, 58, 54]","[0.9965510368347168, 0.0033657709136605263, 8.184179750969633e-05]",True
/content/MargDrishti/data/processed/crops/test/compulsary_turn_right_ahead/compulsary_turn_right_ahead-21_png.rf.8be6183c8c7177e8a5fdaa9acad98149__514.0.jpg,12,compulsary_turn_right_ahead,12,compulsary_turn_right_ahead,0.9999967813491821,"[12, 8, 11]","[0.9999967813491821, 3.1731763101561228e-06, 2.3912884117294197e-08]",True
/content/MargDrishti/data/processed/crops/test/width_limit/width_limit-13_jpeg.rf.8cb1b0c409de41af5c500cdbedadf0a2__515.0.jpg,69,width_limit,69,width_limit,0.9981009364128113,"[69, 35, 21]","[0.9981009364128113, 0.0013578319922089577, 0.0004803203628398478]",True
/content/MargDrishti/data/processed/crops/test/give_way/give_way-24_png.rf.8bc0774530a863bc0fc27a8459aebbb5__516.0.jpg,18,give_way,18,give_way,1.0,"[18, 4, 45]","[1.0, 2.2937147736712404e-09, 2.042875646424136e-09]",True
/content/MargDrishti/data/processed/crops/test/steep_ascent/steep_ascent-44_jpg.rf.8dc761393d3b5a1290eef52f7f06e61e__517.0.jpg,60,steep_ascent,16,falling_rocks,0.5319523811340332,"[16, 60, 68]","[0.5319523811340332, 0.40195631980895996, 0.050959665328264236]",False
/content/MargDrishti/data/processed/crops/test/steep_ascent/steep_ascent-7_jpeg.rf.8d4249a29b726f3042655f5347123d94__518.0.jpg,60,steep_ascent,22,hospital_ahead,0.8520138263702393,"[22, 3, 63]","[0.8520138263702393, 0.09063068777322769, 0.03145725652575493]",False
/content/MargDrishti/data/processed/crops/test/hump_or_rough_road/hump_or_rough_road-48_jpg.rf.8d431eb943b14decb3e4acd87bb94f2d__519.0.jpg,23,hump_or_rough_road,23,hump_or_rough_road,1.0,"[23, 15, 61]","[1.0, 2.1344488398966632e-09, 8.500714715475866e-11]",True
/content/MargDrishti/data/processed/crops/test/compulsary_turn_left_ahead/compulsary_turn_left_ahead-25_png.rf.8de659c0737e59049494d651ad5e89df__520.0.jpg,11,compulsary_turn_left_ahead,11,compulsary_turn_left_ahead,0.997955322265625,"[11, 9, 7]","[0.997955322265625, 0.0020355423912405968, 7.6008705036656465e-06]",True
/content/MargDrishti/data/processed/crops/test/falling_rocks/falling_rocks-43_jpeg.rf.8e13cde20b07f108da7541cdd14ccb1e__521.0.jpg,16,falling_rocks,16,falling_rocks,0.9999743700027466,"[16, 60, 68]","[0.9999743700027466, 8.346491995325778e-06, 5.753713139711181e-06]",True
/content/MargDrishti/data/processed/crops/test/stop/stop-1_jpg.rf.8ecc2b7194cc655d4075196fe255d9bf__522.0.jpg,62,stop,62,stop,0.9999080896377563,"[62, 32, 51]","[0.9999080896377563, 5.6368815421592444e-05, 1.3413790838967543e-05]",True
/content/MargDrishti/data/processed/crops/test/guarded_level_crossing/guarded_level_crossing-49_jpg.rf.8e9cb50db335700e62fa16e926e21437__523.0.jpg,19,guarded_level_crossing,19,guarded_level_crossing,0.9977595806121826,"[19, 60, 68]","[0.9977595806121826, 0.0007949034916236997, 0.0005616410635411739]",True
/content/MargDrishti/data/processed/crops/test/u_turn_prohibited/u_turn_prohibited-7_jpg.rf.8f7eaa878fcd76f76f5b61a743021de3__524.0.jpg,67,u_turn_prohibited,33,no_parking,0.983556866645813,"[33, 29, 67]","[0.983556866645813, 0.008228881284594536, 0.005017251707613468]",False
/content/MargDrishti/data/processed/crops/test/gap_in_median/gap_in_median-43_jpg.rf.8f59098cc21efefcbb4cf39d7949c52b__525.0.jpg,17,gap_in_median,17,gap_in_median,0.9999951124191284,"[17, 48, 47]","[0.9999951124191284, 2.495800572432927e-06, 1.5207671140160528e-06]",True
/content/MargDrishti/data/processed/crops/test/falling_rocks/falling_rocks-21_jpeg.rf.8fdbf40df5fcbc4f611d1c424014c045__526.0.jpg,16,falling_rocks,16,falling_rocks,0.9991201758384705,"[16, 60, 29]","[0.9991201758384705, 0.0004133298934902996, 0.00013285056047607213]",True
/content/MargDrishti/data/processed/crops/test/compulsary_ahead_or_turn_left/compulsary_ahead_or_turn_left-5_jpg.rf.90a38ccb7e3263a7df77ee2bcce9f97a__527.0.jpg,6,compulsary_ahead_or_turn_left,6,compulsary_ahead_or_turn_left,0.999984622001648,"[6, 11, 12]","[0.999984622001648, 1.5341900507337414e-05, 1.361053492132669e-09]",True
/content/MargDrishti/data/processed/crops/test/compulsary_ahead/compulsary_ahead-47_png.rf.90319180ab7f264ef256bf2b2b5678e1__528.0.jpg,5,compulsary_ahead,5,compulsary_ahead,0.9999990463256836,"[5, 12, 36]","[0.9999990463256836, 9.077149911718152e-07, 5.034247463342467e-10]",True
/content/MargDrishti/data/processed/crops/test/hump_or_rough_road/hump_or_rough_road-15_jpg.rf.90bbaf99f39589e8205e45ecca2b5664__529.0.jpg,23,hump_or_rough_road,23,hump_or_rough_road,0.9999997615814209,"[23, 3, 61]","[0.9999997615814209, 1.7891443349071778e-07, 3.4143944560582895e-08]",True
/content/MargDrishti/data/processed/crops/test/stop/stop-46_png.rf.90ce1bcbe8a57c8caca097e5b6e0c3e5__530.0.jpg,62,stop,62,stop,1.0,"[62, 31, 51]","[1.0, 2.6910534245416784e-08, 1.1275083089401505e-08]",True
/content/MargDrishti/data/processed/crops/test/bullock_cart_and_hand_cart_prohibited/bullock_cart_and_hand_cart_prohibited-50_jpg.rf.91432c33a931f2b323642408c491f533__531.0.jpg,2,bullock_cart_and_hand_cart_prohibited,2,bullock_cart_and_hand_cart_prohibited,0.9002888798713684,"[2, 46, 0]","[0.9002888798713684, 0.07045362889766693, 0.01699693500995636]",True
/content/MargDrishti/data/processed/crops/test/compulsary_ahead_or_turn_right/compulsary_ahead_or_turn_right-48_png.rf.917a0a113be88e0fd20ec91cc43ad782__532.0.jpg,7,compulsary_ahead_or_turn_right,7,compulsary_ahead_or_turn_right,1.0,"[7, 5, 10]","[1.0, 1.4773161860492934e-10, 1.6502755759151277e-11]",True
/content/MargDrishti/data/processed/crops/test/pedestrian_prohibited/pedestrian_prohibited-29_jpg.rf.91a30ae598e13dde42557cd2b33fe920__533.0.jpg,38,pedestrian_prohibited,38,pedestrian_prohibited,0.9999997615814209,"[38, 20, 0]","[0.9999997615814209, 1.850647777246195e-07, 6.92915023137175e-08]",True
/content/MargDrishti/data/processed/crops/test/slippery_road/slippery_road-6_jpg.rf.9267e1679a96ce262c144eb5b0382e37__534.0.jpg,49,slippery_road,49,slippery_road,0.5040283799171448,"[49, 14, 46]","[0.5040283799171448, 0.4897366762161255, 0.0029975154902786016]",True
/content/MargDrishti/data/processed/crops/test/speed_limit_70/speed_limit_70-24_jpg.rf.92871086e4637d17fe6b06874b39049a__535.0.jpg,57,speed_limit_70,57,speed_limit_70,0.9999380111694336,"[57, 52, 56]","[0.9999380111694336, 6.193733861437067e-05, 2.783881632162366e-12]",True
/content/MargDrishti/data/processed/crops/test/speed_limit_30/speed_limit_30-26_png.rf.92495a0baaf26e89ef37ad04cf016250__536.0.jpg,53,speed_limit_30,53,speed_limit_30,0.9996969699859619,"[53, 55, 58]","[0.9996969699859619, 0.00024456760729663074, 5.22268092026934e-05]",True
/content/MargDrishti/data/processed/crops/test/compulsary_turn_right_ahead/compulsary_turn_right_ahead-26_png.rf.940e58826af6152bd47cae92077464ea__537.0.jpg,12,compulsary_turn_right_ahead,12,compulsary_turn_right_ahead,0.9998762607574463,"[12, 8, 11]","[0.9998762607574463, 0.00012170261470600963, 9.574600881023798e-07]",True
/content/MargDrishti/data/processed/crops/test/petrol_pump_ahead/petrol_pump_ahead-38_jpg.rf.93410eb65ec271811d53f2ef534686a4__539.0.jpg,39,petrol_pump_ahead,39,petrol_pump_ahead,1.0,"[39, 22, 50]","[1.0, 5.071537634293577e-11, 1.0051894833277452e-16]",True
/content/MargDrishti/data/processed/crops/test/narrow_road_ahead/narrow_road_ahead-42_jpg.rf.933f80f61cf5c290cf7100942a4b6e3d__540.0.jpg,31,narrow_road_ahead,31,narrow_road_ahead,0.756463885307312,"[31, 30, 37]","[0.756463885307312, 0.243430957198143, 2.7918858904740773e-05]",True
/content/MargDrishti/data/processed/crops/test/right_hand_curve/right_hand_curve-46_jpg.rf.94dea7ea97a38a405d51ee6ba8cc3b52__541.0.jpg,42,right_hand_curve,42,right_hand_curve,0.9999998807907104,"[42, 43, 29]","[0.9999998807907104, 6.347253389549223e-08, 4.761785987739131e-08]",True
/content/MargDrishti/data/processed/crops/test/speed_limit_100/speed_limit_100-1_jpg.rf.953f1071455b54f0509cd013c6a756f5__542.0.jpg,50,speed_limit_100,50,speed_limit_100,1.0,"[50, 51, 57]","[1.0, 3.284717609020049e-09, 1.6388205029138625e-11]",True
/content/MargDrishti/data/processed/crops/test/right_hand_curve/right_hand_curve-69_png.rf.963066340822b52723925521c9936455__543.0.jpg,42,right_hand_curve,42,right_hand_curve,0.987972617149353,"[42, 29, 31]","[0.987972617149353, 0.00910113099962473, 0.0012532704276964068]",True
/content/MargDrishti/data/processed/crops/test/no_entry/no_entry-67_png.rf.9579b7b84e0ba946a9943962422327bc__544.0.jpg,32,no_entry,32,no_entry,1.0,"[32, 62, 23]","[1.0, 2.0689022051101347e-08, 6.803729801774239e-11]",True
/content/MargDrishti/data/processed/crops/test/narrow_bridge_ahead/narrow_bridge_ahead-73_jpg.rf.9cc000e41a5ae59fb366e4f9d4caf910__545.0.jpg,30,narrow_bridge_ahead,30,narrow_bridge_ahead,0.9999804496765137,"[30, 37, 47]","[0.9999804496765137, 1.3298897101776674e-05, 2.6896670988207916e-06]",True
/content/MargDrishti/data/processed/crops/test/steep_descent/steep_descent-28_jpg.rf.986e051e5ed0e81d22de9a14a5bfc655__546.0.jpg,61,steep_descent,61,steep_descent,0.9999995231628418,"[61, 40, 23]","[0.9999995231628418, 2.8820858233302715e-07, 1.0000189121228686e-07]",True
/content/MargDrishti/data/processed/crops/test/no_entry/no_entry-50_jpg.rf.9a8a9f901d068fea52123fe9b63242d3__547.0.jpg,32,no_entry,32,no_entry,0.9992915391921997,"[32, 62, 3]","[0.9992915391921997, 0.000708439270965755, 8.896225089927157e-09]",True
/content/MargDrishti/data/processed/crops/test/petrol_pump_ahead/petrol_pump_ahead-52_jpg.rf.9bda1f892fe37269e5a8d7103a9b5c4f__548.0.jpg,39,petrol_pump_ahead,39,petrol_pump_ahead,0.9998781681060791,"[39, 22, 67]","[0.9998781681060791, 0.00012185487867100164, 2.2129864607478567e-10]",True
/content/MargDrishti/data/processed/crops/test/quay_side_or_river_bank/quay_side_or_river_bank-8_jpg.rf.9aa8b27c475f155bca65f25a76f11ed0__549.0.jpg,40,quay_side_or_river_bank,56,speed_limit_60,0.22418718039989471,"[56, 40, 14]","[0.22418718039989471, 0.15374425053596497, 0.13908064365386963]",False
/content/MargDrishti/data/processed/crops/test/restriction_ends/restriction_ends-61_png.rf.965fb5f7dbe49ad1d8bda6f11a1738f3__550.0.jpg,41,restriction_ends,41,restriction_ends,1.0,"[41, 7, 42]","[1.0, 3.279204108252998e-08, 2.8542707752876595e-08]",True
/content/MargDrishti/data/processed/crops/test/horn_prohibited/horn_prohibited-25_jpg.rf.9a08a8eaafc8cd1d2ddf75cfaf2f6cb9__551.0.jpg,21,horn_prohibited,21,horn_prohibited,0.9999467134475708,"[21, 2, 35]","[0.9999467134475708, 4.897998587694019e-05, 3.2218019896390615e-06]",True
/content/MargDrishti/data/processed/crops/test/width_limit/width_limit-4_png.rf.978ea468b125d3b89090d43ba1fd0e2a__552.0.jpg,69,width_limit,69,width_limit,1.0,"[69, 27, 1]","[1.0, 2.8897331194599474e-09, 7.434326487754106e-10]",True
/content/MargDrishti/data/processed/crops/test/cattle_ahead/cattle_ahead-12_jpg.rf.96e2c667165a7fa21ab9f4fffe7bdaf0__553.0.jpg,3,cattle_ahead,3,cattle_ahead,0.9999104738235474,"[3, 63, 49]","[0.9999104738235474, 8.709296525921673e-05, 1.5512144955209806e-06]",True
/content/MargDrishti/data/processed/crops/test/left_turn_prohibited/left_turn_prohibited-23_jpg.rf.9790d80c7c898a826db4090a3113bdfb__554.0.jpg,26,left_turn_prohibited,26,left_turn_prohibited,0.9999997615814209,"[26, 44, 14]","[0.9999997615814209, 2.409752823950839e-07, 3.140935733725314e-09]",True
/content/MargDrishti/data/processed/crops/test/quay_side_or_river_bank/quay_side_or_river_bank-10_jpg.rf.98b902badf669586ba3582ebad2cacfe__555.0.jpg,40,quay_side_or_river_bank,40,quay_side_or_river_bank,0.9999986886978149,"[40, 46, 45]","[0.9999986886978149, 3.6316498608357506e-07, 2.579310489636555e-07]",True
/content/MargDrishti/data/processed/crops/test/overtaking_prohibited/overtaking_prohibited-1_jpg.rf.9a64d37dcb85352b284eab0d9f134a6f__556.0.jpg,35,overtaking_prohibited,35,overtaking_prohibited,0.957369863986969,"[35, 18, 55]","[0.957369863986969, 0.010235090740025043, 0.006862055044621229]",True
/content/MargDrishti/data/processed/crops/test/petrol_pump_ahead/petrol_pump_ahead-16_jpeg.rf.9721d77e30959e7d30b9bfc6cd33b883__557.0.jpg,39,petrol_pump_ahead,39,petrol_pump_ahead,0.999962568283081,"[39, 22, 20]","[0.999962568283081, 3.746891889022663e-05, 2.9343277807569734e-10]",True
/content/MargDrishti/data/processed/crops/test/dangerous_dip/dangerous_dip-36_jpeg.rf.9886437126e7d8c6c7b5ba50fd8718f2__558.0.jpg,15,dangerous_dip,15,dangerous_dip,0.6820593476295471,"[15, 61, 3]","[0.6820593476295471, 0.23822323977947235, 0.036231499165296555]",True
/content/MargDrishti/data/processed/crops/test/cycle_crossing/cycle_crossing-9_png.rf.9b6f745fa912440724a33b9294c42297__559.0.jpg,14,cycle_crossing,14,cycle_crossing,0.9358523488044739,"[14, 37, 43]","[0.9358523488044739, 0.018669188022613525, 0.008354530669748783]",True
/content/MargDrishti/data/processed/crops/test/speed_limit_30/speed_limit_30-9_jpg.rf.99de5bc0ec1cd68ee8d5c247803a8133__560.0.jpg,53,speed_limit_30,53,speed_limit_30,0.4362904131412506,"[53, 52, 57]","[0.4362904131412506, 0.3544834852218628, 0.1666100174188614]",True
/content/MargDrishti/data/processed/crops/test/cattle_ahead/cattle_ahead-6_jpg.rf.9aac5cc113583cc747c50cfd87b5cf16__561.0.jpg,3,cattle_ahead,3,cattle_ahead,1.0,"[3, 60, 19]","[1.0, 2.2380161959767442e-11, 2.6783386706391576e-12]",True
/content/MargDrishti/data/processed/crops/test/falling_rocks/falling_rocks-28_jpeg.rf.9c1fa037f2628345f1c0961acd88da80__562.0.jpg,16,falling_rocks,16,falling_rocks,0.4177290201187134,"[16, 23, 61]","[0.4177290201187134, 0.16377203166484833, 0.12629905343055725]",True
/content/MargDrishti/data/processed/crops/test/staggered_intersection/staggered_intersection-6_png.rf.98baa9649794450f788f8b7ed28c135d__563.0.jpg,59,staggered_intersection,59,staggered_intersection,0.9989713430404663,"[59, 47, 48]","[0.9989713430404663, 0.0009755737264640629, 2.6108527890755795e-05]",True
/content/MargDrishti/data/processed/crops/test/no_stopping_or_standing/no_stopping_or_standing-29_jpg.rf.9768c4f543cfb74b8e9ee6594bd03bc1__564.0.jpg,34,no_stopping_or_standing,34,no_stopping_or_standing,0.9997956156730652,"[34, 33, 62]","[0.9997956156730652, 0.00020375062013044953, 1.4896176026013563e-07]",True
/content/MargDrishti/data/processed/crops/test/all_motor_vehicle_prohibited/all_motor_vehicle_prohibited-22_jpg.rf.98730a02f1491296bcee7c4666352abd__565.0.jpg,0,all_motor_vehicle_prohibited,0,all_motor_vehicle_prohibited,0.9999430179595947,"[0, 38, 2]","[0.9999430179595947, 2.0365312593639828e-05, 1.8356078726355918e-05]",True
/content/MargDrishti/data/processed/crops/test/speed_limit_70/speed_limit_70-50_png.rf.9bf09f6b0cb04f60bd66be23930964e4__566.0.jpg,57,speed_limit_70,57,speed_limit_70,0.9999984502792358,"[57, 53, 51]","[0.9999984502792358, 9.789961268324987e-07, 3.883018564465601e-07]",True
/content/MargDrishti/data/processed/crops/test/unguarded_level_crossing/unguarded_level_crossing-56_png.rf.9a86adb2573887e6389b6194e9acf888__567.0.jpg,68,unguarded_level_crossing,68,unguarded_level_crossing,0.9999918937683105,"[68, 60, 61]","[0.9999918937683105, 1.637477112126362e-06, 1.5948626241879538e-06]",True
/content/MargDrishti/data/processed/crops/test/traffic_signal/traffic_signal-10_jpg.rf.9cc06376500ddfd6449903c26d1b23d8__568.0.jpg,64,traffic_signal,46,school_ahead,0.7060385942459106,"[46, 64, 59]","[0.7060385942459106, 0.2827132046222687, 0.004557236097753048]",False
/content/MargDrishti/data/processed/crops/test/quay_side_or_river_bank/quay_side_or_river_bank-44_jpg.rf.9d1b3ac7ea0f4f1add4993e2deda1584__569.0.jpg,40,quay_side_or_river_bank,14,cycle_crossing,0.5616534352302551,"[14, 40, 61]","[0.5616534352302551, 0.3350071609020233, 0.03223205730319023]",False
/content/MargDrishti/data/processed/crops/test/speed_limit_50/speed_limit_50-0_jpg.rf.99521330372d00e0e86d65e82c8f1b97__570.0.jpg,55,speed_limit_50,56,speed_limit_60,0.7050719857215881,"[56, 54, 50]","[0.7050719857215881, 0.07542525976896286, 0.055235154926776886]",False
/content/MargDrishti/data/processed/crops/test/traffic_signal/traffic_signal-0_jpg.rf.9aef9b7c10d2aae1b72ab252a56b76bc__571.0.jpg,64,traffic_signal,47,side_road_left,0.6161583662033081,"[47, 49, 31]","[0.6161583662033081, 0.17878298461437225, 0.08573263138532639]",False
/content/MargDrishti/data/processed/crops/test/traffic_signal/traffic_signal-45_png.rf.9f807dfab6b322f37a8cf2700138d7fe__572.0.jpg,64,traffic_signal,64,traffic_signal,0.9999990463256836,"[64, 17, 14]","[0.9999990463256836, 6.437878710130462e-07, 8.92558276177624e-08]",True
/content/MargDrishti/data/processed/crops/test/width_limit/width_limit-1_jpeg.rf.9f6a0e265bd83380a4b88dec8c95d194__573.0.jpg,69,width_limit,69,width_limit,0.978506863117218,"[69, 35, 2]","[0.978506863117218, 0.012338723056018353, 0.0027189881075173616]",True
/content/MargDrishti/data/processed/crops/test/no_stopping_or_standing/no_stopping_or_standing-10_jpg.rf.a0fcfdb2806d3c49609ce42bbf6a3634__574.0.jpg,34,no_stopping_or_standing,34,no_stopping_or_standing,0.9999152421951294,"[34, 41, 55]","[0.9999152421951294, 6.290252349572256e-05, 4.319214895076584e-06]",True
/content/MargDrishti/data/processed/crops/test/stop/stop-68_png.rf.a1f2fa25c95908b349bfc127de9cb197__575.0.jpg,62,stop,62,stop,0.9999995231628418,"[62, 32, 31]","[0.9999995231628418, 5.301549208525103e-07, 3.3688714040636114e-08]",True
/content/MargDrishti/data/processed/crops/test/compulsary_ahead_or_turn_left/compulsary_ahead_or_turn_left-53_png.rf.a111c050a537d33d44fbfdaa330a3c6e__576.0.jpg,6,compulsary_ahead_or_turn_left,6,compulsary_ahead_or_turn_left,1.0,"[6, 45, 12]","[1.0, 1.984798637293464e-13, 2.794391974419801e-15]",True
/content/MargDrishti/data/processed/crops/test/cattle_ahead/cattle_ahead-59_jpg.rf.a28f49339eafdaebd3ab32c67c7add11__577.0.jpg,3,cattle_ahead,3,cattle_ahead,0.9963752627372742,"[3, 19, 15]","[0.9963752627372742, 0.003303728997707367, 0.00018587030353955925]",True
/content/MargDrishti/data/processed/crops/test/compulsary_turn_right_ahead/compulsary_turn_right_ahead-56_jpg.rf.a395bf567c657b1da370a6ce325b991c__578.0.jpg,12,compulsary_turn_right_ahead,12,compulsary_turn_right_ahead,0.9999980926513672,"[12, 8, 5]","[0.9999980926513672, 1.927890252773068e-06, 1.3922993868931144e-09]",True
/content/MargDrishti/data/processed/crops/test/restriction_ends/restriction_ends-60_png.rf.a385280aa0cdba264579cd94aaea955d__579.0.jpg,41,restriction_ends,41,restriction_ends,0.9999997615814209,"[41, 42, 7]","[0.9999997615814209, 2.885235517169349e-07, 2.0446890403036377e-08]",True
/content/MargDrishti/data/processed/crops/test/guarded_level_crossing/guarded_level_crossing-8_jpeg.rf.a3cb074588dbcbe4b238d211a6b236a3__580.0.jpg,19,guarded_level_crossing,19,guarded_level_crossing,0.9903691411018372,"[19, 60, 15]","[0.9903691411018372, 0.00892905704677105, 0.0002218072913819924]",True
/content/MargDrishti/data/processed/crops/test/loose_gravel/loose_gravel-8_jpeg.rf.a4688bab759aa51da528957b46f3f482__581.0.jpg,28,loose_gravel,28,loose_gravel,0.9971231818199158,"[28, 19, 15]","[0.9971231818199158, 0.001155548496171832, 0.0005316660972312093]",True
/content/MargDrishti/data/processed/crops/test/no_parking/no_parking-5_jpg.rf.a4b98e4e112d79971ebd12bac27cf6a4__582.0.jpg,33,no_parking,33,no_parking,0.9998798370361328,"[33, 44, 67]","[0.9998798370361328, 9.59994358709082e-05, 1.1172013728355523e-05]",True
/content/MargDrishti/data/processed/crops/test/restriction_ends/restriction_ends-1_jpeg.rf.a4a93f84bb1c573ce8782f16cdb7e5d9__583.0.jpg,41,restriction_ends,41,restriction_ends,1.0,"[41, 42, 7]","[1.0, 1.31894321853121e-11, 2.4111978689719815e-14]",True
/content/MargDrishti/data/processed/crops/test/pedestrian_prohibited/pedestrian_prohibited-41_jpg.rf.a4ec961c54a77b41757bae470164693a__584.0.jpg,38,pedestrian_prohibited,0,all_motor_vehicle_prohibited,0.5843676924705505,"[0, 38, 20]","[0.5843676924705505, 0.262043833732605, 0.08188518136739731]",False
/content/MargDrishti/data/processed/crops/test/falling_rocks/falling_rocks-51_jpg.rf.a50865b63f4dc1c91dba456d0a6bb146__586.0.jpg,16,falling_rocks,16,falling_rocks,0.9999995231628418,"[16, 28, 45]","[0.9999995231628418, 2.7403771696299373e-07, 9.674950973703744e-08]",True
/content/MargDrishti/data/processed/crops/test/compulsary_turn_left_ahead/compulsary_turn_left_ahead-23_png.rf.a672624135dcc27cec07be15f7950445__587.0.jpg,11,compulsary_turn_left_ahead,11,compulsary_turn_left_ahead,0.9997362494468689,"[11, 9, 7]","[0.9997362494468689, 0.0002637138532008976, 4.1758845270578604e-08]",True
/content/MargDrishti/data/processed/crops/test/school_ahead/school_ahead-67_png.rf.a7b16718b54b8bc4a6a56d84443c918b__588.0.jpg,46,school_ahead,46,school_ahead,0.9810189604759216,"[46, 14, 13]","[0.9810189604759216, 0.01346264686435461, 0.0011525923619046807]",True
/content/MargDrishti/data/processed/crops/test/speed_limit_70/speed_limit_70-38_png.rf.a782d48eb96e767d5a41e86c898358db__589.0.jpg,57,speed_limit_70,57,speed_limit_70,0.9999911785125732,"[57, 53, 58]","[0.9999911785125732, 8.562635230191518e-06, 2.299755408330384e-07]",True
/content/MargDrishti/data/processed/crops/test/narrow_road_ahead/narrow_road_ahead-17_jpg.rf.a89dc70000272466f9bf05707634ffe4__590.0.jpg,31,narrow_road_ahead,31,narrow_road_ahead,0.9999861717224121,"[31, 30, 46]","[0.9999861717224121, 1.3510694770957343e-05, 1.746598883300976e-07]",True
/content/MargDrishti/data/processed/crops/test/stop/stop-41_png.rf.a9720798b4f14e2d50ad40f53bcb2d9f__591.0.jpg,62,stop,62,stop,0.942897379398346,"[62, 32, 51]","[0.942897379398346, 0.029732607305049896, 0.01271897554397583]",True
/content/MargDrishti/data/processed/crops/test/no_parking/no_parking-39_jpg.rf.a84701112218ca66603f0d487bcf331e__592.0.jpg,33,no_parking,33,no_parking,1.0,"[33, 42, 38]","[1.0, 2.970974044558261e-08, 5.5303702589659665e-11]",True
/content/MargDrishti/data/processed/crops/test/u_turn/u_turn-7_jpg.rf.a9f2110edf38a70d494e2e88f6e7697f__593.0.jpg,66,u_turn,66,u_turn,0.9999923706054688,"[66, 40, 47]","[0.9999923706054688, 4.890112450084416e-06, 2.6252930638293037e-06]",True
/content/MargDrishti/data/processed/crops/test/u_turn_prohibited/u_turn_prohibited-37_jpeg.rf.a9adc544351abee25c5f5c0e526f8514__594.0.jpg,67,u_turn_prohibited,67,u_turn_prohibited,0.9942839741706848,"[67, 35, 26]","[0.9942839741706848, 0.004094304516911507, 0.0008967897156253457]",True
/content/MargDrishti/data/processed/crops/test/school_ahead/school_ahead-23_jpg.rf.aa5b30f8375aa1bb8e8f5b5ceae15fc6__595.0.jpg,46,school_ahead,46,school_ahead,1.0,"[46, 40, 45]","[1.0, 5.3578552185185035e-12, 4.1679507067904353e-13]",True
/content/MargDrishti/data/processed/crops/test/speed_limit_80/speed_limit_80-46_jpg.rf.a8e7e89d97f6adc1c2b11e81121eca55__596.0.jpg,58,speed_limit_80,58,speed_limit_80,0.5054624676704407,"[58, 56, 54]","[0.5054624676704407, 0.4934577941894531, 0.0006948736845515668]",True
/content/MargDrishti/data/processed/crops/test/give_way/give_way-67_jpg.rf.aac21df06a2ba56c974cf08215486b12__597.0.jpg,18,give_way,18,give_way,0.993830144405365,"[18, 45, 29]","[0.993830144405365, 0.0037498008459806442, 0.0007938967901282012]",True
/content/MargDrishti/data/processed/crops/test/steep_descent/steep_descent-41_jpeg.rf.aac265a865b97d59122c01908c6bcd37__598.0.jpg,61,steep_descent,61,steep_descent,0.9980489015579224,"[61, 68, 40]","[0.9980489015579224, 0.0017738038441166282, 8.404469554079697e-05]",True
/content/MargDrishti/data/processed/crops/test/loose_gravel/loose_gravel-23_jpeg.rf.ac53f4b79c104fd7e533f08dfc3193ee__599.0.jpg,28,loose_gravel,28,loose_gravel,0.9956520199775696,"[28, 19, 14]","[0.9956520199775696, 0.0007831695838831365, 0.0005004330305382609]",True
/content/MargDrishti/data/processed/crops/test/horn_prohibited/horn_prohibited-69_jpg.rf.aafc2467aa27b0bc69269c32abc25b66__600.0.jpg,21,horn_prohibited,21,horn_prohibited,0.9999661445617676,"[21, 69, 35]","[0.9999661445617676, 2.535389648983255e-05, 4.3389713937358465e-06]",True
/content/MargDrishti/data/processed/crops/test/compulsary_ahead_or_turn_left/compulsary_ahead_or_turn_left-50_png.rf.acb6e5bdb7cb498e0f99becd550d6e3b__601.0.jpg,6,compulsary_ahead_or_turn_left,6,compulsary_ahead_or_turn_left,0.9999998807907104,"[6, 8, 45]","[0.9999998807907104, 1.5850852719268005e-07, 6.60689680742621e-09]",True
/content/MargDrishti/data/processed/crops/test/chevron_direction/chevron_direction-49_jpg.rf.ab45f88d62c991053dca45fda9b00c70__602.0.jpg,4,chevron_direction,4,chevron_direction,1.0,"[4, 34, 18]","[1.0, 1.6560301741019856e-11, 1.8024231196109297e-12]",True
/content/MargDrishti/data/processed/crops/test/restriction_ends/restriction_ends-7_png.rf.accd21c79789c45a73b56e6437c58f7b__603.0.jpg,41,restriction_ends,41,restriction_ends,1.0,"[41, 45, 7]","[1.0, 1.1956312676031366e-12, 6.202297789942302e-13]",True
/content/MargDrishti/data/processed/crops/test/all_motor_vehicle_prohibited/all_motor_vehicle_prohibited-36_png.rf.ac5ba0e81b152bbf8169dd9dbc6ce2cc__604.0.jpg,0,all_motor_vehicle_prohibited,0,all_motor_vehicle_prohibited,0.9999996423721313,"[0, 35, 27]","[0.9999996423721313, 3.6920920365446364e-07, 7.3944614875642856e-09]",True
/content/MargDrishti/data/processed/crops/test/pass_either_side/pass_either_side-1_png.rf.ad1a1ebd49832ba92ef0849ad52fc38d__606.0.jpg,36,pass_either_side,36,pass_either_side,1.0,"[36, 12, 7]","[1.0, 4.334905004399481e-11, 6.089743726650498e-12]",True
/content/MargDrishti/data/processed/crops/test/speed_limit_70/speed_limit_70-29_png.rf.acebc8406722cb54094b565c0e1ab551__607.0.jpg,57,speed_limit_70,57,speed_limit_70,0.8226165771484375,"[57, 50, 51]","[0.8226165771484375, 0.12172409892082214, 0.024216074496507645]",True
/content/MargDrishti/data/processed/crops/test/restriction_ends/restriction_ends-12_jpeg.rf.ad365fe45ff2a82a9da54ea65b936a81__608.0.jpg,41,restriction_ends,41,restriction_ends,1.0,"[41, 42, 22]","[1.0, 2.3942894108314183e-12, 2.1020676518879178e-12]",True
/content/MargDrishti/data/processed/crops/test/compulsary_keep_right/compulsary_keep_right-0_jpg.rf.ad1d9ce9ea2f8de2149f847cc621da68__609.0.jpg,9,compulsary_keep_right,9,compulsary_keep_right,0.9999996423721313,"[9, 11, 7]","[0.9999996423721313, 3.4310758678657294e-07, 6.413009678851722e-09]",True
/content/MargDrishti/data/processed/crops/test/falling_rocks/falling_rocks-61_jpg.rf.ae62fdf79b6147eca2dc5171a6d24ab1__610.0.jpg,16,falling_rocks,14,cycle_crossing,0.3580588102340698,"[14, 16, 37]","[0.3580588102340698, 0.3013416528701782, 0.21394459903240204]",False
/content/MargDrishti/data/processed/crops/test/horn_prohibited/horn_prohibited-18_jpg.rf.add56eac800c1bcfc17658ed1581e27d__611.0.jpg,21,horn_prohibited,21,horn_prohibited,1.0,"[21, 2, 35]","[1.0, 2.068321069970125e-09, 3.7623415494181245e-10]",True
/content/MargDrishti/data/processed/crops/test/speed_limit_30/speed_limit_30-52_png.rf.aebaf1e056e20f74f9711acdabeb0f91__612.0.jpg,53,speed_limit_30,53,speed_limit_30,0.9060373902320862,"[53, 58, 55]","[0.9060373902320862, 0.09035992622375488, 0.0034256598446518183]",True
/content/MargDrishti/data/processed/crops/test/no_stopping_or_standing/no_stopping_or_standing-15_jpg.rf.aecbc53725453723fdc66a8073c2b353__613.0.jpg,34,no_stopping_or_standing,34,no_stopping_or_standing,1.0,"[34, 33, 4]","[1.0, 9.30539023613619e-09, 1.6842389705118421e-09]",True
/content/MargDrishti/data/processed/crops/test/speed_limit_120/speed_limit_120-9_png.rf.af397fd0c2922642fb160e11320734a3__614.0.jpg,51,speed_limit_120,51,speed_limit_120,0.9997182488441467,"[51, 50, 52]","[0.9997182488441467, 0.00020271910761948675, 7.802984328009188e-05]",True
/content/MargDrishti/data/processed/crops/test/left_reverse_bend/left_reverse_bend-21_jpg.rf.afb0b69bcc3b3a09ae0cec9d226efcf4__615.0.jpg,25,left_reverse_bend,3,cattle_ahead,0.28214019536972046,"[3, 68, 60]","[0.28214019536972046, 0.14190687239170074, 0.12327655404806137]",False
/content/MargDrishti/data/processed/crops/test/speed_limit_80/speed_limit_80-52_png.rf.af9774a6e7d60a769612f1da75f31545__616.0.jpg,58,speed_limit_80,58,speed_limit_80,0.9999232292175293,"[58, 55, 53]","[0.9999232292175293, 3.3825104765128344e-05, 2.9943756089778617e-05]",True
/content/MargDrishti/data/processed/crops/test/falling_rocks/falling_rocks-7_jpg.rf.afcf0a0700f880781ee7062f40c74930__617.0.jpg,16,falling_rocks,16,falling_rocks,0.8580847978591919,"[16, 40, 68]","[0.8580847978591919, 0.06565816700458527, 0.02121344953775406]",True
/content/MargDrishti/data/processed/crops/test/quay_side_or_river_bank/quay_side_or_river_bank-60_jpg.rf.b0434fd39144e199b1b72d73b71c4886__618.0.jpg,40,quay_side_or_river_bank,40,quay_side_or_river_bank,0.6027263402938843,"[40, 68, 14]","[0.6027263402938843, 0.17432758212089539, 0.1554923951625824]",True
/content/MargDrishti/data/processed/crops/test/no_parking/no_parking-48_jpg.rf.b0b51e96da587e1ce3da0bd2e51e1fbc__619.0.jpg,33,no_parking,33,no_parking,0.9994019269943237,"[33, 34, 65]","[0.9994019269943237, 0.0005980528076179326, 4.654704355289141e-08]",True
/content/MargDrishti/data/processed/crops/test/speed_limit_100/speed_limit_100-17_png.rf.b121140bdba6a1744793a11fccd9b2a1__620.0.jpg,50,speed_limit_100,50,speed_limit_100,0.9937326312065125,"[50, 57, 44]","[0.9937326312065125, 0.001994477119296789, 0.001130889868363738]",True
/content/MargDrishti/data/processed/crops/test/speed_limit_120/speed_limit_120-65_png.rf.b175db32d3dac9c48aab4b29f1e4cdb4__621.0.jpg,51,speed_limit_120,51,speed_limit_120,0.6936662793159485,"[51, 50, 58]","[0.6936662793159485, 0.3055455982685089, 0.0006067905342206359]",True
/content/MargDrishti/data/processed/crops/test/stop/stop-40_png.rf.b3f4b067ffed3ca0fac1f05b59b940c6__622.0.jpg,62,stop,62,stop,0.9999983310699463,"[62, 32, 51]","[0.9999983310699463, 1.6694800706318347e-06, 5.319188978170075e-10]",True
/content/MargDrishti/data/processed/crops/test/left_turn_prohibited/left_turn_prohibited-30_jpg.rf.b1a2b7cca60554d4442f28b9147b1490__623.0.jpg,26,left_turn_prohibited,26,left_turn_prohibited,0.9999986886978149,"[26, 55, 14]","[0.9999986886978149, 1.105855972127756e-06, 9.088991959060877e-08]",True
/content/MargDrishti/data/processed/crops/test/cattle_ahead/cattle_ahead-27_png.rf.b3642854226464eea7673f2ab1940cfb__624.0.jpg,3,cattle_ahead,3,cattle_ahead,0.9999998807907104,"[3, 15, 19]","[0.9999998807907104, 1.1789040144094542e-07, 1.859159404205002e-08]",True
/content/MargDrishti/data/processed/crops/test/slippery_road/slippery_road-49_png.rf.b1d7948d3f063596e3acab9542c9c324__625.0.jpg,49,slippery_road,49,slippery_road,0.9996427297592163,"[49, 3, 48]","[0.9996427297592163, 9.348650928586721e-05, 8.968877955339849e-05]",True
/content/MargDrishti/data/processed/crops/test/right_turn_prohibited/right_turn_prohibited-17_jpg.rf.b1c57149b1681e26c7df007b5a7148fd__626.0.jpg,44,right_turn_prohibited,44,right_turn_prohibited,0.9996542930603027,"[44, 33, 32]","[0.9996542930603027, 0.0003430913493502885, 1.8656113525139517e-06]",True
/content/MargDrishti/data/processed/crops/test/compulsary_keep_left/compulsary_keep_left-19_jpg.rf.b32c1fa8b9e57bb83f8b08fe7f91de60__627.0.jpg,8,compulsary_keep_left,8,compulsary_keep_left,1.0,"[8, 12, 10]","[1.0, 2.9300528670006543e-10, 2.6661759280378894e-13]",True
/content/MargDrishti/data/processed/crops/test/cross_road/cross_road-25_jpg.rf.b441afdfb4e02ff0c8c0fc81d6c73261__628.0.jpg,13,cross_road,13,cross_road,0.9999997615814209,"[13, 3, 23]","[0.9999997615814209, 1.7233622884305078e-07, 6.858750367655375e-08]",True
/content/MargDrishti/data/processed/crops/test/right_turn_prohibited/right_turn_prohibited-60_jpg.rf.b2fe3e5979702082b77d3d4b0a2eb47f__629.0.jpg,44,right_turn_prohibited,44,right_turn_prohibited,0.9998863935470581,"[44, 41, 57]","[0.9998863935470581, 5.5993194109760225e-05, 4.9211033910978585e-05]",True
/content/MargDrishti/data/processed/crops/test/height_limit/height_limit-2_png.rf.b48a1cef1f3d1cd29ba6accb919fa456__630.0.jpg,20,height_limit,20,height_limit,0.9998812675476074,"[20, 69, 27]","[0.9998812675476074, 0.00011829993309220299, 3.566896396023367e-07]",True
/content/MargDrishti/data/processed/crops/test/chevron_direction/chevron_direction-9_jpg.rf.b4960dffc892db44dc6eed1417dcb59f__631.0.jpg,4,chevron_direction,4,chevron_direction,1.0,"[4, 61, 22]","[1.0, 9.7287244926747e-09, 8.034208298646206e-10]",True
/content/MargDrishti/data/processed/crops/test/stop/stop-4_jpg.rf.b530233e6edeb34b446c4636506e61e4__632.0.jpg,62,stop,62,stop,0.9992756247520447,"[62, 32, 51]","[0.9992756247520447, 0.0005236034048721194, 3.782887870329432e-05]",True
/content/MargDrishti/data/processed/crops/test/width_limit/width_limit-15_png.rf.b600be4ac20c34534c92d0fdb135415d__633.0.jpg,69,width_limit,69,width_limit,0.9999974966049194,"[69, 20, 27]","[0.9999974966049194, 1.987120640478679e-06, 3.297694490811409e-07]",True
/content/MargDrishti/data/processed/crops/test/no_entry/no_entry-37_png.rf.b66904012669bd0d7944cd3fd224bb1c__634.0.jpg,32,no_entry,32,no_entry,0.9999922513961792,"[32, 62, 60]","[0.9999922513961792, 7.747598829155322e-06, 4.522968805042993e-11]",True
/content/MargDrishti/data/processed/crops/test/left_reverse_bend/left_reverse_bend-54_jpg.rf.b6990acd415b4b0ad18c015a6627fcf9__635.0.jpg,25,left_reverse_bend,25,left_reverse_bend,1.0,"[25, 24, 49]","[1.0, 8.349538838103854e-10, 1.0843910838720383e-11]",True
/content/MargDrishti/data/processed/crops/test/pass_either_side/pass_either_side-3_png.rf.b6307be23c015c50828f10d54d665478__636.0.jpg,36,pass_either_side,36,pass_either_side,1.0,"[36, 12, 8]","[1.0, 1.417062800435076e-09, 3.4598733600343934e-11]",True
/content/MargDrishti/data/processed/crops/test/speed_limit_30/speed_limit_30-22_png.rf.b644475b56cb002c3d087f8ea6a252b5__637.0.jpg,53,speed_limit_30,53,speed_limit_30,0.9999209642410278,"[53, 52, 58]","[0.9999209642410278, 7.375099085038528e-05, 4.7082417040655855e-06]",True
/content/MargDrishti/data/processed/crops/test/pedestrian_crossing/pedestrian_crossing-15_jpg.rf.b7f6f4d8c048e7b5100a44dced5f34a9__638.0.jpg,37,pedestrian_crossing,37,pedestrian_crossing,0.4408862292766571,"[37, 46, 16]","[0.4408862292766571, 0.3906434178352356, 0.11771561950445175]",True
/content/MargDrishti/data/processed/crops/test/falling_rocks/falling_rocks-24_jpeg.rf.b74fcd4be7fdbc9c296663a2b587cf2d__639.0.jpg,16,falling_rocks,16,falling_rocks,0.998703122138977,"[16, 66, 17]","[0.998703122138977, 0.0005660088500007987, 0.00034053463605232537]",True
/content/MargDrishti/data/processed/crops/test/speed_limit_30/speed_limit_30-34_png.rf.b77666abd15db42d8ad5ba7135898fc5__640.0.jpg,53,speed_limit_30,53,speed_limit_30,1.0,"[53, 55, 58]","[1.0, 4.303828049501135e-08, 1.708789909571351e-08]",True
/content/MargDrishti/data/processed/crops/test/left_turn_prohibited/left_turn_prohibited-0_jpg.rf.b6ffb0b9642d5c4f80330c20869d92c2__641.0.jpg,26,left_turn_prohibited,26,left_turn_prohibited,0.9995658993721008,"[26, 39, 21]","[0.9995658993721008, 0.00018501811427995563, 0.0001800507598090917]",True
/content/MargDrishti/data/processed/crops/test/hospital_ahead/hospital_ahead-29_png.rf.b8d4b2ff000d784aa9912da95b662fbe__642.0.jpg,22,hospital_ahead,22,hospital_ahead,0.9999997615814209,"[22, 9, 10]","[0.9999997615814209, 2.0011992774016107e-07, 1.299654828201824e-10]",True
/content/MargDrishti/data/processed/crops/test/men_at_work/men_at_work-68_png.rf.b806a6106c0e762acffaa11ca13d08c3__643.0.jpg,29,men_at_work,29,men_at_work,1.0,"[29, 37, 16]","[1.0, 3.6221461385821385e-09, 6.338145980278043e-11]",True
/content/MargDrishti/data/processed/crops/test/pass_either_side/pass_either_side-63_jpg.rf.b82a07d2d1389ae468fba9cf8b4257b5__644.0.jpg,36,pass_either_side,36,pass_either_side,1.0,"[36, 12, 8]","[1.0, 1.1195119137275e-10, 1.4179859543494988e-11]",True
/content/MargDrishti/data/processed/crops/test/compulsary_ahead/compulsary_ahead-18_png.rf.b8087e49bd968667a543b7ae8abaf222__645.0.jpg,5,compulsary_ahead,5,compulsary_ahead,1.0,"[5, 12, 11]","[1.0, 5.28666221910612e-09, 3.6814520876227164e-10]",True
/content/MargDrishti/data/processed/crops/test/compulsary_keep_left/compulsary_keep_left-6_jpg.rf.b8efdaa1b83f5c46c90ed1800545054d__646.0.jpg,8,compulsary_keep_left,8,compulsary_keep_left,1.0,"[8, 12, 22]","[1.0, 8.77047712233292e-10, 3.2577944248518564e-13]",True
/content/MargDrishti/data/processed/crops/test/right_reverse_bend/right_reverse_bend-12_jpeg.rf.b945ea6d5bc437b1d56effb9369e0de0__647.0.jpg,43,right_reverse_bend,43,right_reverse_bend,0.9999996423721313,"[43, 66, 3]","[0.9999996423721313, 2.2832863066923892e-07, 8.567005238546699e-08]",True
/content/MargDrishti/data/processed/crops/test/compulsary_ahead_or_turn_left/compulsary_ahead_or_turn_left-60_png.rf.b97966004fd8b06f0e482a7f38a19a78__648.0.jpg,6,compulsary_ahead_or_turn_left,6,compulsary_ahead_or_turn_left,1.0,"[6, 11, 22]","[1.0, 1.7855343939499058e-11, 3.607564550908715e-12]",True
/content/MargDrishti/data/processed/crops/test/compulsary_keep_right/compulsary_keep_right-30_png.rf.b9645e6eb7d30785454569db8c5241aa__649.0.jpg,9,compulsary_keep_right,9,compulsary_keep_right,0.9998132586479187,"[9, 45, 7]","[0.9998132586479187, 7.554142939625308e-05, 5.1116032409481704e-05]",True
/content/MargDrishti/data/processed/crops/test/overtaking_prohibited/overtaking_prohibited-5_jpg.rf.b9890982be307cf1abeabb62fa9d9daf__650.0.jpg,35,overtaking_prohibited,35,overtaking_prohibited,0.9876857995986938,"[35, 21, 55]","[0.9876857995986938, 0.003504977561533451, 0.002020742977038026]",True
/content/MargDrishti/data/processed/crops/test/left_hand_curve/left_hand_curve-43_png.rf.ba68b15e40c221ad3b0dbca69655dd8b__651.0.jpg,24,left_hand_curve,24,left_hand_curve,0.9998984336853027,"[24, 49, 60]","[0.9998984336853027, 9.972489351639524e-05, 6.219217993930215e-07]",True
/content/MargDrishti/data/processed/crops/test/loose_gravel/loose_gravel-13_jpeg.rf.ba84ba1d722a70b4e980cc55d4b5a77e__652.0.jpg,28,loose_gravel,28,loose_gravel,0.9835890531539917,"[28, 68, 66]","[0.9835890531539917, 0.007218838669359684, 0.0018957337597385049]",True
/content/MargDrishti/data/processed/crops/test/speed_limit_100/speed_limit_100-59_png.rf.ba25f8f5fb0eca8cec475f6e9a32fd84__653.0.jpg,50,speed_limit_100,50,speed_limit_100,0.9998034834861755,"[50, 51, 58]","[0.9998034834861755, 0.00019658204109873623, 4.075800319469636e-08]",True
/content/MargDrishti/data/processed/crops/test/no_entry/no_entry-3_jpg.rf.bb42713094f5d132d12538cfecda35a1__654.0.jpg,32,no_entry,32,no_entry,0.9999932050704956,"[32, 62, 31]","[0.9999932050704956, 6.7982209657202475e-06, 2.59179500083917e-09]",True
/content/MargDrishti/data/processed/crops/test/pedestrian_crossing/pedestrian_crossing-51_png.rf.bb4bdc52c8fc4dfc37b22f0f3161c386__655.0.jpg,37,pedestrian_crossing,37,pedestrian_crossing,0.9999840259552002,"[37, 46, 13]","[0.9999840259552002, 1.398653239448322e-05, 1.365162688671262e-06]",True
/content/MargDrishti/data/processed/crops/test/left_hand_curve/left_hand_curve-30_jpg.rf.bb5e4569e1c93531929d6413f7fbbf0c__656.0.jpg,24,left_hand_curve,24,left_hand_curve,0.9999685287475586,"[24, 49, 3]","[0.9999685287475586, 9.471216799283866e-06, 6.548650162585545e-06]",True
/content/MargDrishti/data/processed/crops/test/speed_limit_70/speed_limit_70-61_png.rf.bbb0f707df4d4f5ff699e60fc51fd079__658.0.jpg,57,speed_limit_70,57,speed_limit_70,0.9587151408195496,"[57, 52, 53]","[0.9587151408195496, 0.022405177354812622, 0.012358533218502998]",True
/content/MargDrishti/data/processed/crops/test/speed_limit_120/speed_limit_120-21_png.rf.bdd5a126e6f1827ef45bbda36be09eb8__659.0.jpg,51,speed_limit_120,51,speed_limit_120,0.9902306199073792,"[51, 50, 57]","[0.9902306199073792, 0.008846119977533817, 0.0008249820093624294]",True
/content/MargDrishti/data/processed/crops/test/compulsary_ahead_or_turn_right/compulsary_ahead_or_turn_right-52_png.rf.bc8ff0bb9e361f1a5712a0dc31f0ed8b__660.0.jpg,7,compulsary_ahead_or_turn_right,7,compulsary_ahead_or_turn_right,1.0,"[7, 12, 11]","[1.0, 1.0336413946987477e-09, 6.195667243136249e-12]",True
/content/MargDrishti/data/processed/crops/test/guarded_level_crossing/guarded_level_crossing-38_jpg.rf.bdd61c7723258979c9ed4406d2a1c617__662.0.jpg,19,guarded_level_crossing,19,guarded_level_crossing,0.9015634655952454,"[19, 28, 14]","[0.9015634655952454, 0.034834232181310654, 0.02476963959634304]",True
/content/MargDrishti/data/processed/crops/test/speed_limit_20/speed_limit_20-30_png.rf.bea1a543f04a3e49f01952d8efee282a__663.0.jpg,52,speed_limit_20,52,speed_limit_20,1.0,"[52, 57, 53]","[1.0, 1.3149875632834096e-10, 3.936097628387536e-11]",True
/content/MargDrishti/data/processed/crops/test/compulsary_turn_left_ahead/compulsary_turn_left_ahead-56_jpeg.rf.c07e0b66c85b110424c2210339f0a805__664.0.jpg,11,compulsary_turn_left_ahead,11,compulsary_turn_left_ahead,1.0,"[11, 9, 5]","[1.0, 5.716929152299599e-10, 3.9844194610338945e-10]",True
/content/MargDrishti/data/processed/crops/test/give_way/give_way-14_png.rf.bf92cec5af275bd20081afe169c9afb1__665.0.jpg,18,give_way,18,give_way,1.0,"[18, 22, 15]","[1.0, 2.8222593151383535e-09, 2.6017927812205244e-09]",True
/content/MargDrishti/data/processed/crops/test/cross_road/cross_road-28_jpg.rf.bdddb80dfc72f442d90dd6225f043acb__666.0.jpg,13,cross_road,13,cross_road,1.0,"[13, 30, 46]","[1.0, 5.506640476937719e-09, 1.1706588476378954e-10]",True
/content/MargDrishti/data/processed/crops/test/men_at_work/men_at_work-35_png.rf.bee75701f6072ffd6715f49bddec9f8b__667.0.jpg,29,men_at_work,29,men_at_work,1.0,"[29, 37, 14]","[1.0, 3.912022095153844e-10, 1.1191804427657104e-11]",True
/content/MargDrishti/data/processed/crops/test/speed_limit_70/speed_limit_70-23_jpg.rf.c05029bf41835f1a01043ad2d1367edd__668.0.jpg,57,speed_limit_70,57,speed_limit_70,0.9996480941772461,"[57, 52, 36]","[0.9996480941772461, 0.00035187340108677745, 4.117782156920491e-11]",True
/content/MargDrishti/data/processed/crops/test/truck_prohibited/truck_prohibited-7_png.rf.be64fafcb30ed76b8b4499765494ea1a__669.0.jpg,65,truck_prohibited,65,truck_prohibited,0.9750037789344788,"[65, 27, 2]","[0.9750037789344788, 0.013248523697257042, 0.008587105199694633]",True
/content/MargDrishti/data/processed/crops/test/quay_side_or_river_bank/quay_side_or_river_bank-64_png.rf.c200a4d9f6ef1f019bad2e076c28e4ee__670.0.jpg,40,quay_side_or_river_bank,40,quay_side_or_river_bank,0.9999805688858032,"[40, 49, 61]","[0.9999805688858032, 1.1856395758513827e-05, 5.794835033157142e-06]",True
/content/MargDrishti/data/processed/crops/test/cross_road/cross_road-39_jpg.rf.c11331f3cbe787bd2798e53d5e102428__671.0.jpg,13,cross_road,13,cross_road,0.9999983310699463,"[13, 14, 23]","[0.9999983310699463, 1.0129317615792388e-06, 2.012346129731668e-07]",True
/content/MargDrishti/data/processed/crops/test/gap_in_median/gap_in_median-41_jpg.rf.c10f7c2f5584fe32f62e4829beffc402__672.0.jpg,17,gap_in_median,17,gap_in_median,0.9999990463256836,"[17, 64, 47]","[0.9999990463256836, 2.3015201122689177e-07, 1.8398819179310522e-07]",True
/content/MargDrishti/data/processed/crops/test/falling_rocks/falling_rocks-46_jpeg.rf.c150bd8fb106e00fbc3c3b79f90b7321__673.0.jpg,16,falling_rocks,16,falling_rocks,0.7008647322654724,"[16, 40, 46]","[0.7008647322654724, 0.20242224633693695, 0.05241530388593674]",True
/content/MargDrishti/data/processed/crops/test/unguarded_level_crossing/unguarded_level_crossing-30_jpeg.rf.c20e6319707f0c67b9b0a748a3cb38d7__674.0.jpg,68,unguarded_level_crossing,48,side_road_right,0.4257597327232361,"[48, 68, 59]","[0.4257597327232361, 0.3515465557575226, 0.08622895181179047]",False
/content/MargDrishti/data/processed/crops/test/overtaking_prohibited/overtaking_prohibited-6_jpeg.rf.c30ee5680e03695a2b60a61a675f8a5d__675.0.jpg,35,overtaking_prohibited,35,overtaking_prohibited,0.9999996423721313,"[35, 65, 66]","[0.9999996423721313, 2.664640419425268e-07, 9.111704457609449e-08]",True
/content/MargDrishti/data/processed/crops/test/compulsary_ahead/compulsary_ahead-35_png.rf.c284478ddf14b9ad4c6f28b1f48c3662__676.0.jpg,5,compulsary_ahead,5,compulsary_ahead,1.0,"[5, 12, 11]","[1.0, 1.0441901683588828e-11, 7.2531746234116845e-12]",True
/content/MargDrishti/data/processed/crops/test/quay_side_or_river_bank/quay_side_or_river_bank-26_jpg.rf.c291299df7ec7fa5b9bec66a77ef4fe7__677.0.jpg,40,quay_side_or_river_bank,40,quay_side_or_river_bank,0.9999852180480957,"[40, 49, 46]","[0.9999852180480957, 6.027841209288454e-06, 5.066519861429697e-06]",True
/content/MargDrishti/data/processed/crops/test/horn_prohibited/horn_prohibited-5_jpg.rf.c3359f90a6d8920e2dd3667bc0761963__678.0.jpg,21,horn_prohibited,21,horn_prohibited,0.999996542930603,"[21, 26, 2]","[0.999996542930603, 2.6699165118770907e-06, 6.516608550555247e-07]",True
/content/MargDrishti/data/processed/crops/test/slippery_road/slippery_road-32_jpg.rf.c4e98f6abfff7d5909a847f03c542deb__679.0.jpg,49,slippery_road,49,slippery_road,0.9999959468841553,"[49, 40, 47]","[0.9999959468841553, 2.1996456780470908e-06, 9.659386250859825e-07]",True
/content/MargDrishti/data/processed/crops/test/gap_in_median/gap_in_median-12_jpg.rf.c63f9be97b3c51dd2027eafe578b47e5__680.0.jpg,17,gap_in_median,17,gap_in_median,0.9998099207878113,"[17, 47, 64]","[0.9998099207878113, 0.00017973371723201126, 5.40988639841089e-06]",True
/content/MargDrishti/data/processed/crops/test/narrow_bridge_ahead/narrow_bridge_ahead-9_jpeg.rf.c339e6fb5d8d03a18f3f5e68bce0faba__681.0.jpg,30,narrow_bridge_ahead,30,narrow_bridge_ahead,0.9999419450759888,"[30, 37, 31]","[0.9999419450759888, 5.145958857610822e-05, 6.339414539979771e-06]",True
/content/MargDrishti/data/processed/crops/test/cross_road/cross_road-46_jpg.rf.c64550f85dcbfc1be81e1508de37ab6e__682.0.jpg,13,cross_road,13,cross_road,0.828853964805603,"[13, 70, 41]","[0.828853964805603, 0.08498194813728333, 0.06244426220655441]",True
/content/MargDrishti/data/processed/crops/test/speed_limit_60/speed_limit_60-9_jpg.rf.c67954db3fde6fcf092d08789e8c8529__683.0.jpg,56,speed_limit_60,56,speed_limit_60,0.9975420236587524,"[56, 58, 55]","[0.9975420236587524, 0.0018980643944814801, 0.0005562181468121707]",True
/content/MargDrishti/data/processed/crops/test/give_way/give_way-62_jpg.rf.c64c348e13384dbabf483ef4fca4c7aa__684.0.jpg,18,give_way,18,give_way,0.9999998807907104,"[18, 45, 32]","[0.9999998807907104, 6.56543264199172e-08, 1.8457471995247943e-08]",True
/content/MargDrishti/data/processed/crops/test/no_parking/no_parking-72_jpg.rf.c838219a7fe0786a029dad6d15195a2f__685.0.jpg,33,no_parking,33,no_parking,0.979151725769043,"[33, 44, 42]","[0.979151725769043, 0.005246331915259361, 0.003123826812952757]",True
/content/MargDrishti/data/processed/crops/test/no_parking/no_parking-16_jpg.rf.c893a163d9093b73c0749604704fd409__686.0.jpg,33,no_parking,67,u_turn_prohibited,0.2825276255607605,"[67, 26, 44]","[0.2825276255607605, 0.18195165693759918, 0.1125611960887909]",False
/content/MargDrishti/data/processed/crops/test/height_limit/height_limit-34_jpg.rf.c8b6aa3805c981c1e8c91b0c0624444b__687.0.jpg,20,height_limit,20,height_limit,0.9999998807907104,"[20, 69, 1]","[0.9999998807907104, 7.136571866794839e-08, 1.7974818300459106e-09]",True
/content/MargDrishti/data/processed/crops/test/quay_side_or_river_bank/quay_side_or_river_bank-7_jpg.rf.c8fdfec7d5209da0cd4a606af6ffddec__688.0.jpg,40,quay_side_or_river_bank,45,roundabout,0.18840710818767548,"[45, 40, 60]","[0.18840710818767548, 0.16992966830730438, 0.13445937633514404]",False
/content/MargDrishti/data/processed/crops/test/u_turn_prohibited/u_turn_prohibited-15_jpg.rf.c8ec8e96845097824c67632de561dec4__689.0.jpg,67,u_turn_prohibited,67,u_turn_prohibited,0.9870057106018066,"[67, 66, 33]","[0.9870057106018066, 0.01202400028705597, 0.0008476010989397764]",True
/content/MargDrishti/data/processed/crops/test/cross_road/cross_road-0_jpg.rf.c91cedf921fdb90dea79f672454921bb__690.0.jpg,13,cross_road,70,y_intersection,0.3821193277835846,"[70, 13, 43]","[0.3821193277835846, 0.29014337062835693, 0.25552114844322205]",False
/content/MargDrishti/data/processed/crops/test/u_turn/u_turn-1_jpg.rf.c92aa034d2c6f477afe601ec1a78f420__691.0.jpg,66,u_turn,25,left_reverse_bend,0.7507153749465942,"[25, 49, 30]","[0.7507153749465942, 0.11747733503580093, 0.05640273168683052]",False
/content/MargDrishti/data/processed/crops/test/steep_ascent/steep_ascent-38_jpg.rf.c9425e4abed74f1127ee2ef3978ff3fe__692.0.jpg,60,steep_ascent,60,steep_ascent,0.9995256662368774,"[60, 40, 61]","[0.9995256662368774, 0.00013826707436237484, 0.0001358948793495074]",True
/content/MargDrishti/data/processed/crops/test/side_road_left/side_road_left-59_jpg.rf.c9542727373fa148d3c89917b2bd2e2f__693.0.jpg,47,side_road_left,47,side_road_left,0.9999974966049194,"[47, 59, 63]","[0.9999974966049194, 2.476244844729081e-06, 1.2211760491709356e-09]",True
/content/MargDrishti/data/processed/crops/test/men_at_work/men_at_work-48_png.rf.c926e4d8d5d1b8c89ef64d5a6fb69c6e__694.0.jpg,29,men_at_work,29,men_at_work,1.0,"[29, 23, 14]","[1.0, 1.3511762375628678e-08, 5.614681608534511e-09]",True
/content/MargDrishti/data/processed/crops/test/bullock_cart_and_hand_cart_prohibited/bullock_cart_and_hand_cart_prohibited-53_jpeg.rf.ca05cd99c262506f4a8a9f7889b1a7dd__695.0.jpg,2,bullock_cart_and_hand_cart_prohibited,35,overtaking_prohibited,0.8385807275772095,"[35, 2, 65]","[0.8385807275772095, 0.1336635798215866, 0.02765916846692562]",False
/content/MargDrishti/data/processed/crops/test/all_motor_vehicle_prohibited/all_motor_vehicle_prohibited-29_jpg.rf.cad37173283c91ad290ed29b4ed6d72c__696.0.jpg,0,all_motor_vehicle_prohibited,0,all_motor_vehicle_prohibited,0.9838745594024658,"[0, 62, 2]","[0.9838745594024658, 0.010712805204093456, 0.0024170672986656427]",True
/content/MargDrishti/data/processed/crops/test/narrow_road_ahead/narrow_road_ahead-15_jpg.rf.cb83549f858a34a56de28903a1417c95__697.0.jpg,31,narrow_road_ahead,31,narrow_road_ahead,0.8910871744155884,"[31, 30, 25]","[0.8910871744155884, 0.10889413207769394, 1.849029831646476e-05]",True
/content/MargDrishti/data/processed/crops/test/give_way/give_way-33_png.rf.cb52a2e808aa43451d8222e711d41c37__698.0.jpg,18,give_way,18,give_way,0.9999996423721313,"[18, 4, 45]","[0.9999996423721313, 1.8281399150055222e-07, 8.830188136244033e-08]",True
/content/MargDrishti/data/processed/crops/test/compulsary_keep_left/compulsary_keep_left-14_jpg.rf.cc2f22d11ae1a0c11239bf8fc4eaa27e__699.0.jpg,8,compulsary_keep_left,8,compulsary_keep_left,1.0,"[8, 12, 6]","[1.0, 3.0287255451018347e-13, 5.057558765639595e-15]",True
/content/MargDrishti/data/processed/crops/test/left_hand_curve/left_hand_curve-58_jpg.rf.cc242c753eae0aafd359154089d8f979__700.0.jpg,24,left_hand_curve,24,left_hand_curve,0.9999998807907104,"[24, 49, 25]","[0.9999998807907104, 3.5493592065449775e-08, 3.030738326970095e-08]",True
/content/MargDrishti/data/processed/crops/test/side_road_right/side_road_right-7_png.rf.cbc29d9abeec76bcae17ad382c1d7c4b__702.0.jpg,48,side_road_right,48,side_road_right,1.0,"[48, 59, 70]","[1.0, 1.998782916956543e-09, 5.104873815331423e-11]",True
/content/MargDrishti/data/processed/crops/test/y_intersection/y_intersection-27_jpg.rf.cc41d93aac1e858ad8e0d2b6642925c0__703.0.jpg,70,y_intersection,70,y_intersection,0.9999996423721313,"[70, 63, 59]","[0.9999996423721313, 2.7376009370527754e-07, 2.944649502012453e-08]",True
/content/MargDrishti/data/processed/crops/test/right_hand_curve/right_hand_curve-59_png.rf.ce16871e6c2e601a7d21d620b9b90df7__704.0.jpg,42,right_hand_curve,42,right_hand_curve,0.9978322386741638,"[42, 63, 60]","[0.9978322386741638, 0.0008740206249058247, 0.0004585398710332811]",True
/content/MargDrishti/data/processed/crops/test/compulsary_ahead/compulsary_ahead-1_png.rf.cdd7e32eed4da10364bc7a31e4678c95__705.0.jpg,5,compulsary_ahead,5,compulsary_ahead,0.9999819993972778,"[5, 12, 45]","[0.9999819993972778, 1.8010241547017358e-05, 3.844818152742846e-08]",True
/content/MargDrishti/data/processed/crops/test/speed_limit_60/speed_limit_60-39_png.rf.ce0838da260f1db02caa33098f48222a__706.0.jpg,56,speed_limit_60,56,speed_limit_60,0.9939612150192261,"[56, 55, 53]","[0.9939612150192261, 0.005733441561460495, 0.00020013394532725215]",True
/content/MargDrishti/data/processed/crops/test/bullock_cart_and_hand_cart_prohibited/bullock_cart_and_hand_cart_prohibited-30_jpg.rf.cf9122c59b47bc4afa3314a60560b706__707.0.jpg,2,bullock_cart_and_hand_cart_prohibited,2,bullock_cart_and_hand_cart_prohibited,0.9999814033508301,"[2, 35, 0]","[0.9999814033508301, 1.0282600669597741e-05, 3.4506510928622447e-06]",True
/content/MargDrishti/data/processed/crops/test/hump_or_rough_road/hump_or_rough_road-20_jpg.rf.cfc9cd0376a9a833ae454774e2de6431__708.0.jpg,23,hump_or_rough_road,23,hump_or_rough_road,0.9999957084655762,"[23, 61, 3]","[0.9999957084655762, 3.189030394423753e-06, 5.566657250710705e-07]",True
/content/MargDrishti/data/processed/crops/test/narrow_bridge_ahead/narrow_bridge_ahead-68_jpg.rf.cf2306a083706fc86929073e15990075__709.0.jpg,30,narrow_bridge_ahead,30,narrow_bridge_ahead,0.9999849796295166,"[30, 70, 31]","[0.9999849796295166, 6.379746992024593e-06, 3.436895894992631e-06]",True
/content/MargDrishti/data/processed/crops/test/length_limit/length_limit-11_jpeg.rf.cf77d9a1a073590721178ce3054c3b52__710.0.jpg,27,length_limit,69,width_limit,0.9977591037750244,"[69, 20, 27]","[0.9977591037750244, 0.0009068927611224353, 0.0007960801594890654]",False
/content/MargDrishti/data/processed/crops/test/slippery_road/slippery_road-61_jpg.rf.d0358734c41cedc609c712ae7854bfb0__711.0.jpg,49,slippery_road,49,slippery_road,0.9999994039535522,"[49, 40, 15]","[0.9999994039535522, 5.750239324697759e-07, 1.889770978591443e-10]",True
/content/MargDrishti/data/processed/crops/test/give_way/give_way-63_jpg.rf.d012467f78fa30626c6e02937ea4c13b__712.0.jpg,18,give_way,18,give_way,1.0,"[18, 4, 29]","[1.0, 3.342204024647799e-08, 6.197038542044009e-12]",True
/content/MargDrishti/data/processed/crops/test/truck_prohibited/truck_prohibited-23_jpeg.rf.d251e64d4f5268476b52d7372ca11f1a__713.0.jpg,65,truck_prohibited,21,horn_prohibited,0.3908483386039734,"[21, 65, 27]","[0.3908483386039734, 0.3027895987033844, 0.2675308585166931]",False
/content/MargDrishti/data/processed/crops/test/u_turn_prohibited/u_turn_prohibited-43_jpg.rf.d0bf6c27603449208984c393fbb38240__714.0.jpg,67,u_turn_prohibited,67,u_turn_prohibited,0.9999327659606934,"[67, 66, 26]","[0.9999327659606934, 6.723199476255104e-05, 1.869791788067232e-08]",True
/content/MargDrishti/data/processed/crops/test/compulsary_turn_right_ahead/compulsary_turn_right_ahead-49_png.rf.d1ee3507ac7d45e1b1dbcbae36ef48ae__715.0.jpg,12,compulsary_turn_right_ahead,12,compulsary_turn_right_ahead,1.0,"[12, 5, 8]","[1.0, 4.7061998742492506e-09, 2.2340818084387593e-09]",True
/content/MargDrishti/data/processed/crops/test/speed_limit_20/speed_limit_20-32_png.rf.d0640834dd72c10d944e5cda784a881b__716.0.jpg,52,speed_limit_20,52,speed_limit_20,1.0,"[52, 53, 57]","[1.0, 5.5186636510606846e-11, 2.933714382535868e-11]",True
/content/MargDrishti/data/processed/crops/test/left_turn_prohibited/left_turn_prohibited-6_jpg.rf.d1f27411200b5e075c20a5bce593fef3__717.0.jpg,26,left_turn_prohibited,26,left_turn_prohibited,0.9999454021453857,"[26, 35, 67]","[0.9999454021453857, 3.55259508069139e-05, 7.050723525026115e-06]",True
/content/MargDrishti/data/processed/crops/test/right_turn_prohibited/right_turn_prohibited-29_jpg.rf.d2781a65320c924778508d8e00a32a16__718.0.jpg,44,right_turn_prohibited,44,right_turn_prohibited,0.9999998807907104,"[44, 33, 57]","[0.9999998807907104, 1.2592275311362755e-07, 3.281625637896468e-08]",True
/content/MargDrishti/data/processed/crops/test/roundabout/roundabout-40_jpg.rf.d3d058b449b52166d388962471ccd529__719.0.jpg,45,roundabout,45,roundabout,1.0,"[45, 15, 66]","[1.0, 5.721647156065046e-08, 5.057750840364861e-08]",True
/content/MargDrishti/data/processed/crops/test/speed_limit_40/speed_limit_40-2_jpg.rf.d2acc2a781ef5e3f04f6db3f4ac055c5__721.0.jpg,54,speed_limit_40,54,speed_limit_40,0.9989050626754761,"[54, 56, 52]","[0.9989050626754761, 0.0010361181339249015, 2.625593333505094e-05]",True
/content/MargDrishti/data/processed/crops/test/narrow_bridge_ahead/narrow_bridge_ahead-71_jpg.rf.d3837e82c1aed4ce833bb176d70865fc__722.0.jpg,30,narrow_bridge_ahead,30,narrow_bridge_ahead,0.9999885559082031,"[30, 70, 47]","[0.9999885559082031, 1.1070387699874118e-05, 1.697660962918235e-07]",True
/content/MargDrishti/data/processed/crops/test/guarded_level_crossing/guarded_level_crossing-22_jpg.rf.d405dfa987dc4413bbe03efab87ff8b1__723.0.jpg,19,guarded_level_crossing,19,guarded_level_crossing,0.9843407273292542,"[19, 3, 60]","[0.9843407273292542, 0.012231756933033466, 0.002424130216240883]",True
/content/MargDrishti/data/processed/crops/test/stop/stop-42_png.rf.d4daeda3a35d115a4b3eac17f197d1a5__725.0.jpg,62,stop,62,stop,1.0,"[62, 32, 31]","[1.0, 3.635410375513182e-11, 3.2924104415021915e-11]",True
/content/MargDrishti/data/processed/crops/test/cycle_crossing/cycle_crossing-62_jpg.rf.d5456467b5125f00beaacbe5ed9a3aef__726.0.jpg,14,cycle_crossing,14,cycle_crossing,0.9998069405555725,"[14, 19, 28]","[0.9998069405555725, 0.00010732070222729817, 8.521100244252011e-05]",True
/content/MargDrishti/data/processed/crops/test/horn_prohibited/horn_prohibited-23_jpg.rf.d6c47a5dbd014608a2ec3168396d3dd3__727.0.jpg,21,horn_prohibited,21,horn_prohibited,1.0,"[21, 13, 14]","[1.0, 2.6078566389697855e-11, 1.89703339842362e-11]",True
/content/MargDrishti/data/processed/crops/test/speed_limit_120/speed_limit_120-16_jpeg.rf.d49ed20ce181c871c9281e1f11de3db0__728.0.jpg,51,speed_limit_120,51,speed_limit_120,1.0,"[51, 50, 57]","[1.0, 5.687598392256632e-09, 6.54329576632584e-11]",True
/content/MargDrishti/data/processed/crops/test/traffic_signal/traffic_signal-42_png.rf.d7290e674172e8dca8854fe3fe067d12__729.0.jpg,64,traffic_signal,64,traffic_signal,0.9999995231628418,"[64, 17, 14]","[0.9999995231628418, 4.7347754161819466e-07, 1.007315830747757e-08]",True
/content/MargDrishti/data/processed/crops/test/slippery_road/slippery_road-54_jpg.rf.d60e31de6edecc4ef6ddc7bb9483ec4b__730.0.jpg,49,slippery_road,49,slippery_road,0.9995915293693542,"[49, 14, 40]","[0.9995915293693542, 0.00040207768324762583, 3.6220774290995905e-06]",True
/content/MargDrishti/data/processed/crops/test/restriction_ends/restriction_ends-10_jpeg.rf.d74dc5ce7b37ff92591fc4bcf02be521__731.0.jpg,41,restriction_ends,41,restriction_ends,0.9999990463256836,"[41, 7, 42]","[0.9999990463256836, 8.195329996851797e-07, 5.641742362172408e-08]",True
/content/MargDrishti/data/processed/crops/test/axle_load_limit/axle_load_limit-32_jpg.rf.d79fc2425638c2660dcd4aa43bfa158e__732.0.jpg,1,axle_load_limit,1,axle_load_limit,1.0,"[1, 27, 53]","[1.0, 2.8227129078572943e-08, 1.1197371918569843e-08]",True
/content/MargDrishti/data/processed/crops/test/speed_limit_30/speed_limit_30-56_png.rf.d7c4e6baf403ec4c79123ec3e74dcaa9__733.0.jpg,53,speed_limit_30,53,speed_limit_30,0.9999995231628418,"[53, 52, 55]","[0.9999995231628418, 4.870150860369904e-07, 6.411688069363208e-09]",True
/content/MargDrishti/data/processed/crops/test/no_parking/no_parking-73_jpg.rf.d82cd22313b6dfefe20a0a5d6912cb98__734.0.jpg,33,no_parking,33,no_parking,1.0,"[33, 67, 42]","[1.0, 1.9609545412436428e-15, 3.077889825519757e-16]",True
/content/MargDrishti/data/processed/crops/test/width_limit/width_limit-46_jpg.rf.d90bb134100e715c7de2809b6356eb83__736.0.jpg,69,width_limit,69,width_limit,0.9999915361404419,"[69, 27, 1]","[0.9999915361404419, 7.326004379137885e-06, 9.134778906627616e-07]",True
/content/MargDrishti/data/processed/crops/test/compulsary_turn_right_ahead/compulsary_turn_right_ahead-11_png.rf.d85063c6be8c9a1b1f0fa4da4073b323__737.0.jpg,12,compulsary_turn_right_ahead,12,compulsary_turn_right_ahead,1.0,"[12, 8, 5]","[1.0, 4.001175835099957e-09, 9.917512644452842e-11]",True
/content/MargDrishti/data/processed/crops/test/dangerous_dip/dangerous_dip-2_jpg.rf.d971724ccb89ded4d74455db199a43f3__738.0.jpg,15,dangerous_dip,15,dangerous_dip,0.9998573064804077,"[15, 23, 19]","[0.9998573064804077, 0.00010823588672792539, 3.02202497550752e-05]",True
/content/MargDrishti/data/processed/crops/test/height_limit/height_limit-56_jpg.rf.d97fe223d30c835036a0af998f1945ce__739.0.jpg,20,height_limit,20,height_limit,0.9984645843505859,"[20, 69, 27]","[0.9984645843505859, 0.0012784342980012298, 0.00011742167407646775]",True
/content/MargDrishti/data/processed/crops/test/right_hand_curve/right_hand_curve-68_png.rf.d9ed9951c6900e1d6cb835c1a9cdf870__740.0.jpg,42,right_hand_curve,42,right_hand_curve,0.9989928603172302,"[42, 31, 43]","[0.9989928603172302, 0.0005231368122622371, 9.446949843550101e-05]",True
/content/MargDrishti/data/processed/crops/test/steep_ascent/steep_ascent-31_jpg.rf.da49f657d0d504b6625f6433c982feca__741.0.jpg,60,steep_ascent,60,steep_ascent,0.9484125971794128,"[60, 19, 68]","[0.9484125971794128, 0.03557456657290459, 0.007743737660348415]",True
/content/MargDrishti/data/processed/crops/test/restriction_ends/restriction_ends-40_png.rf.da1a94c7f6bbec0c3f630de8dceef61e__742.0.jpg,41,restriction_ends,41,restriction_ends,0.9991018772125244,"[41, 42, 7]","[0.9991018772125244, 0.0008610492222942412, 2.3876986233517528e-05]",True
/content/MargDrishti/data/processed/crops/test/slippery_road/slippery_road-18_png.rf.dac04abbf945553c446eba93658ad072__743.0.jpg,49,slippery_road,49,slippery_road,0.9998935461044312,"[49, 3, 24]","[0.9998935461044312, 3.414642560528591e-05, 2.179206785513088e-05]",True
/content/MargDrishti/data/processed/crops/test/left_turn_prohibited/left_turn_prohibited-7_jpg.rf.daa90c3843c4d59068c5a69d8ce034e1__744.0.jpg,26,left_turn_prohibited,26,left_turn_prohibited,0.9999998807907104,"[26, 21, 35]","[0.9999998807907104, 3.1917331000386184e-08, 1.6962324878022628e-08]",True
/content/MargDrishti/data/processed/crops/test/compulsary_keep_right/compulsary_keep_right-16_png.rf.dad0307165d7219dcfadeae31c499c7a__745.0.jpg,9,compulsary_keep_right,9,compulsary_keep_right,0.9997618794441223,"[9, 56, 29]","[0.9997618794441223, 6.761534314136952e-05, 5.2721738029504195e-05]",True
/content/MargDrishti/data/processed/crops/test/gap_in_median/gap_in_median-33_jpg.rf.daa4e0c44bec1fc88f2d18ac88d4a9c0__746.0.jpg,17,gap_in_median,17,gap_in_median,0.999990701675415,"[17, 64, 47]","[0.999990701675415, 3.499632612147252e-06, 2.2706681193085387e-06]",True
/content/MargDrishti/data/processed/crops/test/compulsary_ahead/compulsary_ahead-37_png.rf.dc3dc620e62efb9983e3d751ec083e2a__748.0.jpg,5,compulsary_ahead,5,compulsary_ahead,0.9876304268836975,"[5, 12, 11]","[0.9876304268836975, 0.011995155364274979, 0.0003090080863330513]",True
/content/MargDrishti/data/processed/crops/test/side_road_left/side_road_left-1_jpg.rf.dc2b678ea35c813ed0d180ac318ad7df__749.0.jpg,47,side_road_left,47,side_road_left,0.9995207786560059,"[47, 30, 45]","[0.9995207786560059, 0.00014429764996748418, 8.244697528425604e-05]",True
/content/MargDrishti/data/processed/crops/test/side_road_left/side_road_left-17_jpg.rf.dc096813d82b6c972d3aa166873d2f40__750.0.jpg,47,side_road_left,43,right_reverse_bend,0.9999849796295166,"[43, 70, 15]","[0.9999849796295166, 6.214310360519448e-06, 5.681320089934161e-06]",False
/content/MargDrishti/data/processed/crops/test/school_ahead/school_ahead-10_jpg.rf.dcbbed72bd516b2fd187134ec9884ebe__751.0.jpg,46,school_ahead,48,side_road_right,0.9988123178482056,"[48, 25, 13]","[0.9988123178482056, 0.0005810170550830662, 0.0003250707814004272]",False
/content/MargDrishti/data/processed/crops/test/compulsary_turn_left_ahead/compulsary_turn_left_ahead-14_png.rf.dc87670ceb81d721bf24e98715ba4507__752.0.jpg,11,compulsary_turn_left_ahead,11,compulsary_turn_left_ahead,0.9997652173042297,"[11, 9, 12]","[0.9997652173042297, 0.0002337802288820967, 3.863778204049595e-07]",True
/content/MargDrishti/data/processed/crops/test/narrow_bridge_ahead/narrow_bridge_ahead-5_png.rf.dd4500ee84e24e320b8ce88e52d4473f__754.0.jpg,30,narrow_bridge_ahead,30,narrow_bridge_ahead,1.0,"[30, 37, 31]","[1.0, 2.8089769399386455e-10, 2.9557311459482705e-11]",True
/content/MargDrishti/data/processed/crops/test/left_hand_curve/left_hand_curve-13_jpg.rf.dce47fef56f5585aaecb0befdec4cf28__755.0.jpg,24,left_hand_curve,24,left_hand_curve,0.9999948740005493,"[24, 60, 46]","[0.9999948740005493, 2.305514044564916e-06, 1.2462272707125521e-06]",True
/content/MargDrishti/data/processed/crops/test/cycle_crossing/cycle_crossing-42_png.rf.ddff532bfea93d002afbcb9a7fe95003__756.0.jpg,14,cycle_crossing,14,cycle_crossing,0.9998263716697693,"[14, 29, 49]","[0.9998263716697693, 0.00011358226765878499, 2.190123086620588e-05]",True
/content/MargDrishti/data/processed/crops/test/height_limit/height_limit-45_png.rf.debc1bf7df4990e58fb029306098c84d__757.0.jpg,20,height_limit,20,height_limit,1.0,"[20, 69, 35]","[1.0, 1.1828575618988424e-10, 2.819816049496465e-13]",True
/content/MargDrishti/data/processed/crops/test/all_motor_vehicle_prohibited/all_motor_vehicle_prohibited-18_jpg.rf.dff796b9816419b6d17f1ea768720e04__758.0.jpg,0,all_motor_vehicle_prohibited,0,all_motor_vehicle_prohibited,0.9999558925628662,"[0, 2, 1]","[0.9999558925628662, 4.212197382003069e-05, 1.1411827927076956e-06]",True
/content/MargDrishti/data/processed/crops/test/petrol_pump_ahead/petrol_pump_ahead-36_jpeg.rf.df4d181c03a06636f172cefbee9bad2e__759.0.jpg,39,petrol_pump_ahead,39,petrol_pump_ahead,0.9999845027923584,"[39, 22, 11]","[0.9999845027923584, 1.5497582353418693e-05, 1.3514439345385654e-08]",True
/content/MargDrishti/data/processed/crops/test/all_motor_vehicle_prohibited/all_motor_vehicle_prohibited-32_jpg.rf.df66d8638b772fa0eacafef69ad91354__760.0.jpg,0,all_motor_vehicle_prohibited,65,truck_prohibited,0.9989603757858276,"[65, 27, 62]","[0.9989603757858276, 0.0002645112981554121, 0.00025811194791458547]",False
/content/MargDrishti/data/processed/crops/test/guarded_level_crossing/guarded_level_crossing-48_jpg.rf.e05baf4aef34be649d32d8e2f8011a04__761.0.jpg,19,guarded_level_crossing,19,guarded_level_crossing,0.9984198808670044,"[19, 68, 60]","[0.9984198808670044, 0.0008853924227878451, 0.00029256328707560897]",True
/content/MargDrishti/data/processed/crops/test/speed_limit_50/speed_limit_50-45_png.rf.e016f151c16270328d2fe81d44d8d7cc__762.0.jpg,55,speed_limit_50,55,speed_limit_50,0.9961751699447632,"[55, 58, 56]","[0.9961751699447632, 0.003784102387726307, 2.998865966219455e-05]",True
/content/MargDrishti/data/processed/crops/test/overtaking_prohibited/overtaking_prohibited-29_jpeg.rf.e0aa62d54dc1dc58187131d6474b00ff__763.0.jpg,35,overtaking_prohibited,35,overtaking_prohibited,0.5860500335693359,"[35, 67, 0]","[0.5860500335693359, 0.41378894448280334, 7.538146019214764e-05]",True
/content/MargDrishti/data/processed/crops/test/traffic_signal/traffic_signal-14_jpg.rf.e09f1e4a8fe2ad0e84050ae4b9671d9c__764.0.jpg,64,traffic_signal,48,side_road_right,0.572957456111908,"[48, 63, 70]","[0.572957456111908, 0.345348596572876, 0.07658471167087555]",False
/content/MargDrishti/data/processed/crops/test/compulsary_turn_left_ahead/compulsary_turn_left_ahead-19_jpg.rf.e08e0b2981e3e9951fdc84da7eb5dec8__765.0.jpg,11,compulsary_turn_left_ahead,11,compulsary_turn_left_ahead,1.0,"[11, 6, 9]","[1.0, 2.9350699648489353e-10, 1.3500105200403567e-10]",True
/content/MargDrishti/data/processed/crops/test/horn_prohibited/horn_prohibited-58_jpg.rf.e0fe8157d294b2b53345d1afaf7ed7ea__766.0.jpg,21,horn_prohibited,21,horn_prohibited,0.9998618364334106,"[21, 35, 14]","[0.9998618364334106, 9.559391037328169e-05, 2.6926882128464058e-05]",True
/content/MargDrishti/data/processed/crops/test/narrow_road_ahead/narrow_road_ahead-65_png.rf.e23898c8cd64042932746fd1980b6363__767.0.jpg,31,narrow_road_ahead,23,hump_or_rough_road,0.6925055384635925,"[23, 31, 18]","[0.6925055384635925, 0.09097324311733246, 0.02488507330417633]",False
/content/MargDrishti/data/processed/crops/test/width_limit/width_limit-23_jpeg.rf.e2050e6c99020f198d94f970f50b927a__768.0.jpg,69,width_limit,69,width_limit,0.9874920845031738,"[69, 21, 51]","[0.9874920845031738, 0.01047802809625864, 0.0006848642369732261]",True
/content/MargDrishti/data/processed/crops/test/gap_in_median/gap_in_median-3_jpg.rf.e1cd7dc720128a37c4969fd1c7984bfd__769.0.jpg,17,gap_in_median,17,gap_in_median,0.9995205402374268,"[17, 62, 31]","[0.9995205402374268, 0.00037708343006670475, 3.9440346881747246e-05]",True
/content/MargDrishti/data/processed/crops/test/cross_road/cross_road-5_jpg.rf.e167eaa536798ae5461efc72bb0bafa6__770.0.jpg,13,cross_road,13,cross_road,1.0,"[13, 30, 23]","[1.0, 2.514224384242425e-08, 1.423396778221786e-08]",True
/content/MargDrishti/data/processed/crops/test/unguarded_level_crossing/unguarded_level_crossing-17_jpeg.rf.e322f135b582efcb10e2e524268a44a8__771.0.jpg,68,unguarded_level_crossing,47,side_road_left,0.22770333290100098,"[47, 68, 42]","[0.22770333290100098, 0.17659986019134521, 0.16553223133087158]",False
/content/MargDrishti/data/processed/crops/test/side_road_right/side_road_right-24_jpg.rf.e300ff9c2dfb99ba9f7e2726b1d9b190__772.0.jpg,48,side_road_right,70,y_intersection,0.6625887155532837,"[70, 48, 59]","[0.6625887155532837, 0.24013981223106384, 0.030418897047638893]",False
/content/MargDrishti/data/processed/crops/test/speed_limit_80/speed_limit_80-13_png.rf.e36a1b7f8c739ba835876917e3ee951f__773.0.jpg,58,speed_limit_80,58,speed_limit_80,0.9984461665153503,"[58, 53, 55]","[0.9984461665153503, 0.0008303385111503303, 0.0007207682938314974]",True
/content/MargDrishti/data/processed/crops/test/quay_side_or_river_bank/quay_side_or_river_bank-25_jpg.rf.e4b5f82afaee58eae401ef9c2909bd76__774.0.jpg,40,quay_side_or_river_bank,40,quay_side_or_river_bank,0.9998821020126343,"[40, 37, 64]","[0.9998821020126343, 5.7811579608824104e-05, 2.734028566919733e-05]",True
/content/MargDrishti/data/processed/crops/test/speed_limit_50/speed_limit_50-11_jpg.rf.e520f49a631a8ac51081d1d875dbe517__775.0.jpg,55,speed_limit_50,55,speed_limit_50,1.0,"[55, 58, 53]","[1.0, 4.6793746655282575e-09, 4.401847331081399e-09]",True
/content/MargDrishti/data/processed/crops/test/stop/stop-65_png.rf.e28b138cdb0031310334b9b6e51998fe__776.0.jpg,62,stop,62,stop,1.0,"[62, 32, 14]","[1.0, 8.535759599137549e-11, 2.098412149066902e-14]",True
/content/MargDrishti/data/processed/crops/test/width_limit/width_limit-44_jpg.rf.e569518e6f8fe0656d7b8d9875256dfd__777.0.jpg,69,width_limit,69,width_limit,0.9999951124191284,"[69, 27, 20]","[0.9999951124191284, 2.552276328060543e-06, 1.9285923826828366e-06]",True
/content/MargDrishti/data/processed/crops/test/compulsary_turn_left_ahead/compulsary_turn_left_ahead-16_png.rf.e3a6a14603133c4d22a3eb30764a98c5__778.0.jpg,11,compulsary_turn_left_ahead,11,compulsary_turn_left_ahead,1.0,"[11, 9, 7]","[1.0, 1.031739138568355e-08, 6.101308791528481e-09]",True
/content/MargDrishti/data/processed/crops/test/loose_gravel/loose_gravel-6_jpeg.rf.e5c6d3d0bb1f12cb14dcf68f183f7775__779.0.jpg,28,loose_gravel,14,cycle_crossing,0.694486141204834,"[14, 46, 28]","[0.694486141204834, 0.2317076474428177, 0.04155907779932022]",False
/content/MargDrishti/data/processed/crops/test/compulsary_ahead_or_turn_left/compulsary_ahead_or_turn_left-23_png.rf.e5b98b4488355f7312c3bc89bbfc4556__780.0.jpg,6,compulsary_ahead_or_turn_left,6,compulsary_ahead_or_turn_left,1.0,"[6, 45, 8]","[1.0, 2.5417499051674786e-13, 1.5716658389227506e-13]",True
/content/MargDrishti/data/processed/crops/test/petrol_pump_ahead/petrol_pump_ahead-12_jpeg.rf.e5e3d015486358207212059c368e967f__781.0.jpg,39,petrol_pump_ahead,39,petrol_pump_ahead,0.9999997615814209,"[39, 22, 0]","[0.9999997615814209, 1.873875703495287e-07, 6.953237985385385e-10]",True
/content/MargDrishti/data/processed/crops/test/chevron_direction/chevron_direction-39_jpg.rf.e60239b1f4a2d3b06cf6fea514561dfd__782.0.jpg,4,chevron_direction,4,chevron_direction,1.0,"[4, 18, 16]","[1.0, 2.2040147484858608e-09, 2.0224008578928476e-10]",True
/content/MargDrishti/data/processed/crops/test/side_road_right/side_road_right-8_jpeg.rf.e690bdd14ae0f986177bcc627c2efd01__783.0.jpg,48,side_road_right,48,side_road_right,0.9999995231628418,"[48, 59, 70]","[0.9999995231628418, 2.667350429419457e-07, 2.416638267277449e-07]",True
/content/MargDrishti/data/processed/crops/test/right_reverse_bend/right_reverse_bend-34_jpg.rf.e78a91f53eecb329f0c5a1852d6ef019__784.0.jpg,43,right_reverse_bend,43,right_reverse_bend,0.9973829388618469,"[43, 47, 42]","[0.9973829388618469, 0.0009516599238850176, 0.0006047353381291032]",True
/content/MargDrishti/data/processed/crops/test/compulsary_ahead_or_turn_right/compulsary_ahead_or_turn_right-12_png.rf.e78dce78e4da65633d5e7b19782d003a__785.0.jpg,7,compulsary_ahead_or_turn_right,7,compulsary_ahead_or_turn_right,1.0,"[7, 9, 10]","[1.0, 2.7311319872325157e-09, 2.996350736972353e-11]",True
/content/MargDrishti/data/processed/crops/test/right_turn_prohibited/right_turn_prohibited-69_jpg.rf.e7f7582ee2eb15c4eb8ec30dec475d6e__786.0.jpg,44,right_turn_prohibited,44,right_turn_prohibited,0.9963460564613342,"[44, 33, 42]","[0.9963460564613342, 0.0036511283833533525, 2.460907580825733e-06]",True
/content/MargDrishti/data/processed/crops/test/right_turn_prohibited/right_turn_prohibited-18_jpg.rf.e8fec90bbb3b0b1e726162263430e840__787.0.jpg,44,right_turn_prohibited,44,right_turn_prohibited,1.0,"[44, 41, 7]","[1.0, 4.038601986167123e-08, 1.3794219988483292e-08]",True
/content/MargDrishti/data/processed/crops/test/speed_limit_30/speed_limit_30-19_png.rf.e868fdf3f41634f5941d511369a6cf5e__788.0.jpg,53,speed_limit_30,53,speed_limit_30,0.9937260746955872,"[53, 58, 55]","[0.9937260746955872, 0.0032025000546127558, 0.0029530569445341825]",True
/content/MargDrishti/data/processed/crops/test/compulsary_turn_left_ahead/compulsary_turn_left_ahead-52_jpeg.rf.e90531e97ab259da2c9c0abad06e7a77__789.0.jpg,11,compulsary_turn_left_ahead,11,compulsary_turn_left_ahead,0.9999994039535522,"[11, 9, 7]","[0.9999994039535522, 2.676045767202595e-07, 2.1868159194582404e-07]",True
/content/MargDrishti/data/processed/crops/test/left_turn_prohibited/left_turn_prohibited-4_jpg.rf.e9937573eb55a9f4019f399144a4c53c__790.0.jpg,26,left_turn_prohibited,53,speed_limit_30,0.4196474850177765,"[53, 55, 57]","[0.4196474850177765, 0.17740868031978607, 0.16841965913772583]",False
/content/MargDrishti/data/processed/crops/test/roundabout/roundabout-49_png.rf.e959b881865a5cf415128a898093b9fe__791.0.jpg,45,roundabout,45,roundabout,0.9999946355819702,"[45, 6, 22]","[0.9999946355819702, 4.579668711812701e-06, 3.1680394840805093e-07]",True
/content/MargDrishti/data/processed/crops/test/bullock_cart_and_hand_cart_prohibited/bullock_cart_and_hand_cart_prohibited-57_png.rf.e98979977267fd91aa1eebfc78a23edc__792.0.jpg,2,bullock_cart_and_hand_cart_prohibited,35,overtaking_prohibited,0.9414076805114746,"[35, 2, 65]","[0.9414076805114746, 0.04528631642460823, 0.013258274644613266]",False
/content/MargDrishti/data/processed/crops/test/pedestrian_prohibited/pedestrian_prohibited-4_png.rf.e96b174b39a973881a61cfd81fc0ebcf__793.0.jpg,38,pedestrian_prohibited,38,pedestrian_prohibited,0.9999973773956299,"[38, 37, 59]","[0.9999973773956299, 1.678724061093817e-06, 6.627736865993938e-07]",True
/content/MargDrishti/data/processed/crops/test/pedestrian_crossing/pedestrian_crossing-20_jpg.rf.ea0835f706a3df0ae316e6ce2aa4c6b0__794.0.jpg,37,pedestrian_crossing,37,pedestrian_crossing,0.9999873638153076,"[37, 16, 46]","[0.9999873638153076, 1.0159725206904113e-05, 1.9956617052230285e-06]",True
/content/MargDrishti/data/processed/crops/test/compulsary_keep_left/compulsary_keep_left-49_jpg.rf.ea981cc1549021242093abff82bd690d__796.0.jpg,8,compulsary_keep_left,8,compulsary_keep_left,0.9999998807907104,"[8, 5, 22]","[0.9999998807907104, 9.304311276991939e-08, 1.2459708820244941e-08]",True
/content/MargDrishti/data/processed/crops/test/speed_limit_60/speed_limit_60-26_png.rf.ead99064d3f1ab6f89d2f6886205ca4c__797.0.jpg,56,speed_limit_60,56,speed_limit_60,0.9821301102638245,"[56, 51, 58]","[0.9821301102638245, 0.012481758370995522, 0.0017020341474562883]",True
/content/MargDrishti/data/processed/crops/test/speed_limit_100/speed_limit_100-45_png.rf.ebf86033004396e3555957726c71939a__798.0.jpg,50,speed_limit_100,50,speed_limit_100,0.9943302869796753,"[50, 51, 58]","[0.9943302869796753, 0.005667197983711958, 1.0634653335728217e-06]",True
/content/MargDrishti/data/processed/crops/test/left_reverse_bend/left_reverse_bend-37_png.rf.ead2bc4952d363d137538db085a4f271__799.0.jpg,25,left_reverse_bend,29,men_at_work,0.5580178499221802,"[29, 18, 47]","[0.5580178499221802, 0.19730059802532196, 0.11807479709386826]",False
/content/MargDrishti/data/processed/crops/test/narrow_road_ahead/narrow_road_ahead-46_png.rf.eb970e5bd509c4578b0d92cd35d16364__800.0.jpg,31,narrow_road_ahead,31,narrow_road_ahead,0.6337559819221497,"[31, 30, 17]","[0.6337559819221497, 0.2636311948299408, 0.05594029277563095]",True
/content/MargDrishti/data/processed/crops/test/traffic_signal/traffic_signal-1_jpg.rf.ebee733768fb73a36348d3051a52f54e__801.0.jpg,64,traffic_signal,47,side_road_left,0.5502768754959106,"[47, 64, 48]","[0.5502768754959106, 0.15551580488681793, 0.12873324751853943]",False
/content/MargDrishti/data/processed/crops/test/no_stopping_or_standing/no_stopping_or_standing-40_jpg.rf.ed022e2a18d60ec2f97d3c69d97841ba__802.0.jpg,34,no_stopping_or_standing,34,no_stopping_or_standing,0.9999914169311523,"[34, 33, 35]","[0.9999914169311523, 8.56238511914853e-06, 2.098235363234835e-09]",True
/content/MargDrishti/data/processed/crops/test/left_reverse_bend/left_reverse_bend-24_png.rf.eeab5fd1940d3bb39fe443323de0dee0__803.0.jpg,25,left_reverse_bend,25,left_reverse_bend,0.9989680051803589,"[25, 22, 48]","[0.9989680051803589, 0.0003813787188846618, 0.0001768319052644074]",True
/content/MargDrishti/data/processed/crops/test/left_turn_prohibited/left_turn_prohibited-9_jpg.rf.ee4ff7b0608c7280911ad865db74c403__804.0.jpg,26,left_turn_prohibited,26,left_turn_prohibited,1.0,"[26, 44, 21]","[1.0, 4.292266986283266e-09, 8.066637913195507e-10]",True
/content/MargDrishti/data/processed/crops/test/cross_road/cross_road-16_jpg.rf.edd83a70fbf48cadb8c8ed18665e73ca__805.0.jpg,13,cross_road,13,cross_road,1.0,"[13, 3, 46]","[1.0, 2.543707085245206e-11, 4.578526360127233e-12]",True
/content/MargDrishti/data/processed/crops/test/hump_or_rough_road/hump_or_rough_road-2_jpg.rf.ed1f680656812dc61b9d0fb632e259ee__806.0.jpg,23,hump_or_rough_road,23,hump_or_rough_road,0.9979919195175171,"[23, 15, 61]","[0.9979919195175171, 0.0019757854752242565, 2.9885693948017433e-05]",True
/content/MargDrishti/data/processed/crops/test/narrow_road_ahead/narrow_road_ahead-21_jpg.rf.efc377bf84ac561173e7cc79c4136ec9__808.0.jpg,31,narrow_road_ahead,31,narrow_road_ahead,1.0,"[31, 66, 30]","[1.0, 7.356883656960134e-14, 8.848097696688949e-15]",True
/content/MargDrishti/data/processed/crops/test/cattle_ahead/cattle_ahead-20_jpg.rf.f0c20a21cc780ec88e921448b80df993__809.0.jpg,3,cattle_ahead,3,cattle_ahead,0.867560863494873,"[3, 60, 68]","[0.867560863494873, 0.12578850984573364, 0.004184862598776817]",True
/content/MargDrishti/data/processed/crops/test/right_turn_prohibited/right_turn_prohibited-24_jpg.rf.efe9a4c34d598ac8f07b1571fe640b73__810.0.jpg,44,right_turn_prohibited,44,right_turn_prohibited,0.9996622800827026,"[44, 57, 32]","[0.9996622800827026, 0.00022277723473962396, 2.5453669877606444e-05]",True
/content/MargDrishti/data/processed/crops/test/petrol_pump_ahead/petrol_pump_ahead-46_jpg.rf.f0fc76b33267e1fc483e9787f10c31f6__811.0.jpg,39,petrol_pump_ahead,39,petrol_pump_ahead,1.0,"[39, 22, 57]","[1.0, 3.051361385786322e-10, 5.635094303942984e-18]",True
/content/MargDrishti/data/processed/crops/test/u_turn_prohibited/u_turn_prohibited-1_jpg.rf.f1e94406cece9934023922da2f37a559__812.0.jpg,67,u_turn_prohibited,67,u_turn_prohibited,0.9999972581863403,"[67, 66, 33]","[0.9999972581863403, 1.3667767007063958e-06, 1.2775650475305156e-06]",True
/content/MargDrishti/data/processed/crops/test/compulsary_ahead_or_turn_left/compulsary_ahead_or_turn_left-13_png.rf.f16703d0114261c8ac259bf172d9ff52__813.0.jpg,6,compulsary_ahead_or_turn_left,6,compulsary_ahead_or_turn_left,1.0,"[6, 45, 8]","[1.0, 1.8450460048669015e-09, 2.555153658101439e-11]",True
/content/MargDrishti/data/processed/crops/test/guarded_level_crossing/guarded_level_crossing-16_jpg.rf.f12cf17341ed8cc5a42f6f5948b47951__814.0.jpg,19,guarded_level_crossing,19,guarded_level_crossing,0.952023983001709,"[19, 61, 47]","[0.952023983001709, 0.021082673221826553, 0.010034349747002125]",True
/content/MargDrishti/data/processed/crops/test/all_motor_vehicle_prohibited/all_motor_vehicle_prohibited-27_png.rf.f2204348bf7481d91c206ed1d4acc6eb__815.0.jpg,0,all_motor_vehicle_prohibited,0,all_motor_vehicle_prohibited,0.9999731779098511,"[0, 46, 21]","[0.9999731779098511, 2.656623109942302e-05, 1.3296553902364394e-07]",True
/content/MargDrishti/data/processed/crops/test/guarded_level_crossing/guarded_level_crossing-55_png.rf.f24287b52edbae8baff20923ebfce61a__816.0.jpg,19,guarded_level_crossing,19,guarded_level_crossing,0.9963667392730713,"[19, 3, 15]","[0.9963667392730713, 0.0031414502300322056, 0.0003286274732090533]",True
/content/MargDrishti/data/processed/crops/test/roundabout/roundabout-31_jpg.rf.f2648005403ca01cbaf14165d5bc256e__817.0.jpg,45,roundabout,49,slippery_road,0.6658291220664978,"[49, 14, 66]","[0.6658291220664978, 0.17141835391521454, 0.08545979857444763]",False
/content/MargDrishti/data/processed/crops/test/truck_prohibited/truck_prohibited-26_jpg.rf.f269a2598455fa85e29ea4e338e539d4__818.0.jpg,65,truck_prohibited,65,truck_prohibited,0.9193806052207947,"[65, 0, 35]","[0.9193806052207947, 0.04102353751659393, 0.029946353286504745]",True
/content/MargDrishti/data/processed/crops/test/pass_either_side/pass_either_side-7_jpeg.rf.f2987d2b430a357a12a02777c4233882__819.0.jpg,36,pass_either_side,36,pass_either_side,0.8694965839385986,"[36, 27, 35]","[0.8694965839385986, 0.1276010423898697, 0.0010708920890465379]",True
/content/MargDrishti/data/processed/crops/test/compulsary_keep_left/compulsary_keep_left-5_jpg.rf.f332b48243f607dbc0d49fa2b1db6b24__820.0.jpg,8,compulsary_keep_left,8,compulsary_keep_left,1.0,"[8, 12, 5]","[1.0, 1.1187509585397493e-08, 5.903402766627153e-13]",True
/content/MargDrishti/data/processed/crops/test/steep_ascent/steep_ascent-42_jpg.rf.f41e932fab735608bd26adbabe6ae110__821.0.jpg,60,steep_ascent,60,steep_ascent,0.9998947381973267,"[60, 61, 40]","[0.9998947381973267, 5.5915912525961176e-05, 4.3348798499209806e-05]",True
/content/MargDrishti/data/processed/crops/test/narrow_road_ahead/narrow_road_ahead-37_jpg.rf.f305326c6e6e5c2f5e34c583d1994590__822.0.jpg,31,narrow_road_ahead,31,narrow_road_ahead,1.0,"[31, 66, 37]","[1.0, 1.2547567151965922e-12, 1.8491713152032907e-13]",True
/content/MargDrishti/data/processed/crops/test/overtaking_prohibited/overtaking_prohibited-48_jpg.rf.f42ce0bd2e7a9e26ee28e93bae0148ee__823.0.jpg,35,overtaking_prohibited,35,overtaking_prohibited,0.9999958276748657,"[35, 45, 27]","[0.9999958276748657, 1.8085612509821658e-06, 1.7902442550621345e-06]",True
/content/MargDrishti/data/processed/crops/test/compulsary_keep_right/compulsary_keep_right-61_png.rf.f43b83852635d8c49aaae599a8b4fad1__824.0.jpg,9,compulsary_keep_right,9,compulsary_keep_right,1.0,"[9, 11, 7]","[1.0, 1.1041717540294371e-09, 1.4359970460994798e-13]",True
/content/MargDrishti/data/processed/crops/test/dangerous_dip/dangerous_dip-12_jpg.rf.f48dc5847b708281e6473f1b9cfd770a__825.0.jpg,15,dangerous_dip,15,dangerous_dip,0.9999762773513794,"[15, 19, 45]","[0.9999762773513794, 2.0835876057390124e-05, 2.83908229903318e-06]",True
/content/MargDrishti/data/processed/crops/test/speed_limit_30/speed_limit_30-66_png.rf.f4a1077851398f0e298eddf454e8b568__826.0.jpg,53,speed_limit_30,53,speed_limit_30,0.9999542236328125,"[53, 52, 55]","[0.9999542236328125, 4.385899956105277e-05, 1.1556684285096708e-06]",True
/content/MargDrishti/data/processed/crops/test/speed_limit_120/speed_limit_120-0_png.rf.f53c1698e7b22f821ff638618d356371__827.0.jpg,51,speed_limit_120,51,speed_limit_120,0.9996956586837769,"[51, 50, 58]","[0.9996956586837769, 0.00030249549308791757, 9.368789051222848e-07]",True
/content/MargDrishti/data/processed/crops/test/no_parking/no_parking-46_jpg.rf.f52e248db939dd0172b9f1d7b5a578a9__828.0.jpg,33,no_parking,33,no_parking,0.9689921736717224,"[33, 34, 65]","[0.9689921736717224, 0.030832940712571144, 7.994265615707263e-05]",True
/content/MargDrishti/data/processed/crops/test/u_turn/u_turn-55_jpg.rf.f4c357a39a53b542317fd00397e05b0f__829.0.jpg,66,u_turn,66,u_turn,0.9999998807907104,"[66, 31, 45]","[0.9999998807907104, 1.1832879209805469e-07, 1.5369978900725556e-10]",True
/content/MargDrishti/data/processed/crops/test/u_turn/u_turn-42_jpg.rf.f5b2ae919e32736e211312a03dc67664__831.0.jpg,66,u_turn,66,u_turn,0.9992460012435913,"[66, 31, 57]","[0.9992460012435913, 0.000742205127608031, 4.970352165400982e-06]",True
/content/MargDrishti/data/processed/crops/test/compulsary_turn_left_ahead/compulsary_turn_left_ahead-29_jpg.rf.f610eefc2fe591fa2f46c66b327ba44a__832.0.jpg,11,compulsary_turn_left_ahead,11,compulsary_turn_left_ahead,1.0,"[11, 12, 9]","[1.0, 2.9331170825486197e-10, 2.3935339821257173e-10]",True
/content/MargDrishti/data/processed/crops/test/compulsary_ahead_or_turn_right/compulsary_ahead_or_turn_right-57_png.rf.f5d46542a4e45f86530e2f9892a1209b__833.0.jpg,7,compulsary_ahead_or_turn_right,7,compulsary_ahead_or_turn_right,1.0,"[7, 10, 12]","[1.0, 4.244407136866357e-08, 4.567810851785481e-10]",True
/content/MargDrishti/data/processed/crops/test/school_ahead/school_ahead-34_jpg.rf.f73f545b50536ae75a529f184cdb67b3__834.0.jpg,46,school_ahead,46,school_ahead,0.999813973903656,"[46, 28, 4]","[0.999813973903656, 9.406167373526841e-05, 3.412834121263586e-05]",True
/content/MargDrishti/data/processed/crops/test/cycle_crossing/cycle_crossing-46_png.rf.f7ec623aa02293255723300f723d335c__835.0.jpg,14,cycle_crossing,14,cycle_crossing,0.9256910681724548,"[14, 24, 60]","[0.9256910681724548, 0.05902476608753204, 0.0033160815946757793]",True
/content/MargDrishti/data/processed/crops/test/school_ahead/school_ahead-14_jpg.rf.f767dc9655f3991f62efe76cfbd374ea__836.0.jpg,46,school_ahead,46,school_ahead,0.49883294105529785,"[46, 30, 37]","[0.49883294105529785, 0.2645048201084137, 0.19240307807922363]",True
/content/MargDrishti/data/processed/crops/test/narrow_road_ahead/narrow_road_ahead-39_png.rf.f76220d234d327adda22e51fc659456a__837.0.jpg,31,narrow_road_ahead,31,narrow_road_ahead,0.9997377991676331,"[31, 17, 30]","[0.9997377991676331, 8.404452819377184e-05, 7.160464156186208e-05]",True
/content/MargDrishti/data/processed/crops/test/traffic_signal/traffic_signal-34_png.rf.f78e2c97d8f1842f8017bebf3d61f312__838.0.jpg,64,traffic_signal,64,traffic_signal,0.9999352693557739,"[64, 31, 17]","[0.9999352693557739, 6.089963062549941e-05, 3.5977502648165682e-06]",True
/content/MargDrishti/data/processed/crops/test/falling_rocks/falling_rocks-63_jpg.rf.f8893b101e2a501746c97fa2937a5efd__839.0.jpg,16,falling_rocks,16,falling_rocks,0.9999998807907104,"[16, 46, 14]","[0.9999998807907104, 1.002677763040083e-07, 4.4690433576022315e-09]",True
/content/MargDrishti/data/processed/crops/test/school_ahead/school_ahead-8_jpg.rf.f8c76c3705f3a0fe4b426fe4a3b79bf5__840.0.jpg,46,school_ahead,46,school_ahead,0.9688743352890015,"[46, 13, 49]","[0.9688743352890015, 0.0173404049128294, 0.008760147728025913]",True
/content/MargDrishti/data/processed/crops/test/steep_descent/steep_descent-12_png.rf.f8db282a707884f70d7f0b632c57e6b1__841.0.jpg,61,steep_descent,61,steep_descent,1.0,"[61, 40, 68]","[1.0, 1.5998768532199392e-08, 2.148718702965624e-11]",True
/content/MargDrishti/data/processed/crops/test/speed_limit_70/speed_limit_70-59_png.rf.f8df6d2d1954bc1c57fe1f85c710f42d__842.0.jpg,57,speed_limit_70,57,speed_limit_70,0.9999998807907104,"[57, 55, 62]","[0.9999998807907104, 8.510201610079093e-08, 3.424634797966064e-08]",True
/content/MargDrishti/data/processed/crops/test/roundabout/roundabout-39_jpg.rf.f96adca9252f433c148cc42f62b0b535__843.0.jpg,45,roundabout,45,roundabout,0.9933033585548401,"[45, 66, 14]","[0.9933033585548401, 0.0031891355756670237, 0.0019734620582312346]",True
/content/MargDrishti/data/processed/crops/test/petrol_pump_ahead/petrol_pump_ahead-34_png.rf.f977400c61e442fa6fa7504351e61291__844.0.jpg,39,petrol_pump_ahead,39,petrol_pump_ahead,1.0,"[39, 22, 45]","[1.0, 1.4180009388908843e-09, 1.9223839100440676e-12]",True
/content/MargDrishti/data/processed/crops/test/compulsary_turn_right_ahead/compulsary_turn_right_ahead-19_png.rf.f9ab5a105cf87383e86bb91278b55eeb__845.0.jpg,12,compulsary_turn_right_ahead,12,compulsary_turn_right_ahead,1.0,"[12, 8, 11]","[1.0, 5.929418023242761e-08, 8.490396719018634e-10]",True
/content/MargDrishti/data/processed/crops/test/quay_side_or_river_bank/quay_side_or_river_bank-65_jpeg.rf.f929bbf348fe9bb5808274d92bdaadb8__846.0.jpg,40,quay_side_or_river_bank,40,quay_side_or_river_bank,0.8018202185630798,"[40, 28, 43]","[0.8018202185630798, 0.08324779570102692, 0.02298412099480629]",True
/content/MargDrishti/data/processed/crops/test/horn_prohibited/horn_prohibited-0_jpg.rf.f9f75c00a9cc0e0b3b8479ecd02e6cf6__847.0.jpg,21,horn_prohibited,21,horn_prohibited,0.9993559718132019,"[21, 2, 35]","[0.9993559718132019, 0.0002279299369547516, 7.984827243490145e-05]",True
/content/MargDrishti/data/processed/crops/test/compulsary_turn_right_ahead/compulsary_turn_right_ahead-36_png.rf.fa33831033e44e184eb2128d97284802__848.0.jpg,12,compulsary_turn_right_ahead,12,compulsary_turn_right_ahead,0.9997958540916443,"[12, 55, 5]","[0.9997958540916443, 0.00013597247016150504, 2.217837936768774e-05]",True
/content/MargDrishti/data/processed/crops/test/right_turn_prohibited/right_turn_prohibited-19_jpg.rf.f9da789c323011d5812a563d64437a8e__849.0.jpg,44,right_turn_prohibited,44,right_turn_prohibited,0.9999071359634399,"[44, 57, 33]","[0.9999071359634399, 5.224466440267861e-05, 9.353473615192343e-06]",True
/content/MargDrishti/data/processed/crops/test/compulsary_sound_horn/compulsary_sound_horn-14_jpg.rf.fa64a36673f16094ad8e54e6d4c7daa6__850.0.jpg,10,compulsary_sound_horn,10,compulsary_sound_horn,0.999962329864502,"[10, 7, 22]","[0.999962329864502, 3.7442121538333595e-05, 6.090954940418669e-08]",True
/content/MargDrishti/data/processed/crops/test/speed_limit_20/speed_limit_20-1_jpg.rf.fa818d6a7dda1e9af78578a165b1f7c9__851.0.jpg,52,speed_limit_20,52,speed_limit_20,0.8664462566375732,"[52, 51, 1]","[0.8664462566375732, 0.12790556252002716, 0.002659929683431983]",True
/content/MargDrishti/data/processed/crops/test/compulsary_ahead_or_turn_right/compulsary_ahead_or_turn_right-2_png.rf.fa6b9033f3047f684f9b7b700d2faf5c__852.0.jpg,7,compulsary_ahead_or_turn_right,7,compulsary_ahead_or_turn_right,1.0,"[7, 9, 5]","[1.0, 1.2152402417697772e-09, 3.776894075269155e-10]",True
/content/MargDrishti/data/processed/crops/test/right_turn_prohibited/right_turn_prohibited-28_jpg.rf.faa39dd1372a55521fec877180a73313__853.0.jpg,44,right_turn_prohibited,44,right_turn_prohibited,1.0,"[44, 57, 32]","[1.0, 2.546520549984166e-09, 1.711874975107719e-09]",True
/content/MargDrishti/data/processed/crops/test/speed_limit_50/speed_limit_50-39_png.rf.fb09651ec85b90938a07a34371f82337__854.0.jpg,55,speed_limit_50,55,speed_limit_50,0.9930235147476196,"[55, 56, 58]","[0.9930235147476196, 0.0054077706299722195, 0.0013903228100389242]",True
/content/MargDrishti/data/processed/crops/test/all_motor_vehicle_prohibited/all_motor_vehicle_prohibited-17_jpg.rf.fba39c800886c37b72472695ed342657__855.0.jpg,0,all_motor_vehicle_prohibited,0,all_motor_vehicle_prohibited,0.9968177080154419,"[0, 38, 2]","[0.9968177080154419, 0.0024076434783637524, 0.00039671658305451274]",True
/content/MargDrishti/data/processed/crops/test/slippery_road/slippery_road-13_jpg.rf.fbbdee971a25a3ae3d8f248abba9f9a9__856.0.jpg,49,slippery_road,49,slippery_road,1.0,"[49, 14, 40]","[1.0, 1.615527800424843e-08, 3.5886154048370145e-09]",True
/content/MargDrishti/data/processed/crops/test/right_reverse_bend/right_reverse_bend-21_jpg.rf.fbd1f6c9dec22cb80053e6845fc62240__857.0.jpg,43,right_reverse_bend,43,right_reverse_bend,0.9999868869781494,"[43, 47, 42]","[0.9999868869781494, 8.253660780610517e-06, 2.2790534330852097e-06]",True
/content/MargDrishti/data/processed/crops/test/all_motor_vehicle_prohibited/all_motor_vehicle_prohibited-33_JPG.rf.fb5d57a1ffc95dde5dac38bf43f72eae__858.0.jpg,0,all_motor_vehicle_prohibited,62,stop,0.9948145747184753,"[62, 32, 44]","[0.9948145747184753, 0.0032698819413781166, 0.0008007326978258789]",False
/content/MargDrishti/data/processed/crops/test/compulsary_keep_left/compulsary_keep_left-45_png.rf.fc6e63860f567af8c2e167a89d19542b__859.0.jpg,8,compulsary_keep_left,8,compulsary_keep_left,0.9448928236961365,"[8, 45, 7]","[0.9448928236961365, 0.029947523027658463, 0.007404128089547157]",True
/content/MargDrishti/data/processed/crops/test/u_turn_prohibited/u_turn_prohibited-36_jpg.rf.fccee9520b66b0e762cfe9c13f95ef82__860.0.jpg,67,u_turn_prohibited,67,u_turn_prohibited,0.9989427924156189,"[67, 66, 35]","[0.9989427924156189, 0.0007467247196473181, 0.00013411433610599488]",True
/content/MargDrishti/data/processed/crops/test/compulsary_keep_left/compulsary_keep_left-32_jpg.rf.fc6879a87039d6ba73c3d820aa93077a__861.0.jpg,8,compulsary_keep_left,8,compulsary_keep_left,1.0,"[8, 12, 10]","[1.0, 3.7710429939309675e-13, 1.5935630530367138e-16]",True
/content/MargDrishti/data/processed/crops/test/speed_limit_120/speed_limit_120-13_jpeg.rf.fcd27e9053b9a3555e1b42386983c0a8__862.0.jpg,51,speed_limit_120,51,speed_limit_120,0.999496340751648,"[51, 50, 1]","[0.999496340751648, 0.00047669431660324335, 2.3697795768384822e-05]",True
/content/MargDrishti/data/processed/crops/test/side_road_right/side_road_right-43_jpg.rf.fd6eaa8edcd12c9703cd34f38b9b3d05__863.0.jpg,48,side_road_right,48,side_road_right,0.9999502897262573,"[48, 59, 63]","[0.9999502897262573, 3.208379712305032e-05, 1.7337761164526455e-05]",True
/content/MargDrishti/data/processed/crops/test/speed_limit_100/speed_limit_100-30_png.rf.fdb69478a421d28a72df6bf247861d12__864.0.jpg,50,speed_limit_100,50,speed_limit_100,0.9769577980041504,"[50, 51, 26]","[0.9769577980041504, 0.02304055355489254, 5.239235747467319e-07]",True
/content/MargDrishti/data/processed/crops/test/compulsary_ahead_or_turn_left/compulsary_ahead_or_turn_left-4_jpg.rf.fd9e724b8004b7eeb2579dc1f9e0fbb2__865.0.jpg,6,compulsary_ahead_or_turn_left,6,compulsary_ahead_or_turn_left,1.0,"[6, 11, 45]","[1.0, 1.4133902381807673e-11, 9.71791115460252e-13]",True
/content/MargDrishti/data/processed/crops/test/no_parking/no_parking-23_jpg.rf.fdd441a3c2ed22f3a403ea8374d1fd14__866.0.jpg,33,no_parking,33,no_parking,1.0,"[33, 44, 42]","[1.0, 6.728039874764847e-16, 3.2641708994666987e-16]",True
/content/MargDrishti/data/processed/crops/test/speed_limit_120/speed_limit_120-63_png.rf.ff289fa973e5d72e340566eadb68097c__867.0.jpg,51,speed_limit_120,51,speed_limit_120,0.8625448346138,"[51, 50, 58]","[0.8625448346138, 0.13492676615715027, 0.0012735846685245633]",True
/content/MargDrishti/data/processed/crops/test/axle_load_limit/axle_load_limit-29_jpg.rf.ff5bfe5ec824e59fc531775539d8555c__868.0.jpg,1,axle_load_limit,1,axle_load_limit,0.9999463558197021,"[1, 51, 60]","[0.9999463558197021, 1.7593029042473063e-05, 1.197694018628681e-05]",True
/content/MargDrishti/data/processed/crops/test/left_reverse_bend/left_reverse_bend-20_jpg.rf.ffe831fe4c033e94e8f1ea6970b8770a__869.0.jpg,25,left_reverse_bend,25,left_reverse_bend,0.9985960125923157,"[25, 24, 60]","[0.9985960125923157, 0.0014008769067004323, 1.2151166401963565e-06]",True
/content/MargDrishti/data/processed/crops/test/narrow_road_ahead/narrow_road_ahead-43_png.rf.ff3ce8cc97b8dafcf7ca98501e8eb6bc__870.0.jpg,31,narrow_road_ahead,31,narrow_road_ahead,0.9990887641906738,"[31, 29, 64]","[0.9990887641906738, 0.0008600678411312401, 3.3676195016596466e-05]",True
